fixIdx,legIdx,zoneIdx,tickLead,tickRace,time,lat,lng,alt,togo
1,1,1,-2959.689250108345,-7023.119066591989,2020-08-06T10:40:47Z,45.41826667,7.64216667,894.00,103.501
2,1,2,-2958.689250108345,-7022.119066591989,2020-08-06T10:40:48Z,45.41821667,7.64218333,885.00,103.504
3,1,3,-2957.689250108345,-7021.119066591989,2020-08-06T10:40:49Z,45.41816667,7.64223333,880.00,103.504
4,1,4,-2956.689250108345,-7020.119066591989,2020-08-06T10:40:50Z,45.41810000,7.64230000,876.00,103.504
5,1,5,-2955.689250108345,-7019.119066591989,2020-08-06T10:40:51Z,45.41805000,7.64236667,873.00,103.504
6,1,6,-2954.689250108345,-7018.119066591989,2020-08-06T10:40:52Z,45.41800000,7.64243333,881.00,103.503
7,1,7,-2953.689250108345,-7017.119066591989,2020-08-06T10:40:53Z,45.41796667,7.64248333,879.00,103.502
8,1,8,-2952.689250108345,-7016.119066591989,2020-08-06T10:40:54Z,45.41790000,7.64251667,879.00,103.505
9,1,9,-2951.689250108345,-7015.119066591989,2020-08-06T10:40:55Z,45.41783333,7.64251667,861.00,103.51
10,1,10,-2950.689250108345,-7014.119066591989,2020-08-06T10:40:56Z,45.41773333,7.64251667,878.00,103.516
11,1,11,-2949.689250108345,-7013.119066591989,2020-08-06T10:40:57Z,45.41766667,7.64253333,880.00,103.52
12,1,12,-2948.689250108345,-7012.119066591989,2020-08-06T10:40:58Z,45.41760000,7.64258333,875.00,103.522
13,1,13,-2947.689250108345,-7011.119066591989,2020-08-06T10:40:59Z,45.41755000,7.64263333,876.00,103.522
14,1,14,-2946.689250108345,-7010.119066591989,2020-08-06T10:41:00Z,45.41750000,7.64268333,870.00,103.522
15,1,15,-2945.689250108345,-7009.119066591989,2020-08-06T10:41:01Z,45.41745000,7.64273333,867.00,103.523
16,1,16,-2944.689250108345,-7008.119066591989,2020-08-06T10:41:02Z,45.41740000,7.64278333,873.00,103.523
17,1,17,-2943.689250108345,-7007.119066591989,2020-08-06T10:41:03Z,45.41735000,7.64286667,874.00,103.521
18,1,18,-2942.689250108345,-7006.119066591989,2020-08-06T10:41:04Z,45.41730000,7.64295000,872.00,103.52
19,1,19,-2941.689250108345,-7005.119066591989,2020-08-06T10:41:05Z,45.41726667,7.64306667,875.00,103.515
20,1,20,-2940.689250108345,-7004.119066591989,2020-08-06T10:41:06Z,45.41723333,7.64316667,869.00,103.511
21,1,21,-2939.689250108345,-7003.119066591989,2020-08-06T10:41:07Z,45.41720000,7.64325000,873.00,103.508
22,1,22,-2938.689250108345,-7002.119066591989,2020-08-06T10:41:08Z,45.41718333,7.64335000,867.00,103.503
23,1,23,-2937.689250108345,-7001.119066591989,2020-08-06T10:41:09Z,45.41716667,7.64343333,873.00,103.5
24,1,24,-2936.689250108345,-7000.119066591989,2020-08-06T10:41:10Z,45.41715000,7.64353333,862.00,103.495
25,1,25,-2935.689250108345,-6999.119066591989,2020-08-06T10:41:11Z,45.41713333,7.64363333,870.00,103.49
26,1,26,-2934.689250108345,-6998.119066591989,2020-08-06T10:41:12Z,45.41711667,7.64373333,862.00,103.485
27,1,27,-2933.689250108345,-6997.119066591989,2020-08-06T10:41:13Z,45.41710000,7.64383333,864.00,103.48
28,1,28,-2932.689250108345,-6996.119066591989,2020-08-06T10:41:14Z,45.41710000,7.64396667,861.00,103.472
29,1,29,-2931.689250108345,-6995.119066591989,2020-08-06T10:41:15Z,45.41708333,7.64408333,867.00,103.466
30,1,30,-2930.689250108345,-6994.119066591989,2020-08-06T10:41:16Z,45.41708333,7.64418333,860.00,103.46
31,1,31,-2929.689250108345,-6993.119066591989,2020-08-06T10:41:17Z,45.41708333,7.64428333,870.00,103.453
32,1,32,-2928.689250108345,-6992.119066591989,2020-08-06T10:41:18Z,45.41708333,7.64440000,867.00,103.446
33,1,33,-2927.689250108345,-6991.119066591989,2020-08-06T10:41:19Z,45.41710000,7.64451667,868.00,103.438
34,1,34,-2926.689250108345,-6990.119066591989,2020-08-06T10:41:20Z,45.41710000,7.64463333,870.00,103.431
35,1,35,-2925.689250108345,-6989.119066591989,2020-08-06T10:41:21Z,45.41710000,7.64475000,873.00,103.424
36,1,36,-2924.689250108345,-6988.119066591989,2020-08-06T10:41:22Z,45.41710000,7.64485000,873.00,103.418
37,1,37,-2923.689250108345,-6987.119066591989,2020-08-06T10:41:23Z,45.41706667,7.64493333,879.00,103.415
38,1,38,-2922.689250108345,-6986.119066591989,2020-08-06T10:41:24Z,45.41701667,7.64498333,872.00,103.415
39,1,39,-2921.689250108345,-6985.119066591989,2020-08-06T10:41:25Z,45.41695000,7.64500000,878.00,103.419
40,1,40,-2920.689250108345,-6984.119066591989,2020-08-06T10:41:26Z,45.41690000,7.64496667,869.00,103.424
41,1,41,-2919.689250108345,-6983.119066591989,2020-08-06T10:41:27Z,45.41683333,7.64488333,874.00,103.434
42,1,42,-2918.689250108345,-6982.119066591989,2020-08-06T10:41:28Z,45.41680000,7.64476667,875.00,103.444
43,1,43,-2917.689250108345,-6981.119066591989,2020-08-06T10:41:29Z,45.41680000,7.64460000,869.00,103.454
44,1,44,-2916.689250108345,-6980.119066591989,2020-08-06T10:41:30Z,45.41685000,7.64445000,868.00,103.459
45,1,45,-2915.689250108345,-6979.119066591989,2020-08-06T10:41:31Z,45.41696667,7.64431667,862.00,103.459
46,1,46,-2914.689250108345,-6978.119066591989,2020-08-06T10:41:32Z,45.41710000,7.64423333,872.00,103.455
47,1,47,-2913.689250108345,-6977.119066591989,2020-08-06T10:41:33Z,45.41723333,7.64418333,873.00,103.449
48,1,48,-2912.689250108345,-6976.119066591989,2020-08-06T10:41:34Z,45.41733333,7.64418333,883.00,103.442
49,1,49,-2911.689250108345,-6975.119066591989,2020-08-06T10:41:35Z,45.41743333,7.64418333,882.00,103.435
50,1,50,-2910.689250108345,-6974.119066591989,2020-08-06T10:41:36Z,45.41750000,7.64421667,881.00,103.429
51,1,51,-2909.689250108345,-6973.119066591989,2020-08-06T10:41:37Z,45.41756667,7.64428333,882.00,103.42
52,1,52,-2908.689250108345,-6972.119066591989,2020-08-06T10:41:38Z,45.41763333,7.64436667,881.00,103.41
53,1,53,-2907.689250108345,-6971.119066591989,2020-08-06T10:41:39Z,45.41768333,7.64446667,893.00,103.401
54,1,54,-2906.689250108345,-6970.119066591989,2020-08-06T10:41:40Z,45.41770000,7.64458333,892.00,103.392
55,1,55,-2905.689250108345,-6969.119066591989,2020-08-06T10:41:41Z,45.41770000,7.64468333,888.00,103.386
56,1,56,-2904.689250108345,-6968.119066591989,2020-08-06T10:41:42Z,45.41768333,7.64478333,894.00,103.381
57,1,57,-2903.689250108345,-6967.119066591989,2020-08-06T10:41:43Z,45.41768333,7.64486667,893.00,103.376
58,1,58,-2902.689250108345,-6966.119066591989,2020-08-06T10:41:44Z,45.41768333,7.64493333,886.00,103.372
59,1,59,-2901.689250108345,-6965.119066591989,2020-08-06T10:41:45Z,45.41766667,7.64498333,894.00,103.37
60,1,60,-2900.689250108345,-6964.119066591989,2020-08-06T10:41:46Z,45.41761667,7.64501667,890.00,103.372
61,1,61,-2899.689250108345,-6963.119066591989,2020-08-06T10:41:47Z,45.41756667,7.64503333,895.00,103.374
62,1,62,-2898.689250108345,-6962.119066591989,2020-08-06T10:41:48Z,45.41748333,7.64500000,882.00,103.382
63,1,63,-2897.689250108345,-6961.119066591989,2020-08-06T10:41:49Z,45.41741667,7.64491667,896.00,103.392
64,1,64,-2896.689250108345,-6960.119066591989,2020-08-06T10:41:50Z,45.41738333,7.64481667,898.00,103.4
65,1,65,-2895.689250108345,-6959.119066591989,2020-08-06T10:41:51Z,45.41736667,7.64468333,899.00,103.409
66,1,66,-2894.689250108345,-6958.119066591989,2020-08-06T10:41:52Z,45.41738333,7.64453333,890.00,103.417
67,1,67,-2893.689250108345,-6957.119066591989,2020-08-06T10:41:53Z,45.41743333,7.64440000,899.00,103.422
68,1,68,-2892.689250108345,-6956.119066591989,2020-08-06T10:41:54Z,45.41750000,7.64426667,893.00,103.426
69,1,69,-2891.689250108345,-6955.119066591989,2020-08-06T10:41:55Z,45.41760000,7.64416667,897.00,103.425
70,1,70,-2890.689250108345,-6954.119066591989,2020-08-06T10:41:56Z,45.41771667,7.64411667,893.00,103.42
71,1,71,-2889.689250108345,-6953.119066591989,2020-08-06T10:41:57Z,45.41783333,7.64410000,892.00,103.413
72,1,72,-2888.689250108345,-6952.119066591989,2020-08-06T10:41:58Z,45.41795000,7.64411667,898.00,103.404
73,1,73,-2887.689250108345,-6951.119066591989,2020-08-06T10:41:59Z,45.41805000,7.64418333,896.00,103.393
74,1,74,-2886.689250108345,-6950.119066591989,2020-08-06T10:42:00Z,45.41815000,7.64426667,902.00,103.381
75,1,75,-2885.689250108345,-6949.119066591989,2020-08-06T10:42:01Z,45.41823333,7.64435000,903.00,103.37
76,1,76,-2884.689250108345,-6948.119066591989,2020-08-06T10:42:02Z,45.41830000,7.64443333,894.00,103.36
77,1,77,-2883.689250108345,-6947.119066591989,2020-08-06T10:42:03Z,45.41835000,7.64450000,912.00,103.353
78,1,78,-2882.689250108345,-6946.119066591989,2020-08-06T10:42:04Z,45.41840000,7.64456667,907.00,103.345
79,1,79,-2881.689250108345,-6945.119066591989,2020-08-06T10:42:05Z,45.41845000,7.64465000,908.00,103.336
80,1,80,-2880.689250108345,-6944.119066591989,2020-08-06T10:42:06Z,45.41848333,7.64475000,904.00,103.328
81,1,81,-2879.689250108345,-6943.119066591989,2020-08-06T10:42:07Z,45.41851667,7.64486667,912.00,103.319
82,1,82,-2878.689250108345,-6942.119066591989,2020-08-06T10:42:08Z,45.41853333,7.64500000,911.00,103.309
83,1,83,-2877.689250108345,-6941.119066591989,2020-08-06T10:42:09Z,45.41855000,7.64511667,915.00,103.301
84,1,84,-2876.689250108345,-6940.119066591989,2020-08-06T10:42:10Z,45.41856667,7.64523333,918.00,103.293
85,1,85,-2875.689250108345,-6939.119066591989,2020-08-06T10:42:11Z,45.41856667,7.64533333,910.00,103.287
86,1,86,-2874.689250108345,-6938.119066591989,2020-08-06T10:42:12Z,45.41856667,7.64541667,911.00,103.281
87,1,87,-2873.689250108345,-6937.119066591989,2020-08-06T10:42:13Z,45.41856667,7.64548333,908.00,103.277
88,1,88,-2872.689250108345,-6936.119066591989,2020-08-06T10:42:14Z,45.41855000,7.64556667,916.00,103.273
89,1,89,-2871.689250108345,-6935.119066591989,2020-08-06T10:42:15Z,45.41851667,7.64563333,913.00,103.272
90,1,90,-2870.689250108345,-6934.119066591989,2020-08-06T10:42:16Z,45.41848333,7.64568333,923.00,103.271
91,1,91,-2869.689250108345,-6933.119066591989,2020-08-06T10:42:17Z,45.41843333,7.64573333,917.00,103.271
92,1,92,-2868.689250108345,-6932.119066591989,2020-08-06T10:42:18Z,45.41836667,7.64576667,924.00,103.274
93,1,93,-2867.689250108345,-6931.119066591989,2020-08-06T10:42:19Z,45.41831667,7.64576667,917.00,103.277
94,1,94,-2866.689250108345,-6930.119066591989,2020-08-06T10:42:20Z,45.41825000,7.64573333,920.00,103.284
95,1,95,-2865.689250108345,-6929.119066591989,2020-08-06T10:42:21Z,45.41820000,7.64565000,922.00,103.293
96,1,96,-2864.689250108345,-6928.119066591989,2020-08-06T10:42:22Z,45.41815000,7.64556667,922.00,103.301
97,1,97,-2863.689250108345,-6927.119066591989,2020-08-06T10:42:23Z,45.41811667,7.64546667,928.00,103.31
98,1,98,-2862.689250108345,-6926.119066591989,2020-08-06T10:42:24Z,45.41808333,7.64536667,919.00,103.318
99,1,99,-2861.689250108345,-6925.119066591989,2020-08-06T10:42:25Z,45.41806667,7.64528333,921.00,103.324
100,1,100,-2860.689250108345,-6924.119066591989,2020-08-06T10:42:26Z,45.41803333,7.64518333,921.00,103.333
101,1,101,-2859.689250108345,-6923.119066591989,2020-08-06T10:42:27Z,45.41805000,7.64506667,919.00,103.339
102,1,102,-2858.689250108345,-6922.119066591989,2020-08-06T10:42:28Z,45.41806667,7.64491667,924.00,103.347
103,1,103,-2857.689250108345,-6921.119066591989,2020-08-06T10:42:29Z,45.41811667,7.64478333,920.00,103.351
104,1,104,-2856.689250108345,-6920.119066591989,2020-08-06T10:42:30Z,45.41820000,7.64465000,917.00,103.354
105,1,105,-2855.689250108345,-6919.119066591989,2020-08-06T10:42:31Z,45.41831667,7.64455000,923.00,103.352
106,1,106,-2854.689250108345,-6918.119066591989,2020-08-06T10:42:32Z,45.41843333,7.64448333,917.00,103.348
107,1,107,-2853.689250108345,-6917.119066591989,2020-08-06T10:42:33Z,45.41855000,7.64443333,928.00,103.343
108,1,108,-2852.689250108345,-6916.119066591989,2020-08-06T10:42:34Z,45.41868333,7.64443333,922.00,103.334
109,1,109,-2851.689250108345,-6915.119066591989,2020-08-06T10:42:35Z,45.41880000,7.64445000,926.00,103.324
110,1,110,-2850.689250108345,-6914.119066591989,2020-08-06T10:42:36Z,45.41890000,7.64448333,933.00,103.316
111,1,111,-2849.689250108345,-6913.119066591989,2020-08-06T10:42:37Z,45.41898333,7.64455000,933.00,103.306
112,1,112,-2848.689250108345,-6912.119066591989,2020-08-06T10:42:38Z,45.41905000,7.64465000,919.00,103.295
113,1,113,-2847.689250108345,-6911.119066591989,2020-08-06T10:42:39Z,45.41910000,7.64473333,933.00,103.286
114,1,114,-2846.689250108345,-6910.119066591989,2020-08-06T10:42:40Z,45.41915000,7.64483333,924.00,103.277
115,1,115,-2845.689250108345,-6909.119066591989,2020-08-06T10:42:41Z,45.41916667,7.64491667,929.00,103.271
116,1,116,-2844.689250108345,-6908.119066591989,2020-08-06T10:42:42Z,45.41918333,7.64500000,934.00,103.264
117,1,117,-2843.689250108345,-6907.119066591989,2020-08-06T10:42:43Z,45.41918333,7.64510000,926.00,103.258
118,1,118,-2842.689250108345,-6906.119066591989,2020-08-06T10:42:44Z,45.41916667,7.64518333,930.00,103.254
119,1,119,-2841.689250108345,-6905.119066591989,2020-08-06T10:42:45Z,45.41913333,7.64526667,927.00,103.252
120,1,120,-2840.689250108345,-6904.119066591989,2020-08-06T10:42:46Z,45.41908333,7.64533333,924.00,103.251
121,1,121,-2839.689250108345,-6903.119066591989,2020-08-06T10:42:47Z,45.41903333,7.64538333,933.00,103.251
122,1,122,-2838.689250108345,-6902.119066591989,2020-08-06T10:42:48Z,45.41898333,7.64540000,925.00,103.254
123,1,123,-2837.689250108345,-6901.119066591989,2020-08-06T10:42:49Z,45.41891667,7.64538333,925.00,103.259
124,1,124,-2836.689250108345,-6900.119066591989,2020-08-06T10:42:50Z,45.41885000,7.64535000,931.00,103.266
125,1,125,-2835.689250108345,-6899.119066591989,2020-08-06T10:42:51Z,45.41878333,7.64531667,927.00,103.273
126,1,126,-2834.689250108345,-6898.119066591989,2020-08-06T10:42:52Z,45.41871667,7.64530000,931.00,103.278
127,1,127,-2833.689250108345,-6897.119066591989,2020-08-06T10:42:53Z,45.41866667,7.64530000,930.00,103.282
128,1,128,-2832.689250108345,-6896.119066591989,2020-08-06T10:42:54Z,45.41861667,7.64530000,931.00,103.285
129,1,129,-2831.689250108345,-6895.119066591989,2020-08-06T10:42:55Z,45.41856667,7.64528333,927.00,103.29
130,1,130,-2830.689250108345,-6894.119066591989,2020-08-06T10:42:56Z,45.41853333,7.64525000,930.00,103.294
131,1,131,-2829.689250108345,-6893.119066591989,2020-08-06T10:42:57Z,45.41848333,7.64518333,913.00,103.302
132,1,132,-2828.689250108345,-6892.119066591989,2020-08-06T10:42:58Z,45.41843333,7.64508333,930.00,103.311
133,1,133,-2827.689250108345,-6891.119066591989,2020-08-06T10:42:59Z,45.41841667,7.64496667,930.00,103.319
134,1,134,-2826.689250108345,-6890.119066591989,2020-08-06T10:43:00Z,45.41841667,7.64483333,935.00,103.328
135,1,135,-2825.689250108345,-6889.119066591989,2020-08-06T10:43:01Z,45.41845000,7.64470000,930.00,103.333
136,1,136,-2824.689250108345,-6888.119066591989,2020-08-06T10:43:02Z,45.41850000,7.64456667,932.00,103.338
137,1,137,-2823.689250108345,-6887.119066591989,2020-08-06T10:43:03Z,45.41858333,7.64446667,929.00,103.338
138,1,138,-2822.689250108345,-6886.119066591989,2020-08-06T10:43:04Z,45.41870000,7.64435000,928.00,103.338
139,1,139,-2821.689250108345,-6885.119066591989,2020-08-06T10:43:05Z,45.41880000,7.64426667,937.00,103.336
140,1,140,-2820.689250108345,-6884.119066591989,2020-08-06T10:43:06Z,45.41891667,7.64420000,940.00,103.332
141,1,141,-2819.689250108345,-6883.119066591989,2020-08-06T10:43:07Z,45.41901667,7.64416667,936.00,103.327
142,1,142,-2818.689250108345,-6882.119066591989,2020-08-06T10:43:08Z,45.41913333,7.64415000,924.00,103.32
143,1,143,-2817.689250108345,-6881.119066591989,2020-08-06T10:43:09Z,45.41923333,7.64416667,936.00,103.312
144,1,144,-2816.689250108345,-6880.119066591989,2020-08-06T10:43:10Z,45.41935000,7.64421667,937.00,103.301
145,1,145,-2815.689250108345,-6879.119066591989,2020-08-06T10:43:11Z,45.41945000,7.64430000,933.00,103.289
146,1,146,-2814.689250108345,-6878.119066591989,2020-08-06T10:43:12Z,45.41953333,7.64438333,953.00,103.278
147,1,147,-2813.689250108345,-6877.119066591989,2020-08-06T10:43:13Z,45.41960000,7.64448333,935.00,103.267
148,1,148,-2812.689250108345,-6876.119066591989,2020-08-06T10:43:14Z,45.41963333,7.64460000,943.00,103.258
149,1,149,-2811.689250108345,-6875.119066591989,2020-08-06T10:43:15Z,45.41966667,7.64470000,945.00,103.249
150,1,150,-2810.689250108345,-6874.119066591989,2020-08-06T10:43:16Z,45.41968333,7.64478333,943.00,103.243
151,1,151,-2809.689250108345,-6873.119066591989,2020-08-06T10:43:17Z,45.41966667,7.64486667,947.00,103.239
152,1,152,-2808.689250108345,-6872.119066591989,2020-08-06T10:43:18Z,45.41961667,7.64491667,946.00,103.24
153,1,153,-2807.689250108345,-6871.119066591989,2020-08-06T10:43:19Z,45.41956667,7.64495000,951.00,103.241
154,1,154,-2806.689250108345,-6870.119066591989,2020-08-06T10:43:20Z,45.41950000,7.64495000,940.00,103.246
155,1,155,-2805.689250108345,-6869.119066591989,2020-08-06T10:43:21Z,45.41943333,7.64498333,948.00,103.248
156,1,156,-2804.689250108345,-6868.119066591989,2020-08-06T10:43:22Z,45.41938333,7.64498333,946.00,103.252
157,1,157,-2803.689250108345,-6867.119066591989,2020-08-06T10:43:23Z,45.41933333,7.64498333,957.00,103.255
158,1,158,-2802.689250108345,-6866.119066591989,2020-08-06T10:43:24Z,45.41928333,7.64495000,949.00,103.261
159,1,159,-2801.689250108345,-6865.119066591989,2020-08-06T10:43:25Z,45.41923333,7.64490000,941.00,103.267
160,1,160,-2800.689250108345,-6864.119066591989,2020-08-06T10:43:26Z,45.41920000,7.64485000,949.00,103.272
161,1,161,-2799.689250108345,-6863.119066591989,2020-08-06T10:43:27Z,45.41916667,7.64478333,956.00,103.279
162,1,162,-2798.689250108345,-6862.119066591989,2020-08-06T10:43:28Z,45.41916667,7.64468333,937.00,103.285
163,1,163,-2797.689250108345,-6861.119066591989,2020-08-06T10:43:29Z,45.41918333,7.64456667,958.00,103.291
164,1,164,-2796.689250108345,-6860.119066591989,2020-08-06T10:43:30Z,45.41921667,7.64443333,954.00,103.297
165,1,165,-2795.689250108345,-6859.119066591989,2020-08-06T10:43:31Z,45.41928333,7.64428333,948.00,103.301
166,1,166,-2794.689250108345,-6858.119066591989,2020-08-06T10:43:32Z,45.41936667,7.64416667,958.00,103.303
167,1,167,-2793.689250108345,-6857.119066591989,2020-08-06T10:43:33Z,45.41946667,7.64411667,947.00,103.299
168,1,168,-2792.689250108345,-6856.119066591989,2020-08-06T10:43:34Z,45.41956667,7.64408333,956.00,103.294
169,1,169,-2791.689250108345,-6855.119066591989,2020-08-06T10:43:35Z,45.41966667,7.64408333,959.00,103.287
170,1,170,-2790.689250108345,-6854.119066591989,2020-08-06T10:43:36Z,45.41976667,7.64410000,969.00,103.279
171,1,171,-2789.689250108345,-6853.119066591989,2020-08-06T10:43:37Z,45.41983333,7.64413333,966.00,103.273
172,1,172,-2788.689250108345,-6852.119066591989,2020-08-06T10:43:38Z,45.41991667,7.64420000,962.00,103.263
173,1,173,-2787.689250108345,-6851.119066591989,2020-08-06T10:43:39Z,45.41996667,7.64428333,957.00,103.254
174,1,174,-2786.689250108345,-6850.119066591989,2020-08-06T10:43:40Z,45.41998333,7.64438333,967.00,103.247
175,1,175,-2785.689250108345,-6849.119066591989,2020-08-06T10:43:41Z,45.41998333,7.64450000,965.00,103.24
176,1,176,-2784.689250108345,-6848.119066591989,2020-08-06T10:43:42Z,45.41996667,7.64460000,968.00,103.235
177,1,177,-2783.689250108345,-6847.119066591989,2020-08-06T10:43:43Z,45.41991667,7.64468333,962.00,103.233
178,1,178,-2782.689250108345,-6846.119066591989,2020-08-06T10:43:44Z,45.41986667,7.64473333,964.00,103.234
179,1,179,-2781.689250108345,-6845.119066591989,2020-08-06T10:43:45Z,45.41981667,7.64478333,973.00,103.234
180,1,180,-2780.689250108345,-6844.119066591989,2020-08-06T10:43:46Z,45.41978333,7.64480000,972.00,103.235
181,1,181,-2779.689250108345,-6843.119066591989,2020-08-06T10:43:47Z,45.41975000,7.64478333,973.00,103.239
182,1,182,-2778.689250108345,-6842.119066591989,2020-08-06T10:43:48Z,45.41970000,7.64476667,963.00,103.243
183,1,183,-2777.689250108345,-6841.119066591989,2020-08-06T10:43:49Z,45.41963333,7.64470000,962.00,103.252
184,1,184,-2776.689250108345,-6840.119066591989,2020-08-06T10:43:50Z,45.41958333,7.64458333,968.00,103.262
185,1,185,-2775.689250108345,-6839.119066591989,2020-08-06T10:43:51Z,45.41956667,7.64445000,959.00,103.272
186,1,186,-2774.689250108345,-6838.119066591989,2020-08-06T10:43:52Z,45.41960000,7.64428333,964.00,103.28
187,1,187,-2773.689250108345,-6837.119066591989,2020-08-06T10:43:53Z,45.41965000,7.64416667,968.00,103.283
188,1,188,-2772.689250108345,-6836.119066591989,2020-08-06T10:43:54Z,45.41973333,7.64405000,973.00,103.285
189,1,189,-2771.689250108345,-6835.119066591989,2020-08-06T10:43:55Z,45.41980000,7.64396667,966.00,103.285
190,1,190,-2770.689250108345,-6834.119066591989,2020-08-06T10:43:56Z,45.41988333,7.64388333,982.00,103.285
191,1,191,-2769.689250108345,-6833.119066591989,2020-08-06T10:43:57Z,45.41996667,7.64380000,964.00,103.284
192,1,192,-2768.689250108345,-6832.119066591989,2020-08-06T10:43:58Z,45.42006667,7.64375000,973.00,103.28
193,1,193,-2767.689250108345,-6831.119066591989,2020-08-06T10:43:59Z,45.42016667,7.64370000,970.00,103.276
194,1,194,-2766.689250108345,-6830.119066591989,2020-08-06T10:44:00Z,45.42028333,7.64366667,977.00,103.27
195,1,195,-2765.689250108345,-6829.119066591989,2020-08-06T10:44:01Z,45.42040000,7.64365000,969.00,103.263
196,1,196,-2764.689250108345,-6828.119066591989,2020-08-06T10:44:02Z,45.42050000,7.64365000,988.00,103.257
197,1,197,-2763.689250108345,-6827.119066591989,2020-08-06T10:44:03Z,45.42058333,7.64368333,975.00,103.249
198,1,198,-2762.689250108345,-6826.119066591989,2020-08-06T10:44:04Z,45.42065000,7.64376667,984.00,103.239
199,1,199,-2761.689250108345,-6825.119066591989,2020-08-06T10:44:05Z,45.42070000,7.64386667,975.00,103.23
200,1,200,-2760.689250108345,-6824.119066591989,2020-08-06T10:44:06Z,45.42073333,7.64398333,980.00,103.22
201,1,201,-2759.689250108345,-6823.119066591989,2020-08-06T10:44:07Z,45.42071667,7.64408333,971.00,103.215
202,1,202,-2758.689250108345,-6822.119066591989,2020-08-06T10:44:08Z,45.42068333,7.64418333,975.00,103.211
203,1,203,-2757.689250108345,-6821.119066591989,2020-08-06T10:44:09Z,45.42063333,7.64426667,991.00,103.21
204,1,204,-2756.689250108345,-6820.119066591989,2020-08-06T10:44:10Z,45.42058333,7.64430000,979.00,103.211
205,1,205,-2755.689250108345,-6819.119066591989,2020-08-06T10:44:11Z,45.42050000,7.64431667,969.00,103.216
206,1,206,-2754.689250108345,-6818.119066591989,2020-08-06T10:44:12Z,45.42045000,7.64428333,983.00,103.221
207,1,207,-2753.689250108345,-6817.119066591989,2020-08-06T10:44:13Z,45.42038333,7.64426667,983.00,103.227
208,1,208,-2752.689250108345,-6816.119066591989,2020-08-06T10:44:14Z,45.42033333,7.64421667,987.00,103.233
209,1,209,-2751.689250108345,-6815.119066591989,2020-08-06T10:44:15Z,45.42028333,7.64415000,979.00,103.241
210,1,210,-2750.689250108345,-6814.119066591989,2020-08-06T10:44:16Z,45.42023333,7.64406667,982.00,103.249
211,1,211,-2749.689250108345,-6813.119066591989,2020-08-06T10:44:17Z,45.42020000,7.64395000,978.00,103.259
212,1,212,-2748.689250108345,-6812.119066591989,2020-08-06T10:44:18Z,45.42016667,7.64381667,985.00,103.269
213,1,213,-2747.689250108345,-6811.119066591989,2020-08-06T10:44:19Z,45.42015000,7.64368333,982.00,103.279
214,1,214,-2746.689250108345,-6810.119066591989,2020-08-06T10:44:20Z,45.42013333,7.64356667,976.00,103.287
215,1,215,-2745.689250108345,-6809.119066591989,2020-08-06T10:44:21Z,45.42013333,7.64345000,980.00,103.294
216,1,216,-2744.689250108345,-6808.119066591989,2020-08-06T10:44:22Z,45.42011667,7.64335000,979.00,103.301
217,1,217,-2743.689250108345,-6807.119066591989,2020-08-06T10:44:23Z,45.42015000,7.64321667,971.00,103.307
218,1,218,-2742.689250108345,-6806.119066591989,2020-08-06T10:44:24Z,45.42020000,7.64308333,973.00,103.312
219,1,219,-2741.689250108345,-6805.119066591989,2020-08-06T10:44:25Z,45.42030000,7.64295000,976.00,103.313
220,1,220,-2740.689250108345,-6804.119066591989,2020-08-06T10:44:26Z,45.42043333,7.64285000,981.00,103.31
221,1,221,-2739.689250108345,-6803.119066591989,2020-08-06T10:44:27Z,45.42053333,7.64280000,984.00,103.307
222,1,222,-2738.689250108345,-6802.119066591989,2020-08-06T10:44:28Z,45.42066667,7.64280000,974.00,103.297
223,1,223,-2737.689250108345,-6801.119066591989,2020-08-06T10:44:29Z,45.42076667,7.64283333,980.00,103.289
224,1,224,-2736.689250108345,-6800.119066591989,2020-08-06T10:44:30Z,45.42085000,7.64288333,981.00,103.28
225,1,225,-2735.689250108345,-6799.119066591989,2020-08-06T10:44:31Z,45.42093333,7.64295000,978.00,103.27
226,1,226,-2734.689250108345,-6798.119066591989,2020-08-06T10:44:32Z,45.42100000,7.64303333,976.00,103.26
227,1,227,-2733.689250108345,-6797.119066591989,2020-08-06T10:44:33Z,45.42108333,7.64311667,982.00,103.249
228,1,228,-2732.689250108345,-6796.119066591989,2020-08-06T10:44:34Z,45.42116667,7.64321667,981.00,103.238
229,1,229,-2731.689250108345,-6795.119066591989,2020-08-06T10:44:35Z,45.42123333,7.64330000,981.00,103.228
230,1,230,-2730.689250108345,-6794.119066591989,2020-08-06T10:44:36Z,45.42130000,7.64338333,981.00,103.218
231,1,231,-2729.689250108345,-6793.119066591989,2020-08-06T10:44:37Z,45.42135000,7.64348333,980.00,103.209
232,1,232,-2728.689250108345,-6792.119066591989,2020-08-06T10:44:38Z,45.42138333,7.64358333,988.00,103.2
233,1,233,-2727.689250108345,-6791.119066591989,2020-08-06T10:44:39Z,45.42140000,7.64368333,984.00,103.193
234,1,234,-2726.689250108345,-6790.119066591989,2020-08-06T10:44:40Z,45.42141667,7.64376667,980.00,103.187
235,1,235,-2725.689250108345,-6789.119066591989,2020-08-06T10:44:41Z,45.42143333,7.64385000,980.00,103.18
236,1,236,-2724.689250108345,-6788.119066591989,2020-08-06T10:44:42Z,45.42143333,7.64395000,981.00,103.174
237,1,237,-2723.689250108345,-6787.119066591989,2020-08-06T10:44:43Z,45.42141667,7.64403333,986.00,103.17
238,1,238,-2722.689250108345,-6786.119066591989,2020-08-06T10:44:44Z,45.42136667,7.64413333,979.00,103.168
239,1,239,-2721.689250108345,-6785.119066591989,2020-08-06T10:44:45Z,45.42131667,7.64420000,973.00,103.167
240,1,240,-2720.689250108345,-6784.119066591989,2020-08-06T10:44:46Z,45.42125000,7.64423333,979.00,103.169
241,1,241,-2719.689250108345,-6783.119066591989,2020-08-06T10:44:47Z,45.42116667,7.64426667,983.00,103.173
242,1,242,-2718.689250108345,-6782.119066591989,2020-08-06T10:44:48Z,45.42110000,7.64426667,979.00,103.178
243,1,243,-2717.689250108345,-6781.119066591989,2020-08-06T10:44:49Z,45.42103333,7.64425000,983.00,103.183
244,1,244,-2716.689250108345,-6780.119066591989,2020-08-06T10:44:50Z,45.42098333,7.64425000,980.00,103.187
245,1,245,-2715.689250108345,-6779.119066591989,2020-08-06T10:44:51Z,45.42091667,7.64423333,979.00,103.192
246,1,246,-2714.689250108345,-6778.119066591989,2020-08-06T10:44:52Z,45.42085000,7.64421667,972.00,103.198
247,1,247,-2713.689250108345,-6777.119066591989,2020-08-06T10:44:53Z,45.42078333,7.64421667,978.00,103.202
248,1,248,-2712.689250108345,-6776.119066591989,2020-08-06T10:44:54Z,45.42071667,7.64425000,982.00,103.205
249,1,249,-2711.689250108345,-6775.119066591989,2020-08-06T10:44:55Z,45.42066667,7.64426667,986.00,103.207
250,1,250,-2710.689250108345,-6774.119066591989,2020-08-06T10:44:56Z,45.42060000,7.64428333,981.00,103.211
251,1,251,-2709.689250108345,-6773.119066591989,2020-08-06T10:44:57Z,45.42055000,7.64430000,972.00,103.213
252,1,252,-2708.689250108345,-6772.119066591989,2020-08-06T10:44:58Z,45.42050000,7.64428333,984.00,103.218
253,1,253,-2707.689250108345,-6771.119066591989,2020-08-06T10:44:59Z,45.42043333,7.64426667,978.00,103.223
254,1,254,-2706.689250108345,-6770.119066591989,2020-08-06T10:45:00Z,45.42035000,7.64421667,978.00,103.232
255,1,255,-2705.689250108345,-6769.119066591989,2020-08-06T10:45:01Z,45.42030000,7.64415000,972.00,103.24
256,1,256,-2704.689250108345,-6768.119066591989,2020-08-06T10:45:02Z,45.42025000,7.64403333,977.00,103.25
257,1,257,-2703.689250108345,-6767.119066591989,2020-08-06T10:45:03Z,45.42025000,7.64388333,975.00,103.259
258,1,258,-2702.689250108345,-6766.119066591989,2020-08-06T10:45:04Z,45.42026667,7.64375000,972.00,103.266
259,1,259,-2701.689250108345,-6765.119066591989,2020-08-06T10:45:05Z,45.42033333,7.64360000,971.00,103.271
260,1,260,-2700.689250108345,-6764.119066591989,2020-08-06T10:45:06Z,45.42041667,7.64348333,971.00,103.273
261,1,261,-2699.689250108345,-6763.119066591989,2020-08-06T10:45:07Z,45.42053333,7.64338333,975.00,103.271
262,1,262,-2698.689250108345,-6762.119066591989,2020-08-06T10:45:08Z,45.42063333,7.64331667,973.00,103.268
263,1,263,-2697.689250108345,-6761.119066591989,2020-08-06T10:45:09Z,45.42076667,7.64325000,971.00,103.263
264,1,264,-2696.689250108345,-6760.119066591989,2020-08-06T10:45:10Z,45.42088333,7.64321667,964.00,103.257
265,1,265,-2695.689250108345,-6759.119066591989,2020-08-06T10:45:11Z,45.42101667,7.64318333,962.00,103.25
266,1,266,-2694.689250108345,-6758.119066591989,2020-08-06T10:45:12Z,45.42113333,7.64318333,956.00,103.242
267,1,267,-2693.689250108345,-6757.119066591989,2020-08-06T10:45:13Z,45.42126667,7.64320000,957.00,103.232
268,1,268,-2692.689250108345,-6756.119066591989,2020-08-06T10:45:14Z,45.42138333,7.64325000,965.00,103.221
269,1,269,-2691.689250108345,-6755.119066591989,2020-08-06T10:45:15Z,45.42148333,7.64328333,967.00,103.212
270,1,270,-2690.689250108345,-6754.119066591989,2020-08-06T10:45:16Z,45.42158333,7.64333333,964.00,103.202
271,1,271,-2689.689250108345,-6753.119066591989,2020-08-06T10:45:17Z,45.42166667,7.64336667,959.00,103.194
272,1,272,-2688.689250108345,-6752.119066591989,2020-08-06T10:45:18Z,45.42176667,7.64341667,961.00,103.184
273,1,273,-2687.689250108345,-6751.119066591989,2020-08-06T10:45:19Z,45.42185000,7.64348333,964.00,103.175
274,1,274,-2686.689250108345,-6750.119066591989,2020-08-06T10:45:20Z,45.42191667,7.64355000,960.00,103.166
275,1,275,-2685.689250108345,-6749.119066591989,2020-08-06T10:45:21Z,45.42198333,7.64366667,961.00,103.154
276,1,276,-2684.689250108345,-6748.119066591989,2020-08-06T10:45:22Z,45.42205000,7.64376667,957.00,103.143
277,1,277,-2683.689250108345,-6747.119066591989,2020-08-06T10:45:23Z,45.42211667,7.64388333,956.00,103.132
278,1,278,-2682.689250108345,-6746.119066591989,2020-08-06T10:45:24Z,45.42216667,7.64398333,960.00,103.122
279,1,279,-2681.689250108345,-6745.119066591989,2020-08-06T10:45:25Z,45.42223333,7.64408333,957.00,103.111
280,1,280,-2680.689250108345,-6744.119066591989,2020-08-06T10:45:26Z,45.42231667,7.64418333,960.00,103.1
281,1,281,-2679.689250108345,-6743.119066591989,2020-08-06T10:45:27Z,45.42238333,7.64430000,954.00,103.088
282,1,282,-2678.689250108345,-6742.119066591989,2020-08-06T10:45:28Z,45.42245000,7.64438333,969.00,103.078
283,1,283,-2677.689250108345,-6741.119066591989,2020-08-06T10:45:29Z,45.42251667,7.64446667,962.00,103.068
284,1,284,-2676.689250108345,-6740.119066591989,2020-08-06T10:45:30Z,45.42260000,7.64453333,972.00,103.059
285,1,285,-2675.689250108345,-6739.119066591989,2020-08-06T10:45:31Z,45.42266667,7.64460000,959.00,103.05
286,1,286,-2674.689250108345,-6738.119066591989,2020-08-06T10:45:32Z,45.42273333,7.64466667,959.00,103.041
287,1,287,-2673.689250108345,-6737.119066591989,2020-08-06T10:45:33Z,45.42278333,7.64473333,965.00,103.034
288,1,288,-2672.689250108345,-6736.119066591989,2020-08-06T10:45:34Z,45.42281667,7.64481667,975.00,103.026
289,1,289,-2671.689250108345,-6735.119066591989,2020-08-06T10:45:35Z,45.42283333,7.64491667,970.00,103.019
290,1,290,-2670.689250108345,-6734.119066591989,2020-08-06T10:45:36Z,45.42283333,7.64500000,971.00,103.014
291,1,291,-2669.689250108345,-6733.119066591989,2020-08-06T10:45:37Z,45.42278333,7.64505000,975.00,103.014
292,1,292,-2668.689250108345,-6732.119066591989,2020-08-06T10:45:38Z,45.42271667,7.64508333,975.00,103.017
293,1,293,-2667.689250108345,-6731.119066591989,2020-08-06T10:45:39Z,45.42266667,7.64503333,969.00,103.023
294,1,294,-2666.689250108345,-6730.119066591989,2020-08-06T10:45:40Z,45.42260000,7.64493333,972.00,103.034
295,1,295,-2665.689250108345,-6729.119066591989,2020-08-06T10:45:41Z,45.42258333,7.64478333,972.00,103.044
296,1,296,-2664.689250108345,-6728.119066591989,2020-08-06T10:45:42Z,45.42260000,7.64461667,970.00,103.054
297,1,297,-2663.689250108345,-6727.119066591989,2020-08-06T10:45:43Z,45.42265000,7.64446667,961.00,103.059
298,1,298,-2662.689250108345,-6726.119066591989,2020-08-06T10:45:44Z,45.42273333,7.64435000,973.00,103.061
299,1,299,-2661.689250108345,-6725.119066591989,2020-08-06T10:45:45Z,45.42283333,7.64426667,982.00,103.059
300,1,300,-2660.689250108345,-6724.119066591989,2020-08-06T10:45:46Z,45.42293333,7.64418333,980.00,103.058
301,1,301,-2659.689250108345,-6723.119066591989,2020-08-06T10:45:47Z,45.42303333,7.64415000,984.00,103.053
302,1,302,-2658.689250108345,-6722.119066591989,2020-08-06T10:45:48Z,45.42313333,7.64413333,979.00,103.047
303,1,303,-2657.689250108345,-6721.119066591989,2020-08-06T10:45:49Z,45.42321667,7.64416667,982.00,103.039
304,1,304,-2656.689250108345,-6720.119066591989,2020-08-06T10:45:50Z,45.42328333,7.64423333,975.00,103.031
305,1,305,-2655.689250108345,-6719.119066591989,2020-08-06T10:45:51Z,45.42336667,7.64431667,980.00,103.02
306,1,306,-2654.689250108345,-6718.119066591989,2020-08-06T10:45:52Z,45.42341667,7.64441667,980.00,103.01
307,1,307,-2653.689250108345,-6717.119066591989,2020-08-06T10:45:53Z,45.42348333,7.64453333,986.00,102.998
308,1,308,-2652.689250108345,-6716.119066591989,2020-08-06T10:45:54Z,45.42353333,7.64463333,981.00,102.989
309,1,309,-2651.689250108345,-6715.119066591989,2020-08-06T10:45:55Z,45.42356667,7.64473333,984.00,102.98
310,1,310,-2650.689250108345,-6714.119066591989,2020-08-06T10:45:56Z,45.42360000,7.64483333,980.00,102.972
311,1,311,-2649.689250108345,-6713.119066591989,2020-08-06T10:45:57Z,45.42361667,7.64493333,985.00,102.965
312,1,312,-2648.689250108345,-6712.119066591989,2020-08-06T10:45:58Z,45.42363333,7.64503333,985.00,102.957
313,1,313,-2647.689250108345,-6711.119066591989,2020-08-06T10:45:59Z,45.42361667,7.64513333,988.00,102.952
314,1,314,-2646.689250108345,-6710.119066591989,2020-08-06T10:46:00Z,45.42361667,7.64523333,986.00,102.946
315,1,315,-2645.689250108345,-6709.119066591989,2020-08-06T10:46:01Z,45.42360000,7.64533333,984.00,102.941
316,1,316,-2644.689250108345,-6708.119066591989,2020-08-06T10:46:02Z,45.42358333,7.64543333,984.00,102.936
317,1,317,-2643.689250108345,-6707.119066591989,2020-08-06T10:46:03Z,45.42360000,7.64555000,985.00,102.928
318,1,318,-2642.689250108345,-6706.119066591989,2020-08-06T10:46:04Z,45.42360000,7.64566667,977.00,102.921
319,1,319,-2641.689250108345,-6705.119066591989,2020-08-06T10:46:05Z,45.42361667,7.64576667,988.00,102.913
320,1,320,-2640.689250108345,-6704.119066591989,2020-08-06T10:46:06Z,45.42361667,7.64586667,985.00,102.907
321,1,321,-2639.689250108345,-6703.119066591989,2020-08-06T10:46:07Z,45.42360000,7.64596667,990.00,102.902
322,1,322,-2638.689250108345,-6702.119066591989,2020-08-06T10:46:08Z,45.42361667,7.64606667,988.00,102.895
323,1,323,-2637.689250108345,-6701.119066591989,2020-08-06T10:46:09Z,45.42365000,7.64615000,984.00,102.887
324,1,324,-2636.689250108345,-6700.119066591989,2020-08-06T10:46:10Z,45.42373333,7.64621667,983.00,102.878
325,1,325,-2635.689250108345,-6699.119066591989,2020-08-06T10:46:11Z,45.42383333,7.64626667,986.00,102.868
326,1,326,-2634.689250108345,-6698.119066591989,2020-08-06T10:46:12Z,45.42393333,7.64630000,988.00,102.859
327,1,327,-2633.689250108345,-6697.119066591989,2020-08-06T10:46:13Z,45.42405000,7.64631667,990.00,102.85
328,1,328,-2632.689250108345,-6696.119066591989,2020-08-06T10:46:14Z,45.42415000,7.64633333,982.00,102.842
329,1,329,-2631.689250108345,-6695.119066591989,2020-08-06T10:46:15Z,45.42425000,7.64633333,981.00,102.835
330,1,330,-2630.689250108345,-6694.119066591989,2020-08-06T10:46:16Z,45.42435000,7.64633333,986.00,102.828
331,1,331,-2629.689250108345,-6693.119066591989,2020-08-06T10:46:17Z,45.42445000,7.64635000,994.00,102.821
332,1,332,-2628.689250108345,-6692.119066591989,2020-08-06T10:46:18Z,45.42455000,7.64635000,987.00,102.814
333,1,333,-2627.689250108345,-6691.119066591989,2020-08-06T10:46:19Z,45.42466667,7.64638333,990.00,102.804
334,1,334,-2626.689250108345,-6690.119066591989,2020-08-06T10:46:20Z,45.42476667,7.64643333,996.00,102.794
335,1,335,-2625.689250108345,-6689.119066591989,2020-08-06T10:46:21Z,45.42485000,7.64653333,985.00,102.782
336,1,336,-2624.689250108345,-6688.119066591989,2020-08-06T10:46:22Z,45.42491667,7.64663333,993.00,102.771
337,1,337,-2623.689250108345,-6687.119066591989,2020-08-06T10:46:23Z,45.42493333,7.64675000,993.00,102.763
338,1,338,-2622.689250108345,-6686.119066591989,2020-08-06T10:46:24Z,45.42491667,7.64683333,1000.00,102.759
339,1,339,-2621.689250108345,-6685.119066591989,2020-08-06T10:46:25Z,45.42488333,7.64691667,1011.00,102.756
340,1,340,-2620.689250108345,-6684.119066591989,2020-08-06T10:46:26Z,45.42483333,7.64695000,985.00,102.757
341,1,341,-2619.689250108345,-6683.119066591989,2020-08-06T10:46:27Z,45.42476667,7.64695000,1006.00,102.762
342,1,342,-2618.689250108345,-6682.119066591989,2020-08-06T10:46:28Z,45.42470000,7.64695000,1008.00,102.767
343,1,343,-2617.689250108345,-6681.119066591989,2020-08-06T10:46:29Z,45.42463333,7.64695000,1010.00,102.771
344,1,344,-2616.689250108345,-6680.119066591989,2020-08-06T10:46:30Z,45.42456667,7.64695000,1010.00,102.776
345,1,345,-2615.689250108345,-6679.119066591989,2020-08-06T10:46:31Z,45.42451667,7.64695000,995.00,102.779
346,1,346,-2614.689250108345,-6678.119066591989,2020-08-06T10:46:32Z,45.42445000,7.64695000,1001.00,102.784
347,1,347,-2613.689250108345,-6677.119066591989,2020-08-06T10:46:33Z,45.42438333,7.64690000,999.00,102.791
348,1,348,-2612.689250108345,-6676.119066591989,2020-08-06T10:46:34Z,45.42431667,7.64680000,996.00,102.802
349,1,349,-2611.689250108345,-6675.119066591989,2020-08-06T10:46:35Z,45.42425000,7.64670000,997.00,102.813
350,1,350,-2610.689250108345,-6674.119066591989,2020-08-06T10:46:36Z,45.42420000,7.64658333,998.00,102.823
351,1,351,-2609.689250108345,-6673.119066591989,2020-08-06T10:46:37Z,45.42413333,7.64645000,999.00,102.836
352,1,352,-2608.689250108345,-6672.119066591989,2020-08-06T10:46:38Z,45.42408333,7.64631667,998.00,102.848
353,1,353,-2607.689250108345,-6671.119066591989,2020-08-06T10:46:39Z,45.42405000,7.64618333,998.00,102.858
354,1,354,-2606.689250108345,-6670.119066591989,2020-08-06T10:46:40Z,45.42401667,7.64603333,1002.00,102.87
355,1,355,-2605.689250108345,-6669.119066591989,2020-08-06T10:46:41Z,45.42400000,7.64586667,992.00,102.881
356,1,356,-2604.689250108345,-6668.119066591989,2020-08-06T10:46:42Z,45.42401667,7.64571667,999.00,102.889
357,1,357,-2603.689250108345,-6667.119066591989,2020-08-06T10:46:43Z,45.42405000,7.64558333,996.00,102.895
358,1,358,-2602.689250108345,-6666.119066591989,2020-08-06T10:46:44Z,45.42411667,7.64543333,1003.00,102.9
359,1,359,-2601.689250108345,-6665.119066591989,2020-08-06T10:46:45Z,45.42418333,7.64528333,1000.00,102.905
360,1,360,-2600.689250108345,-6664.119066591989,2020-08-06T10:46:46Z,45.42425000,7.64513333,1011.00,102.909
361,1,361,-2599.689250108345,-6663.119066591989,2020-08-06T10:46:47Z,45.42433333,7.64501667,995.00,102.911
362,1,362,-2598.689250108345,-6662.119066591989,2020-08-06T10:46:48Z,45.42441667,7.64490000,991.00,102.912
363,1,363,-2597.689250108345,-6661.119066591989,2020-08-06T10:46:49Z,45.42451667,7.64480000,994.00,102.912
364,1,364,-2596.689250108345,-6660.119066591989,2020-08-06T10:46:50Z,45.42461667,7.64473333,1000.00,102.909
365,1,365,-2595.689250108345,-6659.119066591989,2020-08-06T10:46:51Z,45.42470000,7.64470000,993.00,102.906
366,1,366,-2594.689250108345,-6658.119066591989,2020-08-06T10:46:52Z,45.42480000,7.64468333,1003.00,102.9
367,1,367,-2593.689250108345,-6657.119066591989,2020-08-06T10:46:53Z,45.42490000,7.64468333,1008.00,102.893
368,1,368,-2592.689250108345,-6656.119066591989,2020-08-06T10:46:54Z,45.42498333,7.64473333,1007.00,102.884
369,1,369,-2591.689250108345,-6655.119066591989,2020-08-06T10:46:55Z,45.42506667,7.64480000,1004.00,102.875
370,1,370,-2590.689250108345,-6654.119066591989,2020-08-06T10:46:56Z,45.42513333,7.64490000,1009.00,102.864
371,1,371,-2589.689250108345,-6653.119066591989,2020-08-06T10:46:57Z,45.42518333,7.64501667,1017.00,102.853
372,1,372,-2588.689250108345,-6652.119066591989,2020-08-06T10:46:58Z,45.42521667,7.64513333,1002.00,102.844
373,1,373,-2587.689250108345,-6651.119066591989,2020-08-06T10:46:59Z,45.42525000,7.64525000,1003.00,102.834
374,1,374,-2586.689250108345,-6650.119066591989,2020-08-06T10:47:00Z,45.42530000,7.64536667,1013.00,102.824
375,1,375,-2585.689250108345,-6649.119066591989,2020-08-06T10:47:01Z,45.42535000,7.64550000,1016.00,102.812
376,1,376,-2584.689250108345,-6648.119066591989,2020-08-06T10:47:02Z,45.42540000,7.64561667,1007.00,102.801
377,1,377,-2583.689250108345,-6647.119066591989,2020-08-06T10:47:03Z,45.42543333,7.64573333,1017.00,102.792
378,1,378,-2582.689250108345,-6646.119066591989,2020-08-06T10:47:04Z,45.42546667,7.64585000,1000.00,102.782
379,1,379,-2581.689250108345,-6645.119066591989,2020-08-06T10:47:05Z,45.42546667,7.64596667,1010.00,102.775
380,1,380,-2580.689250108345,-6644.119066591989,2020-08-06T10:47:06Z,45.42548333,7.64608333,1018.00,102.767
381,1,381,-2579.689250108345,-6643.119066591989,2020-08-06T10:47:07Z,45.42548333,7.64618333,1000.00,102.761
382,1,382,-2578.689250108345,-6642.119066591989,2020-08-06T10:47:08Z,45.42546667,7.64626667,1019.00,102.757
383,1,383,-2577.689250108345,-6641.119066591989,2020-08-06T10:47:09Z,45.42545000,7.64635000,1026.00,102.753
384,1,384,-2576.689250108345,-6640.119066591989,2020-08-06T10:47:10Z,45.42541667,7.64643333,1019.00,102.75
385,1,385,-2575.689250108345,-6639.119066591989,2020-08-06T10:47:11Z,45.42540000,7.64650000,1033.00,102.747
386,1,386,-2574.689250108345,-6638.119066591989,2020-08-06T10:47:12Z,45.42536667,7.64656667,1027.00,102.745
387,1,387,-2573.689250108345,-6637.119066591989,2020-08-06T10:47:13Z,45.42530000,7.64658333,1021.00,102.748
388,1,388,-2572.689250108345,-6636.119066591989,2020-08-06T10:47:14Z,45.42521667,7.64658333,1028.00,102.754
389,1,389,-2571.689250108345,-6635.119066591989,2020-08-06T10:47:15Z,45.42513333,7.64653333,1024.00,102.763
390,1,390,-2570.689250108345,-6634.119066591989,2020-08-06T10:47:16Z,45.42505000,7.64643333,1026.00,102.775
391,1,391,-2569.689250108345,-6633.119066591989,2020-08-06T10:47:17Z,45.42498333,7.64631667,1019.00,102.786
392,1,392,-2568.689250108345,-6632.119066591989,2020-08-06T10:47:18Z,45.42495000,7.64616667,1019.00,102.798
393,1,393,-2567.689250108345,-6631.119066591989,2020-08-06T10:47:19Z,45.42493333,7.64596667,1022.00,102.811
394,1,394,-2566.689250108345,-6630.119066591989,2020-08-06T10:47:20Z,45.42495000,7.64580000,1027.00,102.821
395,1,395,-2565.689250108345,-6629.119066591989,2020-08-06T10:47:21Z,45.42501667,7.64563333,1029.00,102.826
396,1,396,-2564.689250108345,-6628.119066591989,2020-08-06T10:47:22Z,45.42508333,7.64550000,1011.00,102.83
397,1,397,-2563.689250108345,-6627.119066591989,2020-08-06T10:47:23Z,45.42518333,7.64540000,1021.00,102.829
398,1,398,-2562.689250108345,-6626.119066591989,2020-08-06T10:47:24Z,45.42530000,7.64535000,1020.00,102.825
399,1,399,-2561.689250108345,-6625.119066591989,2020-08-06T10:47:25Z,45.42540000,7.64535000,1023.00,102.818
400,1,400,-2560.689250108345,-6624.119066591989,2020-08-06T10:47:26Z,45.42551667,7.64540000,1030.00,102.807
401,1,401,-2559.689250108345,-6623.119066591989,2020-08-06T10:47:27Z,45.42560000,7.64546667,1025.00,102.797
402,1,402,-2558.689250108345,-6622.119066591989,2020-08-06T10:47:28Z,45.42568333,7.64558333,1013.00,102.784
403,1,403,-2557.689250108345,-6621.119066591989,2020-08-06T10:47:29Z,45.42573333,7.64568333,1030.00,102.775
404,1,404,-2556.689250108345,-6620.119066591989,2020-08-06T10:47:30Z,45.42578333,7.64581667,1030.00,102.763
405,1,405,-2555.689250108345,-6619.119066591989,2020-08-06T10:47:31Z,45.42580000,7.64591667,1023.00,102.756
406,1,406,-2554.689250108345,-6618.119066591989,2020-08-06T10:47:32Z,45.42580000,7.64603333,1013.00,102.749
407,1,407,-2553.689250108345,-6617.119066591989,2020-08-06T10:47:33Z,45.42578333,7.64613333,1045.00,102.743
408,1,408,-2552.689250108345,-6616.119066591989,2020-08-06T10:47:34Z,45.42573333,7.64621667,1022.00,102.742
409,1,409,-2551.689250108345,-6615.119066591989,2020-08-06T10:47:35Z,45.42566667,7.64628333,1038.00,102.742
410,1,410,-2550.689250108345,-6614.119066591989,2020-08-06T10:47:36Z,45.42560000,7.64626667,1040.00,102.748
411,1,411,-2549.689250108345,-6613.119066591989,2020-08-06T10:47:37Z,45.42551667,7.64618333,1033.00,102.758
412,1,412,-2548.689250108345,-6612.119066591989,2020-08-06T10:47:38Z,45.42545000,7.64605000,1035.00,102.771
413,1,413,-2547.689250108345,-6611.119066591989,2020-08-06T10:47:39Z,45.42541667,7.64588333,1035.00,102.784
414,1,414,-2546.689250108345,-6610.119066591989,2020-08-06T10:47:40Z,45.42540000,7.64571667,1029.00,102.795
415,1,415,-2545.689250108345,-6609.119066591989,2020-08-06T10:47:41Z,45.42540000,7.64555000,1036.00,102.806
416,1,416,-2544.689250108345,-6608.119066591989,2020-08-06T10:47:42Z,45.42543333,7.64540000,1026.00,102.813
417,1,417,-2543.689250108345,-6607.119066591989,2020-08-06T10:47:43Z,45.42548333,7.64525000,1021.00,102.818
418,1,418,-2542.689250108345,-6606.119066591989,2020-08-06T10:47:44Z,45.42555000,7.64513333,1034.00,102.821
419,1,419,-2541.689250108345,-6605.119066591989,2020-08-06T10:47:45Z,45.42563333,7.64501667,1030.00,102.823
420,1,420,-2540.689250108345,-6604.119066591989,2020-08-06T10:47:46Z,45.42573333,7.64493333,1030.00,102.821
421,1,421,-2539.689250108345,-6603.119066591989,2020-08-06T10:47:47Z,45.42585000,7.64490000,1035.00,102.815
422,1,422,-2538.689250108345,-6602.119066591989,2020-08-06T10:47:48Z,45.42596667,7.64490000,1030.00,102.807
423,1,423,-2537.689250108345,-6601.119066591989,2020-08-06T10:47:49Z,45.42605000,7.64496667,1039.00,102.798
424,1,424,-2536.689250108345,-6600.119066591989,2020-08-06T10:47:50Z,45.42613333,7.64506667,1030.00,102.786
425,1,425,-2535.689250108345,-6599.119066591989,2020-08-06T10:47:51Z,45.42618333,7.64516667,1039.00,102.776
426,1,426,-2534.689250108345,-6598.119066591989,2020-08-06T10:47:52Z,45.42621667,7.64530000,1042.00,102.766
427,1,427,-2533.689250108345,-6597.119066591989,2020-08-06T10:47:53Z,45.42623333,7.64541667,1036.00,102.757
428,1,428,-2532.689250108345,-6596.119066591989,2020-08-06T10:47:54Z,45.42620000,7.64551667,1049.00,102.753
429,1,429,-2531.689250108345,-6595.119066591989,2020-08-06T10:47:55Z,45.42616667,7.64558333,1041.00,102.752
430,1,430,-2530.689250108345,-6594.119066591989,2020-08-06T10:47:56Z,45.42610000,7.64560000,1037.00,102.755
431,1,431,-2529.689250108345,-6593.119066591989,2020-08-06T10:47:57Z,45.42601667,7.64553333,1049.00,102.765
432,1,432,-2528.689250108345,-6592.119066591989,2020-08-06T10:47:58Z,45.42595000,7.64541667,1049.00,102.777
433,1,433,-2527.689250108345,-6591.119066591989,2020-08-06T10:47:59Z,45.42591667,7.64525000,1039.00,102.789
434,1,434,-2526.689250108345,-6590.119066591989,2020-08-06T10:48:00Z,45.42591667,7.64506667,1050.00,102.801
435,1,435,-2525.689250108345,-6589.119066591989,2020-08-06T10:48:01Z,45.42595000,7.64491667,1056.00,102.808
436,1,436,-2524.689250108345,-6588.119066591989,2020-08-06T10:48:02Z,45.42603333,7.64478333,1056.00,102.81
437,1,437,-2523.689250108345,-6587.119066591989,2020-08-06T10:48:03Z,45.42613333,7.64470000,1048.00,102.809
438,1,438,-2522.689250108345,-6586.119066591989,2020-08-06T10:48:04Z,45.42623333,7.64465000,1064.00,102.805
439,1,439,-2521.689250108345,-6585.119066591989,2020-08-06T10:48:05Z,45.42633333,7.64466667,1050.00,102.797
440,1,440,-2520.689250108345,-6584.119066591989,2020-08-06T10:48:06Z,45.42640000,7.64475000,1062.00,102.788
441,1,441,-2519.689250108345,-6583.119066591989,2020-08-06T10:48:07Z,45.42645000,7.64486667,1060.00,102.777
442,1,442,-2518.689250108345,-6582.119066591989,2020-08-06T10:48:08Z,45.42646667,7.64496667,1062.00,102.77
443,1,443,-2517.689250108345,-6581.119066591989,2020-08-06T10:48:09Z,45.42643333,7.64506667,1069.00,102.766
444,1,444,-2516.689250108345,-6580.119066591989,2020-08-06T10:48:10Z,45.42640000,7.64515000,1067.00,102.763
445,1,445,-2515.689250108345,-6579.119066591989,2020-08-06T10:48:11Z,45.42635000,7.64520000,1077.00,102.763
446,1,446,-2514.689250108345,-6578.119066591989,2020-08-06T10:48:12Z,45.42630000,7.64520000,1067.00,102.766
447,1,447,-2513.689250108345,-6577.119066591989,2020-08-06T10:48:13Z,45.42625000,7.64516667,1080.00,102.772
448,1,448,-2512.689250108345,-6576.119066591989,2020-08-06T10:48:14Z,45.42618333,7.64511667,1071.00,102.779
449,1,449,-2511.689250108345,-6575.119066591989,2020-08-06T10:48:15Z,45.42610000,7.64503333,1072.00,102.79
450,1,450,-2510.689250108345,-6574.119066591989,2020-08-06T10:48:16Z,45.42605000,7.64490000,1077.00,102.802
451,1,451,-2509.689250108345,-6573.119066591989,2020-08-06T10:48:17Z,45.42603333,7.64475000,1069.00,102.812
452,1,452,-2508.689250108345,-6572.119066591989,2020-08-06T10:48:18Z,45.42603333,7.64458333,1073.00,102.823
453,1,453,-2507.689250108345,-6571.119066591989,2020-08-06T10:48:19Z,45.42608333,7.64445000,1070.00,102.827
454,1,454,-2506.689250108345,-6570.119066591989,2020-08-06T10:48:20Z,45.42616667,7.64433333,1077.00,102.829
455,1,455,-2505.689250108345,-6569.119066591989,2020-08-06T10:48:21Z,45.42628333,7.64426667,1076.00,102.825
456,1,456,-2504.689250108345,-6568.119066591989,2020-08-06T10:48:22Z,45.42640000,7.64421667,1080.00,102.821
457,1,457,-2503.689250108345,-6567.119066591989,2020-08-06T10:48:23Z,45.42650000,7.64423333,1083.00,102.813
458,1,458,-2502.689250108345,-6566.119066591989,2020-08-06T10:48:24Z,45.42658333,7.64426667,1074.00,102.805
459,1,459,-2501.689250108345,-6565.119066591989,2020-08-06T10:48:25Z,45.42665000,7.64433333,1078.00,102.797
460,1,460,-2500.689250108345,-6564.119066591989,2020-08-06T10:48:26Z,45.42670000,7.64440000,1069.00,102.789
461,1,461,-2499.689250108345,-6563.119066591989,2020-08-06T10:48:27Z,45.42676667,7.64448333,1078.00,102.779
462,1,462,-2498.689250108345,-6562.119066591989,2020-08-06T10:48:28Z,45.42685000,7.64460000,1084.00,102.767
463,1,463,-2497.689250108345,-6561.119066591989,2020-08-06T10:48:29Z,45.42691667,7.64471667,1078.00,102.755
464,1,464,-2496.689250108345,-6560.119066591989,2020-08-06T10:48:30Z,45.42696667,7.64483333,1081.00,102.744
465,1,465,-2495.689250108345,-6559.119066591989,2020-08-06T10:48:31Z,45.42698333,7.64491667,1082.00,102.738
466,1,466,-2494.689250108345,-6558.119066591989,2020-08-06T10:48:32Z,45.42698333,7.64500000,1081.00,102.733
467,1,467,-2493.689250108345,-6557.119066591989,2020-08-06T10:48:33Z,45.42696667,7.64508333,1092.00,102.729
468,1,468,-2492.689250108345,-6556.119066591989,2020-08-06T10:48:34Z,45.42691667,7.64513333,1092.00,102.729
469,1,469,-2491.689250108345,-6555.119066591989,2020-08-06T10:48:35Z,45.42686667,7.64516667,1091.00,102.73
470,1,470,-2490.689250108345,-6554.119066591989,2020-08-06T10:48:36Z,45.42680000,7.64518333,1085.00,102.734
471,1,471,-2489.689250108345,-6553.119066591989,2020-08-06T10:48:37Z,45.42671667,7.64516667,1081.00,102.74
472,1,472,-2488.689250108345,-6552.119066591989,2020-08-06T10:48:38Z,45.42661667,7.64513333,1084.00,102.749
473,1,473,-2487.689250108345,-6551.119066591989,2020-08-06T10:48:39Z,45.42653333,7.64505000,1086.00,102.76
474,1,474,-2486.689250108345,-6550.119066591989,2020-08-06T10:48:40Z,45.42646667,7.64495000,1078.00,102.771
475,1,475,-2485.689250108345,-6549.119066591989,2020-08-06T10:48:41Z,45.42643333,7.64478333,1079.00,102.783
476,1,476,-2484.689250108345,-6548.119066591989,2020-08-06T10:48:42Z,45.42641667,7.64461667,1077.00,102.795
477,1,477,-2483.689250108345,-6547.119066591989,2020-08-06T10:48:43Z,45.42645000,7.64445000,1075.00,102.803
478,1,478,-2482.689250108345,-6546.119066591989,2020-08-06T10:48:44Z,45.42650000,7.64430000,1072.00,102.809
479,1,479,-2481.689250108345,-6545.119066591989,2020-08-06T10:48:45Z,45.42658333,7.64421667,1074.00,102.808
480,1,480,-2480.689250108345,-6544.119066591989,2020-08-06T10:48:46Z,45.42668333,7.64415000,1062.00,102.806
481,1,481,-2479.689250108345,-6543.119066591989,2020-08-06T10:48:47Z,45.42678333,7.64413333,1075.00,102.8
482,1,482,-2478.689250108345,-6542.119066591989,2020-08-06T10:48:48Z,45.42686667,7.64416667,1079.00,102.792
483,1,483,-2477.689250108345,-6541.119066591989,2020-08-06T10:48:49Z,45.42695000,7.64420000,1073.00,102.785
484,1,484,-2476.689250108345,-6540.119066591989,2020-08-06T10:48:50Z,45.42700000,7.64425000,1077.00,102.778
485,1,485,-2475.689250108345,-6539.119066591989,2020-08-06T10:48:51Z,45.42703333,7.64431667,1077.00,102.772
486,1,486,-2474.689250108345,-6538.119066591989,2020-08-06T10:48:52Z,45.42706667,7.64438333,1068.00,102.765
487,1,487,-2473.689250108345,-6537.119066591989,2020-08-06T10:48:53Z,45.42710000,7.64448333,1075.00,102.757
488,1,488,-2472.689250108345,-6536.119066591989,2020-08-06T10:48:54Z,45.42711667,7.64456667,1068.00,102.751
489,1,489,-2471.689250108345,-6535.119066591989,2020-08-06T10:48:55Z,45.42715000,7.64465000,1071.00,102.743
490,1,490,-2470.689250108345,-6534.119066591989,2020-08-06T10:48:56Z,45.42716667,7.64475000,1064.00,102.736
491,1,491,-2469.689250108345,-6533.119066591989,2020-08-06T10:48:57Z,45.42718333,7.64485000,1057.00,102.729
492,1,492,-2468.689250108345,-6532.119066591989,2020-08-06T10:48:58Z,45.42718333,7.64495000,1069.00,102.722
493,1,493,-2467.689250108345,-6531.119066591989,2020-08-06T10:48:59Z,45.42720000,7.64503333,1065.00,102.716
494,1,494,-2466.689250108345,-6530.119066591989,2020-08-06T10:49:00Z,45.42720000,7.64513333,1074.00,102.71
495,1,495,-2465.689250108345,-6529.119066591989,2020-08-06T10:49:01Z,45.42720000,7.64521667,1063.00,102.705
496,1,496,-2464.689250108345,-6528.119066591989,2020-08-06T10:49:02Z,45.42718333,7.64528333,1066.00,102.702
497,1,497,-2463.689250108345,-6527.119066591989,2020-08-06T10:49:03Z,45.42716667,7.64536667,1058.00,102.698
498,1,498,-2462.689250108345,-6526.119066591989,2020-08-06T10:49:04Z,45.42716667,7.64545000,1059.00,102.692
499,1,499,-2461.689250108345,-6525.119066591989,2020-08-06T10:49:05Z,45.42716667,7.64553333,1060.00,102.687
500,1,500,-2460.689250108345,-6524.119066591989,2020-08-06T10:49:06Z,45.42716667,7.64561667,1056.00,102.682
501,1,501,-2459.689250108345,-6523.119066591989,2020-08-06T10:49:07Z,45.42718333,7.64573333,1049.00,102.674
502,1,502,-2458.689250108345,-6522.119066591989,2020-08-06T10:49:08Z,45.42720000,7.64583333,1053.00,102.666
503,1,503,-2457.689250108345,-6521.119066591989,2020-08-06T10:49:09Z,45.42721667,7.64593333,1053.00,102.659
504,1,504,-2456.689250108345,-6520.119066591989,2020-08-06T10:49:10Z,45.42723333,7.64605000,1058.00,102.651
505,1,505,-2455.689250108345,-6519.119066591989,2020-08-06T10:49:11Z,45.42726667,7.64616667,1059.00,102.641
506,1,506,-2454.689250108345,-6518.119066591989,2020-08-06T10:49:12Z,45.42728333,7.64625000,1051.00,102.635
507,1,507,-2453.689250108345,-6517.119066591989,2020-08-06T10:49:13Z,45.42730000,7.64633333,1052.00,102.629
508,1,508,-2452.689250108345,-6516.119066591989,2020-08-06T10:49:14Z,45.42731667,7.64641667,1054.00,102.622
509,1,509,-2451.689250108345,-6515.119066591989,2020-08-06T10:49:15Z,45.42736667,7.64650000,1055.00,102.614
510,1,510,-2450.689250108345,-6514.119066591989,2020-08-06T10:49:16Z,45.42741667,7.64660000,1055.00,102.604
511,1,511,-2449.689250108345,-6513.119066591989,2020-08-06T10:49:17Z,45.42748333,7.64668333,1062.00,102.595
512,1,512,-2448.689250108345,-6512.119066591989,2020-08-06T10:49:18Z,45.42753333,7.64676667,1063.00,102.586
513,1,513,-2447.689250108345,-6511.119066591989,2020-08-06T10:49:19Z,45.42758333,7.64686667,1064.00,102.576
514,1,514,-2446.689250108345,-6510.119066591989,2020-08-06T10:49:20Z,45.42761667,7.64696667,1052.00,102.568
515,1,515,-2445.689250108345,-6509.119066591989,2020-08-06T10:49:21Z,45.42763333,7.64706667,1062.00,102.561
516,1,516,-2444.689250108345,-6508.119066591989,2020-08-06T10:49:22Z,45.42761667,7.64716667,1073.00,102.556
517,1,517,-2443.689250108345,-6507.119066591989,2020-08-06T10:49:23Z,45.42760000,7.64725000,1064.00,102.551
518,1,518,-2442.689250108345,-6506.119066591989,2020-08-06T10:49:24Z,45.42756667,7.64731667,1061.00,102.55
519,1,519,-2441.689250108345,-6505.119066591989,2020-08-06T10:49:25Z,45.42751667,7.64736667,1066.00,102.55
520,1,520,-2440.689250108345,-6504.119066591989,2020-08-06T10:49:26Z,45.42746667,7.64741667,1077.00,102.55
521,1,521,-2439.689250108345,-6503.119066591989,2020-08-06T10:49:27Z,45.42738333,7.64743333,1068.00,102.555
522,1,522,-2438.689250108345,-6502.119066591989,2020-08-06T10:49:28Z,45.42728333,7.64743333,1060.00,102.561
523,1,523,-2437.689250108345,-6501.119066591989,2020-08-06T10:49:29Z,45.42718333,7.64740000,1083.00,102.57
524,1,524,-2436.689250108345,-6500.119066591989,2020-08-06T10:49:30Z,45.42710000,7.64735000,1075.00,102.579
525,1,525,-2435.689250108345,-6499.119066591989,2020-08-06T10:49:31Z,45.42703333,7.64730000,1081.00,102.587
526,1,526,-2434.689250108345,-6498.119066591989,2020-08-06T10:49:32Z,45.42696667,7.64723333,1078.00,102.595
527,1,527,-2433.689250108345,-6497.119066591989,2020-08-06T10:49:33Z,45.42693333,7.64715000,1078.00,102.603
528,1,528,-2432.689250108345,-6496.119066591989,2020-08-06T10:49:34Z,45.42688333,7.64703333,1086.00,102.613
529,1,529,-2431.689250108345,-6495.119066591989,2020-08-06T10:49:35Z,45.42688333,7.64688333,1083.00,102.623
530,1,530,-2430.689250108345,-6494.119066591989,2020-08-06T10:49:36Z,45.42688333,7.64671667,1072.00,102.633
531,1,531,-2429.689250108345,-6493.119066591989,2020-08-06T10:49:37Z,45.42691667,7.64656667,1079.00,102.64
532,1,532,-2428.689250108345,-6492.119066591989,2020-08-06T10:49:38Z,45.42698333,7.64643333,1084.00,102.644
533,1,533,-2427.689250108345,-6491.119066591989,2020-08-06T10:49:39Z,45.42708333,7.64635000,1072.00,102.642
534,1,534,-2426.689250108345,-6490.119066591989,2020-08-06T10:49:40Z,45.42718333,7.64630000,1083.00,102.639
535,1,535,-2425.689250108345,-6489.119066591989,2020-08-06T10:49:41Z,45.42728333,7.64628333,1073.00,102.633
536,1,536,-2424.689250108345,-6488.119066591989,2020-08-06T10:49:42Z,45.42736667,7.64630000,1088.00,102.626
537,1,537,-2423.689250108345,-6487.119066591989,2020-08-06T10:49:43Z,45.42745000,7.64633333,1085.00,102.618
538,1,538,-2422.689250108345,-6486.119066591989,2020-08-06T10:49:44Z,45.42753333,7.64638333,1095.00,102.61
539,1,539,-2421.689250108345,-6485.119066591989,2020-08-06T10:49:45Z,45.42760000,7.64643333,1088.00,102.602
540,1,540,-2420.689250108345,-6484.119066591989,2020-08-06T10:49:46Z,45.42763333,7.64648333,1081.00,102.597
541,1,541,-2419.689250108345,-6483.119066591989,2020-08-06T10:49:47Z,45.42766667,7.64653333,1096.00,102.591
542,1,542,-2418.689250108345,-6482.119066591989,2020-08-06T10:49:48Z,45.42768333,7.64658333,1089.00,102.587
543,1,543,-2417.689250108345,-6481.119066591989,2020-08-06T10:49:49Z,45.42768333,7.64665000,1090.00,102.583
544,1,544,-2416.689250108345,-6480.119066591989,2020-08-06T10:49:50Z,45.42768333,7.64675000,1092.00,102.577
545,1,545,-2415.689250108345,-6479.119066591989,2020-08-06T10:49:51Z,45.42766667,7.64685000,1095.00,102.572
546,1,546,-2414.689250108345,-6478.119066591989,2020-08-06T10:49:52Z,45.42763333,7.64695000,1089.00,102.568
547,1,547,-2413.689250108345,-6477.119066591989,2020-08-06T10:49:53Z,45.42756667,7.64703333,1089.00,102.567
548,1,548,-2412.689250108345,-6476.119066591989,2020-08-06T10:49:54Z,45.42748333,7.64708333,1088.00,102.57
549,1,549,-2411.689250108345,-6475.119066591989,2020-08-06T10:49:55Z,45.42741667,7.64708333,1110.00,102.574
550,1,550,-2410.689250108345,-6474.119066591989,2020-08-06T10:49:56Z,45.42735000,7.64701667,1087.00,102.583
551,1,551,-2409.689250108345,-6473.119066591989,2020-08-06T10:49:57Z,45.42730000,7.64691667,1101.00,102.592
552,1,552,-2408.689250108345,-6472.119066591989,2020-08-06T10:49:58Z,45.42726667,7.64681667,1092.00,102.601
553,1,553,-2407.689250108345,-6471.119066591989,2020-08-06T10:49:59Z,45.42723333,7.64666667,1099.00,102.612
554,1,554,-2406.689250108345,-6470.119066591989,2020-08-06T10:50:00Z,45.42723333,7.64650000,1096.00,102.623
555,1,555,-2405.689250108345,-6469.119066591989,2020-08-06T10:50:01Z,45.42726667,7.64635000,1088.00,102.63
556,1,556,-2404.689250108345,-6468.119066591989,2020-08-06T10:50:02Z,45.42733333,7.64620000,1093.00,102.635
557,1,557,-2403.689250108345,-6467.119066591989,2020-08-06T10:50:03Z,45.42745000,7.64613333,1094.00,102.631
558,1,558,-2402.689250108345,-6466.119066591989,2020-08-06T10:50:04Z,45.42758333,7.64611667,1091.00,102.623
559,1,559,-2401.689250108345,-6465.119066591989,2020-08-06T10:50:05Z,45.42768333,7.64616667,1092.00,102.613
560,1,560,-2400.689250108345,-6464.119066591989,2020-08-06T10:50:06Z,45.42776667,7.64625000,1089.00,102.602
561,1,561,-2399.689250108345,-6463.119066591989,2020-08-06T10:50:07Z,45.42781667,7.64635000,1093.00,102.593
562,1,562,-2398.689250108345,-6462.119066591989,2020-08-06T10:50:08Z,45.42786667,7.64643333,1099.00,102.584
563,1,563,-2397.689250108345,-6461.119066591989,2020-08-06T10:50:09Z,45.42791667,7.64653333,1091.00,102.575
564,1,564,-2396.689250108345,-6460.119066591989,2020-08-06T10:50:10Z,45.42795000,7.64661667,1094.00,102.567
565,1,565,-2395.689250108345,-6459.119066591989,2020-08-06T10:50:11Z,45.42800000,7.64671667,1093.00,102.558
566,1,566,-2394.689250108345,-6458.119066591989,2020-08-06T10:50:12Z,45.42805000,7.64681667,1097.00,102.548
567,1,567,-2393.689250108345,-6457.119066591989,2020-08-06T10:50:13Z,45.42808333,7.64691667,1096.00,102.54
568,1,568,-2392.689250108345,-6456.119066591989,2020-08-06T10:50:14Z,45.42810000,7.64698333,1099.00,102.534
569,1,569,-2391.689250108345,-6455.119066591989,2020-08-06T10:50:15Z,45.42813333,7.64705000,1091.00,102.528
570,1,570,-2390.689250108345,-6454.119066591989,2020-08-06T10:50:16Z,45.42813333,7.64711667,1088.00,102.524
571,1,571,-2389.689250108345,-6453.119066591989,2020-08-06T10:50:17Z,45.42815000,7.64720000,1102.00,102.518
572,1,572,-2388.689250108345,-6452.119066591989,2020-08-06T10:50:18Z,45.42816667,7.64730000,1099.00,102.51
573,1,573,-2387.689250108345,-6451.119066591989,2020-08-06T10:50:19Z,45.42815000,7.64740000,1093.00,102.505
574,1,574,-2386.689250108345,-6450.119066591989,2020-08-06T10:50:20Z,45.42813333,7.64750000,1106.00,102.5
575,1,575,-2385.689250108345,-6449.119066591989,2020-08-06T10:50:21Z,45.42810000,7.64758333,1089.00,102.497
576,1,576,-2384.689250108345,-6448.119066591989,2020-08-06T10:50:22Z,45.42808333,7.64765000,1108.00,102.494
577,1,577,-2383.689250108345,-6447.119066591989,2020-08-06T10:50:23Z,45.42806667,7.64771667,1079.00,102.491
578,1,578,-2382.689250108345,-6446.119066591989,2020-08-06T10:50:24Z,45.42803333,7.64776667,1115.00,102.49
579,1,579,-2381.689250108345,-6445.119066591989,2020-08-06T10:50:25Z,45.42800000,7.64781667,1102.00,102.489
580,1,580,-2380.689250108345,-6444.119066591989,2020-08-06T10:50:26Z,45.42796667,7.64788333,1104.00,102.487
581,1,581,-2379.689250108345,-6443.119066591989,2020-08-06T10:50:27Z,45.42795000,7.64793333,1097.00,102.485
582,1,582,-2378.689250108345,-6442.119066591989,2020-08-06T10:50:28Z,45.42798333,7.64800000,1089.00,102.479
583,1,583,-2377.689250108345,-6441.119066591989,2020-08-06T10:50:29Z,45.42801667,7.64810000,1087.00,102.471
584,1,584,-2376.689250108345,-6440.119066591989,2020-08-06T10:50:30Z,45.42810000,7.64818333,1084.00,102.46
585,1,585,-2375.689250108345,-6439.119066591989,2020-08-06T10:50:31Z,45.42818333,7.64823333,1092.00,102.451
586,1,586,-2374.689250108345,-6438.119066591989,2020-08-06T10:50:32Z,45.42828333,7.64825000,1088.00,102.443
587,1,587,-2373.689250108345,-6437.119066591989,2020-08-06T10:50:33Z,45.42836667,7.64823333,1086.00,102.439
588,1,588,-2372.689250108345,-6436.119066591989,2020-08-06T10:50:34Z,45.42846667,7.64821667,1091.00,102.433
589,1,589,-2371.689250108345,-6435.119066591989,2020-08-06T10:50:35Z,45.42856667,7.64820000,1091.00,102.427
590,1,590,-2370.689250108345,-6434.119066591989,2020-08-06T10:50:36Z,45.42865000,7.64820000,1080.00,102.422
591,1,591,-2369.689250108345,-6433.119066591989,2020-08-06T10:50:37Z,45.42875000,7.64825000,1082.00,102.412
592,1,592,-2368.689250108345,-6432.119066591989,2020-08-06T10:50:38Z,45.42885000,7.64830000,1085.00,102.402
593,1,593,-2367.689250108345,-6431.119066591989,2020-08-06T10:50:39Z,45.42895000,7.64838333,1085.00,102.39
594,1,594,-2366.689250108345,-6430.119066591989,2020-08-06T10:50:40Z,45.42905000,7.64846667,1084.00,102.378
595,1,595,-2365.689250108345,-6429.119066591989,2020-08-06T10:50:41Z,45.42913333,7.64855000,1086.00,102.367
596,1,596,-2364.689250108345,-6428.119066591989,2020-08-06T10:50:42Z,45.42920000,7.64863333,1087.00,102.358
597,1,597,-2363.689250108345,-6427.119066591989,2020-08-06T10:50:43Z,45.42926667,7.64871667,1088.00,102.348
598,1,598,-2362.689250108345,-6426.119066591989,2020-08-06T10:50:44Z,45.42933333,7.64878333,1085.00,102.34
599,1,599,-2361.689250108345,-6425.119066591989,2020-08-06T10:50:45Z,45.42940000,7.64885000,1079.00,102.331
600,1,600,-2360.689250108345,-6424.119066591989,2020-08-06T10:50:46Z,45.42946667,7.64895000,1090.00,102.32
601,1,601,-2359.689250108345,-6423.119066591989,2020-08-06T10:50:47Z,45.42951667,7.64905000,1090.00,102.311
602,1,602,-2358.689250108345,-6422.119066591989,2020-08-06T10:50:48Z,45.42960000,7.64915000,1090.00,102.299
603,1,603,-2357.689250108345,-6421.119066591989,2020-08-06T10:50:49Z,45.42966667,7.64923333,1090.00,102.289
604,1,604,-2356.689250108345,-6420.119066591989,2020-08-06T10:50:50Z,45.42975000,7.64933333,1094.00,102.277
605,1,605,-2355.689250108345,-6419.119066591989,2020-08-06T10:50:51Z,45.42983333,7.64941667,1097.00,102.267
606,1,606,-2354.689250108345,-6418.119066591989,2020-08-06T10:50:52Z,45.42988333,7.64953333,1085.00,102.256
607,1,607,-2353.689250108345,-6417.119066591989,2020-08-06T10:50:53Z,45.42991667,7.64963333,1094.00,102.247
608,1,608,-2352.689250108345,-6416.119066591989,2020-08-06T10:50:54Z,45.42991667,7.64973333,1083.00,102.241
609,1,609,-2351.689250108345,-6415.119066591989,2020-08-06T10:50:55Z,45.42988333,7.64981667,1096.00,102.238
610,1,610,-2350.689250108345,-6414.119066591989,2020-08-06T10:50:56Z,45.42983333,7.64990000,1095.00,102.237
611,1,611,-2349.689250108345,-6413.119066591989,2020-08-06T10:50:57Z,45.42976667,7.64996667,1103.00,102.237
612,1,612,-2348.689250108345,-6412.119066591989,2020-08-06T10:50:58Z,45.42971667,7.65001667,1108.00,102.237
613,1,613,-2347.689250108345,-6411.119066591989,2020-08-06T10:50:59Z,45.42966667,7.65005000,1101.00,102.238
614,1,614,-2346.689250108345,-6410.119066591989,2020-08-06T10:51:00Z,45.42963333,7.65006667,1107.00,102.24
615,1,615,-2345.689250108345,-6409.119066591989,2020-08-06T10:51:01Z,45.42958333,7.65005000,1102.00,102.244
616,1,616,-2344.689250108345,-6408.119066591989,2020-08-06T10:51:02Z,45.42953333,7.65000000,1108.00,102.25
617,1,617,-2343.689250108345,-6407.119066591989,2020-08-06T10:51:03Z,45.42950000,7.64990000,1108.00,102.259
618,1,618,-2342.689250108345,-6406.119066591989,2020-08-06T10:51:04Z,45.42948333,7.64975000,1105.00,102.269
619,1,619,-2341.689250108345,-6405.119066591989,2020-08-06T10:51:05Z,45.42950000,7.64961667,1112.00,102.277
620,1,620,-2340.689250108345,-6404.119066591989,2020-08-06T10:51:06Z,45.42956667,7.64951667,1116.00,102.278
621,1,621,-2339.689250108345,-6403.119066591989,2020-08-06T10:51:07Z,45.42966667,7.64946667,1113.00,102.275
622,1,622,-2338.689250108345,-6402.119066591989,2020-08-06T10:51:08Z,45.42978333,7.64946667,1122.00,102.267
623,1,623,-2337.689250108345,-6401.119066591989,2020-08-06T10:51:09Z,45.42988333,7.64955000,1124.00,102.255
624,1,624,-2336.689250108345,-6400.119066591989,2020-08-06T10:51:10Z,45.42995000,7.64966667,1113.00,102.243
625,1,625,-2335.689250108345,-6399.119066591989,2020-08-06T10:51:11Z,45.42998333,7.64980000,1121.00,102.233
626,1,626,-2334.689250108345,-6398.119066591989,2020-08-06T10:51:12Z,45.42996667,7.64988333,1122.00,102.229
627,1,627,-2333.689250108345,-6397.119066591989,2020-08-06T10:51:13Z,45.42995000,7.64993333,1136.00,102.227
628,1,628,-2332.689250108345,-6396.119066591989,2020-08-06T10:51:14Z,45.42990000,7.64998333,1132.00,102.227
629,1,629,-2331.689250108345,-6395.119066591989,2020-08-06T10:51:15Z,45.42983333,7.64998333,1127.00,102.231
630,1,630,-2330.689250108345,-6394.119066591989,2020-08-06T10:51:16Z,45.42978333,7.64991667,1124.00,102.239
631,1,631,-2329.689250108345,-6393.119066591989,2020-08-06T10:51:17Z,45.42973333,7.64981667,1125.00,102.248
632,1,632,-2328.689250108345,-6392.119066591989,2020-08-06T10:51:18Z,45.42970000,7.64966667,1134.00,102.26
633,1,633,-2327.689250108345,-6391.119066591989,2020-08-06T10:51:19Z,45.42970000,7.64950000,1133.00,102.27
634,1,634,-2326.689250108345,-6390.119066591989,2020-08-06T10:51:20Z,45.42975000,7.64931667,1130.00,102.278
635,1,635,-2325.689250108345,-6389.119066591989,2020-08-06T10:51:21Z,45.42983333,7.64918333,1134.00,102.281
636,1,636,-2324.689250108345,-6388.119066591989,2020-08-06T10:51:22Z,45.42995000,7.64910000,1138.00,102.278
637,1,637,-2323.689250108345,-6387.119066591989,2020-08-06T10:51:23Z,45.43006667,7.64905000,1137.00,102.274
638,1,638,-2322.689250108345,-6386.119066591989,2020-08-06T10:51:24Z,45.43020000,7.64903333,1138.00,102.266
639,1,639,-2321.689250108345,-6385.119066591989,2020-08-06T10:51:25Z,45.43030000,7.64908333,1138.00,102.256
640,1,640,-2320.689250108345,-6384.119066591989,2020-08-06T10:51:26Z,45.43040000,7.64913333,1156.00,102.246
641,1,641,-2319.689250108345,-6383.119066591989,2020-08-06T10:51:27Z,45.43048333,7.64921667,1139.00,102.235
642,1,642,-2318.689250108345,-6382.119066591989,2020-08-06T10:51:28Z,45.43055000,7.64928333,1145.00,102.227
643,1,643,-2317.689250108345,-6381.119066591989,2020-08-06T10:51:29Z,45.43060000,7.64936667,1162.00,102.218
644,1,644,-2316.689250108345,-6380.119066591989,2020-08-06T10:51:30Z,45.43066667,7.64945000,1154.00,102.209
645,1,645,-2315.689250108345,-6379.119066591989,2020-08-06T10:51:31Z,45.43070000,7.64951667,1137.00,102.202
646,1,646,-2314.689250108345,-6378.119066591989,2020-08-06T10:51:32Z,45.43070000,7.64960000,1157.00,102.197
647,1,647,-2313.689250108345,-6377.119066591989,2020-08-06T10:51:33Z,45.43068333,7.64968333,1158.00,102.193
648,1,648,-2312.689250108345,-6376.119066591989,2020-08-06T10:51:34Z,45.43063333,7.64973333,1153.00,102.193
649,1,649,-2311.689250108345,-6375.119066591989,2020-08-06T10:51:35Z,45.43055000,7.64975000,1159.00,102.198
650,1,650,-2310.689250108345,-6374.119066591989,2020-08-06T10:51:36Z,45.43046667,7.64973333,1159.00,102.204
651,1,651,-2309.689250108345,-6373.119066591989,2020-08-06T10:51:37Z,45.43038333,7.64970000,1166.00,102.212
652,1,652,-2308.689250108345,-6372.119066591989,2020-08-06T10:51:38Z,45.43031667,7.64965000,1158.00,102.22
653,1,653,-2307.689250108345,-6371.119066591989,2020-08-06T10:51:39Z,45.43025000,7.64961667,1155.00,102.226
654,1,654,-2306.689250108345,-6370.119066591989,2020-08-06T10:51:40Z,45.43018333,7.64955000,1155.00,102.235
655,1,655,-2305.689250108345,-6369.119066591989,2020-08-06T10:51:41Z,45.43013333,7.64948333,1168.00,102.242
656,1,656,-2304.689250108345,-6368.119066591989,2020-08-06T10:51:42Z,45.43010000,7.64938333,1150.00,102.251
657,1,657,-2303.689250108345,-6367.119066591989,2020-08-06T10:51:43Z,45.43008333,7.64923333,1162.00,102.261
658,1,658,-2302.689250108345,-6366.119066591989,2020-08-06T10:51:44Z,45.43010000,7.64906667,1154.00,102.27
659,1,659,-2301.689250108345,-6365.119066591989,2020-08-06T10:51:45Z,45.43015000,7.64888333,1161.00,102.278
660,1,660,-2300.689250108345,-6364.119066591989,2020-08-06T10:51:46Z,45.43021667,7.64873333,1165.00,102.283
661,1,661,-2299.689250108345,-6363.119066591989,2020-08-06T10:51:47Z,45.43031667,7.64863333,1161.00,102.283
662,1,662,-2298.689250108345,-6362.119066591989,2020-08-06T10:51:48Z,45.43041667,7.64858333,1164.00,102.279
663,1,663,-2297.689250108345,-6361.119066591989,2020-08-06T10:51:49Z,45.43053333,7.64856667,1175.00,102.272
664,1,664,-2296.689250108345,-6360.119066591989,2020-08-06T10:51:50Z,45.43063333,7.64860000,1151.00,102.264
665,1,665,-2295.689250108345,-6359.119066591989,2020-08-06T10:51:51Z,45.43070000,7.64866667,1163.00,102.255
666,1,666,-2294.689250108345,-6358.119066591989,2020-08-06T10:51:52Z,45.43075000,7.64876667,1167.00,102.246
667,1,667,-2293.689250108345,-6357.119066591989,2020-08-06T10:51:53Z,45.43078333,7.64886667,1171.00,102.237
668,1,668,-2292.689250108345,-6356.119066591989,2020-08-06T10:51:54Z,45.43078333,7.64896667,1168.00,102.231
669,1,669,-2291.689250108345,-6355.119066591989,2020-08-06T10:51:55Z,45.43078333,7.64905000,1164.00,102.226
670,1,670,-2290.689250108345,-6354.119066591989,2020-08-06T10:51:56Z,45.43078333,7.64913333,1184.00,102.22
671,1,671,-2289.689250108345,-6353.119066591989,2020-08-06T10:51:57Z,45.43076667,7.64918333,1167.00,102.218
672,1,672,-2288.689250108345,-6352.119066591989,2020-08-06T10:51:58Z,45.43071667,7.64923333,1177.00,102.219
673,1,673,-2287.689250108345,-6351.119066591989,2020-08-06T10:51:59Z,45.43065000,7.64923333,1164.00,102.223
674,1,674,-2286.689250108345,-6350.119066591989,2020-08-06T10:52:00Z,45.43058333,7.64918333,1182.00,102.231
675,1,675,-2285.689250108345,-6349.119066591989,2020-08-06T10:52:01Z,45.43055000,7.64906667,1176.00,102.24
676,1,676,-2284.689250108345,-6348.119066591989,2020-08-06T10:52:02Z,45.43051667,7.64893333,1171.00,102.251
677,1,677,-2283.689250108345,-6347.119066591989,2020-08-06T10:52:03Z,45.43050000,7.64876667,1176.00,102.262
678,1,678,-2282.689250108345,-6346.119066591989,2020-08-06T10:52:04Z,45.43051667,7.64861667,1176.00,102.27
679,1,679,-2281.689250108345,-6345.119066591989,2020-08-06T10:52:05Z,45.43055000,7.64845000,1183.00,102.279
680,1,680,-2280.689250108345,-6344.119066591989,2020-08-06T10:52:06Z,45.43060000,7.64831667,1179.00,102.284
681,1,681,-2279.689250108345,-6343.119066591989,2020-08-06T10:52:07Z,45.43066667,7.64821667,1172.00,102.285
682,1,682,-2278.689250108345,-6342.119066591989,2020-08-06T10:52:08Z,45.43075000,7.64811667,1180.00,102.286
683,1,683,-2277.689250108345,-6341.119066591989,2020-08-06T10:52:09Z,45.43086667,7.64803333,1176.00,102.283
684,1,684,-2276.689250108345,-6340.119066591989,2020-08-06T10:52:10Z,45.43096667,7.64800000,1174.00,102.279
685,1,685,-2275.689250108345,-6339.119066591989,2020-08-06T10:52:11Z,45.43108333,7.64800000,1183.00,102.271
686,1,686,-2274.689250108345,-6338.119066591989,2020-08-06T10:52:12Z,45.43118333,7.64803333,1182.00,102.262
687,1,687,-2273.689250108345,-6337.119066591989,2020-08-06T10:52:13Z,45.43128333,7.64806667,1186.00,102.254
688,1,688,-2272.689250108345,-6336.119066591989,2020-08-06T10:52:14Z,45.43138333,7.64810000,1187.00,102.245
689,1,689,-2271.689250108345,-6335.119066591989,2020-08-06T10:52:15Z,45.43150000,7.64813333,1187.00,102.235
690,1,690,-2270.689250108345,-6334.119066591989,2020-08-06T10:52:16Z,45.43160000,7.64816667,1184.00,102.226
691,1,691,-2269.689250108345,-6333.119066591989,2020-08-06T10:52:17Z,45.43170000,7.64820000,1186.00,102.217
692,1,692,-2268.689250108345,-6332.119066591989,2020-08-06T10:52:18Z,45.43180000,7.64823333,1191.00,102.209
693,1,693,-2267.689250108345,-6331.119066591989,2020-08-06T10:52:19Z,45.43188333,7.64828333,1187.00,102.2
694,1,694,-2266.689250108345,-6330.119066591989,2020-08-06T10:52:20Z,45.43198333,7.64831667,1189.00,102.191
695,1,695,-2265.689250108345,-6329.119066591989,2020-08-06T10:52:21Z,45.43206667,7.64836667,1187.00,102.183
696,1,696,-2264.689250108345,-6328.119066591989,2020-08-06T10:52:22Z,45.43216667,7.64841667,1190.00,102.173
697,1,697,-2263.689250108345,-6327.119066591989,2020-08-06T10:52:23Z,45.43226667,7.64846667,1187.00,102.163
698,1,698,-2262.689250108345,-6326.119066591989,2020-08-06T10:52:24Z,45.43236667,7.64850000,1192.00,102.154
699,1,699,-2261.689250108345,-6325.119066591989,2020-08-06T10:52:25Z,45.43248333,7.64855000,1193.00,102.143
700,1,700,-2260.689250108345,-6324.119066591989,2020-08-06T10:52:26Z,45.43260000,7.64860000,1196.00,102.133
701,1,701,-2259.689250108345,-6323.119066591989,2020-08-06T10:52:27Z,45.43271667,7.64863333,1199.00,102.123
702,1,702,-2258.689250108345,-6322.119066591989,2020-08-06T10:52:28Z,45.43281667,7.64868333,1194.00,102.113
703,1,703,-2257.689250108345,-6321.119066591989,2020-08-06T10:52:29Z,45.43291667,7.64871667,1186.00,102.104
704,1,704,-2256.689250108345,-6320.119066591989,2020-08-06T10:52:30Z,45.43300000,7.64876667,1195.00,102.096
705,1,705,-2255.689250108345,-6319.119066591989,2020-08-06T10:52:31Z,45.43305000,7.64883333,1201.00,102.088
706,1,706,-2254.689250108345,-6318.119066591989,2020-08-06T10:52:32Z,45.43310000,7.64891667,1199.00,102.079
707,1,707,-2253.689250108345,-6317.119066591989,2020-08-06T10:52:33Z,45.43313333,7.64903333,1197.00,102.07
708,1,708,-2252.689250108345,-6316.119066591989,2020-08-06T10:52:34Z,45.43311667,7.64913333,1197.00,102.065
709,1,709,-2251.689250108345,-6315.119066591989,2020-08-06T10:52:35Z,45.43308333,7.64920000,1204.00,102.063
710,1,710,-2250.689250108345,-6314.119066591989,2020-08-06T10:52:36Z,45.43301667,7.64921667,1192.00,102.066
711,1,711,-2249.689250108345,-6313.119066591989,2020-08-06T10:52:37Z,45.43295000,7.64921667,1203.00,102.071
712,1,712,-2248.689250108345,-6312.119066591989,2020-08-06T10:52:38Z,45.43290000,7.64913333,1191.00,102.079
713,1,713,-2247.689250108345,-6311.119066591989,2020-08-06T10:52:39Z,45.43285000,7.64905000,1202.00,102.088
714,1,714,-2246.689250108345,-6310.119066591989,2020-08-06T10:52:40Z,45.43280000,7.64895000,1201.00,102.097
715,1,715,-2245.689250108345,-6309.119066591989,2020-08-06T10:52:41Z,45.43273333,7.64885000,1200.00,102.108
716,1,716,-2244.689250108345,-6308.119066591989,2020-08-06T10:52:42Z,45.43268333,7.64875000,1195.00,102.118
717,1,717,-2243.689250108345,-6307.119066591989,2020-08-06T10:52:43Z,45.43263333,7.64863333,1210.00,102.128
718,1,718,-2242.689250108345,-6306.119066591989,2020-08-06T10:52:44Z,45.43260000,7.64851667,1205.00,102.138
719,1,719,-2241.689250108345,-6305.119066591989,2020-08-06T10:52:45Z,45.43255000,7.64840000,1201.00,102.148
720,1,720,-2240.689250108345,-6304.119066591989,2020-08-06T10:52:46Z,45.43250000,7.64828333,1200.00,102.159
721,1,721,-2239.689250108345,-6303.119066591989,2020-08-06T10:52:47Z,45.43243333,7.64818333,1201.00,102.17
722,1,722,-2238.689250108345,-6302.119066591989,2020-08-06T10:52:48Z,45.43238333,7.64808333,1199.00,102.179
723,1,723,-2237.689250108345,-6301.119066591989,2020-08-06T10:52:49Z,45.43233333,7.64801667,1205.00,102.187
724,1,724,-2236.689250108345,-6300.119066591989,2020-08-06T10:52:50Z,45.43230000,7.64795000,1206.00,102.193
725,1,725,-2235.689250108345,-6299.119066591989,2020-08-06T10:52:51Z,45.43225000,7.64790000,1204.00,102.2
726,1,726,-2234.689250108345,-6298.119066591989,2020-08-06T10:52:52Z,45.43221667,7.64786667,1205.00,102.204
727,1,727,-2233.689250108345,-6297.119066591989,2020-08-06T10:52:53Z,45.43215000,7.64785000,1205.00,102.209
728,1,728,-2232.689250108345,-6296.119066591989,2020-08-06T10:52:54Z,45.43210000,7.64783333,1204.00,102.214
729,1,729,-2231.689250108345,-6295.119066591989,2020-08-06T10:52:55Z,45.43205000,7.64783333,1206.00,102.217
730,1,730,-2230.689250108345,-6294.119066591989,2020-08-06T10:52:56Z,45.43200000,7.64785000,1204.00,102.219
731,1,731,-2229.689250108345,-6293.119066591989,2020-08-06T10:52:57Z,45.43195000,7.64786667,1198.00,102.222
732,1,732,-2228.689250108345,-6292.119066591989,2020-08-06T10:52:58Z,45.43190000,7.64788333,1208.00,102.224
733,1,733,-2227.689250108345,-6291.119066591989,2020-08-06T10:52:59Z,45.43185000,7.64788333,1195.00,102.227
734,1,734,-2226.689250108345,-6290.119066591989,2020-08-06T10:53:00Z,45.43180000,7.64783333,1204.00,102.234
735,1,735,-2225.689250108345,-6289.119066591989,2020-08-06T10:53:01Z,45.43173333,7.64773333,1202.00,102.244
736,1,736,-2224.689250108345,-6288.119066591989,2020-08-06T10:53:02Z,45.43170000,7.64761667,1200.00,102.254
737,1,737,-2223.689250108345,-6287.119066591989,2020-08-06T10:53:03Z,45.43166667,7.64746667,1200.00,102.265
738,1,738,-2222.689250108345,-6286.119066591989,2020-08-06T10:53:04Z,45.43165000,7.64731667,1206.00,102.276
739,1,739,-2221.689250108345,-6285.119066591989,2020-08-06T10:53:05Z,45.43166667,7.64718333,1214.00,102.283
740,1,740,-2220.689250108345,-6284.119066591989,2020-08-06T10:53:06Z,45.43166667,7.64706667,1199.00,102.29
741,1,741,-2219.689250108345,-6283.119066591989,2020-08-06T10:53:07Z,45.43168333,7.64695000,1223.00,102.297
742,1,742,-2218.689250108345,-6282.119066591989,2020-08-06T10:53:08Z,45.43168333,7.64681667,1214.00,102.305
743,1,743,-2217.689250108345,-6281.119066591989,2020-08-06T10:53:09Z,45.43170000,7.64670000,1215.00,102.311
744,1,744,-2216.689250108345,-6280.119066591989,2020-08-06T10:53:10Z,45.43168333,7.64656667,1212.00,102.321
745,1,745,-2215.689250108345,-6279.119066591989,2020-08-06T10:53:11Z,45.43161667,7.64643333,1213.00,102.333
746,1,746,-2214.689250108345,-6278.119066591989,2020-08-06T10:53:12Z,45.43155000,7.64633333,1213.00,102.344
747,1,747,-2213.689250108345,-6277.119066591989,2020-08-06T10:53:13Z,45.43146667,7.64628333,1209.00,102.353
748,1,748,-2212.689250108345,-6276.119066591989,2020-08-06T10:53:14Z,45.43138333,7.64626667,1208.00,102.359
749,1,749,-2211.689250108345,-6275.119066591989,2020-08-06T10:53:15Z,45.43133333,7.64631667,1207.00,102.36
750,1,750,-2210.689250108345,-6274.119066591989,2020-08-06T10:53:16Z,45.43130000,7.64643333,1211.00,102.354
751,1,751,-2209.689250108345,-6273.119066591989,2020-08-06T10:53:17Z,45.43133333,7.64655000,1201.00,102.345
752,1,752,-2208.689250108345,-6272.119066591989,2020-08-06T10:53:18Z,45.43140000,7.64665000,1204.00,102.334
753,1,753,-2207.689250108345,-6271.119066591989,2020-08-06T10:53:19Z,45.43146667,7.64673333,1207.00,102.325
754,1,754,-2206.689250108345,-6270.119066591989,2020-08-06T10:53:20Z,45.43153333,7.64681667,1202.00,102.315
755,1,755,-2205.689250108345,-6269.119066591989,2020-08-06T10:53:21Z,45.43158333,7.64690000,1209.00,102.306
756,1,756,-2204.689250108345,-6268.119066591989,2020-08-06T10:53:22Z,45.43165000,7.64698333,1206.00,102.297
757,1,757,-2203.689250108345,-6267.119066591989,2020-08-06T10:53:23Z,45.43170000,7.64708333,1209.00,102.287
758,1,758,-2202.689250108345,-6266.119066591989,2020-08-06T10:53:24Z,45.43175000,7.64716667,1212.00,102.279
759,1,759,-2201.689250108345,-6265.119066591989,2020-08-06T10:53:25Z,45.43180000,7.64725000,1209.00,102.27
760,1,760,-2200.689250108345,-6264.119066591989,2020-08-06T10:53:26Z,45.43186667,7.64733333,1211.00,102.261
761,1,761,-2199.689250108345,-6263.119066591989,2020-08-06T10:53:27Z,45.43191667,7.64743333,1220.00,102.251
762,1,762,-2198.689250108345,-6262.119066591989,2020-08-06T10:53:28Z,45.43196667,7.64755000,1207.00,102.24
763,1,763,-2197.689250108345,-6261.119066591989,2020-08-06T10:53:29Z,45.43200000,7.64765000,1214.00,102.232
764,1,764,-2196.689250108345,-6260.119066591989,2020-08-06T10:53:30Z,45.43201667,7.64775000,1206.00,102.224
765,1,765,-2195.689250108345,-6259.119066591989,2020-08-06T10:53:31Z,45.43203333,7.64785000,1217.00,102.217
766,1,766,-2194.689250108345,-6258.119066591989,2020-08-06T10:53:32Z,45.43203333,7.64795000,1224.00,102.211
767,1,767,-2193.689250108345,-6257.119066591989,2020-08-06T10:53:33Z,45.43203333,7.64803333,1217.00,102.206
768,1,768,-2192.689250108345,-6256.119066591989,2020-08-06T10:53:34Z,45.43201667,7.64811667,1218.00,102.202
769,1,769,-2191.689250108345,-6255.119066591989,2020-08-06T10:53:35Z,45.43198333,7.64818333,1214.00,102.2
770,1,770,-2190.689250108345,-6254.119066591989,2020-08-06T10:53:36Z,45.43191667,7.64825000,1214.00,102.2
771,1,771,-2189.689250108345,-6253.119066591989,2020-08-06T10:53:37Z,45.43183333,7.64831667,1209.00,102.201
772,1,772,-2188.689250108345,-6252.119066591989,2020-08-06T10:53:38Z,45.43176667,7.64833333,1225.00,102.205
773,1,773,-2187.689250108345,-6251.119066591989,2020-08-06T10:53:39Z,45.43171667,7.64831667,1212.00,102.209
774,1,774,-2186.689250108345,-6250.119066591989,2020-08-06T10:53:40Z,45.43165000,7.64826667,1219.00,102.217
775,1,775,-2185.689250108345,-6249.119066591989,2020-08-06T10:53:41Z,45.43160000,7.64818333,1214.00,102.225
776,1,776,-2184.689250108345,-6248.119066591989,2020-08-06T10:53:42Z,45.43158333,7.64805000,1192.00,102.235
777,1,777,-2183.689250108345,-6247.119066591989,2020-08-06T10:53:43Z,45.43158333,7.64791667,1215.00,102.243
778,1,778,-2182.689250108345,-6246.119066591989,2020-08-06T10:53:44Z,45.43161667,7.64778333,1210.00,102.249
779,1,779,-2181.689250108345,-6245.119066591989,2020-08-06T10:53:45Z,45.43168333,7.64766667,1218.00,102.252
780,1,780,-2180.689250108345,-6244.119066591989,2020-08-06T10:53:46Z,45.43176667,7.64756667,1218.00,102.253
781,1,781,-2179.689250108345,-6243.119066591989,2020-08-06T10:53:47Z,45.43186667,7.64753333,1212.00,102.248
782,1,782,-2178.689250108345,-6242.119066591989,2020-08-06T10:53:48Z,45.43196667,7.64753333,1208.00,102.241
783,1,783,-2177.689250108345,-6241.119066591989,2020-08-06T10:53:49Z,45.43206667,7.64756667,1218.00,102.233
784,1,784,-2176.689250108345,-6240.119066591989,2020-08-06T10:53:50Z,45.43218333,7.64761667,1207.00,102.222
785,1,785,-2175.689250108345,-6239.119066591989,2020-08-06T10:53:51Z,45.43230000,7.64768333,1215.00,102.21
786,1,786,-2174.689250108345,-6238.119066591989,2020-08-06T10:53:52Z,45.43241667,7.64773333,1198.00,102.199
787,1,787,-2173.689250108345,-6237.119066591989,2020-08-06T10:53:53Z,45.43250000,7.64778333,1228.00,102.19
788,1,788,-2172.689250108345,-6236.119066591989,2020-08-06T10:53:54Z,45.43260000,7.64783333,1218.00,102.18
789,1,789,-2171.689250108345,-6235.119066591989,2020-08-06T10:53:55Z,45.43266667,7.64788333,1216.00,102.173
790,1,790,-2170.689250108345,-6234.119066591989,2020-08-06T10:53:56Z,45.43275000,7.64793333,1199.00,102.164
791,1,791,-2169.689250108345,-6233.119066591989,2020-08-06T10:53:57Z,45.43280000,7.64796667,1205.00,102.159
792,1,792,-2168.689250108345,-6232.119066591989,2020-08-06T10:53:58Z,45.43288333,7.64803333,1213.00,102.149
793,1,793,-2167.689250108345,-6231.119066591989,2020-08-06T10:53:59Z,45.43295000,7.64813333,1211.00,102.138
794,1,794,-2166.689250108345,-6230.119066591989,2020-08-06T10:54:00Z,45.43298333,7.64825000,1220.00,102.129
795,1,795,-2165.689250108345,-6229.119066591989,2020-08-06T10:54:01Z,45.43300000,7.64835000,1217.00,102.122
796,1,796,-2164.689250108345,-6228.119066591989,2020-08-06T10:54:02Z,45.43298333,7.64845000,1219.00,102.116
797,1,797,-2163.689250108345,-6227.119066591989,2020-08-06T10:54:03Z,45.43293333,7.64851667,1217.00,102.116
798,1,798,-2162.689250108345,-6226.119066591989,2020-08-06T10:54:04Z,45.43290000,7.64856667,1218.00,102.115
799,1,799,-2161.689250108345,-6225.119066591989,2020-08-06T10:54:05Z,45.43283333,7.64856667,1221.00,102.119
800,1,800,-2160.689250108345,-6224.119066591989,2020-08-06T10:54:06Z,45.43278333,7.64855000,1215.00,102.123
801,1,801,-2159.689250108345,-6223.119066591989,2020-08-06T10:54:07Z,45.43273333,7.64848333,1215.00,102.131
802,1,802,-2158.689250108345,-6222.119066591989,2020-08-06T10:54:08Z,45.43268333,7.64840000,1218.00,102.139
803,1,803,-2157.689250108345,-6221.119066591989,2020-08-06T10:54:09Z,45.43265000,7.64831667,1219.00,102.147
804,1,804,-2156.689250108345,-6220.119066591989,2020-08-06T10:54:10Z,45.43261667,7.64820000,1213.00,102.156
805,1,805,-2155.689250108345,-6219.119066591989,2020-08-06T10:54:11Z,45.43260000,7.64808333,1224.00,102.165
806,1,806,-2154.689250108345,-6218.119066591989,2020-08-06T10:54:12Z,45.43258333,7.64795000,1219.00,102.174
807,1,807,-2153.689250108345,-6217.119066591989,2020-08-06T10:54:13Z,45.43255000,7.64781667,1223.00,102.185
808,1,808,-2152.689250108345,-6216.119066591989,2020-08-06T10:54:14Z,45.43253333,7.64770000,1214.00,102.193
809,1,809,-2151.689250108345,-6215.119066591989,2020-08-06T10:54:15Z,45.43250000,7.64760000,1212.00,102.202
810,1,810,-2150.689250108345,-6214.119066591989,2020-08-06T10:54:16Z,45.43245000,7.64753333,1207.00,102.209
811,1,811,-2149.689250108345,-6213.119066591989,2020-08-06T10:54:17Z,45.43236667,7.64748333,1209.00,102.218
812,1,812,-2148.689250108345,-6212.119066591989,2020-08-06T10:54:18Z,45.43228333,7.64745000,1212.00,102.226
813,1,813,-2147.689250108345,-6211.119066591989,2020-08-06T10:54:19Z,45.43220000,7.64741667,1217.00,102.233
814,1,814,-2146.689250108345,-6210.119066591989,2020-08-06T10:54:20Z,45.43213333,7.64736667,1210.00,102.241
815,1,815,-2145.689250108345,-6209.119066591989,2020-08-06T10:54:21Z,45.43206667,7.64733333,1221.00,102.247
816,1,816,-2144.689250108345,-6208.119066591989,2020-08-06T10:54:22Z,45.43201667,7.64730000,1222.00,102.253
817,1,817,-2143.689250108345,-6207.119066591989,2020-08-06T10:54:23Z,45.43193333,7.64730000,1222.00,102.258
818,1,818,-2142.689250108345,-6206.119066591989,2020-08-06T10:54:24Z,45.43186667,7.64733333,1217.00,102.261
819,1,819,-2141.689250108345,-6205.119066591989,2020-08-06T10:54:25Z,45.43180000,7.64738333,1220.00,102.262
820,1,820,-2140.689250108345,-6204.119066591989,2020-08-06T10:54:26Z,45.43176667,7.64746667,1227.00,102.259
821,1,821,-2139.689250108345,-6203.119066591989,2020-08-06T10:54:27Z,45.43173333,7.64753333,1224.00,102.257
822,1,822,-2138.689250108345,-6202.119066591989,2020-08-06T10:54:28Z,45.43168333,7.64760000,1196.00,102.256
823,1,823,-2137.689250108345,-6201.119066591989,2020-08-06T10:54:29Z,45.43160000,7.64763333,1213.00,102.259
824,1,824,-2136.689250108345,-6200.119066591989,2020-08-06T10:54:30Z,45.43153333,7.64756667,1231.00,102.268
825,1,825,-2135.689250108345,-6199.119066591989,2020-08-06T10:54:31Z,45.43150000,7.64741667,1228.00,102.28
826,1,826,-2134.689250108345,-6198.119066591989,2020-08-06T10:54:32Z,45.43146667,7.64721667,1225.00,102.294
827,1,827,-2133.689250108345,-6197.119066591989,2020-08-06T10:54:33Z,45.43151667,7.64705000,1231.00,102.302
828,1,828,-2132.689250108345,-6196.119066591989,2020-08-06T10:54:34Z,45.43158333,7.64693333,1214.00,102.304
829,1,829,-2131.689250108345,-6195.119066591989,2020-08-06T10:54:35Z,45.43170000,7.64688333,1232.00,102.3
830,1,830,-2130.689250108345,-6194.119066591989,2020-08-06T10:54:36Z,45.43178333,7.64690000,1239.00,102.293
831,1,831,-2129.689250108345,-6193.119066591989,2020-08-06T10:54:37Z,45.43183333,7.64700000,1238.00,102.284
832,1,832,-2128.689250108345,-6192.119066591989,2020-08-06T10:54:38Z,45.43185000,7.64708333,1229.00,102.277
833,1,833,-2127.689250108345,-6191.119066591989,2020-08-06T10:54:39Z,45.43181667,7.64716667,1253.00,102.274
834,1,834,-2126.689250108345,-6190.119066591989,2020-08-06T10:54:40Z,45.43175000,7.64723333,1228.00,102.275
835,1,835,-2125.689250108345,-6189.119066591989,2020-08-06T10:54:41Z,45.43166667,7.64723333,1237.00,102.28
836,1,836,-2124.689250108345,-6188.119066591989,2020-08-06T10:54:42Z,45.43160000,7.64718333,1243.00,102.288
837,1,837,-2123.689250108345,-6187.119066591989,2020-08-06T10:54:43Z,45.43156667,7.64706667,1237.00,102.297
838,1,838,-2122.689250108345,-6186.119066591989,2020-08-06T10:54:44Z,45.43155000,7.64691667,1252.00,102.308
839,1,839,-2121.689250108345,-6185.119066591989,2020-08-06T10:54:45Z,45.43156667,7.64676667,1237.00,102.316
840,1,840,-2120.689250108345,-6184.119066591989,2020-08-06T10:54:46Z,45.43161667,7.64663333,1253.00,102.321
841,1,841,-2119.689250108345,-6183.119066591989,2020-08-06T10:54:47Z,45.43170000,7.64655000,1240.00,102.321
842,1,842,-2118.689250108345,-6182.119066591989,2020-08-06T10:54:48Z,45.43181667,7.64650000,1244.00,102.316
843,1,843,-2117.689250108345,-6181.119066591989,2020-08-06T10:54:49Z,45.43191667,7.64646667,1256.00,102.311
844,1,844,-2116.689250108345,-6180.119066591989,2020-08-06T10:54:50Z,45.43198333,7.64650000,1247.00,102.305
845,1,845,-2115.689250108345,-6179.119066591989,2020-08-06T10:54:51Z,45.43201667,7.64658333,1250.00,102.297
846,1,846,-2114.689250108345,-6178.119066591989,2020-08-06T10:54:52Z,45.43205000,7.64665000,1274.00,102.291
847,1,847,-2113.689250108345,-6177.119066591989,2020-08-06T10:54:53Z,45.43205000,7.64673333,1230.00,102.286
848,1,848,-2112.689250108345,-6176.119066591989,2020-08-06T10:54:54Z,45.43198333,7.64683333,1257.00,102.284
849,1,849,-2111.689250108345,-6175.119066591989,2020-08-06T10:54:55Z,45.43193333,7.64691667,1257.00,102.282
850,1,850,-2110.689250108345,-6174.119066591989,2020-08-06T10:54:56Z,45.43186667,7.64693333,1258.00,102.286
851,1,851,-2109.689250108345,-6173.119066591989,2020-08-06T10:54:57Z,45.43181667,7.64693333,1265.00,102.289
852,1,852,-2108.689250108345,-6172.119066591989,2020-08-06T10:54:58Z,45.43175000,7.64693333,1259.00,102.293
853,1,853,-2107.689250108345,-6171.119066591989,2020-08-06T10:54:59Z,45.43170000,7.64688333,1244.00,102.3
854,1,854,-2106.689250108345,-6170.119066591989,2020-08-06T10:55:00Z,45.43163333,7.64680000,1244.00,102.309
855,1,855,-2105.689250108345,-6169.119066591989,2020-08-06T10:55:01Z,45.43158333,7.64670000,1262.00,102.319
856,1,856,-2104.689250108345,-6168.119066591989,2020-08-06T10:55:02Z,45.43153333,7.64658333,1253.00,102.33
857,1,857,-2103.689250108345,-6167.119066591989,2020-08-06T10:55:03Z,45.43151667,7.64643333,1267.00,102.34
858,1,858,-2102.689250108345,-6166.119066591989,2020-08-06T10:55:04Z,45.43150000,7.64630000,1242.00,102.35
859,1,859,-2101.689250108345,-6165.119066591989,2020-08-06T10:55:05Z,45.43156667,7.64615000,1268.00,102.354
860,1,860,-2100.689250108345,-6164.119066591989,2020-08-06T10:55:06Z,45.43173333,7.64610000,1246.00,102.347
861,1,861,-2099.689250108345,-6163.119066591989,2020-08-06T10:55:07Z,45.43181667,7.64603333,1260.00,102.345
862,1,862,-2098.689250108345,-6162.119066591989,2020-08-06T10:55:08Z,45.43191667,7.64603333,1267.00,102.339
863,1,863,-2097.689250108345,-6161.119066591989,2020-08-06T10:55:09Z,45.43196667,7.64608333,1267.00,102.332
864,1,864,-2096.689250108345,-6160.119066591989,2020-08-06T10:55:10Z,45.43201667,7.64611667,1271.00,102.327
865,1,865,-2095.689250108345,-6159.119066591989,2020-08-06T10:55:11Z,45.43206667,7.64616667,1272.00,102.32
866,1,866,-2094.689250108345,-6158.119066591989,2020-08-06T10:55:12Z,45.43210000,7.64621667,1271.00,102.315
867,1,867,-2093.689250108345,-6157.119066591989,2020-08-06T10:55:13Z,45.43211667,7.64628333,1278.00,102.31
868,1,868,-2092.689250108345,-6156.119066591989,2020-08-06T10:55:14Z,45.43208333,7.64636667,1271.00,102.307
869,1,869,-2091.689250108345,-6155.119066591989,2020-08-06T10:55:15Z,45.43201667,7.64640000,1267.00,102.309
870,1,870,-2090.689250108345,-6154.119066591989,2020-08-06T10:55:16Z,45.43196667,7.64643333,1275.00,102.31
871,1,871,-2089.689250108345,-6153.119066591989,2020-08-06T10:55:17Z,45.43190000,7.64645000,1272.00,102.314
872,1,872,-2088.689250108345,-6152.119066591989,2020-08-06T10:55:18Z,45.43185000,7.64638333,1268.00,102.321
873,1,873,-2087.689250108345,-6151.119066591989,2020-08-06T10:55:19Z,45.43181667,7.64628333,1269.00,102.33
874,1,874,-2086.689250108345,-6150.119066591989,2020-08-06T10:55:20Z,45.43176667,7.64616667,1274.00,102.34
875,1,875,-2085.689250108345,-6149.119066591989,2020-08-06T10:55:21Z,45.43171667,7.64605000,1282.00,102.351
876,1,876,-2084.689250108345,-6148.119066591989,2020-08-06T10:55:22Z,45.43170000,7.64590000,1279.00,102.361
877,1,877,-2083.689250108345,-6147.119066591989,2020-08-06T10:55:23Z,45.43170000,7.64576667,1265.00,102.37
878,1,878,-2082.689250108345,-6146.119066591989,2020-08-06T10:55:24Z,45.43171667,7.64561667,1277.00,102.378
879,1,879,-2081.689250108345,-6145.119066591989,2020-08-06T10:55:25Z,45.43176667,7.64551667,1282.00,102.381
880,1,880,-2080.689250108345,-6144.119066591989,2020-08-06T10:55:26Z,45.43185000,7.64543333,1282.00,102.381
881,1,881,-2079.689250108345,-6143.119066591989,2020-08-06T10:55:27Z,45.43196667,7.64541667,1277.00,102.374
882,1,882,-2078.689250108345,-6142.119066591989,2020-08-06T10:55:28Z,45.43205000,7.64541667,1285.00,102.368
883,1,883,-2077.689250108345,-6141.119066591989,2020-08-06T10:55:29Z,45.43211667,7.64545000,1285.00,102.362
884,1,884,-2076.689250108345,-6140.119066591989,2020-08-06T10:55:30Z,45.43218333,7.64551667,1281.00,102.353
885,1,885,-2075.689250108345,-6139.119066591989,2020-08-06T10:55:31Z,45.43223333,7.64556667,1292.00,102.347
886,1,886,-2074.689250108345,-6138.119066591989,2020-08-06T10:55:32Z,45.43226667,7.64563333,1290.00,102.34
887,1,887,-2073.689250108345,-6137.119066591989,2020-08-06T10:55:33Z,45.43223333,7.64570000,1293.00,102.338
888,1,888,-2072.689250108345,-6136.119066591989,2020-08-06T10:55:34Z,45.43218333,7.64576667,1283.00,102.338
889,1,889,-2071.689250108345,-6135.119066591989,2020-08-06T10:55:35Z,45.43215000,7.64580000,1292.00,102.338
890,1,890,-2070.689250108345,-6134.119066591989,2020-08-06T10:55:36Z,45.43208333,7.64583333,1287.00,102.34
891,1,891,-2069.689250108345,-6133.119066591989,2020-08-06T10:55:37Z,45.43201667,7.64585000,1292.00,102.343
892,1,892,-2068.689250108345,-6132.119066591989,2020-08-06T10:55:38Z,45.43196667,7.64583333,1297.00,102.348
893,1,893,-2067.689250108345,-6131.119066591989,2020-08-06T10:55:39Z,45.43190000,7.64576667,1293.00,102.356
894,1,894,-2066.689250108345,-6130.119066591989,2020-08-06T10:55:40Z,45.43183333,7.64568333,1286.00,102.366
895,1,895,-2065.689250108345,-6129.119066591989,2020-08-06T10:55:41Z,45.43178333,7.64558333,1299.00,102.376
896,1,896,-2064.689250108345,-6128.119066591989,2020-08-06T10:55:42Z,45.43173333,7.64546667,1295.00,102.386
897,1,897,-2063.689250108345,-6127.119066591989,2020-08-06T10:55:43Z,45.43170000,7.64533333,1278.00,102.397
898,1,898,-2062.689250108345,-6126.119066591989,2020-08-06T10:55:44Z,45.43168333,7.64520000,1299.00,102.406
899,1,899,-2061.689250108345,-6125.119066591989,2020-08-06T10:55:45Z,45.43168333,7.64506667,1296.00,102.415
900,1,900,-2060.689250108345,-6124.119066591989,2020-08-06T10:55:46Z,45.43171667,7.64495000,1305.00,102.42
901,1,901,-2059.689250108345,-6123.119066591989,2020-08-06T10:55:47Z,45.43175000,7.64485000,1300.00,102.424
902,1,902,-2058.689250108345,-6122.119066591989,2020-08-06T10:55:48Z,45.43183333,7.64478333,1301.00,102.422
903,1,903,-2057.689250108345,-6121.119066591989,2020-08-06T10:55:49Z,45.43196667,7.64471667,1286.00,102.418
904,1,904,-2056.689250108345,-6120.119066591989,2020-08-06T10:55:50Z,45.43206667,7.64466667,1301.00,102.414
905,1,905,-2055.689250108345,-6119.119066591989,2020-08-06T10:55:51Z,45.43215000,7.64465000,1296.00,102.41
906,1,906,-2054.689250108345,-6118.119066591989,2020-08-06T10:55:52Z,45.43223333,7.64468333,1296.00,102.402
907,1,907,-2053.689250108345,-6117.119066591989,2020-08-06T10:55:53Z,45.43228333,7.64473333,1298.00,102.396
908,1,908,-2052.689250108345,-6116.119066591989,2020-08-06T10:55:54Z,45.43235000,7.64481667,1299.00,102.386
909,1,909,-2051.689250108345,-6115.119066591989,2020-08-06T10:55:55Z,45.43240000,7.64488333,1304.00,102.379
910,1,910,-2050.689250108345,-6114.119066591989,2020-08-06T10:55:56Z,45.43245000,7.64495000,1292.00,102.371
911,1,911,-2049.689250108345,-6113.119066591989,2020-08-06T10:55:57Z,45.43246667,7.64503333,1300.00,102.365
912,1,912,-2048.689250108345,-6112.119066591989,2020-08-06T10:55:58Z,45.43246667,7.64513333,1307.00,102.359
913,1,913,-2047.689250108345,-6111.119066591989,2020-08-06T10:55:59Z,45.43246667,7.64523333,1305.00,102.352
914,1,914,-2046.689250108345,-6110.119066591989,2020-08-06T10:56:00Z,45.43248333,7.64531667,1301.00,102.346
915,1,915,-2045.689250108345,-6109.119066591989,2020-08-06T10:56:01Z,45.43248333,7.64541667,1314.00,102.34
916,1,916,-2044.689250108345,-6108.119066591989,2020-08-06T10:56:02Z,45.43246667,7.64551667,1301.00,102.334
917,1,917,-2043.689250108345,-6107.119066591989,2020-08-06T10:56:03Z,45.43245000,7.64563333,1311.00,102.328
918,1,918,-2042.689250108345,-6106.119066591989,2020-08-06T10:56:04Z,45.43243333,7.64573333,1313.00,102.323
919,1,919,-2041.689250108345,-6105.119066591989,2020-08-06T10:56:05Z,45.43241667,7.64581667,1310.00,102.319
920,1,920,-2040.689250108345,-6104.119066591989,2020-08-06T10:56:06Z,45.43238333,7.64591667,1302.00,102.315
921,1,921,-2039.689250108345,-6103.119066591989,2020-08-06T10:56:07Z,45.43231667,7.64598333,1301.00,102.315
922,1,922,-2038.689250108345,-6102.119066591989,2020-08-06T10:56:08Z,45.43226667,7.64605000,1314.00,102.314
923,1,923,-2037.689250108345,-6101.119066591989,2020-08-06T10:56:09Z,45.43218333,7.64605000,1307.00,102.32
924,1,924,-2036.689250108345,-6100.119066591989,2020-08-06T10:56:10Z,45.43211667,7.64600000,1314.00,102.327
925,1,925,-2035.689250108345,-6099.119066591989,2020-08-06T10:56:11Z,45.43208333,7.64588333,1306.00,102.337
926,1,926,-2034.689250108345,-6098.119066591989,2020-08-06T10:56:12Z,45.43201667,7.64576667,1300.00,102.349
927,1,927,-2033.689250108345,-6097.119066591989,2020-08-06T10:56:13Z,45.43198333,7.64566667,1313.00,102.357
928,1,928,-2032.689250108345,-6096.119066591989,2020-08-06T10:56:14Z,45.43196667,7.64556667,1302.00,102.364
929,1,929,-2031.689250108345,-6095.119066591989,2020-08-06T10:56:15Z,45.43198333,7.64545000,1309.00,102.371
930,1,930,-2030.689250108345,-6094.119066591989,2020-08-06T10:56:16Z,45.43201667,7.64533333,1312.00,102.376
931,1,931,-2029.689250108345,-6093.119066591989,2020-08-06T10:56:17Z,45.43208333,7.64520000,1306.00,102.38
932,1,932,-2028.689250108345,-6092.119066591989,2020-08-06T10:56:18Z,45.43220000,7.64511667,1298.00,102.377
933,1,933,-2027.689250108345,-6091.119066591989,2020-08-06T10:56:19Z,45.43230000,7.64505000,1300.00,102.375
934,1,934,-2026.689250108345,-6090.119066591989,2020-08-06T10:56:20Z,45.43238333,7.64500000,1310.00,102.372
935,1,935,-2025.689250108345,-6089.119066591989,2020-08-06T10:56:21Z,45.43246667,7.64498333,1311.00,102.368
936,1,936,-2024.689250108345,-6088.119066591989,2020-08-06T10:56:22Z,45.43253333,7.64503333,1295.00,102.36
937,1,937,-2023.689250108345,-6087.119066591989,2020-08-06T10:56:23Z,45.43261667,7.64506667,1323.00,102.353
938,1,938,-2022.689250108345,-6086.119066591989,2020-08-06T10:56:24Z,45.43271667,7.64506667,1311.00,102.346
939,1,939,-2021.689250108345,-6085.119066591989,2020-08-06T10:56:25Z,45.43280000,7.64505000,1338.00,102.342
940,1,940,-2020.689250108345,-6084.119066591989,2020-08-06T10:56:26Z,45.43288333,7.64505000,1302.00,102.336
941,1,941,-2019.689250108345,-6083.119066591989,2020-08-06T10:56:27Z,45.43295000,7.64505000,1318.00,102.332
942,1,942,-2018.689250108345,-6082.119066591989,2020-08-06T10:56:28Z,45.43301667,7.64506667,1317.00,102.326
943,1,943,-2017.689250108345,-6081.119066591989,2020-08-06T10:56:29Z,45.43306667,7.64510000,1331.00,102.321
944,1,944,-2016.689250108345,-6080.119066591989,2020-08-06T10:56:30Z,45.43311667,7.64516667,1321.00,102.313
945,1,945,-2015.689250108345,-6079.119066591989,2020-08-06T10:56:31Z,45.43315000,7.64526667,1317.00,102.305
946,1,946,-2014.689250108345,-6078.119066591989,2020-08-06T10:56:32Z,45.43315000,7.64536667,1320.00,102.299
947,1,947,-2013.689250108345,-6077.119066591989,2020-08-06T10:56:33Z,45.43315000,7.64545000,1329.00,102.293
948,1,948,-2012.689250108345,-6076.119066591989,2020-08-06T10:56:34Z,45.43311667,7.64550000,1316.00,102.293
949,1,949,-2011.689250108345,-6075.119066591989,2020-08-06T10:56:35Z,45.43308333,7.64556667,1330.00,102.291
950,1,950,-2010.689250108345,-6074.119066591989,2020-08-06T10:56:36Z,45.43303333,7.64561667,1320.00,102.291
951,1,951,-2009.689250108345,-6073.119066591989,2020-08-06T10:56:37Z,45.43296667,7.64563333,1336.00,102.294
952,1,952,-2008.689250108345,-6072.119066591989,2020-08-06T10:56:38Z,45.43291667,7.64561667,1326.00,102.298
953,1,953,-2007.689250108345,-6071.119066591989,2020-08-06T10:56:39Z,45.43286667,7.64551667,1308.00,102.308
954,1,954,-2006.689250108345,-6070.119066591989,2020-08-06T10:56:40Z,45.43281667,7.64543333,1328.00,102.317
955,1,955,-2005.689250108345,-6069.119066591989,2020-08-06T10:56:41Z,45.43278333,7.64531667,1320.00,102.326
956,1,956,-2004.689250108345,-6068.119066591989,2020-08-06T10:56:42Z,45.43276667,7.64516667,1322.00,102.337
957,1,957,-2003.689250108345,-6067.119066591989,2020-08-06T10:56:43Z,45.43276667,7.64501667,1317.00,102.346
958,1,958,-2002.689250108345,-6066.119066591989,2020-08-06T10:56:44Z,45.43281667,7.64486667,1316.00,102.352
959,1,959,-2001.689250108345,-6065.119066591989,2020-08-06T10:56:45Z,45.43290000,7.64475000,1324.00,102.354
960,1,960,-2000.689250108345,-6064.119066591989,2020-08-06T10:56:46Z,45.43301667,7.64470000,1322.00,102.349
961,1,961,-1999.689250108345,-6063.119066591989,2020-08-06T10:56:47Z,45.43311667,7.64468333,1328.00,102.344
962,1,962,-1998.689250108345,-6062.119066591989,2020-08-06T10:56:48Z,45.43318333,7.64471667,1311.00,102.337
963,1,963,-1997.689250108345,-6061.119066591989,2020-08-06T10:56:49Z,45.43323333,7.64480000,1311.00,102.329
964,1,964,-1996.689250108345,-6060.119066591989,2020-08-06T10:56:50Z,45.43328333,7.64486667,1331.00,102.321
965,1,965,-1995.689250108345,-6059.119066591989,2020-08-06T10:56:51Z,45.43335000,7.64493333,1322.00,102.313
966,1,966,-1994.689250108345,-6058.119066591989,2020-08-06T10:56:52Z,45.43340000,7.64498333,1328.00,102.306
967,1,967,-1993.689250108345,-6057.119066591989,2020-08-06T10:56:53Z,45.43346667,7.64505000,1320.00,102.298
968,1,968,-1992.689250108345,-6056.119066591989,2020-08-06T10:56:54Z,45.43351667,7.64510000,1333.00,102.291
969,1,969,-1991.689250108345,-6055.119066591989,2020-08-06T10:56:55Z,45.43355000,7.64516667,1310.00,102.285
970,1,970,-1990.689250108345,-6054.119066591989,2020-08-06T10:56:56Z,45.43356667,7.64523333,1333.00,102.28
971,1,971,-1989.689250108345,-6053.119066591989,2020-08-06T10:56:57Z,45.43355000,7.64533333,1331.00,102.274
972,1,972,-1988.689250108345,-6052.119066591989,2020-08-06T10:56:58Z,45.43350000,7.64536667,1340.00,102.276
973,1,973,-1987.689250108345,-6051.119066591989,2020-08-06T10:56:59Z,45.43343333,7.64541667,1337.00,102.277
974,1,974,-1986.689250108345,-6050.119066591989,2020-08-06T10:57:00Z,45.43338333,7.64548333,1337.00,102.276
975,1,975,-1985.689250108345,-6049.119066591989,2020-08-06T10:57:01Z,45.43331667,7.64553333,1335.00,102.277
976,1,976,-1984.689250108345,-6048.119066591989,2020-08-06T10:57:02Z,45.43326667,7.64558333,1328.00,102.277
977,1,977,-1983.689250108345,-6047.119066591989,2020-08-06T10:57:03Z,45.43320000,7.64563333,1334.00,102.279
978,1,978,-1982.689250108345,-6046.119066591989,2020-08-06T10:57:04Z,45.43315000,7.64566667,1338.00,102.28
979,1,979,-1981.689250108345,-6045.119066591989,2020-08-06T10:57:05Z,45.43310000,7.64571667,1341.00,102.28
980,1,980,-1980.689250108345,-6044.119066591989,2020-08-06T10:57:06Z,45.43305000,7.64573333,1340.00,102.282
981,1,981,-1979.689250108345,-6043.119066591989,2020-08-06T10:57:07Z,45.43300000,7.64573333,1346.00,102.286
982,1,982,-1978.689250108345,-6042.119066591989,2020-08-06T10:57:08Z,45.43293333,7.64570000,1338.00,102.292
983,1,983,-1977.689250108345,-6041.119066591989,2020-08-06T10:57:09Z,45.43288333,7.64558333,1334.00,102.303
984,1,984,-1976.689250108345,-6040.119066591989,2020-08-06T10:57:10Z,45.43285000,7.64541667,1355.00,102.315
985,1,985,-1975.689250108345,-6039.119066591989,2020-08-06T10:57:11Z,45.43285000,7.64528333,1333.00,102.324
986,1,986,-1974.689250108345,-6038.119066591989,2020-08-06T10:57:12Z,45.43290000,7.64511667,1352.00,102.331
987,1,987,-1973.689250108345,-6037.119066591989,2020-08-06T10:57:13Z,45.43296667,7.64501667,1349.00,102.333
988,1,988,-1972.689250108345,-6036.119066591989,2020-08-06T10:57:14Z,45.43306667,7.64500000,1357.00,102.327
989,1,989,-1971.689250108345,-6035.119066591989,2020-08-06T10:57:15Z,45.43315000,7.64500000,1358.00,102.322
990,1,990,-1970.689250108345,-6034.119066591989,2020-08-06T10:57:16Z,45.43321667,7.64503333,1345.00,102.315
991,1,991,-1969.689250108345,-6033.119066591989,2020-08-06T10:57:17Z,45.43328333,7.64505000,1358.00,102.31
992,1,992,-1968.689250108345,-6032.119066591989,2020-08-06T10:57:18Z,45.43333333,7.64511667,1353.00,102.302
993,1,993,-1967.689250108345,-6031.119066591989,2020-08-06T10:57:19Z,45.43338333,7.64520000,1354.00,102.294
994,1,994,-1966.689250108345,-6030.119066591989,2020-08-06T10:57:20Z,45.43341667,7.64530000,1358.00,102.285
995,1,995,-1965.689250108345,-6029.119066591989,2020-08-06T10:57:21Z,45.43343333,7.64540000,1355.00,102.278
996,1,996,-1964.689250108345,-6028.119066591989,2020-08-06T10:57:22Z,45.43341667,7.64548333,1346.00,102.274
997,1,997,-1963.689250108345,-6027.119066591989,2020-08-06T10:57:23Z,45.43335000,7.64553333,1362.00,102.275
998,1,998,-1962.689250108345,-6026.119066591989,2020-08-06T10:57:24Z,45.43331667,7.64558333,1351.00,102.274
999,1,999,-1961.689250108345,-6025.119066591989,2020-08-06T10:57:25Z,45.43326667,7.64563333,1365.00,102.274
1000,1,1000,-1960.689250108345,-6024.119066591989,2020-08-06T10:57:26Z,45.43321667,7.64568333,1372.00,102.274
1001,1,1001,-1959.689250108345,-6023.119066591989,2020-08-06T10:57:27Z,45.43315000,7.64570000,1362.00,102.278
1002,1,1002,-1958.689250108345,-6022.119066591989,2020-08-06T10:57:28Z,45.43308333,7.64573333,1356.00,102.28
1003,1,1003,-1957.689250108345,-6021.119066591989,2020-08-06T10:57:29Z,45.43301667,7.64573333,1356.00,102.285
1004,1,1004,-1956.689250108345,-6020.119066591989,2020-08-06T10:57:30Z,45.43295000,7.64571667,1350.00,102.29
1005,1,1005,-1955.689250108345,-6019.119066591989,2020-08-06T10:57:31Z,45.43288333,7.64566667,1378.00,102.298
1006,1,1006,-1954.689250108345,-6018.119066591989,2020-08-06T10:57:32Z,45.43283333,7.64556667,1364.00,102.307
1007,1,1007,-1953.689250108345,-6017.119066591989,2020-08-06T10:57:33Z,45.43281667,7.64540000,1369.00,102.319
1008,1,1008,-1952.689250108345,-6016.119066591989,2020-08-06T10:57:34Z,45.43281667,7.64523333,1375.00,102.329
1009,1,1009,-1951.689250108345,-6015.119066591989,2020-08-06T10:57:35Z,45.43285000,7.64508333,1371.00,102.336
1010,1,1010,-1950.689250108345,-6014.119066591989,2020-08-06T10:57:36Z,45.43290000,7.64496667,1369.00,102.34
1011,1,1011,-1949.689250108345,-6013.119066591989,2020-08-06T10:57:37Z,45.43296667,7.64493333,1376.00,102.338
1012,1,1012,-1948.689250108345,-6012.119066591989,2020-08-06T10:57:38Z,45.43306667,7.64495000,1371.00,102.33
1013,1,1013,-1947.689250108345,-6011.119066591989,2020-08-06T10:57:39Z,45.43315000,7.64495000,1380.00,102.325
1014,1,1014,-1946.689250108345,-6010.119066591989,2020-08-06T10:57:40Z,45.43323333,7.64496667,1381.00,102.318
1015,1,1015,-1945.689250108345,-6009.119066591989,2020-08-06T10:57:41Z,45.43330000,7.64500000,1380.00,102.312
1016,1,1016,-1944.689250108345,-6008.119066591989,2020-08-06T10:57:42Z,45.43336667,7.64503333,1383.00,102.305
1017,1,1017,-1943.689250108345,-6007.119066591989,2020-08-06T10:57:43Z,45.43341667,7.64510000,1378.00,102.298
1018,1,1018,-1942.689250108345,-6006.119066591989,2020-08-06T10:57:44Z,45.43346667,7.64516667,1393.00,102.29
1019,1,1019,-1941.689250108345,-6005.119066591989,2020-08-06T10:57:45Z,45.43348333,7.64526667,1387.00,102.283
1020,1,1020,-1940.689250108345,-6004.119066591989,2020-08-06T10:57:46Z,45.43350000,7.64538333,1388.00,102.275
1021,1,1021,-1939.689250108345,-6003.119066591989,2020-08-06T10:57:47Z,45.43348333,7.64550000,1390.00,102.268
1022,1,1022,-1938.689250108345,-6002.119066591989,2020-08-06T10:57:48Z,45.43343333,7.64558333,1387.00,102.266
1023,1,1023,-1937.689250108345,-6001.119066591989,2020-08-06T10:57:49Z,45.43338333,7.64565000,1389.00,102.266
1024,1,1024,-1936.689250108345,-6000.119066591989,2020-08-06T10:57:50Z,45.43330000,7.64571667,1390.00,102.267
1025,1,1025,-1935.689250108345,-5999.119066591989,2020-08-06T10:57:51Z,45.43321667,7.64575000,1384.00,102.27
1026,1,1026,-1934.689250108345,-5998.119066591989,2020-08-06T10:57:52Z,45.43313333,7.64576667,1383.00,102.275
1027,1,1027,-1933.689250108345,-5997.119066591989,2020-08-06T10:57:53Z,45.43303333,7.64575000,1381.00,102.282
1028,1,1028,-1932.689250108345,-5996.119066591989,2020-08-06T10:57:54Z,45.43293333,7.64573333,1384.00,102.29
1029,1,1029,-1931.689250108345,-5995.119066591989,2020-08-06T10:57:55Z,45.43285000,7.64571667,1384.00,102.297
1030,1,1030,-1930.689250108345,-5994.119066591989,2020-08-06T10:57:56Z,45.43276667,7.64568333,1383.00,102.304
1031,1,1031,-1929.689250108345,-5993.119066591989,2020-08-06T10:57:57Z,45.43268333,7.64563333,1379.00,102.313
1032,1,1032,-1928.689250108345,-5992.119066591989,2020-08-06T10:57:58Z,45.43258333,7.64555000,1384.00,102.325
1033,1,1033,-1927.689250108345,-5991.119066591989,2020-08-06T10:57:59Z,45.43251667,7.64546667,1378.00,102.334
1034,1,1034,-1926.689250108345,-5990.119066591989,2020-08-06T10:58:00Z,45.43245000,7.64536667,1384.00,102.345
1035,1,1035,-1925.689250108345,-5989.119066591989,2020-08-06T10:58:01Z,45.43241667,7.64525000,1381.00,102.355
1036,1,1036,-1924.689250108345,-5988.119066591989,2020-08-06T10:58:02Z,45.43241667,7.64510000,1379.00,102.364
1037,1,1037,-1923.689250108345,-5987.119066591989,2020-08-06T10:58:03Z,45.43243333,7.64498333,1374.00,102.37
1038,1,1038,-1922.689250108345,-5986.119066591989,2020-08-06T10:58:04Z,45.43246667,7.64486667,1370.00,102.375
1039,1,1039,-1921.689250108345,-5985.119066591989,2020-08-06T10:58:05Z,45.43253333,7.64476667,1377.00,102.377
1040,1,1040,-1920.689250108345,-5984.119066591989,2020-08-06T10:58:06Z,45.43261667,7.64466667,1386.00,102.378
1041,1,1041,-1919.689250108345,-5983.119066591989,2020-08-06T10:58:07Z,45.43268333,7.64460000,1379.00,102.378
1042,1,1042,-1918.689250108345,-5982.119066591989,2020-08-06T10:58:08Z,45.43275000,7.64456667,1380.00,102.375
1043,1,1043,-1917.689250108345,-5981.119066591989,2020-08-06T10:58:09Z,45.43281667,7.64455000,1378.00,102.372
1044,1,1044,-1916.689250108345,-5980.119066591989,2020-08-06T10:58:10Z,45.43290000,7.64453333,1387.00,102.368
1045,1,1045,-1915.689250108345,-5979.119066591989,2020-08-06T10:58:11Z,45.43298333,7.64455000,1387.00,102.361
1046,1,1046,-1914.689250108345,-5978.119066591989,2020-08-06T10:58:12Z,45.43308333,7.64456667,1384.00,102.353
1047,1,1047,-1913.689250108345,-5977.119066591989,2020-08-06T10:58:13Z,45.43315000,7.64458333,1388.00,102.348
1048,1,1048,-1912.689250108345,-5976.119066591989,2020-08-06T10:58:14Z,45.43321667,7.64460000,1389.00,102.342
1049,1,1049,-1911.689250108345,-5975.119066591989,2020-08-06T10:58:15Z,45.43326667,7.64463333,1390.00,102.337
1050,1,1050,-1910.689250108345,-5974.119066591989,2020-08-06T10:58:16Z,45.43331667,7.64466667,1388.00,102.332
1051,1,1051,-1909.689250108345,-5973.119066591989,2020-08-06T10:58:17Z,45.43338333,7.64471667,1398.00,102.324
1052,1,1052,-1908.689250108345,-5972.119066591989,2020-08-06T10:58:18Z,45.43345000,7.64478333,1388.00,102.316
1053,1,1053,-1907.689250108345,-5971.119066591989,2020-08-06T10:58:19Z,45.43350000,7.64485000,1401.00,102.308
1054,1,1054,-1906.689250108345,-5970.119066591989,2020-08-06T10:58:20Z,45.43353333,7.64491667,1391.00,102.302
1055,1,1055,-1905.689250108345,-5969.119066591989,2020-08-06T10:58:21Z,45.43355000,7.64500000,1393.00,102.295
1056,1,1056,-1904.689250108345,-5968.119066591989,2020-08-06T10:58:22Z,45.43356667,7.64508333,1394.00,102.289
1057,1,1057,-1903.689250108345,-5967.119066591989,2020-08-06T10:58:23Z,45.43356667,7.64518333,1407.00,102.283
1058,1,1058,-1902.689250108345,-5966.119066591989,2020-08-06T10:58:24Z,45.43356667,7.64528333,1409.00,102.276
1059,1,1059,-1901.689250108345,-5965.119066591989,2020-08-06T10:58:25Z,45.43355000,7.64536667,1383.00,102.272
1060,1,1060,-1900.689250108345,-5964.119066591989,2020-08-06T10:58:26Z,45.43351667,7.64545000,1393.00,102.269
1061,1,1061,-1899.689250108345,-5963.119066591989,2020-08-06T10:58:27Z,45.43345000,7.64548333,1379.00,102.272
1062,1,1062,-1898.689250108345,-5962.119066591989,2020-08-06T10:58:28Z,45.43338333,7.64553333,1394.00,102.273
1063,1,1063,-1897.689250108345,-5961.119066591989,2020-08-06T10:58:29Z,45.43331667,7.64560000,1403.00,102.273
1064,1,1064,-1896.689250108345,-5960.119066591989,2020-08-06T10:58:30Z,45.43325000,7.64565000,1418.00,102.274
1065,1,1065,-1895.689250108345,-5959.119066591989,2020-08-06T10:58:31Z,45.43318333,7.64563333,1390.00,102.28
1066,1,1066,-1894.689250108345,-5958.119066591989,2020-08-06T10:58:32Z,45.43315000,7.64551667,1399.00,102.289
1067,1,1067,-1893.689250108345,-5957.119066591989,2020-08-06T10:58:33Z,45.43311667,7.64540000,1398.00,102.299
1068,1,1068,-1892.689250108345,-5956.119066591989,2020-08-06T10:58:34Z,45.43306667,7.64528333,1403.00,102.309
1069,1,1069,-1891.689250108345,-5955.119066591989,2020-08-06T10:58:35Z,45.43305000,7.64518333,1409.00,102.317
1070,1,1070,-1890.689250108345,-5954.119066591989,2020-08-06T10:58:36Z,45.43301667,7.64510000,1402.00,102.324
1071,1,1071,-1889.689250108345,-5953.119066591989,2020-08-06T10:58:37Z,45.43298333,7.64500000,1398.00,102.333
1072,1,1072,-1888.689250108345,-5952.119066591989,2020-08-06T10:58:38Z,45.43296667,7.64486667,1395.00,102.342
1073,1,1073,-1887.689250108345,-5951.119066591989,2020-08-06T10:58:39Z,45.43295000,7.64470000,1399.00,102.354
1074,1,1074,-1886.689250108345,-5950.119066591989,2020-08-06T10:58:40Z,45.43296667,7.64453333,1408.00,102.363
1075,1,1075,-1885.689250108345,-5949.119066591989,2020-08-06T10:58:41Z,45.43300000,7.64440000,1408.00,102.369
1076,1,1076,-1884.689250108345,-5948.119066591989,2020-08-06T10:58:42Z,45.43308333,7.64433333,1408.00,102.368
1077,1,1077,-1883.689250108345,-5947.119066591989,2020-08-06T10:58:43Z,45.43316667,7.64428333,1405.00,102.366
1078,1,1078,-1882.689250108345,-5946.119066591989,2020-08-06T10:58:44Z,45.43325000,7.64426667,1409.00,102.361
1079,1,1079,-1881.689250108345,-5945.119066591989,2020-08-06T10:58:45Z,45.43335000,7.64425000,1396.00,102.356
1080,1,1080,-1880.689250108345,-5944.119066591989,2020-08-06T10:58:46Z,45.43345000,7.64423333,1411.00,102.35
1081,1,1081,-1879.689250108345,-5943.119066591989,2020-08-06T10:58:47Z,45.43356667,7.64421667,1401.00,102.344
1082,1,1082,-1878.689250108345,-5942.119066591989,2020-08-06T10:58:48Z,45.43366667,7.64421667,1417.00,102.337
1083,1,1083,-1877.689250108345,-5941.119066591989,2020-08-06T10:58:49Z,45.43373333,7.64423333,1407.00,102.332
1084,1,1084,-1876.689250108345,-5940.119066591989,2020-08-06T10:58:50Z,45.43380000,7.64425000,1416.00,102.326
1085,1,1085,-1875.689250108345,-5939.119066591989,2020-08-06T10:58:51Z,45.43386667,7.64428333,1399.00,102.32
1086,1,1086,-1874.689250108345,-5938.119066591989,2020-08-06T10:58:52Z,45.43393333,7.64431667,1418.00,102.313
1087,1,1087,-1873.689250108345,-5937.119066591989,2020-08-06T10:58:53Z,45.43400000,7.64436667,1405.00,102.306
1088,1,1088,-1872.689250108345,-5936.119066591989,2020-08-06T10:58:54Z,45.43406667,7.64441667,1412.00,102.298
1089,1,1089,-1871.689250108345,-5935.119066591989,2020-08-06T10:58:55Z,45.43413333,7.64448333,1397.00,102.29
1090,1,1090,-1870.689250108345,-5934.119066591989,2020-08-06T10:58:56Z,45.43421667,7.64456667,1404.00,102.279
1091,1,1091,-1869.689250108345,-5933.119066591989,2020-08-06T10:58:57Z,45.43428333,7.64465000,1403.00,102.269
1092,1,1092,-1868.689250108345,-5932.119066591989,2020-08-06T10:58:58Z,45.43433333,7.64475000,1399.00,102.26
1093,1,1093,-1867.689250108345,-5931.119066591989,2020-08-06T10:58:59Z,45.43440000,7.64483333,1404.00,102.25
1094,1,1094,-1866.689250108345,-5930.119066591989,2020-08-06T10:59:00Z,45.43446667,7.64491667,1406.00,102.24
1095,1,1095,-1865.689250108345,-5929.119066591989,2020-08-06T10:59:01Z,45.43451667,7.64500000,1401.00,102.232
1096,1,1096,-1864.689250108345,-5928.119066591989,2020-08-06T10:59:02Z,45.43458333,7.64508333,1396.00,102.222
1097,1,1097,-1863.689250108345,-5927.119066591989,2020-08-06T10:59:03Z,45.43465000,7.64516667,1405.00,102.213
1098,1,1098,-1862.689250108345,-5926.119066591989,2020-08-06T10:59:04Z,45.43471667,7.64525000,1401.00,102.203
1099,1,1099,-1861.689250108345,-5925.119066591989,2020-08-06T10:59:05Z,45.43481667,7.64531667,1410.00,102.192
1100,1,1100,-1860.689250108345,-5924.119066591989,2020-08-06T10:59:06Z,45.43488333,7.64535000,1406.00,102.186
1101,1,1101,-1859.689250108345,-5923.119066591989,2020-08-06T10:59:07Z,45.43495000,7.64540000,1409.00,102.178
1102,1,1102,-1858.689250108345,-5922.119066591989,2020-08-06T10:59:08Z,45.43501667,7.64545000,1406.00,102.171
1103,1,1103,-1857.689250108345,-5921.119066591989,2020-08-06T10:59:09Z,45.43505000,7.64553333,1407.00,102.163
1104,1,1104,-1856.689250108345,-5920.119066591989,2020-08-06T10:59:10Z,45.43511667,7.64561667,1407.00,102.154
1105,1,1105,-1855.689250108345,-5919.119066591989,2020-08-06T10:59:11Z,45.43518333,7.64571667,1407.00,102.143
1106,1,1106,-1854.689250108345,-5918.119066591989,2020-08-06T10:59:12Z,45.43525000,7.64580000,1405.00,102.133
1107,1,1107,-1853.689250108345,-5917.119066591989,2020-08-06T10:59:13Z,45.43531667,7.64590000,1403.00,102.123
1108,1,1108,-1852.689250108345,-5916.119066591989,2020-08-06T10:59:14Z,45.43536667,7.64601667,1404.00,102.112
1109,1,1109,-1851.689250108345,-5915.119066591989,2020-08-06T10:59:15Z,45.43540000,7.64613333,1406.00,102.102
1110,1,1110,-1850.689250108345,-5914.119066591989,2020-08-06T10:59:16Z,45.43543333,7.64621667,1417.00,102.095
1111,1,1111,-1849.689250108345,-5913.119066591989,2020-08-06T10:59:17Z,45.43546667,7.64631667,1408.00,102.087
1112,1,1112,-1848.689250108345,-5912.119066591989,2020-08-06T10:59:18Z,45.43550000,7.64641667,1408.00,102.078
1113,1,1113,-1847.689250108345,-5911.119066591989,2020-08-06T10:59:19Z,45.43551667,7.64650000,1410.00,102.072
1114,1,1114,-1846.689250108345,-5910.119066591989,2020-08-06T10:59:20Z,45.43555000,7.64660000,1413.00,102.063
1115,1,1115,-1845.689250108345,-5909.119066591989,2020-08-06T10:59:21Z,45.43560000,7.64671667,1412.00,102.053
1116,1,1116,-1844.689250108345,-5908.119066591989,2020-08-06T10:59:22Z,45.43563333,7.64683333,1427.00,102.043
1117,1,1117,-1843.689250108345,-5907.119066591989,2020-08-06T10:59:23Z,45.43566667,7.64695000,1407.00,102.034
1118,1,1118,-1842.689250108345,-5906.119066591989,2020-08-06T10:59:24Z,45.43570000,7.64705000,1407.00,102.025
1119,1,1119,-1841.689250108345,-5905.119066591989,2020-08-06T10:59:25Z,45.43573333,7.64715000,1415.00,102.017
1120,1,1120,-1840.689250108345,-5904.119066591989,2020-08-06T10:59:26Z,45.43576667,7.64726667,1407.00,102.007
1121,1,1121,-1839.689250108345,-5903.119066591989,2020-08-06T10:59:27Z,45.43581667,7.64736667,1406.00,101.997
1122,1,1122,-1838.689250108345,-5902.119066591989,2020-08-06T10:59:28Z,45.43585000,7.64746667,1399.00,101.989
1123,1,1123,-1837.689250108345,-5901.119066591989,2020-08-06T10:59:29Z,45.43588333,7.64760000,1394.00,101.978
1124,1,1124,-1836.689250108345,-5900.119066591989,2020-08-06T10:59:30Z,45.43590000,7.64773333,1395.00,101.969
1125,1,1125,-1835.689250108345,-5899.119066591989,2020-08-06T10:59:31Z,45.43593333,7.64785000,1395.00,101.959
1126,1,1126,-1834.689250108345,-5898.119066591989,2020-08-06T10:59:32Z,45.43598333,7.64798333,1386.00,101.948
1127,1,1127,-1833.689250108345,-5897.119066591989,2020-08-06T10:59:33Z,45.43603333,7.64808333,1386.00,101.938
1128,1,1128,-1832.689250108345,-5896.119066591989,2020-08-06T10:59:34Z,45.43610000,7.64820000,1388.00,101.926
1129,1,1129,-1831.689250108345,-5895.119066591989,2020-08-06T10:59:35Z,45.43615000,7.64830000,1387.00,101.917
1130,1,1130,-1830.689250108345,-5894.119066591989,2020-08-06T10:59:36Z,45.43618333,7.64840000,1383.00,101.908
1131,1,1131,-1829.689250108345,-5893.119066591989,2020-08-06T10:59:37Z,45.43623333,7.64851667,1381.00,101.898
1132,1,1132,-1828.689250108345,-5892.119066591989,2020-08-06T10:59:38Z,45.43628333,7.64863333,1377.00,101.887
1133,1,1133,-1827.689250108345,-5891.119066591989,2020-08-06T10:59:39Z,45.43633333,7.64875000,1373.00,101.876
1134,1,1134,-1826.689250108345,-5890.119066591989,2020-08-06T10:59:40Z,45.43640000,7.64886667,1376.00,101.865
1135,1,1135,-1825.689250108345,-5889.119066591989,2020-08-06T10:59:41Z,45.43645000,7.64900000,1379.00,101.853
1136,1,1136,-1824.689250108345,-5888.119066591989,2020-08-06T10:59:42Z,45.43648333,7.64913333,1379.00,101.842
1137,1,1137,-1823.689250108345,-5887.119066591989,2020-08-06T10:59:43Z,45.43651667,7.64926667,1375.00,101.832
1138,1,1138,-1822.689250108345,-5886.119066591989,2020-08-06T10:59:44Z,45.43655000,7.64938333,1379.00,101.822
1139,1,1139,-1821.689250108345,-5885.119066591989,2020-08-06T10:59:45Z,45.43658333,7.64951667,1376.00,101.812
1140,1,1140,-1820.689250108345,-5884.119066591989,2020-08-06T10:59:46Z,45.43663333,7.64965000,1378.00,101.8
1141,1,1141,-1819.689250108345,-5883.119066591989,2020-08-06T10:59:47Z,45.43666667,7.64976667,1373.00,101.791
1142,1,1142,-1818.689250108345,-5882.119066591989,2020-08-06T10:59:48Z,45.43671667,7.64988333,1382.00,101.78
1143,1,1143,-1817.689250108345,-5881.119066591989,2020-08-06T10:59:49Z,45.43675000,7.64998333,1377.00,101.771
1144,1,1144,-1816.689250108345,-5880.119066591989,2020-08-06T10:59:50Z,45.43676667,7.65008333,1384.00,101.764
1145,1,1145,-1815.689250108345,-5879.119066591989,2020-08-06T10:59:51Z,45.43680000,7.65018333,1373.00,101.756
1146,1,1146,-1814.689250108345,-5878.119066591989,2020-08-06T10:59:52Z,45.43685000,7.65030000,1378.00,101.745
1147,1,1147,-1813.689250108345,-5877.119066591989,2020-08-06T10:59:53Z,45.43690000,7.65043333,1376.00,101.733
1148,1,1148,-1812.689250108345,-5876.119066591989,2020-08-06T10:59:54Z,45.43693333,7.65056667,1378.00,101.723
1149,1,1149,-1811.689250108345,-5875.119066591989,2020-08-06T10:59:55Z,45.43698333,7.65070000,1369.00,101.711
1150,1,1150,-1810.689250108345,-5874.119066591989,2020-08-06T10:59:56Z,45.43701667,7.65080000,1377.00,101.702
1151,1,1151,-1809.689250108345,-5873.119066591989,2020-08-06T10:59:57Z,45.43703333,7.65086667,1376.00,101.697
1152,1,1152,-1808.689250108345,-5872.119066591989,2020-08-06T10:59:58Z,45.43705000,7.65095000,1373.00,101.691
1153,1,1153,-1807.689250108345,-5871.119066591989,2020-08-06T10:59:59Z,45.43706667,7.65103333,1372.00,101.685
1154,1,1154,-1806.689250108345,-5870.119066591989,2020-08-06T11:00:00Z,45.43708333,7.65113333,1369.00,101.677
1155,1,1155,-1805.689250108345,-5869.119066591989,2020-08-06T11:00:01Z,45.43711667,7.65123333,1371.00,101.669
1156,1,1156,-1804.689250108345,-5868.119066591989,2020-08-06T11:00:02Z,45.43715000,7.65133333,1372.00,101.66
1157,1,1157,-1803.689250108345,-5867.119066591989,2020-08-06T11:00:03Z,45.43720000,7.65143333,1371.00,101.651
1158,1,1158,-1802.689250108345,-5866.119066591989,2020-08-06T11:00:04Z,45.43723333,7.65153333,1370.00,101.642
1159,1,1159,-1801.689250108345,-5865.119066591989,2020-08-06T11:00:05Z,45.43726667,7.65163333,1365.00,101.634
1160,1,1160,-1800.689250108345,-5864.119066591989,2020-08-06T11:00:06Z,45.43731667,7.65171667,1361.00,101.625
1161,1,1161,-1799.689250108345,-5863.119066591989,2020-08-06T11:00:07Z,45.43735000,7.65181667,1369.00,101.617
1162,1,1162,-1798.689250108345,-5862.119066591989,2020-08-06T11:00:08Z,45.43738333,7.65190000,1357.00,101.609
1163,1,1163,-1797.689250108345,-5861.119066591989,2020-08-06T11:00:09Z,45.43743333,7.65200000,1362.00,101.6
1164,1,1164,-1796.689250108345,-5860.119066591989,2020-08-06T11:00:10Z,45.43750000,7.65210000,1356.00,101.589
1165,1,1165,-1795.689250108345,-5859.119066591989,2020-08-06T11:00:11Z,45.43755000,7.65218333,1362.00,101.58
1166,1,1166,-1794.689250108345,-5858.119066591989,2020-08-06T11:00:12Z,45.43760000,7.65226667,1359.00,101.572
1167,1,1167,-1793.689250108345,-5857.119066591989,2020-08-06T11:00:13Z,45.43765000,7.65233333,1361.00,101.564
1168,1,1168,-1792.689250108345,-5856.119066591989,2020-08-06T11:00:14Z,45.43771667,7.65240000,1354.00,101.556
1169,1,1169,-1791.689250108345,-5855.119066591989,2020-08-06T11:00:15Z,45.43776667,7.65250000,1351.00,101.546
1170,1,1170,-1790.689250108345,-5854.119066591989,2020-08-06T11:00:16Z,45.43783333,7.65260000,1349.00,101.536
1171,1,1171,-1789.689250108345,-5853.119066591989,2020-08-06T11:00:17Z,45.43790000,7.65268333,1350.00,101.526
1172,1,1172,-1788.689250108345,-5852.119066591989,2020-08-06T11:00:18Z,45.43796667,7.65276667,1356.00,101.516
1173,1,1173,-1787.689250108345,-5851.119066591989,2020-08-06T11:00:19Z,45.43805000,7.65283333,1351.00,101.507
1174,1,1174,-1786.689250108345,-5850.119066591989,2020-08-06T11:00:20Z,45.43811667,7.65291667,1344.00,101.497
1175,1,1175,-1785.689250108345,-5849.119066591989,2020-08-06T11:00:21Z,45.43816667,7.65300000,1344.00,101.488
1176,1,1176,-1784.689250108345,-5848.119066591989,2020-08-06T11:00:22Z,45.43821667,7.65310000,1342.00,101.479
1177,1,1177,-1783.689250108345,-5847.119066591989,2020-08-06T11:00:23Z,45.43826667,7.65321667,1338.00,101.468
1178,1,1178,-1782.689250108345,-5846.119066591989,2020-08-06T11:00:24Z,45.43831667,7.65333333,1349.00,101.458
1179,1,1179,-1781.689250108345,-5845.119066591989,2020-08-06T11:00:25Z,45.43835000,7.65343333,1338.00,101.449
1180,1,1180,-1780.689250108345,-5844.119066591989,2020-08-06T11:00:26Z,45.43840000,7.65355000,1341.00,101.438
1181,1,1181,-1779.689250108345,-5843.119066591989,2020-08-06T11:00:27Z,45.43845000,7.65365000,1337.00,101.429
1182,1,1182,-1778.689250108345,-5842.119066591989,2020-08-06T11:00:28Z,45.43850000,7.65375000,1337.00,101.419
1183,1,1183,-1777.689250108345,-5841.119066591989,2020-08-06T11:00:29Z,45.43855000,7.65385000,1340.00,101.41
1184,1,1184,-1776.689250108345,-5840.119066591989,2020-08-06T11:00:30Z,45.43861667,7.65391667,1337.00,101.401
1185,1,1185,-1775.689250108345,-5839.119066591989,2020-08-06T11:00:31Z,45.43866667,7.65400000,1338.00,101.393
1186,1,1186,-1774.689250108345,-5838.119066591989,2020-08-06T11:00:32Z,45.43873333,7.65408333,1337.00,101.383
1187,1,1187,-1773.689250108345,-5837.119066591989,2020-08-06T11:00:33Z,45.43878333,7.65415000,1335.00,101.376
1188,1,1188,-1772.689250108345,-5836.119066591989,2020-08-06T11:00:34Z,45.43885000,7.65421667,1336.00,101.367
1189,1,1189,-1771.689250108345,-5835.119066591989,2020-08-06T11:00:35Z,45.43891667,7.65430000,1332.00,101.357
1190,1,1190,-1770.689250108345,-5834.119066591989,2020-08-06T11:00:36Z,45.43898333,7.65436667,1332.00,101.349
1191,1,1191,-1769.689250108345,-5833.119066591989,2020-08-06T11:00:37Z,45.43905000,7.65443333,1327.00,101.34
1192,1,1192,-1768.689250108345,-5832.119066591989,2020-08-06T11:00:38Z,45.43913333,7.65450000,1340.00,101.331
1193,1,1193,-1767.689250108345,-5831.119066591989,2020-08-06T11:00:39Z,45.43923333,7.65456667,1324.00,101.32
1194,1,1194,-1766.689250108345,-5830.119066591989,2020-08-06T11:00:40Z,45.43931667,7.65463333,1333.00,101.31
1195,1,1195,-1765.689250108345,-5829.119066591989,2020-08-06T11:00:41Z,45.43940000,7.65471667,1327.00,101.299
1196,1,1196,-1764.689250108345,-5828.119066591989,2020-08-06T11:00:42Z,45.43948333,7.65480000,1321.00,101.289
1197,1,1197,-1763.689250108345,-5827.119066591989,2020-08-06T11:00:43Z,45.43955000,7.65490000,1331.00,101.278
1198,1,1198,-1762.689250108345,-5826.119066591989,2020-08-06T11:00:44Z,45.43963333,7.65498333,1326.00,101.267
1199,1,1199,-1761.689250108345,-5825.119066591989,2020-08-06T11:00:45Z,45.43970000,7.65506667,1332.00,101.258
1200,1,1200,-1760.689250108345,-5824.119066591989,2020-08-06T11:00:46Z,45.43976667,7.65515000,1330.00,101.248
1201,1,1201,-1759.689250108345,-5823.119066591989,2020-08-06T11:00:47Z,45.43981667,7.65521667,1329.00,101.241
1202,1,1202,-1758.689250108345,-5822.119066591989,2020-08-06T11:00:48Z,45.43990000,7.65528333,1328.00,101.231
1203,1,1203,-1757.689250108345,-5821.119066591989,2020-08-06T11:00:49Z,45.43998333,7.65536667,1331.00,101.22
1204,1,1204,-1756.689250108345,-5820.119066591989,2020-08-06T11:00:50Z,45.44006667,7.65545000,1325.00,101.209
1205,1,1205,-1755.689250108345,-5819.119066591989,2020-08-06T11:00:51Z,45.44015000,7.65555000,1328.00,101.198
1206,1,1206,-1754.689250108345,-5818.119066591989,2020-08-06T11:00:52Z,45.44021667,7.65563333,1328.00,101.188
1207,1,1207,-1753.689250108345,-5817.119066591989,2020-08-06T11:00:53Z,45.44026667,7.65573333,1331.00,101.178
1208,1,1208,-1752.689250108345,-5816.119066591989,2020-08-06T11:00:54Z,45.44030000,7.65580000,1331.00,101.172
1209,1,1209,-1751.689250108345,-5815.119066591989,2020-08-06T11:00:55Z,45.44036667,7.65588333,1332.00,101.162
1210,1,1210,-1750.689250108345,-5814.119066591989,2020-08-06T11:00:56Z,45.44045000,7.65595000,1325.00,101.153
1211,1,1211,-1749.689250108345,-5813.119066591989,2020-08-06T11:00:57Z,45.44053333,7.65601667,1321.00,101.143
1212,1,1212,-1748.689250108345,-5812.119066591989,2020-08-06T11:00:58Z,45.44060000,7.65611667,1321.00,101.132
1213,1,1213,-1747.689250108345,-5811.119066591989,2020-08-06T11:00:59Z,45.44066667,7.65621667,1336.00,101.122
1214,1,1214,-1746.689250108345,-5810.119066591989,2020-08-06T11:01:00Z,45.44071667,7.65631667,1331.00,101.112
1215,1,1215,-1745.689250108345,-5809.119066591989,2020-08-06T11:01:01Z,45.44078333,7.65641667,1334.00,101.102
1216,1,1216,-1744.689250108345,-5808.119066591989,2020-08-06T11:01:02Z,45.44083333,7.65648333,1327.00,101.094
1217,1,1217,-1743.689250108345,-5807.119066591989,2020-08-06T11:01:03Z,45.44086667,7.65656667,1328.00,101.087
1218,1,1218,-1742.689250108345,-5806.119066591989,2020-08-06T11:01:04Z,45.44091667,7.65668333,1329.00,101.076
1219,1,1219,-1741.689250108345,-5805.119066591989,2020-08-06T11:01:05Z,45.44096667,7.65680000,1329.00,101.065
1220,1,1220,-1740.689250108345,-5804.119066591989,2020-08-06T11:01:06Z,45.44103333,7.65691667,1319.00,101.054
1221,1,1221,-1739.689250108345,-5803.119066591989,2020-08-06T11:01:07Z,45.44108333,7.65701667,1328.00,101.044
1222,1,1222,-1738.689250108345,-5802.119066591989,2020-08-06T11:01:08Z,45.44113333,7.65710000,1318.00,101.036
1223,1,1223,-1737.689250108345,-5801.119066591989,2020-08-06T11:01:09Z,45.44118333,7.65718333,1321.00,101.027
1224,1,1224,-1736.689250108345,-5800.119066591989,2020-08-06T11:01:10Z,45.44123333,7.65731667,1316.00,101.015
1225,1,1225,-1735.689250108345,-5799.119066591989,2020-08-06T11:01:11Z,45.44126667,7.65743333,1324.00,101.006
1226,1,1226,-1734.689250108345,-5798.119066591989,2020-08-06T11:01:12Z,45.44130000,7.65755000,1325.00,100.996
1227,1,1227,-1733.689250108345,-5797.119066591989,2020-08-06T11:01:13Z,45.44136667,7.65766667,1326.00,100.984
1228,1,1228,-1732.689250108345,-5796.119066591989,2020-08-06T11:01:14Z,45.44141667,7.65775000,1331.00,100.976
1229,1,1229,-1731.689250108345,-5795.119066591989,2020-08-06T11:01:15Z,45.44146667,7.65783333,1324.00,100.967
1230,1,1230,-1730.689250108345,-5794.119066591989,2020-08-06T11:01:16Z,45.44150000,7.65791667,1306.00,100.96
1231,1,1231,-1729.689250108345,-5793.119066591989,2020-08-06T11:01:17Z,45.44151667,7.65801667,1324.00,100.953
1232,1,1232,-1728.689250108345,-5792.119066591989,2020-08-06T11:01:18Z,45.44151667,7.65811667,1330.00,100.946
1233,1,1233,-1727.689250108345,-5791.119066591989,2020-08-06T11:01:19Z,45.44148333,7.65823333,1334.00,100.941
1234,1,1234,-1726.689250108345,-5790.119066591989,2020-08-06T11:01:20Z,45.44143333,7.65830000,1336.00,100.94
1235,1,1235,-1725.689250108345,-5789.119066591989,2020-08-06T11:01:21Z,45.44135000,7.65835000,1335.00,100.943
1236,1,1236,-1724.689250108345,-5788.119066591989,2020-08-06T11:01:22Z,45.44126667,7.65835000,1336.00,100.948
1237,1,1237,-1723.689250108345,-5787.119066591989,2020-08-06T11:01:23Z,45.44120000,7.65826667,1331.00,100.958
1238,1,1238,-1722.689250108345,-5786.119066591989,2020-08-06T11:01:24Z,45.44115000,7.65813333,1331.00,100.969
1239,1,1239,-1721.689250108345,-5785.119066591989,2020-08-06T11:01:25Z,45.44111667,7.65796667,1337.00,100.982
1240,1,1240,-1720.689250108345,-5784.119066591989,2020-08-06T11:01:26Z,45.44113333,7.65781667,1334.00,100.99
1241,1,1241,-1719.689250108345,-5783.119066591989,2020-08-06T11:01:27Z,45.44118333,7.65766667,1335.00,100.997
1242,1,1242,-1718.689250108345,-5782.119066591989,2020-08-06T11:01:28Z,45.44125000,7.65758333,1333.00,100.997
1243,1,1243,-1717.689250108345,-5781.119066591989,2020-08-06T11:01:29Z,45.44138333,7.65756667,1334.00,100.99
1244,1,1244,-1716.689250108345,-5780.119066591989,2020-08-06T11:01:30Z,45.44146667,7.65760000,1337.00,100.982
1245,1,1245,-1715.689250108345,-5779.119066591989,2020-08-06T11:01:31Z,45.44153333,7.65763333,1329.00,100.976
1246,1,1246,-1714.689250108345,-5778.119066591989,2020-08-06T11:01:32Z,45.44158333,7.65771667,1336.00,100.967
1247,1,1247,-1713.689250108345,-5777.119066591989,2020-08-06T11:01:33Z,45.44161667,7.65783333,1346.00,100.958
1248,1,1248,-1712.689250108345,-5776.119066591989,2020-08-06T11:01:34Z,45.44163333,7.65793333,1321.00,100.95
1249,1,1249,-1711.689250108345,-5775.119066591989,2020-08-06T11:01:35Z,45.44161667,7.65806667,1344.00,100.943
1250,1,1250,-1710.689250108345,-5774.119066591989,2020-08-06T11:01:36Z,45.44155000,7.65815000,1326.00,100.942
1251,1,1251,-1709.689250108345,-5773.119066591989,2020-08-06T11:01:37Z,45.44146667,7.65821667,1344.00,100.943
1252,1,1252,-1708.689250108345,-5772.119066591989,2020-08-06T11:01:38Z,45.44138333,7.65825000,1344.00,100.947
1253,1,1253,-1707.689250108345,-5771.119066591989,2020-08-06T11:01:39Z,45.44130000,7.65826667,1343.00,100.951
1254,1,1254,-1706.689250108345,-5770.119066591989,2020-08-06T11:01:40Z,45.44123333,7.65826667,1336.00,100.955
1255,1,1255,-1705.689250108345,-5769.119066591989,2020-08-06T11:01:41Z,45.44118333,7.65823333,1345.00,100.961
1256,1,1256,-1704.689250108345,-5768.119066591989,2020-08-06T11:01:42Z,45.44110000,7.65818333,1353.00,100.969
1257,1,1257,-1703.689250108345,-5767.119066591989,2020-08-06T11:01:43Z,45.44105000,7.65810000,1346.00,100.978
1258,1,1258,-1702.689250108345,-5766.119066591989,2020-08-06T11:01:44Z,45.44100000,7.65798333,1341.00,100.989
1259,1,1259,-1701.689250108345,-5765.119066591989,2020-08-06T11:01:45Z,45.44096667,7.65788333,1347.00,100.997
1260,1,1260,-1700.689250108345,-5764.119066591989,2020-08-06T11:01:46Z,45.44098333,7.65776667,1338.00,101.003
1261,1,1261,-1699.689250108345,-5763.119066591989,2020-08-06T11:01:47Z,45.44098333,7.65765000,1343.00,101.011
1262,1,1262,-1698.689250108345,-5762.119066591989,2020-08-06T11:01:48Z,45.44103333,7.65753333,1336.00,101.015
1263,1,1263,-1697.689250108345,-5761.119066591989,2020-08-06T11:01:49Z,45.44111667,7.65743333,1345.00,101.016
1264,1,1264,-1696.689250108345,-5760.119066591989,2020-08-06T11:01:50Z,45.44118333,7.65733333,1329.00,101.018
1265,1,1265,-1695.689250108345,-5759.119066591989,2020-08-06T11:01:51Z,45.44125000,7.65725000,1339.00,101.018
1266,1,1266,-1694.689250108345,-5758.119066591989,2020-08-06T11:01:52Z,45.44131667,7.65718333,1340.00,101.018
1267,1,1267,-1693.689250108345,-5757.119066591989,2020-08-06T11:01:53Z,45.44140000,7.65710000,1350.00,101.018
1268,1,1268,-1692.689250108345,-5756.119066591989,2020-08-06T11:01:54Z,45.44148333,7.65701667,1324.00,101.018
1269,1,1269,-1691.689250108345,-5755.119066591989,2020-08-06T11:01:55Z,45.44156667,7.65695000,1337.00,101.017
1270,1,1270,-1690.689250108345,-5754.119066591989,2020-08-06T11:01:56Z,45.44168333,7.65690000,1334.00,101.012
1271,1,1271,-1689.689250108345,-5753.119066591989,2020-08-06T11:01:57Z,45.44178333,7.65686667,1336.00,101.008
1272,1,1272,-1688.689250108345,-5752.119066591989,2020-08-06T11:01:58Z,45.44188333,7.65683333,1334.00,101.003
1273,1,1273,-1687.689250108345,-5751.119066591989,2020-08-06T11:01:59Z,45.44198333,7.65683333,1347.00,100.997
1274,1,1274,-1686.689250108345,-5750.119066591989,2020-08-06T11:02:00Z,45.44208333,7.65683333,1343.00,100.99
1275,1,1275,-1685.689250108345,-5749.119066591989,2020-08-06T11:02:01Z,45.44215000,7.65685000,1346.00,100.985
1276,1,1276,-1684.689250108345,-5748.119066591989,2020-08-06T11:02:02Z,45.44223333,7.65688333,1337.00,100.977
1277,1,1277,-1683.689250108345,-5747.119066591989,2020-08-06T11:02:03Z,45.44228333,7.65695000,1338.00,100.97
1278,1,1278,-1682.689250108345,-5746.119066591989,2020-08-06T11:02:04Z,45.44233333,7.65705000,1358.00,100.96
1279,1,1279,-1681.689250108345,-5745.119066591989,2020-08-06T11:02:05Z,45.44235000,7.65718333,1346.00,100.951
1280,1,1280,-1680.689250108345,-5744.119066591989,2020-08-06T11:02:06Z,45.44235000,7.65731667,1359.00,100.942
1281,1,1281,-1679.689250108345,-5743.119066591989,2020-08-06T11:02:07Z,45.44233333,7.65745000,1356.00,100.935
1282,1,1282,-1678.689250108345,-5742.119066591989,2020-08-06T11:02:08Z,45.44231667,7.65755000,1344.00,100.93
1283,1,1283,-1677.689250108345,-5741.119066591989,2020-08-06T11:02:09Z,45.44230000,7.65761667,1368.00,100.927
1284,1,1284,-1676.689250108345,-5740.119066591989,2020-08-06T11:02:10Z,45.44226667,7.65768333,1342.00,100.925
1285,1,1285,-1675.689250108345,-5739.119066591989,2020-08-06T11:02:11Z,45.44221667,7.65773333,1350.00,100.925
1286,1,1286,-1674.689250108345,-5738.119066591989,2020-08-06T11:02:12Z,45.44215000,7.65781667,1351.00,100.924
1287,1,1287,-1673.689250108345,-5737.119066591989,2020-08-06T11:02:13Z,45.44206667,7.65786667,1352.00,100.926
1288,1,1288,-1672.689250108345,-5736.119066591989,2020-08-06T11:02:14Z,45.44200000,7.65790000,1364.00,100.928
1289,1,1289,-1671.689250108345,-5735.119066591989,2020-08-06T11:02:15Z,45.44193333,7.65788333,1352.00,100.934
1290,1,1290,-1670.689250108345,-5734.119066591989,2020-08-06T11:02:16Z,45.44185000,7.65781667,1349.00,100.943
1291,1,1291,-1669.689250108345,-5733.119066591989,2020-08-06T11:02:17Z,45.44180000,7.65768333,1355.00,100.955
1292,1,1292,-1668.689250108345,-5732.119066591989,2020-08-06T11:02:18Z,45.44176667,7.65755000,1353.00,100.966
1293,1,1293,-1667.689250108345,-5731.119066591989,2020-08-06T11:02:19Z,45.44176667,7.65740000,1350.00,100.975
1294,1,1294,-1666.689250108345,-5730.119066591989,2020-08-06T11:02:20Z,45.44180000,7.65728333,1352.00,100.98
1295,1,1295,-1665.689250108345,-5729.119066591989,2020-08-06T11:02:21Z,45.44185000,7.65718333,1356.00,100.983
1296,1,1296,-1664.689250108345,-5728.119066591989,2020-08-06T11:02:22Z,45.44191667,7.65710000,1351.00,100.984
1297,1,1297,-1663.689250108345,-5727.119066591989,2020-08-06T11:02:23Z,45.44198333,7.65703333,1354.00,100.984
1298,1,1298,-1662.689250108345,-5726.119066591989,2020-08-06T11:02:24Z,45.44208333,7.65698333,1356.00,100.981
1299,1,1299,-1661.689250108345,-5725.119066591989,2020-08-06T11:02:25Z,45.44218333,7.65693333,1351.00,100.977
1300,1,1300,-1660.689250108345,-5724.119066591989,2020-08-06T11:02:26Z,45.44230000,7.65686667,1347.00,100.974
1301,1,1301,-1659.689250108345,-5723.119066591989,2020-08-06T11:02:27Z,45.44241667,7.65681667,1354.00,100.97
1302,1,1302,-1658.689250108345,-5722.119066591989,2020-08-06T11:02:28Z,45.44253333,7.65678333,1355.00,100.964
1303,1,1303,-1657.689250108345,-5721.119066591989,2020-08-06T11:02:29Z,45.44263333,7.65678333,1355.00,100.957
1304,1,1304,-1656.689250108345,-5720.119066591989,2020-08-06T11:02:30Z,45.44273333,7.65678333,1362.00,100.951
1305,1,1305,-1655.689250108345,-5719.119066591989,2020-08-06T11:02:31Z,45.44281667,7.65680000,1364.00,100.945
1306,1,1306,-1654.689250108345,-5718.119066591989,2020-08-06T11:02:32Z,45.44290000,7.65683333,1351.00,100.937
1307,1,1307,-1653.689250108345,-5717.119066591989,2020-08-06T11:02:33Z,45.44298333,7.65688333,1372.00,100.928
1308,1,1308,-1652.689250108345,-5716.119066591989,2020-08-06T11:02:34Z,45.44303333,7.65695000,1355.00,100.921
1309,1,1309,-1651.689250108345,-5715.119066591989,2020-08-06T11:02:35Z,45.44308333,7.65705000,1370.00,100.911
1310,1,1310,-1650.689250108345,-5714.119066591989,2020-08-06T11:02:36Z,45.44313333,7.65716667,1372.00,100.901
1311,1,1311,-1649.689250108345,-5713.119066591989,2020-08-06T11:02:37Z,45.44315000,7.65730000,1370.00,100.891
1312,1,1312,-1648.689250108345,-5712.119066591989,2020-08-06T11:02:38Z,45.44311667,7.65743333,1366.00,100.885
1313,1,1313,-1647.689250108345,-5711.119066591989,2020-08-06T11:02:39Z,45.44306667,7.65751667,1373.00,100.883
1314,1,1314,-1646.689250108345,-5710.119066591989,2020-08-06T11:02:40Z,45.44300000,7.65756667,1372.00,100.884
1315,1,1315,-1645.689250108345,-5709.119066591989,2020-08-06T11:02:41Z,45.44291667,7.65756667,1374.00,100.89
1316,1,1316,-1644.689250108345,-5708.119066591989,2020-08-06T11:02:42Z,45.44281667,7.65751667,1365.00,100.899
1317,1,1317,-1643.689250108345,-5707.119066591989,2020-08-06T11:02:43Z,45.44275000,7.65743333,1363.00,100.909
1318,1,1318,-1642.689250108345,-5706.119066591989,2020-08-06T11:02:44Z,45.44270000,7.65731667,1367.00,100.919
1319,1,1319,-1641.689250108345,-5705.119066591989,2020-08-06T11:02:45Z,45.44266667,7.65715000,1365.00,100.932
1320,1,1320,-1640.689250108345,-5704.119066591989,2020-08-06T11:02:46Z,45.44265000,7.65698333,1369.00,100.944
1321,1,1321,-1639.689250108345,-5703.119066591989,2020-08-06T11:02:47Z,45.44265000,7.65680000,1368.00,100.955
1322,1,1322,-1638.689250108345,-5702.119066591989,2020-08-06T11:02:48Z,45.44268333,7.65663333,1371.00,100.964
1323,1,1323,-1637.689250108345,-5701.119066591989,2020-08-06T11:02:49Z,45.44275000,7.65651667,1372.00,100.967
1324,1,1324,-1636.689250108345,-5700.119066591989,2020-08-06T11:02:50Z,45.44281667,7.65643333,1363.00,100.968
1325,1,1325,-1635.689250108345,-5699.119066591989,2020-08-06T11:02:51Z,45.44291667,7.65638333,1374.00,100.964
1326,1,1326,-1634.689250108345,-5698.119066591989,2020-08-06T11:02:52Z,45.44303333,7.65635000,1375.00,100.959
1327,1,1327,-1633.689250108345,-5697.119066591989,2020-08-06T11:02:53Z,45.44313333,7.65633333,1378.00,100.953
1328,1,1328,-1632.689250108345,-5696.119066591989,2020-08-06T11:02:54Z,45.44321667,7.65635000,1380.00,100.947
1329,1,1329,-1631.689250108345,-5695.119066591989,2020-08-06T11:02:55Z,45.44328333,7.65641667,1376.00,100.938
1330,1,1330,-1630.689250108345,-5694.119066591989,2020-08-06T11:02:56Z,45.44333333,7.65653333,1374.00,100.928
1331,1,1331,-1629.689250108345,-5693.119066591989,2020-08-06T11:02:57Z,45.44333333,7.65668333,1379.00,100.918
1332,1,1332,-1628.689250108345,-5692.119066591989,2020-08-06T11:02:58Z,45.44330000,7.65681667,1380.00,100.912
1333,1,1333,-1627.689250108345,-5691.119066591989,2020-08-06T11:02:59Z,45.44323333,7.65691667,1391.00,100.91
1334,1,1334,-1626.689250108345,-5690.119066591989,2020-08-06T11:03:00Z,45.44315000,7.65698333,1385.00,100.911
1335,1,1335,-1625.689250108345,-5689.119066591989,2020-08-06T11:03:01Z,45.44306667,7.65698333,1391.00,100.917
1336,1,1336,-1624.689250108345,-5688.119066591989,2020-08-06T11:03:02Z,45.44298333,7.65695000,1386.00,100.924
1337,1,1337,-1623.689250108345,-5687.119066591989,2020-08-06T11:03:03Z,45.44293333,7.65685000,1382.00,100.934
1338,1,1338,-1622.689250108345,-5686.119066591989,2020-08-06T11:03:04Z,45.44290000,7.65670000,1389.00,100.945
1339,1,1339,-1621.689250108345,-5685.119066591989,2020-08-06T11:03:05Z,45.44290000,7.65656667,1383.00,100.954
1340,1,1340,-1620.689250108345,-5684.119066591989,2020-08-06T11:03:06Z,45.44291667,7.65643333,1402.00,100.961
1341,1,1341,-1619.689250108345,-5683.119066591989,2020-08-06T11:03:07Z,45.44298333,7.65633333,1383.00,100.963
1342,1,1342,-1618.689250108345,-5682.119066591989,2020-08-06T11:03:08Z,45.44306667,7.65628333,1399.00,100.961
1343,1,1343,-1617.689250108345,-5681.119066591989,2020-08-06T11:03:09Z,45.44315000,7.65626667,1397.00,100.957
1344,1,1344,-1616.689250108345,-5680.119066591989,2020-08-06T11:03:10Z,45.44325000,7.65628333,1399.00,100.949
1345,1,1345,-1615.689250108345,-5679.119066591989,2020-08-06T11:03:11Z,45.44335000,7.65633333,1411.00,100.939
1346,1,1346,-1614.689250108345,-5678.119066591989,2020-08-06T11:03:12Z,45.44340000,7.65641667,1409.00,100.931
1347,1,1347,-1613.689250108345,-5677.119066591989,2020-08-06T11:03:13Z,45.44345000,7.65653333,1400.00,100.92
1348,1,1348,-1612.689250108345,-5676.119066591989,2020-08-06T11:03:14Z,45.44345000,7.65666667,1403.00,100.912
1349,1,1349,-1611.689250108345,-5675.119066591989,2020-08-06T11:03:15Z,45.44343333,7.65680000,1402.00,100.904
1350,1,1350,-1610.689250108345,-5674.119066591989,2020-08-06T11:03:16Z,45.44341667,7.65691667,1414.00,100.898
1351,1,1351,-1609.689250108345,-5673.119066591989,2020-08-06T11:03:17Z,45.44336667,7.65698333,1401.00,100.897
1352,1,1352,-1608.689250108345,-5672.119066591989,2020-08-06T11:03:18Z,45.44330000,7.65701667,1407.00,100.899
1353,1,1353,-1607.689250108345,-5671.119066591989,2020-08-06T11:03:19Z,45.44325000,7.65701667,1407.00,100.903
1354,1,1354,-1606.689250108345,-5670.119066591989,2020-08-06T11:03:20Z,45.44315000,7.65696667,1413.00,100.912
1355,1,1355,-1605.689250108345,-5669.119066591989,2020-08-06T11:03:21Z,45.44306667,7.65691667,1407.00,100.921
1356,1,1356,-1604.689250108345,-5668.119066591989,2020-08-06T11:03:22Z,45.44298333,7.65681667,1407.00,100.933
1357,1,1357,-1603.689250108345,-5667.119066591989,2020-08-06T11:03:23Z,45.44293333,7.65671667,1405.00,100.942
1358,1,1358,-1602.689250108345,-5666.119066591989,2020-08-06T11:03:24Z,45.44288333,7.65656667,1416.00,100.955
1359,1,1359,-1601.689250108345,-5665.119066591989,2020-08-06T11:03:25Z,45.44285000,7.65640000,1407.00,100.968
1360,1,1360,-1600.689250108345,-5664.119066591989,2020-08-06T11:03:26Z,45.44280000,7.65623333,1406.00,100.981
1361,1,1361,-1599.689250108345,-5663.119066591989,2020-08-06T11:03:27Z,45.44280000,7.65608333,1421.00,100.991
1362,1,1362,-1598.689250108345,-5662.119066591989,2020-08-06T11:03:28Z,45.44281667,7.65591667,1410.00,101.0
1363,1,1363,-1597.689250108345,-5661.119066591989,2020-08-06T11:03:29Z,45.44285000,7.65580000,1399.00,101.006
1364,1,1364,-1596.689250108345,-5660.119066591989,2020-08-06T11:03:30Z,45.44290000,7.65571667,1419.00,101.008
1365,1,1365,-1595.689250108345,-5659.119066591989,2020-08-06T11:03:31Z,45.44296667,7.65565000,1404.00,101.008
1366,1,1366,-1594.689250108345,-5658.119066591989,2020-08-06T11:03:32Z,45.44305000,7.65556667,1414.00,101.007
1367,1,1367,-1593.689250108345,-5657.119066591989,2020-08-06T11:03:33Z,45.44313333,7.65550000,1409.00,101.006
1368,1,1368,-1592.689250108345,-5656.119066591989,2020-08-06T11:03:34Z,45.44325000,7.65545000,1403.00,101.002
1369,1,1369,-1591.689250108345,-5655.119066591989,2020-08-06T11:03:35Z,45.44335000,7.65540000,1409.00,100.999
1370,1,1370,-1590.689250108345,-5654.119066591989,2020-08-06T11:03:36Z,45.44348333,7.65535000,1411.00,100.993
1371,1,1371,-1589.689250108345,-5653.119066591989,2020-08-06T11:03:37Z,45.44358333,7.65533333,1407.00,100.988
1372,1,1372,-1588.689250108345,-5652.119066591989,2020-08-06T11:03:38Z,45.44370000,7.65533333,1405.00,100.98
1373,1,1373,-1587.689250108345,-5651.119066591989,2020-08-06T11:03:39Z,45.44381667,7.65538333,1407.00,100.969
1374,1,1374,-1586.689250108345,-5650.119066591989,2020-08-06T11:03:40Z,45.44391667,7.65545000,1413.00,100.959
1375,1,1375,-1585.689250108345,-5649.119066591989,2020-08-06T11:03:41Z,45.44401667,7.65550000,1408.00,100.949
1376,1,1376,-1584.689250108345,-5648.119066591989,2020-08-06T11:03:42Z,45.44410000,7.65555000,1407.00,100.94
1377,1,1377,-1583.689250108345,-5647.119066591989,2020-08-06T11:03:43Z,45.44416667,7.65561667,1411.00,100.932
1378,1,1378,-1582.689250108345,-5646.119066591989,2020-08-06T11:03:44Z,45.44421667,7.65568333,1413.00,100.924
1379,1,1379,-1581.689250108345,-5645.119066591989,2020-08-06T11:03:45Z,45.44426667,7.65576667,1411.00,100.916
1380,1,1380,-1580.689250108345,-5644.119066591989,2020-08-06T11:03:46Z,45.44428333,7.65588333,1404.00,100.907
1381,1,1381,-1579.689250108345,-5643.119066591989,2020-08-06T11:03:47Z,45.44428333,7.65601667,1409.00,100.899
1382,1,1382,-1578.689250108345,-5642.119066591989,2020-08-06T11:03:48Z,45.44423333,7.65611667,1413.00,100.896
1383,1,1383,-1577.689250108345,-5641.119066591989,2020-08-06T11:03:49Z,45.44420000,7.65621667,1406.00,100.892
1384,1,1384,-1576.689250108345,-5640.119066591989,2020-08-06T11:03:50Z,45.44413333,7.65625000,1408.00,100.894
1385,1,1385,-1575.689250108345,-5639.119066591989,2020-08-06T11:03:51Z,45.44406667,7.65631667,1406.00,100.894
1386,1,1386,-1574.689250108345,-5638.119066591989,2020-08-06T11:03:52Z,45.44400000,7.65635000,1404.00,100.896
1387,1,1387,-1573.689250108345,-5637.119066591989,2020-08-06T11:03:53Z,45.44393333,7.65636667,1419.00,100.899
1388,1,1388,-1572.689250108345,-5636.119066591989,2020-08-06T11:03:54Z,45.44385000,7.65638333,1402.00,100.904
1389,1,1389,-1571.689250108345,-5635.119066591989,2020-08-06T11:03:55Z,45.44378333,7.65636667,1413.00,100.909
1390,1,1390,-1570.689250108345,-5634.119066591989,2020-08-06T11:03:56Z,45.44371667,7.65635000,1396.00,100.915
1391,1,1391,-1569.689250108345,-5633.119066591989,2020-08-06T11:03:57Z,45.44366667,7.65630000,1411.00,100.921
1392,1,1392,-1568.689250108345,-5632.119066591989,2020-08-06T11:03:58Z,45.44360000,7.65621667,1417.00,100.931
1393,1,1393,-1567.689250108345,-5631.119066591989,2020-08-06T11:03:59Z,45.44353333,7.65613333,1417.00,100.94
1394,1,1394,-1566.689250108345,-5630.119066591989,2020-08-06T11:04:00Z,45.44350000,7.65600000,1404.00,100.951
1395,1,1395,-1565.689250108345,-5629.119066591989,2020-08-06T11:04:01Z,45.44346667,7.65586667,1408.00,100.961
1396,1,1396,-1564.689250108345,-5628.119066591989,2020-08-06T11:04:02Z,45.44343333,7.65573333,1423.00,100.972
1397,1,1397,-1563.689250108345,-5627.119066591989,2020-08-06T11:04:03Z,45.44346667,7.65560000,1398.00,100.978
1398,1,1398,-1562.689250108345,-5626.119066591989,2020-08-06T11:04:04Z,45.44353333,7.65548333,1425.00,100.981
1399,1,1399,-1561.689250108345,-5625.119066591989,2020-08-06T11:04:05Z,45.44360000,7.65540000,1413.00,100.982
1400,1,1400,-1560.689250108345,-5624.119066591989,2020-08-06T11:04:06Z,45.44370000,7.65535000,1417.00,100.979
1401,1,1401,-1559.689250108345,-5623.119066591989,2020-08-06T11:04:07Z,45.44386667,7.65533333,1418.00,100.969
1402,1,1402,-1558.689250108345,-5622.119066591989,2020-08-06T11:04:08Z,45.44395000,7.65530000,1418.00,100.966
1403,1,1403,-1557.689250108345,-5621.119066591989,2020-08-06T11:04:09Z,45.44405000,7.65528333,1409.00,100.961
1404,1,1404,-1556.689250108345,-5620.119066591989,2020-08-06T11:04:10Z,45.44415000,7.65530000,1412.00,100.953
1405,1,1405,-1555.689250108345,-5619.119066591989,2020-08-06T11:04:11Z,45.44425000,7.65531667,1413.00,100.946
1406,1,1406,-1554.689250108345,-5618.119066591989,2020-08-06T11:04:12Z,45.44431667,7.65538333,1416.00,100.937
1407,1,1407,-1553.689250108345,-5617.119066591989,2020-08-06T11:04:13Z,45.44436667,7.65545000,1417.00,100.93
1408,1,1408,-1552.689250108345,-5616.119066591989,2020-08-06T11:04:14Z,45.44441667,7.65553333,1402.00,100.921
1409,1,1409,-1551.689250108345,-5615.119066591989,2020-08-06T11:04:15Z,45.44443333,7.65563333,1416.00,100.914
1410,1,1410,-1550.689250108345,-5614.119066591989,2020-08-06T11:04:16Z,45.44440000,7.65573333,1415.00,100.909
1411,1,1411,-1549.689250108345,-5613.119066591989,2020-08-06T11:04:17Z,45.44438333,7.65585000,1413.00,100.903
1412,1,1412,-1548.689250108345,-5612.119066591989,2020-08-06T11:04:18Z,45.44433333,7.65595000,1417.00,100.9
1413,1,1413,-1547.689250108345,-5611.119066591989,2020-08-06T11:04:19Z,45.44428333,7.65603333,1402.00,100.898
1414,1,1414,-1546.689250108345,-5610.119066591989,2020-08-06T11:04:20Z,45.44421667,7.65608333,1424.00,100.899
1415,1,1415,-1545.689250108345,-5609.119066591989,2020-08-06T11:04:21Z,45.44415000,7.65613333,1415.00,100.9
1416,1,1416,-1544.689250108345,-5608.119066591989,2020-08-06T11:04:22Z,45.44406667,7.65618333,1429.00,100.902
1417,1,1417,-1543.689250108345,-5607.119066591989,2020-08-06T11:04:23Z,45.44401667,7.65623333,1413.00,100.902
1418,1,1418,-1542.689250108345,-5606.119066591989,2020-08-06T11:04:24Z,45.44395000,7.65628333,1395.00,100.904
1419,1,1419,-1541.689250108345,-5605.119066591989,2020-08-06T11:04:25Z,45.44390000,7.65630000,1417.00,100.906
1420,1,1420,-1540.689250108345,-5604.119066591989,2020-08-06T11:04:26Z,45.44383333,7.65628333,1409.00,100.911
1421,1,1421,-1539.689250108345,-5603.119066591989,2020-08-06T11:04:27Z,45.44375000,7.65625000,1414.00,100.919
1422,1,1422,-1538.689250108345,-5602.119066591989,2020-08-06T11:04:28Z,45.44371667,7.65613333,1407.00,100.928
1423,1,1423,-1537.689250108345,-5601.119066591989,2020-08-06T11:04:29Z,45.44371667,7.65596667,1411.00,100.939
1424,1,1424,-1536.689250108345,-5600.119066591989,2020-08-06T11:04:30Z,45.44368333,7.65585000,1410.00,100.948
1425,1,1425,-1535.689250108345,-5599.119066591989,2020-08-06T11:04:31Z,45.44368333,7.65571667,1420.00,100.957
1426,1,1426,-1534.689250108345,-5598.119066591989,2020-08-06T11:04:32Z,45.44370000,7.65560000,1413.00,100.963
1427,1,1427,-1533.689250108345,-5597.119066591989,2020-08-06T11:04:33Z,45.44376667,7.65553333,1413.00,100.963
1428,1,1428,-1532.689250108345,-5596.119066591989,2020-08-06T11:04:34Z,45.44391667,7.65555000,1421.00,100.952
1429,1,1429,-1531.689250108345,-5595.119066591989,2020-08-06T11:04:35Z,45.44403333,7.65556667,1409.00,100.944
1430,1,1430,-1530.689250108345,-5594.119066591989,2020-08-06T11:04:36Z,45.44413333,7.65561667,1408.00,100.934
1431,1,1431,-1529.689250108345,-5593.119066591989,2020-08-06T11:04:37Z,45.44421667,7.65570000,1409.00,100.923
1432,1,1432,-1528.689250108345,-5592.119066591989,2020-08-06T11:04:38Z,45.44430000,7.65576667,1410.00,100.914
1433,1,1433,-1527.689250108345,-5591.119066591989,2020-08-06T11:04:39Z,45.44438333,7.65585000,1405.00,100.903
1434,1,1434,-1526.689250108345,-5590.119066591989,2020-08-06T11:04:40Z,45.44445000,7.65591667,1406.00,100.895
1435,1,1435,-1525.689250108345,-5589.119066591989,2020-08-06T11:04:41Z,45.44453333,7.65600000,1408.00,100.884
1436,1,1436,-1524.689250108345,-5588.119066591989,2020-08-06T11:04:42Z,45.44460000,7.65610000,1406.00,100.873
1437,1,1437,-1523.689250108345,-5587.119066591989,2020-08-06T11:04:43Z,45.44466667,7.65621667,1409.00,100.862
1438,1,1438,-1522.689250108345,-5586.119066591989,2020-08-06T11:04:44Z,45.44470000,7.65631667,1397.00,100.853
1439,1,1439,-1521.689250108345,-5585.119066591989,2020-08-06T11:04:45Z,45.44471667,7.65643333,1403.00,100.845
1440,1,1440,-1520.689250108345,-5584.119066591989,2020-08-06T11:04:46Z,45.44470000,7.65653333,1407.00,100.839
1441,1,1441,-1519.689250108345,-5583.119066591989,2020-08-06T11:04:47Z,45.44465000,7.65660000,1408.00,100.838
1442,1,1442,-1518.689250108345,-5582.119066591989,2020-08-06T11:04:48Z,45.44458333,7.65665000,1414.00,100.839
1443,1,1443,-1517.689250108345,-5581.119066591989,2020-08-06T11:04:49Z,45.44451667,7.65670000,1399.00,100.841
1444,1,1444,-1516.689250108345,-5580.119066591989,2020-08-06T11:04:50Z,45.44445000,7.65668333,1406.00,100.846
1445,1,1445,-1515.689250108345,-5579.119066591989,2020-08-06T11:04:51Z,45.44438333,7.65661667,1402.00,100.854
1446,1,1446,-1514.689250108345,-5578.119066591989,2020-08-06T11:04:52Z,45.44433333,7.65650000,1409.00,100.865
1447,1,1447,-1513.689250108345,-5577.119066591989,2020-08-06T11:04:53Z,45.44430000,7.65636667,1399.00,100.876
1448,1,1448,-1512.689250108345,-5576.119066591989,2020-08-06T11:04:54Z,45.44428333,7.65625000,1401.00,100.884
1449,1,1449,-1511.689250108345,-5575.119066591989,2020-08-06T11:04:55Z,45.44426667,7.65615000,1408.00,100.892
1450,1,1450,-1510.689250108345,-5574.119066591989,2020-08-06T11:04:56Z,45.44426667,7.65605000,1403.00,100.898
1451,1,1451,-1509.689250108345,-5573.119066591989,2020-08-06T11:04:57Z,45.44431667,7.65600000,1405.00,100.898
1452,1,1452,-1508.689250108345,-5572.119066591989,2020-08-06T11:04:58Z,45.44435000,7.65595000,1400.00,100.899
1453,1,1453,-1507.689250108345,-5571.119066591989,2020-08-06T11:04:59Z,45.44440000,7.65591667,1391.00,100.898
1454,1,1454,-1506.689250108345,-5570.119066591989,2020-08-06T11:05:00Z,45.44448333,7.65590000,1394.00,100.893
1455,1,1455,-1505.689250108345,-5569.119066591989,2020-08-06T11:05:01Z,45.44461667,7.65596667,1397.00,100.881
1456,1,1456,-1504.689250108345,-5568.119066591989,2020-08-06T11:05:02Z,45.44476667,7.65600000,1396.00,100.869
1457,1,1457,-1503.689250108345,-5567.119066591989,2020-08-06T11:05:03Z,45.44485000,7.65601667,1400.00,100.862
1458,1,1458,-1502.689250108345,-5566.119066591989,2020-08-06T11:05:04Z,45.44493333,7.65606667,1391.00,100.854
1459,1,1459,-1501.689250108345,-5565.119066591989,2020-08-06T11:05:05Z,45.44501667,7.65611667,1398.00,100.845
1460,1,1460,-1500.689250108345,-5564.119066591989,2020-08-06T11:05:06Z,45.44508333,7.65618333,1392.00,100.837
1461,1,1461,-1499.689250108345,-5563.119066591989,2020-08-06T11:05:07Z,45.44516667,7.65623333,1400.00,100.828
1462,1,1462,-1498.689250108345,-5562.119066591989,2020-08-06T11:05:08Z,45.44525000,7.65630000,1388.00,100.819
1463,1,1463,-1497.689250108345,-5561.119066591989,2020-08-06T11:05:09Z,45.44533333,7.65638333,1393.00,100.808
1464,1,1464,-1496.689250108345,-5560.119066591989,2020-08-06T11:05:10Z,45.44541667,7.65646667,1400.00,100.797
1465,1,1465,-1495.689250108345,-5559.119066591989,2020-08-06T11:05:11Z,45.44548333,7.65655000,1394.00,100.788
1466,1,1466,-1494.689250108345,-5558.119066591989,2020-08-06T11:05:12Z,45.44555000,7.65665000,1403.00,100.777
1467,1,1467,-1493.689250108345,-5557.119066591989,2020-08-06T11:05:13Z,45.44561667,7.65673333,1411.00,100.767
1468,1,1468,-1492.689250108345,-5556.119066591989,2020-08-06T11:05:14Z,45.44568333,7.65681667,1391.00,100.758
1469,1,1469,-1491.689250108345,-5555.119066591989,2020-08-06T11:05:15Z,45.44571667,7.65690000,1407.00,100.75
1470,1,1470,-1490.689250108345,-5554.119066591989,2020-08-06T11:05:16Z,45.44573333,7.65698333,1406.00,100.744
1471,1,1471,-1489.689250108345,-5553.119066591989,2020-08-06T11:05:17Z,45.44571667,7.65703333,1407.00,100.742
1472,1,1472,-1488.689250108345,-5552.119066591989,2020-08-06T11:05:18Z,45.44566667,7.65708333,1405.00,100.742
1473,1,1473,-1487.689250108345,-5551.119066591989,2020-08-06T11:05:19Z,45.44560000,7.65711667,1410.00,100.744
1474,1,1474,-1486.689250108345,-5550.119066591989,2020-08-06T11:05:20Z,45.44556667,7.65710000,1408.00,100.747
1475,1,1475,-1485.689250108345,-5549.119066591989,2020-08-06T11:05:21Z,45.44551667,7.65700000,1402.00,100.757
1476,1,1476,-1484.689250108345,-5548.119066591989,2020-08-06T11:05:22Z,45.44550000,7.65686667,1416.00,100.766
1477,1,1477,-1483.689250108345,-5547.119066591989,2020-08-06T11:05:23Z,45.44551667,7.65671667,1403.00,100.775
1478,1,1478,-1482.689250108345,-5546.119066591989,2020-08-06T11:05:24Z,45.44556667,7.65661667,1407.00,100.778
1479,1,1479,-1481.689250108345,-5545.119066591989,2020-08-06T11:05:25Z,45.44560000,7.65655000,1408.00,100.78
1480,1,1480,-1480.689250108345,-5544.119066591989,2020-08-06T11:05:26Z,45.44566667,7.65653333,1414.00,100.777
1481,1,1481,-1479.689250108345,-5543.119066591989,2020-08-06T11:05:27Z,45.44573333,7.65661667,1414.00,100.767
1482,1,1482,-1478.689250108345,-5542.119066591989,2020-08-06T11:05:28Z,45.44581667,7.65678333,1409.00,100.751
1483,1,1483,-1477.689250108345,-5541.119066591989,2020-08-06T11:05:29Z,45.44583333,7.65686667,1412.00,100.745
1484,1,1484,-1476.689250108345,-5540.119066591989,2020-08-06T11:05:30Z,45.44576667,7.65695000,1415.00,100.744
1485,1,1485,-1475.689250108345,-5539.119066591989,2020-08-06T11:05:31Z,45.44568333,7.65700000,1414.00,100.746
1486,1,1486,-1474.689250108345,-5538.119066591989,2020-08-06T11:05:32Z,45.44561667,7.65703333,1414.00,100.748
1487,1,1487,-1473.689250108345,-5537.119066591989,2020-08-06T11:05:33Z,45.44558333,7.65703333,1407.00,100.75
1488,1,1488,-1472.689250108345,-5536.119066591989,2020-08-06T11:05:34Z,45.44553333,7.65700000,1421.00,100.756
1489,1,1489,-1471.689250108345,-5535.119066591989,2020-08-06T11:05:35Z,45.44550000,7.65693333,1406.00,100.762
1490,1,1490,-1470.689250108345,-5534.119066591989,2020-08-06T11:05:36Z,45.44545000,7.65683333,1419.00,100.772
1491,1,1491,-1469.689250108345,-5533.119066591989,2020-08-06T11:05:37Z,45.44543333,7.65671667,1423.00,100.78
1492,1,1492,-1468.689250108345,-5532.119066591989,2020-08-06T11:05:38Z,45.44545000,7.65660000,1416.00,100.787
1493,1,1493,-1467.689250108345,-5531.119066591989,2020-08-06T11:05:39Z,45.44546667,7.65650000,1418.00,100.792
1494,1,1494,-1466.689250108345,-5530.119066591989,2020-08-06T11:05:40Z,45.44550000,7.65643333,1428.00,100.794
1495,1,1495,-1465.689250108345,-5529.119066591989,2020-08-06T11:05:41Z,45.44556667,7.65638333,1423.00,100.793
1496,1,1496,-1464.689250108345,-5528.119066591989,2020-08-06T11:05:42Z,45.44563333,7.65635000,1423.00,100.791
1497,1,1497,-1463.689250108345,-5527.119066591989,2020-08-06T11:05:43Z,45.44568333,7.65631667,1428.00,100.79
1498,1,1498,-1462.689250108345,-5526.119066591989,2020-08-06T11:05:44Z,45.44576667,7.65631667,1431.00,100.784
1499,1,1499,-1461.689250108345,-5525.119066591989,2020-08-06T11:05:45Z,45.44583333,7.65635000,1432.00,100.778
1500,1,1500,-1460.689250108345,-5524.119066591989,2020-08-06T11:05:46Z,45.44585000,7.65640000,1422.00,100.774
1501,1,1501,-1459.689250108345,-5523.119066591989,2020-08-06T11:05:47Z,45.44585000,7.65646667,1421.00,100.769
1502,1,1502,-1458.689250108345,-5522.119066591989,2020-08-06T11:05:48Z,45.44586667,7.65653333,1434.00,100.764
1503,1,1503,-1457.689250108345,-5521.119066591989,2020-08-06T11:05:49Z,45.44581667,7.65660000,1427.00,100.763
1504,1,1504,-1456.689250108345,-5520.119066591989,2020-08-06T11:05:50Z,45.44575000,7.65663333,1435.00,100.765
1505,1,1505,-1455.689250108345,-5519.119066591989,2020-08-06T11:05:51Z,45.44568333,7.65665000,1432.00,100.768
1506,1,1506,-1454.689250108345,-5518.119066591989,2020-08-06T11:05:52Z,45.44561667,7.65663333,1430.00,100.774
1507,1,1507,-1453.689250108345,-5517.119066591989,2020-08-06T11:05:53Z,45.44560000,7.65653333,1426.00,100.781
1508,1,1508,-1452.689250108345,-5516.119066591989,2020-08-06T11:05:54Z,45.44560000,7.65636667,1439.00,100.792
1509,1,1509,-1451.689250108345,-5515.119066591989,2020-08-06T11:05:55Z,45.44558333,7.65625000,1423.00,100.8
1510,1,1510,-1450.689250108345,-5514.119066591989,2020-08-06T11:05:56Z,45.44558333,7.65613333,1439.00,100.808
1511,1,1511,-1449.689250108345,-5513.119066591989,2020-08-06T11:05:57Z,45.44561667,7.65605000,1441.00,100.811
1512,1,1512,-1448.689250108345,-5512.119066591989,2020-08-06T11:05:58Z,45.44566667,7.65598333,1443.00,100.812
1513,1,1513,-1447.689250108345,-5511.119066591989,2020-08-06T11:05:59Z,45.44573333,7.65595000,1441.00,100.81
1514,1,1514,-1446.689250108345,-5510.119066591989,2020-08-06T11:06:00Z,45.44581667,7.65590000,1445.00,100.808
1515,1,1515,-1445.689250108345,-5509.119066591989,2020-08-06T11:06:01Z,45.44590000,7.65585000,1441.00,100.805
1516,1,1516,-1444.689250108345,-5508.119066591989,2020-08-06T11:06:02Z,45.44598333,7.65583333,1440.00,100.801
1517,1,1517,-1443.689250108345,-5507.119066591989,2020-08-06T11:06:03Z,45.44603333,7.65586667,1441.00,100.796
1518,1,1518,-1442.689250108345,-5506.119066591989,2020-08-06T11:06:04Z,45.44610000,7.65595000,1438.00,100.786
1519,1,1519,-1441.689250108345,-5505.119066591989,2020-08-06T11:06:05Z,45.44616667,7.65603333,1441.00,100.777
1520,1,1520,-1440.689250108345,-5504.119066591989,2020-08-06T11:06:06Z,45.44625000,7.65611667,1439.00,100.766
1521,1,1521,-1439.689250108345,-5503.119066591989,2020-08-06T11:06:07Z,45.44633333,7.65618333,1446.00,100.756
1522,1,1522,-1438.689250108345,-5502.119066591989,2020-08-06T11:06:08Z,45.44641667,7.65625000,1433.00,100.747
1523,1,1523,-1437.689250108345,-5501.119066591989,2020-08-06T11:06:09Z,45.44648333,7.65633333,1433.00,100.737
1524,1,1524,-1436.689250108345,-5500.119066591989,2020-08-06T11:06:10Z,45.44656667,7.65641667,1435.00,100.727
1525,1,1525,-1435.689250108345,-5499.119066591989,2020-08-06T11:06:11Z,45.44661667,7.65650000,1440.00,100.718
1526,1,1526,-1434.689250108345,-5498.119066591989,2020-08-06T11:06:12Z,45.44668333,7.65660000,1427.00,100.707
1527,1,1527,-1433.689250108345,-5497.119066591989,2020-08-06T11:06:13Z,45.44668333,7.65670000,1435.00,100.701
1528,1,1528,-1432.689250108345,-5496.119066591989,2020-08-06T11:06:14Z,45.44661667,7.65681667,1436.00,100.698
1529,1,1529,-1431.689250108345,-5495.119066591989,2020-08-06T11:06:15Z,45.44656667,7.65688333,1427.00,100.697
1530,1,1530,-1430.689250108345,-5494.119066591989,2020-08-06T11:06:16Z,45.44650000,7.65696667,1426.00,100.696
1531,1,1531,-1429.689250108345,-5493.119066591989,2020-08-06T11:06:17Z,45.44645000,7.65703333,1429.00,100.695
1532,1,1532,-1428.689250108345,-5492.119066591989,2020-08-06T11:06:18Z,45.44640000,7.65711667,1435.00,100.693
1533,1,1533,-1427.689250108345,-5491.119066591989,2020-08-06T11:06:19Z,45.44633333,7.65718333,1446.00,100.693
1534,1,1534,-1426.689250108345,-5490.119066591989,2020-08-06T11:06:20Z,45.44628333,7.65726667,1442.00,100.691
1535,1,1535,-1425.689250108345,-5489.119066591989,2020-08-06T11:06:21Z,45.44625000,7.65736667,1422.00,100.686
1536,1,1536,-1424.689250108345,-5488.119066591989,2020-08-06T11:06:22Z,45.44621667,7.65748333,1422.00,100.681
1537,1,1537,-1423.689250108345,-5487.119066591989,2020-08-06T11:06:23Z,45.44621667,7.65760000,1423.00,100.674
1538,1,1538,-1422.689250108345,-5486.119066591989,2020-08-06T11:06:24Z,45.44623333,7.65770000,1446.00,100.666
1539,1,1539,-1421.689250108345,-5485.119066591989,2020-08-06T11:06:25Z,45.44626667,7.65780000,1437.00,100.658
1540,1,1540,-1420.689250108345,-5484.119066591989,2020-08-06T11:06:26Z,45.44630000,7.65790000,1434.00,100.649
1541,1,1541,-1419.689250108345,-5483.119066591989,2020-08-06T11:06:27Z,45.44631667,7.65800000,1424.00,100.642
1542,1,1542,-1418.689250108345,-5482.119066591989,2020-08-06T11:06:28Z,45.44635000,7.65811667,1432.00,100.632
1543,1,1543,-1417.689250108345,-5481.119066591989,2020-08-06T11:06:29Z,45.44638333,7.65821667,1433.00,100.624
1544,1,1544,-1416.689250108345,-5480.119066591989,2020-08-06T11:06:30Z,45.44640000,7.65831667,1432.00,100.616
1545,1,1545,-1415.689250108345,-5479.119066591989,2020-08-06T11:06:31Z,45.44643333,7.65841667,1436.00,100.608
1546,1,1546,-1414.689250108345,-5478.119066591989,2020-08-06T11:06:32Z,45.44646667,7.65851667,1431.00,100.599
1547,1,1547,-1413.689250108345,-5477.119066591989,2020-08-06T11:06:33Z,45.44651667,7.65861667,1439.00,100.59
1548,1,1548,-1412.689250108345,-5476.119066591989,2020-08-06T11:06:34Z,45.44656667,7.65871667,1435.00,100.58
1549,1,1549,-1411.689250108345,-5475.119066591989,2020-08-06T11:06:35Z,45.44661667,7.65881667,1445.00,100.571
1550,1,1550,-1410.689250108345,-5474.119066591989,2020-08-06T11:06:36Z,45.44665000,7.65890000,1432.00,100.563
1551,1,1551,-1409.689250108345,-5473.119066591989,2020-08-06T11:06:37Z,45.44666667,7.65900000,1438.00,100.556
1552,1,1552,-1408.689250108345,-5472.119066591989,2020-08-06T11:06:38Z,45.44666667,7.65910000,1436.00,100.549
1553,1,1553,-1407.689250108345,-5471.119066591989,2020-08-06T11:06:39Z,45.44663333,7.65920000,1437.00,100.545
1554,1,1554,-1406.689250108345,-5470.119066591989,2020-08-06T11:06:40Z,45.44658333,7.65930000,1435.00,100.542
1555,1,1555,-1405.689250108345,-5469.119066591989,2020-08-06T11:06:41Z,45.44650000,7.65936667,1432.00,100.543
1556,1,1556,-1404.689250108345,-5468.119066591989,2020-08-06T11:06:42Z,45.44643333,7.65943333,1433.00,100.543
1557,1,1557,-1403.689250108345,-5467.119066591989,2020-08-06T11:06:43Z,45.44635000,7.65941667,1438.00,100.55
1558,1,1558,-1402.689250108345,-5466.119066591989,2020-08-06T11:06:44Z,45.44628333,7.65940000,1435.00,100.555
1559,1,1559,-1401.689250108345,-5465.119066591989,2020-08-06T11:06:45Z,45.44621667,7.65928333,1438.00,100.567
1560,1,1560,-1400.689250108345,-5464.119066591989,2020-08-06T11:06:46Z,45.44615000,7.65920000,1439.00,100.576
1561,1,1561,-1399.689250108345,-5463.119066591989,2020-08-06T11:06:47Z,45.44608333,7.65910000,1429.00,100.587
1562,1,1562,-1398.689250108345,-5462.119066591989,2020-08-06T11:06:48Z,45.44605000,7.65896667,1438.00,100.598
1563,1,1563,-1397.689250108345,-5461.119066591989,2020-08-06T11:06:49Z,45.44601667,7.65881667,1438.00,100.609
1564,1,1564,-1396.689250108345,-5460.119066591989,2020-08-06T11:06:50Z,45.44600000,7.65868333,1434.00,100.619
1565,1,1565,-1395.689250108345,-5459.119066591989,2020-08-06T11:06:51Z,45.44603333,7.65855000,1439.00,100.625
1566,1,1566,-1394.689250108345,-5458.119066591989,2020-08-06T11:06:52Z,45.44606667,7.65843333,1451.00,100.63
1567,1,1567,-1393.689250108345,-5457.119066591989,2020-08-06T11:06:53Z,45.44613333,7.65838333,1436.00,100.629
1568,1,1568,-1392.689250108345,-5456.119066591989,2020-08-06T11:06:54Z,45.44618333,7.65831667,1426.00,100.63
1569,1,1569,-1391.689250108345,-5455.119066591989,2020-08-06T11:06:55Z,45.44626667,7.65830000,1449.00,100.626
1570,1,1570,-1390.689250108345,-5454.119066591989,2020-08-06T11:06:56Z,45.44635000,7.65833333,1449.00,100.618
1571,1,1571,-1389.689250108345,-5453.119066591989,2020-08-06T11:06:57Z,45.44641667,7.65841667,1442.00,100.609
1572,1,1572,-1388.689250108345,-5452.119066591989,2020-08-06T11:06:58Z,45.44640000,7.65848333,1444.00,100.606
1573,1,1573,-1387.689250108345,-5451.119066591989,2020-08-06T11:06:59Z,45.44636667,7.65856667,1448.00,100.603
1574,1,1574,-1386.689250108345,-5450.119066591989,2020-08-06T11:07:00Z,45.44631667,7.65865000,1447.00,100.6
1575,1,1575,-1385.689250108345,-5449.119066591989,2020-08-06T11:07:01Z,45.44621667,7.65868333,1456.00,100.605
1576,1,1576,-1384.689250108345,-5448.119066591989,2020-08-06T11:07:02Z,45.44618333,7.65860000,1456.00,100.612
1577,1,1577,-1383.689250108345,-5447.119066591989,2020-08-06T11:07:03Z,45.44613333,7.65853333,1436.00,100.62
1578,1,1578,-1382.689250108345,-5446.119066591989,2020-08-06T11:07:04Z,45.44608333,7.65843333,1459.00,100.629
1579,1,1579,-1381.689250108345,-5445.119066591989,2020-08-06T11:07:05Z,45.44603333,7.65830000,1454.00,100.641
1580,1,1580,-1380.689250108345,-5444.119066591989,2020-08-06T11:07:06Z,45.44598333,7.65816667,1461.00,100.653
1581,1,1581,-1379.689250108345,-5443.119066591989,2020-08-06T11:07:07Z,45.44595000,7.65803333,1452.00,100.663
1582,1,1582,-1378.689250108345,-5442.119066591989,2020-08-06T11:07:08Z,45.44593333,7.65793333,1452.00,100.671
1583,1,1583,-1377.689250108345,-5441.119066591989,2020-08-06T11:07:09Z,45.44593333,7.65781667,1457.00,100.678
1584,1,1584,-1376.689250108345,-5440.119066591989,2020-08-06T11:07:10Z,45.44593333,7.65771667,1458.00,100.684
1585,1,1585,-1375.689250108345,-5439.119066591989,2020-08-06T11:07:11Z,45.44596667,7.65763333,1467.00,100.688
1586,1,1586,-1374.689250108345,-5438.119066591989,2020-08-06T11:07:12Z,45.44605000,7.65756667,1457.00,100.687
1587,1,1587,-1373.689250108345,-5437.119066591989,2020-08-06T11:07:13Z,45.44613333,7.65756667,1476.00,100.681
1588,1,1588,-1372.689250108345,-5436.119066591989,2020-08-06T11:07:14Z,45.44621667,7.65755000,1463.00,100.677
1589,1,1589,-1371.689250108345,-5435.119066591989,2020-08-06T11:07:15Z,45.44626667,7.65755000,1475.00,100.674
1590,1,1590,-1370.689250108345,-5434.119066591989,2020-08-06T11:07:16Z,45.44636667,7.65761667,1471.00,100.663
1591,1,1591,-1369.689250108345,-5433.119066591989,2020-08-06T11:07:17Z,45.44640000,7.65771667,1479.00,100.654
1592,1,1592,-1368.689250108345,-5432.119066591989,2020-08-06T11:07:18Z,45.44638333,7.65781667,1467.00,100.649
1593,1,1593,-1367.689250108345,-5431.119066591989,2020-08-06T11:07:19Z,45.44635000,7.65790000,1467.00,100.646
1594,1,1594,-1366.689250108345,-5430.119066591989,2020-08-06T11:07:20Z,45.44628333,7.65796667,1475.00,100.646
1595,1,1595,-1365.689250108345,-5429.119066591989,2020-08-06T11:07:21Z,45.44620000,7.65801667,1472.00,100.648
1596,1,1596,-1364.689250108345,-5428.119066591989,2020-08-06T11:07:22Z,45.44613333,7.65803333,1477.00,100.651
1597,1,1597,-1363.689250108345,-5427.119066591989,2020-08-06T11:07:23Z,45.44608333,7.65801667,1474.00,100.656
1598,1,1598,-1362.689250108345,-5426.119066591989,2020-08-06T11:07:24Z,45.44606667,7.65791667,1470.00,100.663
1599,1,1599,-1361.689250108345,-5425.119066591989,2020-08-06T11:07:25Z,45.44603333,7.65780000,1478.00,100.673
1600,1,1600,-1360.689250108345,-5424.119066591989,2020-08-06T11:07:26Z,45.44598333,7.65770000,1483.00,100.682
1601,1,1601,-1359.689250108345,-5423.119066591989,2020-08-06T11:07:27Z,45.44595000,7.65758333,1478.00,100.692
1602,1,1602,-1358.689250108345,-5422.119066591989,2020-08-06T11:07:28Z,45.44591667,7.65746667,1469.00,100.701
1603,1,1603,-1357.689250108345,-5421.119066591989,2020-08-06T11:07:29Z,45.44590000,7.65735000,1490.00,100.71
1604,1,1604,-1356.689250108345,-5420.119066591989,2020-08-06T11:07:30Z,45.44588333,7.65728333,1481.00,100.715
1605,1,1605,-1355.689250108345,-5419.119066591989,2020-08-06T11:07:31Z,45.44588333,7.65725000,1482.00,100.717
1606,1,1606,-1354.689250108345,-5418.119066591989,2020-08-06T11:07:32Z,45.44590000,7.65723333,1494.00,100.717
1607,1,1607,-1353.689250108345,-5417.119066591989,2020-08-06T11:07:33Z,45.44593333,7.65728333,1488.00,100.712
1608,1,1608,-1352.689250108345,-5416.119066591989,2020-08-06T11:07:34Z,45.44600000,7.65736667,1489.00,100.702
1609,1,1609,-1351.689250108345,-5415.119066591989,2020-08-06T11:07:35Z,45.44605000,7.65741667,1497.00,100.696
1610,1,1610,-1350.689250108345,-5414.119066591989,2020-08-06T11:07:36Z,45.44606667,7.65748333,1486.00,100.691
1611,1,1611,-1349.689250108345,-5413.119066591989,2020-08-06T11:07:37Z,45.44603333,7.65751667,1492.00,100.691
1612,1,1612,-1348.689250108345,-5412.119066591989,2020-08-06T11:07:38Z,45.44596667,7.65753333,1494.00,100.694
1613,1,1613,-1347.689250108345,-5411.119066591989,2020-08-06T11:07:39Z,45.44588333,7.65753333,1495.00,100.699
1614,1,1614,-1346.689250108345,-5410.119066591989,2020-08-06T11:07:40Z,45.44583333,7.65751667,1487.00,100.704
1615,1,1615,-1345.689250108345,-5409.119066591989,2020-08-06T11:07:41Z,45.44578333,7.65746667,1492.00,100.71
1616,1,1616,-1344.689250108345,-5408.119066591989,2020-08-06T11:07:42Z,45.44571667,7.65736667,1488.00,100.721
1617,1,1617,-1343.689250108345,-5407.119066591989,2020-08-06T11:07:43Z,45.44566667,7.65726667,1498.00,100.73
1618,1,1618,-1342.689250108345,-5406.119066591989,2020-08-06T11:07:44Z,45.44563333,7.65716667,1498.00,100.739
1619,1,1619,-1341.689250108345,-5405.119066591989,2020-08-06T11:07:45Z,45.44561667,7.65708333,1494.00,100.745
1620,1,1620,-1340.689250108345,-5404.119066591989,2020-08-06T11:07:46Z,45.44561667,7.65700000,1497.00,100.75
1621,1,1621,-1339.689250108345,-5403.119066591989,2020-08-06T11:07:47Z,45.44563333,7.65693333,1506.00,100.754
1622,1,1622,-1338.689250108345,-5402.119066591989,2020-08-06T11:07:48Z,45.44565000,7.65688333,1498.00,100.756
1623,1,1623,-1337.689250108345,-5401.119066591989,2020-08-06T11:07:49Z,45.44570000,7.65681667,1513.00,100.757
1624,1,1624,-1336.689250108345,-5400.119066591989,2020-08-06T11:07:50Z,45.44576667,7.65678333,1507.00,100.755
1625,1,1625,-1335.689250108345,-5399.119066591989,2020-08-06T11:07:51Z,45.44583333,7.65676667,1504.00,100.751
1626,1,1626,-1334.689250108345,-5398.119066591989,2020-08-06T11:07:52Z,45.44588333,7.65676667,1502.00,100.748
1627,1,1627,-1333.689250108345,-5397.119066591989,2020-08-06T11:07:53Z,45.44593333,7.65683333,1503.00,100.741
1628,1,1628,-1332.689250108345,-5396.119066591989,2020-08-06T11:07:54Z,45.44600000,7.65688333,1504.00,100.733
1629,1,1629,-1331.689250108345,-5395.119066591989,2020-08-06T11:07:55Z,45.44603333,7.65696667,1509.00,100.726
1630,1,1630,-1330.689250108345,-5394.119066591989,2020-08-06T11:07:56Z,45.44603333,7.65703333,1512.00,100.722
1631,1,1631,-1329.689250108345,-5393.119066591989,2020-08-06T11:07:57Z,45.44596667,7.65713333,1508.00,100.719
1632,1,1632,-1328.689250108345,-5392.119066591989,2020-08-06T11:07:58Z,45.44593333,7.65723333,1504.00,100.715
1633,1,1633,-1327.689250108345,-5391.119066591989,2020-08-06T11:07:59Z,45.44591667,7.65730000,1510.00,100.712
1634,1,1634,-1326.689250108345,-5390.119066591989,2020-08-06T11:08:00Z,45.44588333,7.65736667,1508.00,100.71
1635,1,1635,-1325.689250108345,-5389.119066591989,2020-08-06T11:08:01Z,45.44585000,7.65743333,1503.00,100.708
1636,1,1636,-1324.689250108345,-5388.119066591989,2020-08-06T11:08:02Z,45.44575000,7.65743333,1517.00,100.714
1637,1,1637,-1323.689250108345,-5387.119066591989,2020-08-06T11:08:03Z,45.44571667,7.65746667,1513.00,100.714
1638,1,1638,-1322.689250108345,-5386.119066591989,2020-08-06T11:08:04Z,45.44571667,7.65746667,1503.00,100.714
1639,1,1639,-1321.689250108345,-5385.119066591989,2020-08-06T11:08:05Z,45.44570000,7.65743333,1514.00,100.718
1640,1,1640,-1320.689250108345,-5384.119066591989,2020-08-06T11:08:06Z,45.44566667,7.65738333,1513.00,100.723
1641,1,1641,-1319.689250108345,-5383.119066591989,2020-08-06T11:08:07Z,45.44565000,7.65730000,1502.00,100.729
1642,1,1642,-1318.689250108345,-5382.119066591989,2020-08-06T11:08:08Z,45.44561667,7.65720000,1511.00,100.738
1643,1,1643,-1317.689250108345,-5381.119066591989,2020-08-06T11:08:09Z,45.44558333,7.65710000,1507.00,100.746
1644,1,1644,-1316.689250108345,-5380.119066591989,2020-08-06T11:08:10Z,45.44556667,7.65700000,1508.00,100.754
1645,1,1645,-1315.689250108345,-5379.119066591989,2020-08-06T11:08:11Z,45.44558333,7.65686667,1511.00,100.761
1646,1,1646,-1314.689250108345,-5378.119066591989,2020-08-06T11:08:12Z,45.44563333,7.65676667,1509.00,100.764
1647,1,1647,-1313.689250108345,-5377.119066591989,2020-08-06T11:08:13Z,45.44568333,7.65668333,1511.00,100.766
1648,1,1648,-1312.689250108345,-5376.119066591989,2020-08-06T11:08:14Z,45.44575000,7.65658333,1513.00,100.768
1649,1,1649,-1311.689250108345,-5375.119066591989,2020-08-06T11:08:15Z,45.44583333,7.65656667,1515.00,100.764
1650,1,1650,-1310.689250108345,-5374.119066591989,2020-08-06T11:08:16Z,45.44590000,7.65655000,1513.00,100.761
1651,1,1651,-1309.689250108345,-5373.119066591989,2020-08-06T11:08:17Z,45.44598333,7.65658333,1510.00,100.753
1652,1,1652,-1308.689250108345,-5372.119066591989,2020-08-06T11:08:18Z,45.44605000,7.65661667,1507.00,100.747
1653,1,1653,-1307.689250108345,-5371.119066591989,2020-08-06T11:08:19Z,45.44611667,7.65668333,1515.00,100.738
1654,1,1654,-1306.689250108345,-5370.119066591989,2020-08-06T11:08:20Z,45.44616667,7.65673333,1516.00,100.732
1655,1,1655,-1305.689250108345,-5369.119066591989,2020-08-06T11:08:21Z,45.44620000,7.65680000,1518.00,100.726
1656,1,1656,-1304.689250108345,-5368.119066591989,2020-08-06T11:08:22Z,45.44620000,7.65686667,1517.00,100.721
1657,1,1657,-1303.689250108345,-5367.119066591989,2020-08-06T11:08:23Z,45.44613333,7.65696667,1513.00,100.719
1658,1,1658,-1302.689250108345,-5366.119066591989,2020-08-06T11:08:24Z,45.44610000,7.65706667,1518.00,100.715
1659,1,1659,-1301.689250108345,-5365.119066591989,2020-08-06T11:08:25Z,45.44605000,7.65715000,1526.00,100.713
1660,1,1660,-1300.689250108345,-5364.119066591989,2020-08-06T11:08:26Z,45.44600000,7.65723333,1523.00,100.711
1661,1,1661,-1299.689250108345,-5363.119066591989,2020-08-06T11:08:27Z,45.44593333,7.65726667,1517.00,100.713
1662,1,1662,-1298.689250108345,-5362.119066591989,2020-08-06T11:08:28Z,45.44588333,7.65730000,1523.00,100.714
1663,1,1663,-1297.689250108345,-5361.119066591989,2020-08-06T11:08:29Z,45.44581667,7.65728333,1515.00,100.72
1664,1,1664,-1296.689250108345,-5360.119066591989,2020-08-06T11:08:30Z,45.44575000,7.65723333,1526.00,100.727
1665,1,1665,-1295.689250108345,-5359.119066591989,2020-08-06T11:08:31Z,45.44568333,7.65713333,1521.00,100.738
1666,1,1666,-1294.689250108345,-5358.119066591989,2020-08-06T11:08:32Z,45.44565000,7.65698333,1524.00,100.749
1667,1,1667,-1293.689250108345,-5357.119066591989,2020-08-06T11:08:33Z,45.44563333,7.65685000,1523.00,100.759
1668,1,1668,-1292.689250108345,-5356.119066591989,2020-08-06T11:08:34Z,45.44561667,7.65673333,1527.00,100.767
1669,1,1669,-1291.689250108345,-5355.119066591989,2020-08-06T11:08:35Z,45.44561667,7.65661667,1521.00,100.775
1670,1,1670,-1290.689250108345,-5354.119066591989,2020-08-06T11:08:36Z,45.44560000,7.65650000,1526.00,100.783
1671,1,1671,-1289.689250108345,-5353.119066591989,2020-08-06T11:08:37Z,45.44561667,7.65638333,1520.00,100.79
1672,1,1672,-1288.689250108345,-5352.119066591989,2020-08-06T11:08:38Z,45.44568333,7.65631667,1524.00,100.79
1673,1,1673,-1287.689250108345,-5351.119066591989,2020-08-06T11:08:39Z,45.44575000,7.65626667,1526.00,100.789
1674,1,1674,-1286.689250108345,-5350.119066591989,2020-08-06T11:08:40Z,45.44583333,7.65625000,1523.00,100.784
1675,1,1675,-1285.689250108345,-5349.119066591989,2020-08-06T11:08:41Z,45.44591667,7.65623333,1522.00,100.78
1676,1,1676,-1284.689250108345,-5348.119066591989,2020-08-06T11:08:42Z,45.44600000,7.65626667,1528.00,100.772
1677,1,1677,-1283.689250108345,-5347.119066591989,2020-08-06T11:08:43Z,45.44606667,7.65631667,1529.00,100.765
1678,1,1678,-1282.689250108345,-5346.119066591989,2020-08-06T11:08:44Z,45.44611667,7.65636667,1523.00,100.759
1679,1,1679,-1281.689250108345,-5345.119066591989,2020-08-06T11:08:45Z,45.44611667,7.65645000,1527.00,100.753
1680,1,1680,-1280.689250108345,-5344.119066591989,2020-08-06T11:08:46Z,45.44613333,7.65656667,1527.00,100.745
1681,1,1681,-1279.689250108345,-5343.119066591989,2020-08-06T11:08:47Z,45.44610000,7.65666667,1528.00,100.741
1682,1,1682,-1278.689250108345,-5342.119066591989,2020-08-06T11:08:48Z,45.44603333,7.65670000,1521.00,100.743
1683,1,1683,-1277.689250108345,-5341.119066591989,2020-08-06T11:08:49Z,45.44596667,7.65680000,1528.00,100.741
1684,1,1684,-1276.689250108345,-5340.119066591989,2020-08-06T11:08:50Z,45.44590000,7.65686667,1531.00,100.741
1685,1,1685,-1275.689250108345,-5339.119066591989,2020-08-06T11:08:51Z,45.44583333,7.65688333,1523.00,100.744
1686,1,1686,-1274.689250108345,-5338.119066591989,2020-08-06T11:08:52Z,45.44576667,7.65686667,1532.00,100.749
1687,1,1687,-1273.689250108345,-5337.119066591989,2020-08-06T11:08:53Z,45.44568333,7.65683333,1533.00,100.757
1688,1,1688,-1272.689250108345,-5336.119066591989,2020-08-06T11:08:54Z,45.44563333,7.65673333,1533.00,100.766
1689,1,1689,-1271.689250108345,-5335.119066591989,2020-08-06T11:08:55Z,45.44555000,7.65661667,1529.00,100.779
1690,1,1690,-1270.689250108345,-5334.119066591989,2020-08-06T11:08:56Z,45.44551667,7.65650000,1532.00,100.789
1691,1,1691,-1269.689250108345,-5333.119066591989,2020-08-06T11:08:57Z,45.44548333,7.65638333,1533.00,100.798
1692,1,1692,-1268.689250108345,-5332.119066591989,2020-08-06T11:08:58Z,45.44546667,7.65628333,1530.00,100.806
1693,1,1693,-1267.689250108345,-5331.119066591989,2020-08-06T11:08:59Z,45.44545000,7.65616667,1536.00,100.814
1694,1,1694,-1266.689250108345,-5330.119066591989,2020-08-06T11:09:00Z,45.44545000,7.65606667,1535.00,100.821
1695,1,1695,-1265.689250108345,-5329.119066591989,2020-08-06T11:09:01Z,45.44551667,7.65596667,1531.00,100.823
1696,1,1696,-1264.689250108345,-5328.119066591989,2020-08-06T11:09:02Z,45.44556667,7.65586667,1539.00,100.826
1697,1,1697,-1263.689250108345,-5327.119066591989,2020-08-06T11:09:03Z,45.44563333,7.65578333,1538.00,100.827
1698,1,1698,-1262.689250108345,-5326.119066591989,2020-08-06T11:09:04Z,45.44573333,7.65573333,1530.00,100.824
1699,1,1699,-1261.689250108345,-5325.119066591989,2020-08-06T11:09:05Z,45.44581667,7.65566667,1539.00,100.822
1700,1,1700,-1260.689250108345,-5324.119066591989,2020-08-06T11:09:06Z,45.44590000,7.65566667,1532.00,100.817
1701,1,1701,-1259.689250108345,-5323.119066591989,2020-08-06T11:09:07Z,45.44593333,7.65571667,1534.00,100.812
1702,1,1702,-1258.689250108345,-5322.119066591989,2020-08-06T11:09:08Z,45.44601667,7.65578333,1532.00,100.802
1703,1,1703,-1257.689250108345,-5321.119066591989,2020-08-06T11:09:09Z,45.44605000,7.65585000,1532.00,100.796
1704,1,1704,-1256.689250108345,-5320.119066591989,2020-08-06T11:09:10Z,45.44610000,7.65595000,1532.00,100.786
1705,1,1705,-1255.689250108345,-5319.119066591989,2020-08-06T11:09:11Z,45.44606667,7.65605000,1535.00,100.782
1706,1,1706,-1254.689250108345,-5318.119066591989,2020-08-06T11:09:12Z,45.44601667,7.65615000,1538.00,100.779
1707,1,1707,-1253.689250108345,-5317.119066591989,2020-08-06T11:09:13Z,45.44593333,7.65621667,1535.00,100.78
1708,1,1708,-1252.689250108345,-5316.119066591989,2020-08-06T11:09:14Z,45.44585000,7.65621667,1533.00,100.785
1709,1,1709,-1251.689250108345,-5315.119066591989,2020-08-06T11:09:15Z,45.44578333,7.65625000,1533.00,100.787
1710,1,1710,-1250.689250108345,-5314.119066591989,2020-08-06T11:09:16Z,45.44573333,7.65626667,1539.00,100.79
1711,1,1711,-1249.689250108345,-5313.119066591989,2020-08-06T11:09:17Z,45.44565000,7.65621667,1537.00,100.798
1712,1,1712,-1248.689250108345,-5312.119066591989,2020-08-06T11:09:18Z,45.44558333,7.65615000,1531.00,100.807
1713,1,1713,-1247.689250108345,-5311.119066591989,2020-08-06T11:09:19Z,45.44556667,7.65603333,1542.00,100.815
1714,1,1714,-1246.689250108345,-5310.119066591989,2020-08-06T11:09:20Z,45.44555000,7.65595000,1538.00,100.822
1715,1,1715,-1245.689250108345,-5309.119066591989,2020-08-06T11:09:21Z,45.44556667,7.65583333,1541.00,100.828
1716,1,1716,-1244.689250108345,-5308.119066591989,2020-08-06T11:09:22Z,45.44561667,7.65573333,1541.00,100.831
1717,1,1717,-1243.689250108345,-5307.119066591989,2020-08-06T11:09:23Z,45.44566667,7.65565000,1543.00,100.833
1718,1,1718,-1242.689250108345,-5306.119066591989,2020-08-06T11:09:24Z,45.44573333,7.65565000,1541.00,100.829
1719,1,1719,-1241.689250108345,-5305.119066591989,2020-08-06T11:09:25Z,45.44585000,7.65565000,1540.00,100.821
1720,1,1720,-1240.689250108345,-5304.119066591989,2020-08-06T11:09:26Z,45.44591667,7.65563333,1538.00,100.818
1721,1,1721,-1239.689250108345,-5303.119066591989,2020-08-06T11:09:27Z,45.44603333,7.65563333,1537.00,100.811
1722,1,1722,-1238.689250108345,-5302.119066591989,2020-08-06T11:09:28Z,45.44616667,7.65565000,1548.00,100.801
1723,1,1723,-1237.689250108345,-5301.119066591989,2020-08-06T11:09:29Z,45.44630000,7.65566667,1541.00,100.791
1724,1,1724,-1236.689250108345,-5300.119066591989,2020-08-06T11:09:30Z,45.44640000,7.65566667,1540.00,100.785
1725,1,1725,-1235.689250108345,-5299.119066591989,2020-08-06T11:09:31Z,45.44651667,7.65568333,1540.00,100.776
1726,1,1726,-1234.689250108345,-5298.119066591989,2020-08-06T11:09:32Z,45.44661667,7.65573333,1558.00,100.767
1727,1,1727,-1233.689250108345,-5297.119066591989,2020-08-06T11:09:33Z,45.44671667,7.65578333,1535.00,100.757
1728,1,1728,-1232.689250108345,-5296.119066591989,2020-08-06T11:09:34Z,45.44681667,7.65583333,1539.00,100.748
1729,1,1729,-1231.689250108345,-5295.119066591989,2020-08-06T11:09:35Z,45.44693333,7.65586667,1535.00,100.738
1730,1,1730,-1230.689250108345,-5294.119066591989,2020-08-06T11:09:36Z,45.44703333,7.65590000,1539.00,100.73
1731,1,1731,-1229.689250108345,-5293.119066591989,2020-08-06T11:09:37Z,45.44715000,7.65593333,1540.00,100.72
1732,1,1732,-1228.689250108345,-5292.119066591989,2020-08-06T11:09:38Z,45.44726667,7.65595000,1534.00,100.711
1733,1,1733,-1227.689250108345,-5291.119066591989,2020-08-06T11:09:39Z,45.44738333,7.65598333,1533.00,100.702
1734,1,1734,-1226.689250108345,-5290.119066591989,2020-08-06T11:09:40Z,45.44750000,7.65601667,1530.00,100.692
1735,1,1735,-1225.689250108345,-5289.119066591989,2020-08-06T11:09:41Z,45.44761667,7.65605000,1532.00,100.683
1736,1,1736,-1224.689250108345,-5288.119066591989,2020-08-06T11:09:42Z,45.44773333,7.65606667,1528.00,100.674
1737,1,1737,-1223.689250108345,-5287.119066591989,2020-08-06T11:09:43Z,45.44785000,7.65606667,1520.00,100.667
1738,1,1738,-1222.689250108345,-5286.119066591989,2020-08-06T11:09:44Z,45.44798333,7.65605000,1523.00,100.659
1739,1,1739,-1221.689250108345,-5285.119066591989,2020-08-06T11:09:45Z,45.44808333,7.65603333,1524.00,100.654
1740,1,1740,-1220.689250108345,-5284.119066591989,2020-08-06T11:09:46Z,45.44820000,7.65603333,1518.00,100.647
1741,1,1741,-1219.689250108345,-5283.119066591989,2020-08-06T11:09:47Z,45.44831667,7.65603333,1519.00,100.639
1742,1,1742,-1218.689250108345,-5282.119066591989,2020-08-06T11:09:48Z,45.44841667,7.65606667,1517.00,100.631
1743,1,1743,-1217.689250108345,-5281.119066591989,2020-08-06T11:09:49Z,45.44853333,7.65610000,1517.00,100.621
1744,1,1744,-1216.689250108345,-5280.119066591989,2020-08-06T11:09:50Z,45.44863333,7.65611667,1517.00,100.614
1745,1,1745,-1215.689250108345,-5279.119066591989,2020-08-06T11:09:51Z,45.44873333,7.65616667,1522.00,100.604
1746,1,1746,-1214.689250108345,-5278.119066591989,2020-08-06T11:09:52Z,45.44886667,7.65620000,1512.00,100.594
1747,1,1747,-1213.689250108345,-5277.119066591989,2020-08-06T11:09:53Z,45.44896667,7.65623333,1514.00,100.585
1748,1,1748,-1212.689250108345,-5276.119066591989,2020-08-06T11:09:54Z,45.44906667,7.65626667,1504.00,100.577
1749,1,1749,-1211.689250108345,-5275.119066591989,2020-08-06T11:09:55Z,45.44916667,7.65630000,1509.00,100.568
1750,1,1750,-1210.689250108345,-5274.119066591989,2020-08-06T11:09:56Z,45.44926667,7.65635000,1504.00,100.558
1751,1,1751,-1209.689250108345,-5273.119066591989,2020-08-06T11:09:57Z,45.44936667,7.65640000,1509.00,100.549
1752,1,1752,-1208.689250108345,-5272.119066591989,2020-08-06T11:09:58Z,45.44948333,7.65646667,1505.00,100.537
1753,1,1753,-1207.689250108345,-5271.119066591989,2020-08-06T11:09:59Z,45.44958333,7.65653333,1497.00,100.527
1754,1,1754,-1206.689250108345,-5270.119066591989,2020-08-06T11:10:00Z,45.44968333,7.65660000,1500.00,100.516
1755,1,1755,-1205.689250108345,-5269.119066591989,2020-08-06T11:10:01Z,45.44978333,7.65666667,1497.00,100.505
1756,1,1756,-1204.689250108345,-5268.119066591989,2020-08-06T11:10:02Z,45.44988333,7.65675000,1497.00,100.494
1757,1,1757,-1203.689250108345,-5267.119066591989,2020-08-06T11:10:03Z,45.44998333,7.65683333,1492.00,100.482
1758,1,1758,-1202.689250108345,-5266.119066591989,2020-08-06T11:10:04Z,45.45008333,7.65691667,1492.00,100.47
1759,1,1759,-1201.689250108345,-5265.119066591989,2020-08-06T11:10:05Z,45.45018333,7.65698333,1493.00,100.46
1760,1,1760,-1200.689250108345,-5264.119066591989,2020-08-06T11:10:06Z,45.45030000,7.65706667,1483.00,100.447
1761,1,1761,-1199.689250108345,-5263.119066591989,2020-08-06T11:10:07Z,45.45040000,7.65711667,1494.00,100.438
1762,1,1762,-1198.689250108345,-5262.119066591989,2020-08-06T11:10:08Z,45.45048333,7.65716667,1490.00,100.429
1763,1,1763,-1197.689250108345,-5261.119066591989,2020-08-06T11:10:09Z,45.45056667,7.65721667,1491.00,100.421
1764,1,1764,-1196.689250108345,-5260.119066591989,2020-08-06T11:10:10Z,45.45065000,7.65725000,1491.00,100.413
1765,1,1765,-1195.689250108345,-5259.119066591989,2020-08-06T11:10:11Z,45.45071667,7.65730000,1491.00,100.406
1766,1,1766,-1194.689250108345,-5258.119066591989,2020-08-06T11:10:12Z,45.45080000,7.65735000,1490.00,100.397
1767,1,1767,-1193.689250108345,-5257.119066591989,2020-08-06T11:10:13Z,45.45088333,7.65741667,1488.00,100.388
1768,1,1768,-1192.689250108345,-5256.119066591989,2020-08-06T11:10:14Z,45.45096667,7.65745000,1488.00,100.38
1769,1,1769,-1191.689250108345,-5255.119066591989,2020-08-06T11:10:15Z,45.45105000,7.65748333,1486.00,100.373
1770,1,1770,-1190.689250108345,-5254.119066591989,2020-08-06T11:10:16Z,45.45113333,7.65753333,1485.00,100.364
1771,1,1771,-1189.689250108345,-5253.119066591989,2020-08-06T11:10:17Z,45.45121667,7.65756667,1484.00,100.357
1772,1,1772,-1188.689250108345,-5252.119066591989,2020-08-06T11:10:18Z,45.45131667,7.65760000,1485.00,100.349
1773,1,1773,-1187.689250108345,-5251.119066591989,2020-08-06T11:10:19Z,45.45140000,7.65761667,1484.00,100.342
1774,1,1774,-1186.689250108345,-5250.119066591989,2020-08-06T11:10:20Z,45.45148333,7.65763333,1483.00,100.336
1775,1,1775,-1185.689250108345,-5249.119066591989,2020-08-06T11:10:21Z,45.45158333,7.65761667,1485.00,100.331
1776,1,1776,-1184.689250108345,-5248.119066591989,2020-08-06T11:10:22Z,45.45166667,7.65763333,1484.00,100.324
1777,1,1777,-1183.689250108345,-5247.119066591989,2020-08-06T11:10:23Z,45.45178333,7.65766667,1481.00,100.315
1778,1,1778,-1182.689250108345,-5246.119066591989,2020-08-06T11:10:24Z,45.45190000,7.65771667,1480.00,100.304
1779,1,1779,-1181.689250108345,-5245.119066591989,2020-08-06T11:10:25Z,45.45201667,7.65780000,1478.00,100.292
1780,1,1780,-1180.689250108345,-5244.119066591989,2020-08-06T11:10:26Z,45.45210000,7.65786667,1482.00,100.282
1781,1,1781,-1179.689250108345,-5243.119066591989,2020-08-06T11:10:27Z,45.45220000,7.65793333,1483.00,100.271
1782,1,1782,-1178.689250108345,-5242.119066591989,2020-08-06T11:10:28Z,45.45226667,7.65798333,1486.00,100.264
1783,1,1783,-1177.689250108345,-5241.119066591989,2020-08-06T11:10:29Z,45.45235000,7.65801667,1487.00,100.257
1784,1,1784,-1176.689250108345,-5240.119066591989,2020-08-06T11:10:30Z,45.45243333,7.65805000,1488.00,100.249
1785,1,1785,-1175.689250108345,-5239.119066591989,2020-08-06T11:10:31Z,45.45253333,7.65806667,1486.00,100.242
1786,1,1786,-1174.689250108345,-5238.119066591989,2020-08-06T11:10:32Z,45.45261667,7.65808333,1487.00,100.236
1787,1,1787,-1173.689250108345,-5237.119066591989,2020-08-06T11:10:33Z,45.45271667,7.65806667,1483.00,100.23
1788,1,1788,-1172.689250108345,-5236.119066591989,2020-08-06T11:10:34Z,45.45281667,7.65806667,1484.00,100.224
1789,1,1789,-1171.689250108345,-5235.119066591989,2020-08-06T11:10:35Z,45.45293333,7.65808333,1486.00,100.216
1790,1,1790,-1170.689250108345,-5234.119066591989,2020-08-06T11:10:36Z,45.45303333,7.65811667,1485.00,100.207
1791,1,1791,-1169.689250108345,-5233.119066591989,2020-08-06T11:10:37Z,45.45313333,7.65816667,1487.00,100.198
1792,1,1792,-1168.689250108345,-5232.119066591989,2020-08-06T11:10:38Z,45.45321667,7.65825000,1486.00,100.187
1793,1,1793,-1167.689250108345,-5231.119066591989,2020-08-06T11:10:39Z,45.45331667,7.65831667,1488.00,100.177
1794,1,1794,-1166.689250108345,-5230.119066591989,2020-08-06T11:10:40Z,45.45341667,7.65836667,1489.00,100.167
1795,1,1795,-1165.689250108345,-5229.119066591989,2020-08-06T11:10:41Z,45.45350000,7.65840000,1489.00,100.16
1796,1,1796,-1164.689250108345,-5228.119066591989,2020-08-06T11:10:42Z,45.45360000,7.65843333,1495.00,100.151
1797,1,1797,-1163.689250108345,-5227.119066591989,2020-08-06T11:10:43Z,45.45366667,7.65851667,1468.00,100.142
1798,1,1798,-1162.689250108345,-5226.119066591989,2020-08-06T11:10:44Z,45.45373333,7.65861667,1477.00,100.131
1799,1,1799,-1161.689250108345,-5225.119066591989,2020-08-06T11:10:45Z,45.45376667,7.65873333,1491.00,100.122
1800,1,1800,-1160.689250108345,-5224.119066591989,2020-08-06T11:10:46Z,45.45380000,7.65885000,1488.00,100.112
1801,1,1801,-1159.689250108345,-5223.119066591989,2020-08-06T11:10:47Z,45.45381667,7.65898333,1496.00,100.102
1802,1,1802,-1158.689250108345,-5222.119066591989,2020-08-06T11:10:48Z,45.45381667,7.65911667,1483.00,100.094
1803,1,1803,-1157.689250108345,-5221.119066591989,2020-08-06T11:10:49Z,45.45376667,7.65926667,1477.00,100.087
1804,1,1804,-1156.689250108345,-5220.119066591989,2020-08-06T11:10:50Z,45.45371667,7.65940000,1495.00,100.082
1805,1,1805,-1155.689250108345,-5219.119066591989,2020-08-06T11:10:51Z,45.45365000,7.65950000,1487.00,100.08
1806,1,1806,-1154.689250108345,-5218.119066591989,2020-08-06T11:10:52Z,45.45358333,7.65955000,1483.00,100.081
1807,1,1807,-1153.689250108345,-5217.119066591989,2020-08-06T11:10:53Z,45.45351667,7.65961667,1499.00,100.08
1808,1,1808,-1152.689250108345,-5216.119066591989,2020-08-06T11:10:54Z,45.45346667,7.65966667,1475.00,100.08
1809,1,1809,-1151.689250108345,-5215.119066591989,2020-08-06T11:10:55Z,45.45340000,7.65968333,1486.00,100.083
1810,1,1810,-1150.689250108345,-5214.119066591989,2020-08-06T11:10:56Z,45.45333333,7.65970000,1479.00,100.087
1811,1,1811,-1149.689250108345,-5213.119066591989,2020-08-06T11:10:57Z,45.45325000,7.65970000,1496.00,100.092
1812,1,1812,-1148.689250108345,-5212.119066591989,2020-08-06T11:10:58Z,45.45315000,7.65968333,1495.00,100.099
1813,1,1813,-1147.689250108345,-5211.119066591989,2020-08-06T11:10:59Z,45.45306667,7.65961667,1501.00,100.109
1814,1,1814,-1146.689250108345,-5210.119066591989,2020-08-06T11:11:00Z,45.45301667,7.65953333,1485.00,100.117
1815,1,1815,-1145.689250108345,-5209.119066591989,2020-08-06T11:11:01Z,45.45296667,7.65941667,1490.00,100.128
1816,1,1816,-1144.689250108345,-5208.119066591989,2020-08-06T11:11:02Z,45.45298333,7.65928333,1492.00,100.135
1817,1,1817,-1143.689250108345,-5207.119066591989,2020-08-06T11:11:03Z,45.45301667,7.65913333,1499.00,100.143
1818,1,1818,-1142.689250108345,-5206.119066591989,2020-08-06T11:11:04Z,45.45308333,7.65901667,1495.00,100.146
1819,1,1819,-1141.689250108345,-5205.119066591989,2020-08-06T11:11:05Z,45.45318333,7.65893333,1495.00,100.145
1820,1,1820,-1140.689250108345,-5204.119066591989,2020-08-06T11:11:06Z,45.45326667,7.65890000,1502.00,100.142
1821,1,1821,-1139.689250108345,-5203.119066591989,2020-08-06T11:11:07Z,45.45335000,7.65890000,1498.00,100.137
1822,1,1822,-1138.689250108345,-5202.119066591989,2020-08-06T11:11:08Z,45.45343333,7.65891667,1502.00,100.131
1823,1,1823,-1137.689250108345,-5201.119066591989,2020-08-06T11:11:09Z,45.45350000,7.65896667,1503.00,100.123
1824,1,1824,-1136.689250108345,-5200.119066591989,2020-08-06T11:11:10Z,45.45355000,7.65901667,1501.00,100.117
1825,1,1825,-1135.689250108345,-5199.119066591989,2020-08-06T11:11:11Z,45.45358333,7.65910000,1504.00,100.109
1826,1,1826,-1134.689250108345,-5198.119066591989,2020-08-06T11:11:12Z,45.45358333,7.65921667,1496.00,100.102
1827,1,1827,-1133.689250108345,-5197.119066591989,2020-08-06T11:11:13Z,45.45358333,7.65933333,1501.00,100.094
1828,1,1828,-1132.689250108345,-5196.119066591989,2020-08-06T11:11:14Z,45.45355000,7.65943333,1506.00,100.09
1829,1,1829,-1131.689250108345,-5195.119066591989,2020-08-06T11:11:15Z,45.45350000,7.65951667,1505.00,100.088
1830,1,1830,-1130.689250108345,-5194.119066591989,2020-08-06T11:11:16Z,45.45341667,7.65958333,1494.00,100.089
1831,1,1831,-1129.689250108345,-5193.119066591989,2020-08-06T11:11:17Z,45.45333333,7.65963333,1509.00,100.091
1832,1,1832,-1128.689250108345,-5192.119066591989,2020-08-06T11:11:18Z,45.45323333,7.65965000,1518.00,100.096
1833,1,1833,-1127.689250108345,-5191.119066591989,2020-08-06T11:11:19Z,45.45316667,7.65963333,1505.00,100.101
1834,1,1834,-1126.689250108345,-5190.119066591989,2020-08-06T11:11:20Z,45.45310000,7.65960000,1508.00,100.108
1835,1,1835,-1125.689250108345,-5189.119066591989,2020-08-06T11:11:21Z,45.45303333,7.65953333,1512.00,100.116
1836,1,1836,-1124.689250108345,-5188.119066591989,2020-08-06T11:11:22Z,45.45298333,7.65943333,1513.00,100.126
1837,1,1837,-1123.689250108345,-5187.119066591989,2020-08-06T11:11:23Z,45.45293333,7.65931667,1510.00,100.136
1838,1,1838,-1122.689250108345,-5186.119066591989,2020-08-06T11:11:24Z,45.45290000,7.65918333,1511.00,100.147
1839,1,1839,-1121.689250108345,-5185.119066591989,2020-08-06T11:11:25Z,45.45290000,7.65903333,1510.00,100.157
1840,1,1840,-1120.689250108345,-5184.119066591989,2020-08-06T11:11:26Z,45.45291667,7.65891667,1507.00,100.163
1841,1,1841,-1119.689250108345,-5183.119066591989,2020-08-06T11:11:27Z,45.45295000,7.65878333,1513.00,100.17
1842,1,1842,-1118.689250108345,-5182.119066591989,2020-08-06T11:11:28Z,45.45298333,7.65866667,1513.00,100.175
1843,1,1843,-1117.689250108345,-5181.119066591989,2020-08-06T11:11:29Z,45.45303333,7.65856667,1510.00,100.178
1844,1,1844,-1116.689250108345,-5180.119066591989,2020-08-06T11:11:30Z,45.45310000,7.65848333,1512.00,100.18
1845,1,1845,-1115.689250108345,-5179.119066591989,2020-08-06T11:11:31Z,45.45318333,7.65841667,1508.00,100.179
1846,1,1846,-1114.689250108345,-5178.119066591989,2020-08-06T11:11:32Z,45.45328333,7.65836667,1509.00,100.176
1847,1,1847,-1113.689250108345,-5177.119066591989,2020-08-06T11:11:33Z,45.45338333,7.65833333,1516.00,100.171
1848,1,1848,-1112.689250108345,-5176.119066591989,2020-08-06T11:11:34Z,45.45348333,7.65831667,1513.00,100.166
1849,1,1849,-1111.689250108345,-5175.119066591989,2020-08-06T11:11:35Z,45.45358333,7.65831667,1517.00,100.16
1850,1,1850,-1110.689250108345,-5174.119066591989,2020-08-06T11:11:36Z,45.45366667,7.65833333,1523.00,100.154
1851,1,1851,-1109.689250108345,-5173.119066591989,2020-08-06T11:11:37Z,45.45375000,7.65833333,1511.00,100.148
1852,1,1852,-1108.689250108345,-5172.119066591989,2020-08-06T11:11:38Z,45.45383333,7.65835000,1515.00,100.142
1853,1,1853,-1107.689250108345,-5171.119066591989,2020-08-06T11:11:39Z,45.45391667,7.65838333,1513.00,100.135
1854,1,1854,-1106.689250108345,-5170.119066591989,2020-08-06T11:11:40Z,45.45398333,7.65843333,1520.00,100.127
1855,1,1855,-1105.689250108345,-5169.119066591989,2020-08-06T11:11:41Z,45.45406667,7.65851667,1516.00,100.117
1856,1,1856,-1104.689250108345,-5168.119066591989,2020-08-06T11:11:42Z,45.45413333,7.65861667,1518.00,100.106
1857,1,1857,-1103.689250108345,-5167.119066591989,2020-08-06T11:11:43Z,45.45416667,7.65875000,1517.00,100.096
1858,1,1858,-1102.689250108345,-5166.119066591989,2020-08-06T11:11:44Z,45.45420000,7.65886667,1524.00,100.086
1859,1,1859,-1101.689250108345,-5165.119066591989,2020-08-06T11:11:45Z,45.45418333,7.65900000,1513.00,100.078
1860,1,1860,-1100.689250108345,-5164.119066591989,2020-08-06T11:11:46Z,45.45415000,7.65908333,1514.00,100.075
1861,1,1861,-1099.689250108345,-5163.119066591989,2020-08-06T11:11:47Z,45.45406667,7.65913333,1517.00,100.077
1862,1,1862,-1098.689250108345,-5162.119066591989,2020-08-06T11:11:48Z,45.45396667,7.65916667,1520.00,100.081
1863,1,1863,-1097.689250108345,-5161.119066591989,2020-08-06T11:11:49Z,45.45385000,7.65916667,1507.00,100.088
1864,1,1864,-1096.689250108345,-5160.119066591989,2020-08-06T11:11:50Z,45.45375000,7.65916667,1521.00,100.095
1865,1,1865,-1095.689250108345,-5159.119066591989,2020-08-06T11:11:51Z,45.45365000,7.65918333,1514.00,100.1
1866,1,1866,-1094.689250108345,-5158.119066591989,2020-08-06T11:11:52Z,45.45356667,7.65921667,1522.00,100.103
1867,1,1867,-1093.689250108345,-5157.119066591989,2020-08-06T11:11:53Z,45.45350000,7.65921667,1505.00,100.107
1868,1,1868,-1092.689250108345,-5156.119066591989,2020-08-06T11:11:54Z,45.45343333,7.65921667,1515.00,100.111
1869,1,1869,-1091.689250108345,-5155.119066591989,2020-08-06T11:11:55Z,45.45336667,7.65918333,1525.00,100.118
1870,1,1870,-1090.689250108345,-5154.119066591989,2020-08-06T11:11:56Z,45.45330000,7.65911667,1522.00,100.126
1871,1,1871,-1089.689250108345,-5153.119066591989,2020-08-06T11:11:57Z,45.45325000,7.65901667,1520.00,100.136
1872,1,1872,-1088.689250108345,-5152.119066591989,2020-08-06T11:11:58Z,45.45323333,7.65888333,1519.00,100.145
1873,1,1873,-1087.689250108345,-5151.119066591989,2020-08-06T11:11:59Z,45.45323333,7.65873333,1517.00,100.155
1874,1,1874,-1086.689250108345,-5150.119066591989,2020-08-06T11:12:00Z,45.45326667,7.65860000,1523.00,100.162
1875,1,1875,-1085.689250108345,-5149.119066591989,2020-08-06T11:12:01Z,45.45333333,7.65848333,1521.00,100.165
1876,1,1876,-1084.689250108345,-5148.119066591989,2020-08-06T11:12:02Z,45.45341667,7.65841667,1521.00,100.164
1877,1,1877,-1083.689250108345,-5147.119066591989,2020-08-06T11:12:03Z,45.45348333,7.65835000,1521.00,100.164
1878,1,1878,-1082.689250108345,-5146.119066591989,2020-08-06T11:12:04Z,45.45358333,7.65831667,1522.00,100.16
1879,1,1879,-1081.689250108345,-5145.119066591989,2020-08-06T11:12:05Z,45.45368333,7.65828333,1525.00,100.156
1880,1,1880,-1080.689250108345,-5144.119066591989,2020-08-06T11:12:06Z,45.45378333,7.65826667,1521.00,100.151
1881,1,1881,-1079.689250108345,-5143.119066591989,2020-08-06T11:12:07Z,45.45388333,7.65826667,1516.00,100.144
1882,1,1882,-1078.689250108345,-5142.119066591989,2020-08-06T11:12:08Z,45.45398333,7.65828333,1527.00,100.137
1883,1,1883,-1077.689250108345,-5141.119066591989,2020-08-06T11:12:09Z,45.45408333,7.65835000,1523.00,100.127
1884,1,1884,-1076.689250108345,-5140.119066591989,2020-08-06T11:12:10Z,45.45415000,7.65841667,1526.00,100.118
1885,1,1885,-1075.689250108345,-5139.119066591989,2020-08-06T11:12:11Z,45.45420000,7.65851667,1534.00,100.108
1886,1,1886,-1074.689250108345,-5138.119066591989,2020-08-06T11:12:12Z,45.45423333,7.65863333,1533.00,100.099
1887,1,1887,-1073.689250108345,-5137.119066591989,2020-08-06T11:12:13Z,45.45425000,7.65875000,1528.00,100.09
1888,1,1888,-1072.689250108345,-5136.119066591989,2020-08-06T11:12:14Z,45.45423333,7.65885000,1522.00,100.085
1889,1,1889,-1071.689250108345,-5135.119066591989,2020-08-06T11:12:15Z,45.45421667,7.65895000,1530.00,100.079
1890,1,1890,-1070.689250108345,-5134.119066591989,2020-08-06T11:12:16Z,45.45420000,7.65906667,1528.00,100.073
1891,1,1891,-1069.689250108345,-5133.119066591989,2020-08-06T11:12:17Z,45.45416667,7.65920000,1534.00,100.067
1892,1,1892,-1068.689250108345,-5132.119066591989,2020-08-06T11:12:18Z,45.45413333,7.65930000,1535.00,100.062
1893,1,1893,-1067.689250108345,-5131.119066591989,2020-08-06T11:12:19Z,45.45408333,7.65940000,1533.00,100.059
1894,1,1894,-1066.689250108345,-5130.119066591989,2020-08-06T11:12:20Z,45.45403333,7.65946667,1537.00,100.058
1895,1,1895,-1065.689250108345,-5129.119066591989,2020-08-06T11:12:21Z,45.45396667,7.65953333,1532.00,100.058
1896,1,1896,-1064.689250108345,-5128.119066591989,2020-08-06T11:12:22Z,45.45390000,7.65956667,1533.00,100.06
1897,1,1897,-1063.689250108345,-5127.119066591989,2020-08-06T11:12:23Z,45.45381667,7.65956667,1547.00,100.065
1898,1,1898,-1062.689250108345,-5126.119066591989,2020-08-06T11:12:24Z,45.45375000,7.65955000,1532.00,100.07
1899,1,1899,-1061.689250108345,-5125.119066591989,2020-08-06T11:12:25Z,45.45368333,7.65948333,1534.00,100.079
1900,1,1900,-1060.689250108345,-5124.119066591989,2020-08-06T11:12:26Z,45.45366667,7.65935000,1532.00,100.088
1901,1,1901,-1059.689250108345,-5123.119066591989,2020-08-06T11:12:27Z,45.45365000,7.65921667,1541.00,100.098
1902,1,1902,-1058.689250108345,-5122.119066591989,2020-08-06T11:12:28Z,45.45365000,7.65910000,1531.00,100.105
1903,1,1903,-1057.689250108345,-5121.119066591989,2020-08-06T11:12:29Z,45.45366667,7.65898333,1530.00,100.112
1904,1,1904,-1056.689250108345,-5120.119066591989,2020-08-06T11:12:30Z,45.45371667,7.65886667,1528.00,100.116
1905,1,1905,-1055.689250108345,-5119.119066591989,2020-08-06T11:12:31Z,45.45378333,7.65876667,1527.00,100.118
1906,1,1906,-1054.689250108345,-5118.119066591989,2020-08-06T11:12:32Z,45.45385000,7.65866667,1526.00,100.121
1907,1,1907,-1053.689250108345,-5117.119066591989,2020-08-06T11:12:33Z,45.45395000,7.65860000,1527.00,100.119
1908,1,1908,-1052.689250108345,-5116.119066591989,2020-08-06T11:12:34Z,45.45405000,7.65856667,1522.00,100.115
1909,1,1909,-1051.689250108345,-5115.119066591989,2020-08-06T11:12:35Z,45.45413333,7.65856667,1539.00,100.109
1910,1,1910,-1050.689250108345,-5114.119066591989,2020-08-06T11:12:36Z,45.45420000,7.65858333,1538.00,100.104
1911,1,1911,-1049.689250108345,-5113.119066591989,2020-08-06T11:12:37Z,45.45426667,7.65861667,1544.00,100.098
1912,1,1912,-1048.689250108345,-5112.119066591989,2020-08-06T11:12:38Z,45.45431667,7.65866667,1540.00,100.092
1913,1,1913,-1047.689250108345,-5111.119066591989,2020-08-06T11:12:39Z,45.45435000,7.65875000,1533.00,100.084
1914,1,1914,-1046.689250108345,-5110.119066591989,2020-08-06T11:12:40Z,45.45440000,7.65888333,1547.00,100.072
1915,1,1915,-1045.689250108345,-5109.119066591989,2020-08-06T11:12:41Z,45.45443333,7.65901667,1547.00,100.062
1916,1,1916,-1044.689250108345,-5108.119066591989,2020-08-06T11:12:42Z,45.45446667,7.65916667,1542.00,100.05
1917,1,1917,-1043.689250108345,-5107.119066591989,2020-08-06T11:12:43Z,45.45450000,7.65928333,1550.00,100.04
1918,1,1918,-1042.689250108345,-5106.119066591989,2020-08-06T11:12:44Z,45.45453333,7.65940000,1545.00,100.031
1919,1,1919,-1041.689250108345,-5105.119066591989,2020-08-06T11:12:45Z,45.45456667,7.65950000,1549.00,100.022
1920,1,1920,-1040.689250108345,-5104.119066591989,2020-08-06T11:12:46Z,45.45458333,7.65960000,1533.00,100.015
1921,1,1921,-1039.689250108345,-5103.119066591989,2020-08-06T11:12:47Z,45.45458333,7.65971667,1546.00,100.007
1922,1,1922,-1038.689250108345,-5102.119066591989,2020-08-06T11:12:48Z,45.45455000,7.65983333,1548.00,100.002
1923,1,1923,-1037.689250108345,-5101.119066591989,2020-08-06T11:12:49Z,45.45451667,7.65996667,1540.00,99.995
1924,1,1924,-1036.689250108345,-5100.119066591989,2020-08-06T11:12:50Z,45.45445000,7.66005000,1547.00,99.994
1925,1,1925,-1035.689250108345,-5099.119066591989,2020-08-06T11:12:51Z,45.45438333,7.66011667,1545.00,99.994
1926,1,1926,-1034.689250108345,-5098.119066591989,2020-08-06T11:12:52Z,45.45428333,7.66011667,1552.00,100.0
1927,1,1927,-1033.689250108345,-5097.119066591989,2020-08-06T11:12:53Z,45.45421667,7.66008333,1546.00,100.006
1928,1,1928,-1032.689250108345,-5096.119066591989,2020-08-06T11:12:54Z,45.45413333,7.66000000,1550.00,100.017
1929,1,1929,-1031.689250108345,-5095.119066591989,2020-08-06T11:12:55Z,45.45411667,7.65988333,1549.00,100.026
1930,1,1930,-1030.689250108345,-5094.119066591989,2020-08-06T11:12:56Z,45.45410000,7.65975000,1547.00,100.035
1931,1,1931,-1029.689250108345,-5093.119066591989,2020-08-06T11:12:57Z,45.45411667,7.65960000,1551.00,100.044
1932,1,1932,-1028.689250108345,-5092.119066591989,2020-08-06T11:12:58Z,45.45415000,7.65948333,1547.00,100.049
1933,1,1933,-1027.689250108345,-5091.119066591989,2020-08-06T11:12:59Z,45.45421667,7.65936667,1547.00,100.053
1934,1,1934,-1026.689250108345,-5090.119066591989,2020-08-06T11:13:00Z,45.45428333,7.65926667,1544.00,100.055
1935,1,1935,-1025.689250108345,-5089.119066591989,2020-08-06T11:13:01Z,45.45436667,7.65918333,1546.00,100.055
1936,1,1936,-1024.689250108345,-5088.119066591989,2020-08-06T11:13:02Z,45.45445000,7.65913333,1539.00,100.053
1937,1,1937,-1023.689250108345,-5087.119066591989,2020-08-06T11:13:03Z,45.45455000,7.65910000,1538.00,100.049
1938,1,1938,-1022.689250108345,-5086.119066591989,2020-08-06T11:13:04Z,45.45465000,7.65908333,1545.00,100.044
1939,1,1939,-1021.689250108345,-5085.119066591989,2020-08-06T11:13:05Z,45.45476667,7.65910000,1544.00,100.035
1940,1,1940,-1020.689250108345,-5084.119066591989,2020-08-06T11:13:06Z,45.45486667,7.65913333,1544.00,100.027
1941,1,1941,-1019.689250108345,-5083.119066591989,2020-08-06T11:13:07Z,45.45495000,7.65920000,1542.00,100.018
1942,1,1942,-1018.689250108345,-5082.119066591989,2020-08-06T11:13:08Z,45.45501667,7.65928333,1531.00,100.008
1943,1,1943,-1017.689250108345,-5081.119066591989,2020-08-06T11:13:09Z,45.45503333,7.65940000,1547.00,99.999
1944,1,1944,-1016.689250108345,-5080.119066591989,2020-08-06T11:13:10Z,45.45505000,7.65951667,1539.00,99.991
1945,1,1945,-1015.689250108345,-5079.119066591989,2020-08-06T11:13:11Z,45.45503333,7.65961667,1555.00,99.985
1946,1,1946,-1014.689250108345,-5078.119066591989,2020-08-06T11:13:12Z,45.45500000,7.65970000,1547.00,99.982
1947,1,1947,-1013.689250108345,-5077.119066591989,2020-08-06T11:13:13Z,45.45496667,7.65980000,1554.00,99.978
1948,1,1948,-1012.689250108345,-5076.119066591989,2020-08-06T11:13:14Z,45.45491667,7.65988333,1553.00,99.976
1949,1,1949,-1011.689250108345,-5075.119066591989,2020-08-06T11:13:15Z,45.45486667,7.65995000,1539.00,99.974
1950,1,1950,-1010.689250108345,-5074.119066591989,2020-08-06T11:13:16Z,45.45480000,7.66000000,1541.00,99.975
1951,1,1951,-1009.689250108345,-5073.119066591989,2020-08-06T11:13:17Z,45.45471667,7.66001667,1553.00,99.979
1952,1,1952,-1008.689250108345,-5072.119066591989,2020-08-06T11:13:18Z,45.45461667,7.66000000,1550.00,99.987
1953,1,1953,-1007.689250108345,-5071.119066591989,2020-08-06T11:13:19Z,45.45451667,7.65995000,1551.00,99.996
1954,1,1954,-1006.689250108345,-5070.119066591989,2020-08-06T11:13:20Z,45.45443333,7.65986667,1550.00,100.007
1955,1,1955,-1005.689250108345,-5069.119066591989,2020-08-06T11:13:21Z,45.45436667,7.65975000,1554.00,100.019
1956,1,1956,-1004.689250108345,-5068.119066591989,2020-08-06T11:13:22Z,45.45431667,7.65961667,1546.00,100.03
1957,1,1957,-1003.689250108345,-5067.119066591989,2020-08-06T11:13:23Z,45.45430000,7.65948333,1556.00,100.04
1958,1,1958,-1002.689250108345,-5066.119066591989,2020-08-06T11:13:24Z,45.45430000,7.65933333,1547.00,100.05
1959,1,1959,-1001.689250108345,-5065.119066591989,2020-08-06T11:13:25Z,45.45435000,7.65921667,1549.00,100.054
1960,1,1960,-1000.689250108345,-5064.119066591989,2020-08-06T11:13:26Z,45.45443333,7.65913333,1554.00,100.054
1961,1,1961,-999.689250108345,-5063.119066591989,2020-08-06T11:13:27Z,45.45453333,7.65908333,1549.00,100.051
1962,1,1962,-998.689250108345,-5062.119066591989,2020-08-06T11:13:28Z,45.45463333,7.65908333,1542.00,100.045
1963,1,1963,-997.689250108345,-5061.119066591989,2020-08-06T11:13:29Z,45.45473333,7.65910000,1546.00,100.038
1964,1,1964,-996.689250108345,-5060.119066591989,2020-08-06T11:13:30Z,45.45483333,7.65916667,1545.00,100.027
1965,1,1965,-995.689250108345,-5059.119066591989,2020-08-06T11:13:31Z,45.45490000,7.65928333,1547.00,100.015
1966,1,1966,-994.689250108345,-5058.119066591989,2020-08-06T11:13:32Z,45.45496667,7.65941667,1535.00,100.003
1967,1,1967,-993.689250108345,-5057.119066591989,2020-08-06T11:13:33Z,45.45500000,7.65958333,1542.00,99.99
1968,1,1968,-992.689250108345,-5056.119066591989,2020-08-06T11:13:34Z,45.45500000,7.65973333,1547.00,99.98
1969,1,1969,-991.689250108345,-5055.119066591989,2020-08-06T11:13:35Z,45.45498333,7.65985000,1548.00,99.974
1970,1,1970,-990.689250108345,-5054.119066591989,2020-08-06T11:13:36Z,45.45500000,7.65995000,1559.00,99.966
1971,1,1971,-989.689250108345,-5053.119066591989,2020-08-06T11:13:37Z,45.45501667,7.66001667,1548.00,99.961
1972,1,1972,-988.689250108345,-5052.119066591989,2020-08-06T11:13:38Z,45.45503333,7.66010000,1542.00,99.954
1973,1,1973,-987.689250108345,-5051.119066591989,2020-08-06T11:13:39Z,45.45503333,7.66018333,1544.00,99.949
1974,1,1974,-986.689250108345,-5050.119066591989,2020-08-06T11:13:40Z,45.45501667,7.66030000,1556.00,99.942
1975,1,1975,-985.689250108345,-5049.119066591989,2020-08-06T11:13:41Z,45.45496667,7.66038333,1556.00,99.94
1976,1,1976,-984.689250108345,-5048.119066591989,2020-08-06T11:13:42Z,45.45490000,7.66046667,1564.00,99.939
1977,1,1977,-983.689250108345,-5047.119066591989,2020-08-06T11:13:43Z,45.45483333,7.66053333,1553.00,99.939
1978,1,1978,-982.689250108345,-5046.119066591989,2020-08-06T11:13:44Z,45.45475000,7.66055000,1557.00,99.943
1979,1,1979,-981.689250108345,-5045.119066591989,2020-08-06T11:13:45Z,45.45465000,7.66051667,1559.00,99.951
1980,1,1980,-980.689250108345,-5044.119066591989,2020-08-06T11:13:46Z,45.45456667,7.66041667,1550.00,99.963
1981,1,1981,-979.689250108345,-5043.119066591989,2020-08-06T11:13:47Z,45.45453333,7.66028333,1568.00,99.974
1982,1,1982,-978.689250108345,-5042.119066591989,2020-08-06T11:13:48Z,45.45451667,7.66013333,1557.00,99.984
1983,1,1983,-977.689250108345,-5041.119066591989,2020-08-06T11:13:49Z,45.45453333,7.66001667,1559.00,99.991
1984,1,1984,-976.689250108345,-5040.119066591989,2020-08-06T11:13:50Z,45.45458333,7.65993333,1561.00,99.993
1985,1,1985,-975.689250108345,-5039.119066591989,2020-08-06T11:13:51Z,45.45468333,7.65990000,1558.00,99.989
1986,1,1986,-974.689250108345,-5038.119066591989,2020-08-06T11:13:52Z,45.45476667,7.65988333,1562.00,99.985
1987,1,1987,-973.689250108345,-5037.119066591989,2020-08-06T11:13:53Z,45.45485000,7.65990000,1555.00,99.979
1988,1,1988,-972.689250108345,-5036.119066591989,2020-08-06T11:13:54Z,45.45491667,7.65993333,1564.00,99.972
1989,1,1989,-971.689250108345,-5035.119066591989,2020-08-06T11:13:55Z,45.45498333,7.65998333,1564.00,99.965
1990,1,1990,-970.689250108345,-5034.119066591989,2020-08-06T11:13:56Z,45.45503333,7.66003333,1559.00,99.959
1991,1,1991,-969.689250108345,-5033.119066591989,2020-08-06T11:13:57Z,45.45506667,7.66011667,1559.00,99.951
1992,1,1992,-968.689250108345,-5032.119066591989,2020-08-06T11:13:58Z,45.45508333,7.66021667,1571.00,99.944
1993,1,1993,-967.689250108345,-5031.119066591989,2020-08-06T11:13:59Z,45.45506667,7.66033333,1568.00,99.937
1994,1,1994,-966.689250108345,-5030.119066591989,2020-08-06T11:14:00Z,45.45505000,7.66043333,1561.00,99.932
1995,1,1995,-965.689250108345,-5029.119066591989,2020-08-06T11:14:01Z,45.45500000,7.66053333,1557.00,99.928
1996,1,1996,-964.689250108345,-5028.119066591989,2020-08-06T11:14:02Z,45.45495000,7.66060000,1556.00,99.927
1997,1,1997,-963.689250108345,-5027.119066591989,2020-08-06T11:14:03Z,45.45486667,7.66066667,1567.00,99.928
1998,1,1998,-962.689250108345,-5026.119066591989,2020-08-06T11:14:04Z,45.45476667,7.66068333,1555.00,99.933
1999,1,1999,-961.689250108345,-5025.119066591989,2020-08-06T11:14:05Z,45.45466667,7.66065000,1558.00,99.942
2000,1,2000,-960.689250108345,-5024.119066591989,2020-08-06T11:14:06Z,45.45458333,7.66056667,1563.00,99.952
2001,1,2001,-959.689250108345,-5023.119066591989,2020-08-06T11:14:07Z,45.45453333,7.66045000,1558.00,99.963
2002,1,2002,-958.689250108345,-5022.119066591989,2020-08-06T11:14:08Z,45.45450000,7.66033333,1562.00,99.973
2003,1,2003,-957.689250108345,-5021.119066591989,2020-08-06T11:14:09Z,45.45450000,7.66020000,1564.00,99.981
2004,1,2004,-956.689250108345,-5020.119066591989,2020-08-06T11:14:10Z,45.45450000,7.66008333,1558.00,99.989
2005,1,2005,-955.689250108345,-5019.119066591989,2020-08-06T11:14:11Z,45.45455000,7.65996667,1558.00,99.993
2006,1,2006,-954.689250108345,-5018.119066591989,2020-08-06T11:14:12Z,45.45463333,7.65990000,1555.00,99.992
2007,1,2007,-953.689250108345,-5017.119066591989,2020-08-06T11:14:13Z,45.45470000,7.65985000,1557.00,99.991
2008,1,2008,-952.689250108345,-5016.119066591989,2020-08-06T11:14:14Z,45.45478333,7.65983333,1563.00,99.987
2009,1,2009,-951.689250108345,-5015.119066591989,2020-08-06T11:14:15Z,45.45488333,7.65985000,1560.00,99.98
2010,1,2010,-950.689250108345,-5014.119066591989,2020-08-06T11:14:16Z,45.45495000,7.65990000,1557.00,99.972
2011,1,2011,-949.689250108345,-5013.119066591989,2020-08-06T11:14:17Z,45.45500000,7.65996667,1563.00,99.965
2012,1,2012,-948.689250108345,-5012.119066591989,2020-08-06T11:14:18Z,45.45505000,7.66001667,1563.00,99.959
2013,1,2013,-947.689250108345,-5011.119066591989,2020-08-06T11:14:19Z,45.45510000,7.66010000,1559.00,99.95
2014,1,2014,-946.689250108345,-5010.119066591989,2020-08-06T11:14:20Z,45.45511667,7.66020000,1560.00,99.943
2015,1,2015,-945.689250108345,-5009.119066591989,2020-08-06T11:14:21Z,45.45511667,7.66033333,1563.00,99.934
2016,1,2016,-944.689250108345,-5008.119066591989,2020-08-06T11:14:22Z,45.45511667,7.66048333,1557.00,99.924
2017,1,2017,-943.689250108345,-5007.119066591989,2020-08-06T11:14:23Z,45.45510000,7.66060000,1542.00,99.918
2018,1,2018,-942.689250108345,-5006.119066591989,2020-08-06T11:14:24Z,45.45505000,7.66070000,1554.00,99.915
2019,1,2019,-941.689250108345,-5005.119066591989,2020-08-06T11:14:25Z,45.45496667,7.66075000,1560.00,99.917
2020,1,2020,-940.689250108345,-5004.119066591989,2020-08-06T11:14:26Z,45.45488333,7.66076667,1560.00,99.921
2021,1,2021,-939.689250108345,-5003.119066591989,2020-08-06T11:14:27Z,45.45480000,7.66071667,1558.00,99.929
2022,1,2022,-938.689250108345,-5002.119066591989,2020-08-06T11:14:28Z,45.45473333,7.66063333,1553.00,99.939
2023,1,2023,-937.689250108345,-5001.119066591989,2020-08-06T11:14:29Z,45.45468333,7.66051667,1552.00,99.949
2024,1,2024,-936.689250108345,-5000.119066591989,2020-08-06T11:14:30Z,45.45466667,7.66040000,1553.00,99.958
2025,1,2025,-935.689250108345,-4999.119066591989,2020-08-06T11:14:31Z,45.45470000,7.66028333,1554.00,99.963
2026,1,2026,-934.689250108345,-4998.119066591989,2020-08-06T11:14:32Z,45.45476667,7.66018333,1553.00,99.966
2027,1,2027,-933.689250108345,-4997.119066591989,2020-08-06T11:14:33Z,45.45481667,7.66010000,1555.00,99.968
2028,1,2028,-932.689250108345,-4996.119066591989,2020-08-06T11:14:34Z,45.45490000,7.66006667,1543.00,99.965
2029,1,2029,-931.689250108345,-4995.119066591989,2020-08-06T11:14:35Z,45.45496667,7.66006667,1550.00,99.961
2030,1,2030,-930.689250108345,-4994.119066591989,2020-08-06T11:14:36Z,45.45503333,7.66008333,1553.00,99.955
2031,1,2031,-929.689250108345,-4993.119066591989,2020-08-06T11:14:37Z,45.45511667,7.66010000,1554.00,99.949
2032,1,2032,-928.689250108345,-4992.119066591989,2020-08-06T11:14:38Z,45.45518333,7.66011667,1550.00,99.944
2033,1,2033,-927.689250108345,-4991.119066591989,2020-08-06T11:14:39Z,45.45526667,7.66013333,1544.00,99.938
2034,1,2034,-926.689250108345,-4990.119066591989,2020-08-06T11:14:40Z,45.45535000,7.66013333,1547.00,99.932
2035,1,2035,-925.689250108345,-4989.119066591989,2020-08-06T11:14:41Z,45.45545000,7.66015000,1547.00,99.925
2036,1,2036,-924.689250108345,-4988.119066591989,2020-08-06T11:14:42Z,45.45553333,7.66020000,1548.00,99.917
2037,1,2037,-923.689250108345,-4987.119066591989,2020-08-06T11:14:43Z,45.45561667,7.66028333,1544.00,99.906
2038,1,2038,-922.689250108345,-4986.119066591989,2020-08-06T11:14:44Z,45.45568333,7.66038333,1544.00,99.895
2039,1,2039,-921.689250108345,-4985.119066591989,2020-08-06T11:14:45Z,45.45575000,7.66048333,1548.00,99.885
2040,1,2040,-920.689250108345,-4984.119066591989,2020-08-06T11:14:46Z,45.45581667,7.66058333,1544.00,99.874
2041,1,2041,-919.689250108345,-4983.119066591989,2020-08-06T11:14:47Z,45.45586667,7.66068333,1547.00,99.865
2042,1,2042,-918.689250108345,-4982.119066591989,2020-08-06T11:14:48Z,45.45591667,7.66080000,1540.00,99.854
2043,1,2043,-917.689250108345,-4981.119066591989,2020-08-06T11:14:49Z,45.45595000,7.66090000,1539.00,99.845
2044,1,2044,-916.689250108345,-4980.119066591989,2020-08-06T11:14:50Z,45.45595000,7.66103333,1543.00,99.837
2045,1,2045,-915.689250108345,-4979.119066591989,2020-08-06T11:14:51Z,45.45595000,7.66115000,1546.00,99.829
2046,1,2046,-914.689250108345,-4978.119066591989,2020-08-06T11:14:52Z,45.45595000,7.66128333,1546.00,99.821
2047,1,2047,-913.689250108345,-4977.119066591989,2020-08-06T11:14:53Z,45.45593333,7.66140000,1545.00,99.814
2048,1,2048,-912.689250108345,-4976.119066591989,2020-08-06T11:14:54Z,45.45590000,7.66151667,1537.00,99.809
2049,1,2049,-911.689250108345,-4975.119066591989,2020-08-06T11:14:55Z,45.45585000,7.66161667,1543.00,99.805
2050,1,2050,-910.689250108345,-4974.119066591989,2020-08-06T11:14:56Z,45.45580000,7.66171667,1540.00,99.802
2051,1,2051,-909.689250108345,-4973.119066591989,2020-08-06T11:14:57Z,45.45573333,7.66178333,1541.00,99.802
2052,1,2052,-908.689250108345,-4972.119066591989,2020-08-06T11:14:58Z,45.45565000,7.66186667,1544.00,99.802
2053,1,2053,-907.689250108345,-4971.119066591989,2020-08-06T11:14:59Z,45.45555000,7.66195000,1539.00,99.803
2054,1,2054,-906.689250108345,-4970.119066591989,2020-08-06T11:15:00Z,45.45545000,7.66200000,1547.00,99.806
2055,1,2055,-905.689250108345,-4969.119066591989,2020-08-06T11:15:01Z,45.45536667,7.66201667,1547.00,99.81
2056,1,2056,-904.689250108345,-4968.119066591989,2020-08-06T11:15:02Z,45.45526667,7.66200000,1539.00,99.817
2057,1,2057,-903.689250108345,-4967.119066591989,2020-08-06T11:15:03Z,45.45518333,7.66191667,1541.00,99.828
2058,1,2058,-902.689250108345,-4966.119066591989,2020-08-06T11:15:04Z,45.45513333,7.66181667,1548.00,99.837
2059,1,2059,-901.689250108345,-4965.119066591989,2020-08-06T11:15:05Z,45.45510000,7.66170000,1541.00,99.847
2060,1,2060,-900.689250108345,-4964.119066591989,2020-08-06T11:15:06Z,45.45508333,7.66156667,1547.00,99.857
2061,1,2061,-899.689250108345,-4963.119066591989,2020-08-06T11:15:07Z,45.45506667,7.66145000,1545.00,99.865
2062,1,2062,-898.689250108345,-4962.119066591989,2020-08-06T11:15:08Z,45.45510000,7.66133333,1542.00,99.871
2063,1,2063,-897.689250108345,-4961.119066591989,2020-08-06T11:15:09Z,45.45513333,7.66120000,1543.00,99.877
2064,1,2064,-896.689250108345,-4960.119066591989,2020-08-06T11:15:10Z,45.45520000,7.66108333,1533.00,99.88
2065,1,2065,-895.689250108345,-4959.119066591989,2020-08-06T11:15:11Z,45.45526667,7.66098333,1538.00,99.883
2066,1,2066,-894.689250108345,-4958.119066591989,2020-08-06T11:15:12Z,45.45533333,7.66091667,1540.00,99.883
2067,1,2067,-893.689250108345,-4957.119066591989,2020-08-06T11:15:13Z,45.45541667,7.66086667,1541.00,99.881
2068,1,2068,-892.689250108345,-4956.119066591989,2020-08-06T11:15:14Z,45.45551667,7.66085000,1532.00,99.876
2069,1,2069,-891.689250108345,-4955.119066591989,2020-08-06T11:15:15Z,45.45563333,7.66083333,1535.00,99.869
2070,1,2070,-890.689250108345,-4954.119066591989,2020-08-06T11:15:16Z,45.45573333,7.66083333,1539.00,99.863
2071,1,2071,-889.689250108345,-4953.119066591989,2020-08-06T11:15:17Z,45.45581667,7.66086667,1534.00,99.856
2072,1,2072,-888.689250108345,-4952.119066591989,2020-08-06T11:15:18Z,45.45591667,7.66091667,1539.00,99.846
2073,1,2073,-887.689250108345,-4951.119066591989,2020-08-06T11:15:19Z,45.45600000,7.66098333,1536.00,99.837
2074,1,2074,-886.689250108345,-4950.119066591989,2020-08-06T11:15:20Z,45.45605000,7.66106667,1537.00,99.828
2075,1,2075,-885.689250108345,-4949.119066591989,2020-08-06T11:15:21Z,45.45610000,7.66116667,1540.00,99.819
2076,1,2076,-884.689250108345,-4948.119066591989,2020-08-06T11:15:22Z,45.45613333,7.66126667,1538.00,99.81
2077,1,2077,-883.689250108345,-4947.119066591989,2020-08-06T11:15:23Z,45.45615000,7.66138333,1534.00,99.802
2078,1,2078,-882.689250108345,-4946.119066591989,2020-08-06T11:15:24Z,45.45618333,7.66150000,1539.00,99.792
2079,1,2079,-881.689250108345,-4945.119066591989,2020-08-06T11:15:25Z,45.45620000,7.66163333,1532.00,99.782
2080,1,2080,-880.689250108345,-4944.119066591989,2020-08-06T11:15:26Z,45.45621667,7.66175000,1533.00,99.774
2081,1,2081,-879.689250108345,-4943.119066591989,2020-08-06T11:15:27Z,45.45623333,7.66188333,1533.00,99.764
2082,1,2082,-878.689250108345,-4942.119066591989,2020-08-06T11:15:28Z,45.45625000,7.66201667,1530.00,99.755
2083,1,2083,-877.689250108345,-4941.119066591989,2020-08-06T11:15:29Z,45.45625000,7.66215000,1533.00,99.746
2084,1,2084,-876.689250108345,-4940.119066591989,2020-08-06T11:15:30Z,45.45623333,7.66230000,1531.00,99.737
2085,1,2085,-875.689250108345,-4939.119066591989,2020-08-06T11:15:31Z,45.45621667,7.66243333,1530.00,99.73
2086,1,2086,-874.689250108345,-4938.119066591989,2020-08-06T11:15:32Z,45.45620000,7.66256667,1539.00,99.722
2087,1,2087,-873.689250108345,-4937.119066591989,2020-08-06T11:15:33Z,45.45615000,7.66270000,1535.00,99.717
2088,1,2088,-872.689250108345,-4936.119066591989,2020-08-06T11:15:34Z,45.45610000,7.66281667,1534.00,99.712
2089,1,2089,-871.689250108345,-4935.119066591989,2020-08-06T11:15:35Z,45.45605000,7.66290000,1529.00,99.71
2090,1,2090,-870.689250108345,-4934.119066591989,2020-08-06T11:15:36Z,45.45598333,7.66296667,1536.00,99.71
2091,1,2091,-869.689250108345,-4933.119066591989,2020-08-06T11:15:37Z,45.45590000,7.66300000,1527.00,99.713
2092,1,2092,-868.689250108345,-4932.119066591989,2020-08-06T11:15:38Z,45.45581667,7.66303333,1529.00,99.716
2093,1,2093,-867.689250108345,-4931.119066591989,2020-08-06T11:15:39Z,45.45573333,7.66305000,1541.00,99.72
2094,1,2094,-866.689250108345,-4930.119066591989,2020-08-06T11:15:40Z,45.45565000,7.66306667,1526.00,99.724
2095,1,2095,-865.689250108345,-4929.119066591989,2020-08-06T11:15:41Z,45.45558333,7.66306667,1527.00,99.729
2096,1,2096,-864.689250108345,-4928.119066591989,2020-08-06T11:15:42Z,45.45550000,7.66308333,1531.00,99.733
2097,1,2097,-863.689250108345,-4927.119066591989,2020-08-06T11:15:43Z,45.45541667,7.66310000,1524.00,99.737
2098,1,2098,-862.689250108345,-4926.119066591989,2020-08-06T11:15:44Z,45.45535000,7.66310000,1529.00,99.741
2099,1,2099,-861.689250108345,-4925.119066591989,2020-08-06T11:15:45Z,45.45526667,7.66306667,1533.00,99.748
2100,1,2100,-860.689250108345,-4924.119066591989,2020-08-06T11:15:46Z,45.45520000,7.66301667,1537.00,99.756
2101,1,2101,-859.689250108345,-4923.119066591989,2020-08-06T11:15:47Z,45.45515000,7.66295000,1536.00,99.763
2102,1,2102,-858.689250108345,-4922.119066591989,2020-08-06T11:15:48Z,45.45510000,7.66286667,1535.00,99.772
2103,1,2103,-857.689250108345,-4921.119066591989,2020-08-06T11:15:49Z,45.45506667,7.66275000,1530.00,99.781
2104,1,2104,-856.689250108345,-4920.119066591989,2020-08-06T11:15:50Z,45.45506667,7.66263333,1530.00,99.789
2105,1,2105,-855.689250108345,-4919.119066591989,2020-08-06T11:15:51Z,45.45508333,7.66250000,1525.00,99.796
2106,1,2106,-854.689250108345,-4918.119066591989,2020-08-06T11:15:52Z,45.45510000,7.66236667,1535.00,99.804
2107,1,2107,-853.689250108345,-4917.119066591989,2020-08-06T11:15:53Z,45.45515000,7.66225000,1527.00,99.808
2108,1,2108,-852.689250108345,-4916.119066591989,2020-08-06T11:15:54Z,45.45521667,7.66216667,1530.00,99.81
2109,1,2109,-851.689250108345,-4915.119066591989,2020-08-06T11:15:55Z,45.45530000,7.66211667,1531.00,99.808
2110,1,2110,-850.689250108345,-4914.119066591989,2020-08-06T11:15:56Z,45.45538333,7.66206667,1531.00,99.806
2111,1,2111,-849.689250108345,-4913.119066591989,2020-08-06T11:15:57Z,45.45548333,7.66206667,1523.00,99.799
2112,1,2112,-848.689250108345,-4912.119066591989,2020-08-06T11:15:58Z,45.45558333,7.66210000,1529.00,99.791
2113,1,2113,-847.689250108345,-4911.119066591989,2020-08-06T11:15:59Z,45.45568333,7.66218333,1530.00,99.779
2114,1,2114,-846.689250108345,-4910.119066591989,2020-08-06T11:16:00Z,45.45576667,7.66226667,1523.00,99.769
2115,1,2115,-845.689250108345,-4909.119066591989,2020-08-06T11:16:01Z,45.45581667,7.66238333,1526.00,99.758
2116,1,2116,-844.689250108345,-4908.119066591989,2020-08-06T11:16:02Z,45.45585000,7.66251667,1525.00,99.747
2117,1,2117,-843.689250108345,-4907.119066591989,2020-08-06T11:16:03Z,45.45586667,7.66265000,1517.00,99.738
2118,1,2118,-842.689250108345,-4906.119066591989,2020-08-06T11:16:04Z,45.45585000,7.66278333,1524.00,99.73
2119,1,2119,-841.689250108345,-4905.119066591989,2020-08-06T11:16:05Z,45.45583333,7.66288333,1532.00,99.725
2120,1,2120,-840.689250108345,-4904.119066591989,2020-08-06T11:16:06Z,45.45580000,7.66298333,1524.00,99.72
2121,1,2121,-839.689250108345,-4903.119066591989,2020-08-06T11:16:07Z,45.45576667,7.66305000,1525.00,99.718
2122,1,2122,-838.689250108345,-4902.119066591989,2020-08-06T11:16:08Z,45.45570000,7.66311667,1527.00,99.718
2123,1,2123,-837.689250108345,-4901.119066591989,2020-08-06T11:16:09Z,45.45561667,7.66315000,1519.00,99.721
2124,1,2124,-836.689250108345,-4900.119066591989,2020-08-06T11:16:10Z,45.45555000,7.66313333,1518.00,99.726
2125,1,2125,-835.689250108345,-4899.119066591989,2020-08-06T11:16:11Z,45.45546667,7.66308333,1523.00,99.735
2126,1,2126,-834.689250108345,-4898.119066591989,2020-08-06T11:16:12Z,45.45541667,7.66298333,1518.00,99.744
2127,1,2127,-833.689250108345,-4897.119066591989,2020-08-06T11:16:13Z,45.45538333,7.66288333,1521.00,99.753
2128,1,2128,-832.689250108345,-4896.119066591989,2020-08-06T11:16:14Z,45.45536667,7.66276667,1521.00,99.761
2129,1,2129,-831.689250108345,-4895.119066591989,2020-08-06T11:16:15Z,45.45536667,7.66263333,1517.00,99.77
2130,1,2130,-830.689250108345,-4894.119066591989,2020-08-06T11:16:16Z,45.45538333,7.66251667,1518.00,99.777
2131,1,2131,-829.689250108345,-4893.119066591989,2020-08-06T11:16:17Z,45.45543333,7.66240000,1520.00,99.781
2132,1,2132,-828.689250108345,-4892.119066591989,2020-08-06T11:16:18Z,45.45548333,7.66230000,1517.00,99.784
2133,1,2133,-827.689250108345,-4891.119066591989,2020-08-06T11:16:19Z,45.45555000,7.66220000,1530.00,99.787
2134,1,2134,-826.689250108345,-4890.119066591989,2020-08-06T11:16:20Z,45.45561667,7.66213333,1515.00,99.787
2135,1,2135,-825.689250108345,-4889.119066591989,2020-08-06T11:16:21Z,45.45570000,7.66206667,1514.00,99.786
2136,1,2136,-824.689250108345,-4888.119066591989,2020-08-06T11:16:22Z,45.45578333,7.66200000,1515.00,99.785
2137,1,2137,-823.689250108345,-4887.119066591989,2020-08-06T11:16:23Z,45.45586667,7.66191667,1514.00,99.785
2138,1,2138,-822.689250108345,-4886.119066591989,2020-08-06T11:16:24Z,45.45595000,7.66181667,1518.00,99.786
2139,1,2139,-821.689250108345,-4885.119066591989,2020-08-06T11:16:25Z,45.45603333,7.66173333,1510.00,99.786
2140,1,2140,-820.689250108345,-4884.119066591989,2020-08-06T11:16:26Z,45.45610000,7.66163333,1514.00,99.789
2141,1,2141,-819.689250108345,-4883.119066591989,2020-08-06T11:16:27Z,45.45618333,7.66155000,1514.00,99.789
2142,1,2142,-818.689250108345,-4882.119066591989,2020-08-06T11:16:28Z,45.45625000,7.66145000,1514.00,99.791
2143,1,2143,-817.689250108345,-4881.119066591989,2020-08-06T11:16:29Z,45.45631667,7.66135000,1514.00,99.793
2144,1,2144,-816.689250108345,-4880.119066591989,2020-08-06T11:16:30Z,45.45636667,7.66125000,1519.00,99.797
2145,1,2145,-815.689250108345,-4879.119066591989,2020-08-06T11:16:31Z,45.45645000,7.66115000,1509.00,99.798
2146,1,2146,-814.689250108345,-4878.119066591989,2020-08-06T11:16:32Z,45.45653333,7.66105000,1509.00,99.799
2147,1,2147,-813.689250108345,-4877.119066591989,2020-08-06T11:16:33Z,45.45661667,7.66095000,1507.00,99.801
2148,1,2148,-812.689250108345,-4876.119066591989,2020-08-06T11:16:34Z,45.45668333,7.66086667,1515.00,99.802
2149,1,2149,-811.689250108345,-4875.119066591989,2020-08-06T11:16:35Z,45.45676667,7.66076667,1512.00,99.803
2150,1,2150,-810.689250108345,-4874.119066591989,2020-08-06T11:16:36Z,45.45681667,7.66066667,1516.00,99.807
2151,1,2151,-809.689250108345,-4873.119066591989,2020-08-06T11:16:37Z,45.45688333,7.66058333,1514.00,99.808
2152,1,2152,-808.689250108345,-4872.119066591989,2020-08-06T11:16:38Z,45.45696667,7.66050000,1512.00,99.808
2153,1,2153,-807.689250108345,-4871.119066591989,2020-08-06T11:16:39Z,45.45703333,7.66040000,1504.00,99.81
2154,1,2154,-806.689250108345,-4870.119066591989,2020-08-06T11:16:40Z,45.45710000,7.66028333,1517.00,99.814
2155,1,2155,-805.689250108345,-4869.119066591989,2020-08-06T11:16:41Z,45.45716667,7.66015000,1505.00,99.818
2156,1,2156,-804.689250108345,-4868.119066591989,2020-08-06T11:16:42Z,45.45723333,7.66001667,1509.00,99.822
2157,1,2157,-803.689250108345,-4867.119066591989,2020-08-06T11:16:43Z,45.45730000,7.65991667,1509.00,99.825
2158,1,2158,-802.689250108345,-4866.119066591989,2020-08-06T11:16:44Z,45.45736667,7.65981667,1503.00,99.827
2159,1,2159,-801.689250108345,-4865.119066591989,2020-08-06T11:16:45Z,45.45743333,7.65973333,1508.00,99.828
2160,1,2160,-800.689250108345,-4864.119066591989,2020-08-06T11:16:46Z,45.45751667,7.65965000,1503.00,99.828
2161,1,2161,-799.689250108345,-4863.119066591989,2020-08-06T11:16:47Z,45.45761667,7.65955000,1502.00,99.828
2162,1,2162,-798.689250108345,-4862.119066591989,2020-08-06T11:16:48Z,45.45771667,7.65945000,1496.00,99.828
2163,1,2163,-797.689250108345,-4861.119066591989,2020-08-06T11:16:49Z,45.45781667,7.65933333,1509.00,99.83
2164,1,2164,-796.689250108345,-4860.119066591989,2020-08-06T11:16:50Z,45.45793333,7.65925000,1493.00,99.828
2165,1,2165,-795.689250108345,-4859.119066591989,2020-08-06T11:16:51Z,45.45805000,7.65918333,1500.00,99.825
2166,1,2166,-794.689250108345,-4858.119066591989,2020-08-06T11:16:52Z,45.45816667,7.65915000,1496.00,99.819
2167,1,2167,-793.689250108345,-4857.119066591989,2020-08-06T11:16:53Z,45.45830000,7.65911667,1507.00,99.813
2168,1,2168,-792.689250108345,-4856.119066591989,2020-08-06T11:16:54Z,45.45840000,7.65908333,1500.00,99.809
2169,1,2169,-791.689250108345,-4855.119066591989,2020-08-06T11:16:55Z,45.45850000,7.65906667,1499.00,99.804
2170,1,2170,-790.689250108345,-4854.119066591989,2020-08-06T11:16:56Z,45.45858333,7.65906667,1498.00,99.799
2171,1,2171,-789.689250108345,-4853.119066591989,2020-08-06T11:16:57Z,45.45866667,7.65910000,1503.00,99.791
2172,1,2172,-788.689250108345,-4852.119066591989,2020-08-06T11:16:58Z,45.45873333,7.65918333,1508.00,99.782
2173,1,2173,-787.689250108345,-4851.119066591989,2020-08-06T11:16:59Z,45.45876667,7.65928333,1491.00,99.773
2174,1,2174,-786.689250108345,-4850.119066591989,2020-08-06T11:17:00Z,45.45880000,7.65940000,1504.00,99.764
2175,1,2175,-785.689250108345,-4849.119066591989,2020-08-06T11:17:01Z,45.45878333,7.65951667,1495.00,99.757
2176,1,2176,-784.689250108345,-4848.119066591989,2020-08-06T11:17:02Z,45.45873333,7.65961667,1500.00,99.754
2177,1,2177,-783.689250108345,-4847.119066591989,2020-08-06T11:17:03Z,45.45865000,7.65965000,1503.00,99.757
2178,1,2178,-782.689250108345,-4846.119066591989,2020-08-06T11:17:04Z,45.45856667,7.65965000,1493.00,99.762
2179,1,2179,-781.689250108345,-4845.119066591989,2020-08-06T11:17:05Z,45.45846667,7.65961667,1497.00,99.771
2180,1,2180,-780.689250108345,-4844.119066591989,2020-08-06T11:17:06Z,45.45838333,7.65958333,1507.00,99.778
2181,1,2181,-779.689250108345,-4843.119066591989,2020-08-06T11:17:07Z,45.45830000,7.65958333,1504.00,99.783
2182,1,2182,-778.689250108345,-4842.119066591989,2020-08-06T11:17:08Z,45.45823333,7.65960000,1503.00,99.786
2183,1,2183,-777.689250108345,-4841.119066591989,2020-08-06T11:17:09Z,45.45818333,7.65960000,1501.00,99.789
2184,1,2184,-776.689250108345,-4840.119066591989,2020-08-06T11:17:10Z,45.45811667,7.65960000,1501.00,99.794
2185,1,2185,-775.689250108345,-4839.119066591989,2020-08-06T11:17:11Z,45.45806667,7.65956667,1503.00,99.799
2186,1,2186,-774.689250108345,-4838.119066591989,2020-08-06T11:17:12Z,45.45800000,7.65953333,1507.00,99.805
2187,1,2187,-773.689250108345,-4837.119066591989,2020-08-06T11:17:13Z,45.45793333,7.65951667,1502.00,99.811
2188,1,2188,-772.689250108345,-4836.119066591989,2020-08-06T11:17:14Z,45.45788333,7.65955000,1497.00,99.812
2189,1,2189,-771.689250108345,-4835.119066591989,2020-08-06T11:17:15Z,45.45781667,7.65965000,1496.00,99.809
2190,1,2190,-770.689250108345,-4834.119066591989,2020-08-06T11:17:16Z,45.45781667,7.65980000,1492.00,99.8
2191,1,2191,-769.689250108345,-4833.119066591989,2020-08-06T11:17:17Z,45.45785000,7.65995000,1493.00,99.788
2192,1,2192,-768.689250108345,-4832.119066591989,2020-08-06T11:17:18Z,45.45791667,7.66006667,1492.00,99.776
2193,1,2193,-767.689250108345,-4831.119066591989,2020-08-06T11:17:19Z,45.45801667,7.66015000,1492.00,99.765
2194,1,2194,-766.689250108345,-4830.119066591989,2020-08-06T11:17:20Z,45.45813333,7.66016667,1494.00,99.756
2195,1,2195,-765.689250108345,-4829.119066591989,2020-08-06T11:17:21Z,45.45823333,7.66013333,1496.00,99.752
2196,1,2196,-764.689250108345,-4828.119066591989,2020-08-06T11:17:22Z,45.45833333,7.66005000,1498.00,99.751
2197,1,2197,-763.689250108345,-4827.119066591989,2020-08-06T11:17:23Z,45.45841667,7.65996667,1494.00,99.751
2198,1,2198,-762.689250108345,-4826.119066591989,2020-08-06T11:17:24Z,45.45846667,7.65985000,1496.00,99.756
2199,1,2199,-761.689250108345,-4825.119066591989,2020-08-06T11:17:25Z,45.45853333,7.65975000,1503.00,99.758
2200,1,2200,-760.689250108345,-4824.119066591989,2020-08-06T11:17:26Z,45.45858333,7.65965000,1487.00,99.761
2201,1,2201,-759.689250108345,-4823.119066591989,2020-08-06T11:17:27Z,45.45865000,7.65956667,1499.00,99.762
2202,1,2202,-758.689250108345,-4822.119066591989,2020-08-06T11:17:28Z,45.45873333,7.65951667,1506.00,99.76
2203,1,2203,-757.689250108345,-4821.119066591989,2020-08-06T11:17:29Z,45.45885000,7.65951667,1494.00,99.753
2204,1,2204,-756.689250108345,-4820.119066591989,2020-08-06T11:17:30Z,45.45896667,7.65958333,1502.00,99.741
2205,1,2205,-755.689250108345,-4819.119066591989,2020-08-06T11:17:31Z,45.45905000,7.65970000,1506.00,99.729
2206,1,2206,-754.689250108345,-4818.119066591989,2020-08-06T11:17:32Z,45.45910000,7.65983333,1501.00,99.717
2207,1,2207,-753.689250108345,-4817.119066591989,2020-08-06T11:17:33Z,45.45908333,7.65995000,1498.00,99.711
2208,1,2208,-752.689250108345,-4816.119066591989,2020-08-06T11:17:34Z,45.45905000,7.66003333,1503.00,99.707
2209,1,2209,-751.689250108345,-4815.119066591989,2020-08-06T11:17:35Z,45.45901667,7.66011667,1508.00,99.704
2210,1,2210,-750.689250108345,-4814.119066591989,2020-08-06T11:17:36Z,45.45896667,7.66015000,1508.00,99.705
2211,1,2211,-749.689250108345,-4813.119066591989,2020-08-06T11:17:37Z,45.45891667,7.66016667,1509.00,99.707
2212,1,2212,-748.689250108345,-4812.119066591989,2020-08-06T11:17:38Z,45.45883333,7.66013333,1492.00,99.714
2213,1,2213,-747.689250108345,-4811.119066591989,2020-08-06T11:17:39Z,45.45875000,7.66010000,1498.00,99.722
2214,1,2214,-746.689250108345,-4810.119066591989,2020-08-06T11:17:40Z,45.45868333,7.66000000,1507.00,99.732
2215,1,2215,-745.689250108345,-4809.119066591989,2020-08-06T11:17:41Z,45.45861667,7.65986667,1488.00,99.745
2216,1,2216,-744.689250108345,-4808.119066591989,2020-08-06T11:17:42Z,45.45861667,7.65971667,1487.00,99.755
2217,1,2217,-743.689250108345,-4807.119066591989,2020-08-06T11:17:43Z,45.45863333,7.65956667,1500.00,99.763
2218,1,2218,-742.689250108345,-4806.119066591989,2020-08-06T11:17:44Z,45.45866667,7.65940000,1499.00,99.772
2219,1,2219,-741.689250108345,-4805.119066591989,2020-08-06T11:17:45Z,45.45871667,7.65930000,1480.00,99.775
2220,1,2220,-740.689250108345,-4804.119066591989,2020-08-06T11:17:46Z,45.45880000,7.65923333,1496.00,99.774
2221,1,2221,-739.689250108345,-4803.119066591989,2020-08-06T11:17:47Z,45.45888333,7.65923333,1498.00,99.769
2222,1,2222,-738.689250108345,-4802.119066591989,2020-08-06T11:17:48Z,45.45896667,7.65926667,1500.00,99.762
2223,1,2223,-737.689250108345,-4801.119066591989,2020-08-06T11:17:49Z,45.45903333,7.65933333,1484.00,99.753
2224,1,2224,-736.689250108345,-4800.119066591989,2020-08-06T11:17:50Z,45.45908333,7.65941667,1494.00,99.745
2225,1,2225,-735.689250108345,-4799.119066591989,2020-08-06T11:17:51Z,45.45910000,7.65951667,1497.00,99.737
2226,1,2226,-734.689250108345,-4798.119066591989,2020-08-06T11:17:52Z,45.45908333,7.65963333,1498.00,99.731
2227,1,2227,-733.689250108345,-4797.119066591989,2020-08-06T11:17:53Z,45.45903333,7.65971667,1496.00,99.729
2228,1,2228,-732.689250108345,-4796.119066591989,2020-08-06T11:17:54Z,45.45896667,7.65978333,1502.00,99.729
2229,1,2229,-731.689250108345,-4795.119066591989,2020-08-06T11:17:55Z,45.45888333,7.65981667,1499.00,99.732
2230,1,2230,-730.689250108345,-4794.119066591989,2020-08-06T11:17:56Z,45.45880000,7.65983333,1501.00,99.736
2231,1,2231,-729.689250108345,-4793.119066591989,2020-08-06T11:17:57Z,45.45870000,7.65981667,1502.00,99.743
2232,1,2232,-728.689250108345,-4792.119066591989,2020-08-06T11:17:58Z,45.45860000,7.65978333,1500.00,99.752
2233,1,2233,-727.689250108345,-4791.119066591989,2020-08-06T11:17:59Z,45.45850000,7.65975000,1496.00,99.76
2234,1,2234,-726.689250108345,-4790.119066591989,2020-08-06T11:18:00Z,45.45840000,7.65970000,1501.00,99.769
2235,1,2235,-725.689250108345,-4789.119066591989,2020-08-06T11:18:01Z,45.45831667,7.65963333,1509.00,99.779
2236,1,2236,-724.689250108345,-4788.119066591989,2020-08-06T11:18:02Z,45.45821667,7.65958333,1496.00,99.788
2237,1,2237,-723.689250108345,-4787.119066591989,2020-08-06T11:18:03Z,45.45815000,7.65950000,1503.00,99.798
2238,1,2238,-722.689250108345,-4786.119066591989,2020-08-06T11:18:04Z,45.45806667,7.65943333,1500.00,99.808
2239,1,2239,-721.689250108345,-4785.119066591989,2020-08-06T11:18:05Z,45.45800000,7.65938333,1512.00,99.815
2240,1,2240,-720.689250108345,-4784.119066591989,2020-08-06T11:18:06Z,45.45793333,7.65931667,1513.00,99.823
2241,1,2241,-719.689250108345,-4783.119066591989,2020-08-06T11:18:07Z,45.45785000,7.65925000,1501.00,99.833
2242,1,2242,-718.689250108345,-4782.119066591989,2020-08-06T11:18:08Z,45.45776667,7.65918333,1507.00,99.842
2243,1,2243,-717.689250108345,-4781.119066591989,2020-08-06T11:18:09Z,45.45766667,7.65911667,1506.00,99.853
2244,1,2244,-716.689250108345,-4780.119066591989,2020-08-06T11:18:10Z,45.45758333,7.65905000,1506.00,99.863
2245,1,2245,-715.689250108345,-4779.119066591989,2020-08-06T11:18:11Z,45.45748333,7.65898333,1508.00,99.873
2246,1,2246,-714.689250108345,-4778.119066591989,2020-08-06T11:18:12Z,45.45740000,7.65891667,1502.00,99.883
2247,1,2247,-713.689250108345,-4777.119066591989,2020-08-06T11:18:13Z,45.45731667,7.65886667,1504.00,99.891
2248,1,2248,-712.689250108345,-4776.119066591989,2020-08-06T11:18:14Z,45.45721667,7.65880000,1509.00,99.902
2249,1,2249,-711.689250108345,-4775.119066591989,2020-08-06T11:18:15Z,45.45713333,7.65875000,1503.00,99.91
2250,1,2250,-710.689250108345,-4774.119066591989,2020-08-06T11:18:16Z,45.45703333,7.65868333,1509.00,99.921
2251,1,2251,-709.689250108345,-4773.119066591989,2020-08-06T11:18:17Z,45.45693333,7.65863333,1508.00,99.93
2252,1,2252,-708.689250108345,-4772.119066591989,2020-08-06T11:18:18Z,45.45686667,7.65856667,1508.00,99.939
2253,1,2253,-707.689250108345,-4771.119066591989,2020-08-06T11:18:19Z,45.45678333,7.65850000,1509.00,99.948
2254,1,2254,-706.689250108345,-4770.119066591989,2020-08-06T11:18:20Z,45.45670000,7.65843333,1501.00,99.958
2255,1,2255,-705.689250108345,-4769.119066591989,2020-08-06T11:18:21Z,45.45660000,7.65836667,1508.00,99.968
2256,1,2256,-704.689250108345,-4768.119066591989,2020-08-06T11:18:22Z,45.45651667,7.65831667,1502.00,99.977
2257,1,2257,-703.689250108345,-4767.119066591989,2020-08-06T11:18:23Z,45.45641667,7.65825000,1506.00,99.987
2258,1,2258,-702.689250108345,-4766.119066591989,2020-08-06T11:18:24Z,45.45633333,7.65818333,1503.00,99.997
2259,1,2259,-701.689250108345,-4765.119066591989,2020-08-06T11:18:25Z,45.45625000,7.65811667,1506.00,100.007
2260,1,2260,-700.689250108345,-4764.119066591989,2020-08-06T11:18:26Z,45.45616667,7.65808333,1508.00,100.014
2261,1,2261,-699.689250108345,-4763.119066591989,2020-08-06T11:18:27Z,45.45610000,7.65803333,1510.00,100.021
2262,1,2262,-698.689250108345,-4762.119066591989,2020-08-06T11:18:28Z,45.45601667,7.65801667,1510.00,100.028
2263,1,2263,-697.689250108345,-4761.119066591989,2020-08-06T11:18:29Z,45.45593333,7.65798333,1504.00,100.035
2264,1,2264,-696.689250108345,-4760.119066591989,2020-08-06T11:18:30Z,45.45586667,7.65798333,1506.00,100.039
2265,1,2265,-695.689250108345,-4759.119066591989,2020-08-06T11:18:31Z,45.45578333,7.65801667,1502.00,100.042
2266,1,2266,-694.689250108345,-4758.119066591989,2020-08-06T11:18:32Z,45.45570000,7.65810000,1504.00,100.042
2267,1,2267,-693.689250108345,-4757.119066591989,2020-08-06T11:18:33Z,45.45565000,7.65820000,1502.00,100.039
2268,1,2268,-692.689250108345,-4756.119066591989,2020-08-06T11:18:34Z,45.45563333,7.65833333,1501.00,100.031
2269,1,2269,-691.689250108345,-4755.119066591989,2020-08-06T11:18:35Z,45.45565000,7.65845000,1501.00,100.022
2270,1,2270,-690.689250108345,-4754.119066591989,2020-08-06T11:18:36Z,45.45571667,7.65855000,1495.00,100.012
2271,1,2271,-689.689250108345,-4753.119066591989,2020-08-06T11:18:37Z,45.45581667,7.65861667,1493.00,100.001
2272,1,2272,-688.689250108345,-4752.119066591989,2020-08-06T11:18:38Z,45.45591667,7.65866667,1496.00,99.992
2273,1,2273,-687.689250108345,-4751.119066591989,2020-08-06T11:18:39Z,45.45601667,7.65866667,1497.00,99.986
2274,1,2274,-686.689250108345,-4750.119066591989,2020-08-06T11:18:40Z,45.45611667,7.65866667,1492.00,99.979
2275,1,2275,-685.689250108345,-4749.119066591989,2020-08-06T11:18:41Z,45.45621667,7.65866667,1493.00,99.973
2276,1,2276,-684.689250108345,-4748.119066591989,2020-08-06T11:18:42Z,45.45631667,7.65870000,1486.00,99.965
2277,1,2277,-683.689250108345,-4747.119066591989,2020-08-06T11:18:43Z,45.45641667,7.65873333,1485.00,99.956
2278,1,2278,-682.689250108345,-4746.119066591989,2020-08-06T11:18:44Z,45.45651667,7.65876667,1486.00,99.948
2279,1,2279,-681.689250108345,-4745.119066591989,2020-08-06T11:18:45Z,45.45661667,7.65880000,1486.00,99.94
2280,1,2280,-680.689250108345,-4744.119066591989,2020-08-06T11:18:46Z,45.45671667,7.65883333,1490.00,99.931
2281,1,2281,-679.689250108345,-4743.119066591989,2020-08-06T11:18:47Z,45.45681667,7.65885000,1490.00,99.924
2282,1,2282,-678.689250108345,-4742.119066591989,2020-08-06T11:18:48Z,45.45690000,7.65888333,1491.00,99.916
2283,1,2283,-677.689250108345,-4741.119066591989,2020-08-06T11:18:49Z,45.45696667,7.65890000,1492.00,99.911
2284,1,2284,-676.689250108345,-4740.119066591989,2020-08-06T11:18:50Z,45.45703333,7.65895000,1484.00,99.904
2285,1,2285,-675.689250108345,-4739.119066591989,2020-08-06T11:18:51Z,45.45711667,7.65901667,1483.00,99.894
2286,1,2286,-674.689250108345,-4738.119066591989,2020-08-06T11:18:52Z,45.45718333,7.65910000,1484.00,99.885
2287,1,2287,-673.689250108345,-4737.119066591989,2020-08-06T11:18:53Z,45.45725000,7.65918333,1479.00,99.875
2288,1,2288,-672.689250108345,-4736.119066591989,2020-08-06T11:18:54Z,45.45733333,7.65926667,1486.00,99.864
2289,1,2289,-671.689250108345,-4735.119066591989,2020-08-06T11:18:55Z,45.45740000,7.65933333,1479.00,99.856
2290,1,2290,-670.689250108345,-4734.119066591989,2020-08-06T11:18:56Z,45.45748333,7.65940000,1486.00,99.846
2291,1,2291,-669.689250108345,-4733.119066591989,2020-08-06T11:18:57Z,45.45755000,7.65945000,1483.00,99.839
2292,1,2292,-668.689250108345,-4732.119066591989,2020-08-06T11:18:58Z,45.45763333,7.65951667,1477.00,99.829
2293,1,2293,-667.689250108345,-4731.119066591989,2020-08-06T11:18:59Z,45.45771667,7.65958333,1480.00,99.82
2294,1,2294,-666.689250108345,-4730.119066591989,2020-08-06T11:19:00Z,45.45780000,7.65963333,1478.00,99.811
2295,1,2295,-665.689250108345,-4729.119066591989,2020-08-06T11:19:01Z,45.45790000,7.65966667,1477.00,99.803
2296,1,2296,-664.689250108345,-4728.119066591989,2020-08-06T11:19:02Z,45.45800000,7.65971667,1478.00,99.793
2297,1,2297,-663.689250108345,-4727.119066591989,2020-08-06T11:19:03Z,45.45811667,7.65971667,1476.00,99.786
2298,1,2298,-662.689250108345,-4726.119066591989,2020-08-06T11:19:04Z,45.45821667,7.65971667,1473.00,99.78
2299,1,2299,-661.689250108345,-4725.119066591989,2020-08-06T11:19:05Z,45.45831667,7.65971667,1473.00,99.774
2300,1,2300,-660.689250108345,-4724.119066591989,2020-08-06T11:19:06Z,45.45840000,7.65970000,1478.00,99.769
2301,1,2301,-659.689250108345,-4723.119066591989,2020-08-06T11:19:07Z,45.45851667,7.65968333,1468.00,99.763
2302,1,2302,-658.689250108345,-4722.119066591989,2020-08-06T11:19:08Z,45.45861667,7.65966667,1469.00,99.758
2303,1,2303,-657.689250108345,-4721.119066591989,2020-08-06T11:19:09Z,45.45875000,7.65966667,1472.00,99.75
2304,1,2304,-656.689250108345,-4720.119066591989,2020-08-06T11:19:10Z,45.45886667,7.65966667,1467.00,99.742
2305,1,2305,-655.689250108345,-4719.119066591989,2020-08-06T11:19:11Z,45.45896667,7.65968333,1464.00,99.735
2306,1,2306,-654.689250108345,-4718.119066591989,2020-08-06T11:19:12Z,45.45908333,7.65970000,1479.00,99.727
2307,1,2307,-653.689250108345,-4717.119066591989,2020-08-06T11:19:13Z,45.45918333,7.65973333,1478.00,99.718
2308,1,2308,-652.689250108345,-4716.119066591989,2020-08-06T11:19:14Z,45.45926667,7.65976667,1467.00,99.711
2309,1,2309,-651.689250108345,-4715.119066591989,2020-08-06T11:19:15Z,45.45931667,7.65980000,1470.00,99.706
2310,1,2310,-650.689250108345,-4714.119066591989,2020-08-06T11:19:16Z,45.45936667,7.65986667,1475.00,99.698
2311,1,2311,-649.689250108345,-4713.119066591989,2020-08-06T11:19:17Z,45.45940000,7.65996667,1476.00,99.69
2312,1,2312,-648.689250108345,-4712.119066591989,2020-08-06T11:19:18Z,45.45940000,7.66008333,1483.00,99.682
2313,1,2313,-647.689250108345,-4711.119066591989,2020-08-06T11:19:19Z,45.45940000,7.66020000,1476.00,99.675
2314,1,2314,-646.689250108345,-4710.119066591989,2020-08-06T11:19:20Z,45.45940000,7.66031667,1481.00,99.667
2315,1,2315,-645.689250108345,-4709.119066591989,2020-08-06T11:19:21Z,45.45936667,7.66043333,1476.00,99.662
2316,1,2316,-644.689250108345,-4708.119066591989,2020-08-06T11:19:22Z,45.45933333,7.66053333,1477.00,99.657
2317,1,2317,-643.689250108345,-4707.119066591989,2020-08-06T11:19:23Z,45.45928333,7.66063333,1479.00,99.654
2318,1,2318,-642.689250108345,-4706.119066591989,2020-08-06T11:19:24Z,45.45923333,7.66068333,1480.00,99.654
2319,1,2319,-641.689250108345,-4705.119066591989,2020-08-06T11:19:25Z,45.45920000,7.66071667,1473.00,99.654
2320,1,2320,-640.689250108345,-4704.119066591989,2020-08-06T11:19:26Z,45.45913333,7.66071667,1478.00,99.658
2321,1,2321,-639.689250108345,-4703.119066591989,2020-08-06T11:19:27Z,45.45908333,7.66065000,1470.00,99.665
2322,1,2322,-638.689250108345,-4702.119066591989,2020-08-06T11:19:28Z,45.45903333,7.66056667,1476.00,99.674
2323,1,2323,-637.689250108345,-4701.119066591989,2020-08-06T11:19:29Z,45.45898333,7.66043333,1475.00,99.686
2324,1,2324,-636.689250108345,-4700.119066591989,2020-08-06T11:19:30Z,45.45895000,7.66030000,1474.00,99.696
2325,1,2325,-635.689250108345,-4699.119066591989,2020-08-06T11:19:31Z,45.45895000,7.66016667,1469.00,99.705
2326,1,2326,-634.689250108345,-4698.119066591989,2020-08-06T11:19:32Z,45.45896667,7.66001667,1476.00,99.714
2327,1,2327,-633.689250108345,-4697.119066591989,2020-08-06T11:19:33Z,45.45900000,7.65988333,1466.00,99.72
2328,1,2328,-632.689250108345,-4696.119066591989,2020-08-06T11:19:34Z,45.45906667,7.65975000,1465.00,99.724
2329,1,2329,-631.689250108345,-4695.119066591989,2020-08-06T11:19:35Z,45.45915000,7.65966667,1470.00,99.725
2330,1,2330,-630.689250108345,-4694.119066591989,2020-08-06T11:19:36Z,45.45926667,7.65960000,1468.00,99.722
2331,1,2331,-629.689250108345,-4693.119066591989,2020-08-06T11:19:37Z,45.45936667,7.65956667,1467.00,99.718
2332,1,2332,-628.689250108345,-4692.119066591989,2020-08-06T11:19:38Z,45.45946667,7.65953333,1473.00,99.713
2333,1,2333,-627.689250108345,-4691.119066591989,2020-08-06T11:19:39Z,45.45956667,7.65951667,1471.00,99.708
2334,1,2334,-626.689250108345,-4690.119066591989,2020-08-06T11:19:40Z,45.45966667,7.65950000,1477.00,99.703
2335,1,2335,-625.689250108345,-4689.119066591989,2020-08-06T11:19:41Z,45.45973333,7.65950000,1453.00,99.699
2336,1,2336,-624.689250108345,-4688.119066591989,2020-08-06T11:19:42Z,45.45981667,7.65953333,1476.00,99.692
2337,1,2337,-623.689250108345,-4687.119066591989,2020-08-06T11:19:43Z,45.45986667,7.65960000,1474.00,99.684
2338,1,2338,-622.689250108345,-4686.119066591989,2020-08-06T11:19:44Z,45.45991667,7.65968333,1478.00,99.676
2339,1,2339,-621.689250108345,-4685.119066591989,2020-08-06T11:19:45Z,45.45993333,7.65980000,1478.00,99.667
2340,1,2340,-620.689250108345,-4684.119066591989,2020-08-06T11:19:46Z,45.45993333,7.65991667,1474.00,99.66
2341,1,2341,-619.689250108345,-4683.119066591989,2020-08-06T11:19:47Z,45.45990000,7.66000000,1473.00,99.656
2342,1,2342,-618.689250108345,-4682.119066591989,2020-08-06T11:19:48Z,45.45983333,7.66006667,1481.00,99.656
2343,1,2343,-617.689250108345,-4681.119066591989,2020-08-06T11:19:49Z,45.45976667,7.66006667,1476.00,99.66
2344,1,2344,-616.689250108345,-4680.119066591989,2020-08-06T11:19:50Z,45.45970000,7.66000000,1472.00,99.669
2345,1,2345,-615.689250108345,-4679.119066591989,2020-08-06T11:19:51Z,45.45965000,7.65990000,1473.00,99.678
2346,1,2346,-614.689250108345,-4678.119066591989,2020-08-06T11:19:52Z,45.45961667,7.65976667,1486.00,99.689
2347,1,2347,-613.689250108345,-4677.119066591989,2020-08-06T11:19:53Z,45.45960000,7.65963333,1475.00,99.699
2348,1,2348,-612.689250108345,-4676.119066591989,2020-08-06T11:19:54Z,45.45961667,7.65948333,1468.00,99.707
2349,1,2349,-611.689250108345,-4675.119066591989,2020-08-06T11:19:55Z,45.45965000,7.65933333,1476.00,99.715
2350,1,2350,-610.689250108345,-4674.119066591989,2020-08-06T11:19:56Z,45.45971667,7.65920000,1477.00,99.719
2351,1,2351,-609.689250108345,-4673.119066591989,2020-08-06T11:19:57Z,45.45980000,7.65911667,1466.00,99.72
2352,1,2352,-608.689250108345,-4672.119066591989,2020-08-06T11:19:58Z,45.45988333,7.65906667,1477.00,99.718
2353,1,2353,-607.689250108345,-4671.119066591989,2020-08-06T11:19:59Z,45.45996667,7.65905000,1475.00,99.713
2354,1,2354,-606.689250108345,-4670.119066591989,2020-08-06T11:20:00Z,45.46005000,7.65908333,1475.00,99.706
2355,1,2355,-605.689250108345,-4669.119066591989,2020-08-06T11:20:01Z,45.46011667,7.65913333,1484.00,99.699
2356,1,2356,-604.689250108345,-4668.119066591989,2020-08-06T11:20:02Z,45.46018333,7.65920000,1476.00,99.69
2357,1,2357,-603.689250108345,-4667.119066591989,2020-08-06T11:20:03Z,45.46020000,7.65928333,1477.00,99.684
2358,1,2358,-602.689250108345,-4666.119066591989,2020-08-06T11:20:04Z,45.46021667,7.65938333,1479.00,99.676
2359,1,2359,-601.689250108345,-4665.119066591989,2020-08-06T11:20:05Z,45.46020000,7.65948333,1477.00,99.671
2360,1,2360,-600.689250108345,-4664.119066591989,2020-08-06T11:20:06Z,45.46016667,7.65958333,1480.00,99.667
2361,1,2361,-599.689250108345,-4663.119066591989,2020-08-06T11:20:07Z,45.46013333,7.65966667,1476.00,99.663
2362,1,2362,-598.689250108345,-4662.119066591989,2020-08-06T11:20:08Z,45.46010000,7.65975000,1479.00,99.66
2363,1,2363,-597.689250108345,-4661.119066591989,2020-08-06T11:20:09Z,45.46006667,7.65983333,1478.00,99.657
2364,1,2364,-596.689250108345,-4660.119066591989,2020-08-06T11:20:10Z,45.46000000,7.65990000,1479.00,99.656
2365,1,2365,-595.689250108345,-4659.119066591989,2020-08-06T11:20:11Z,45.45993333,7.65993333,1478.00,99.658
2366,1,2366,-594.689250108345,-4658.119066591989,2020-08-06T11:20:12Z,45.45988333,7.65996667,1483.00,99.659
2367,1,2367,-593.689250108345,-4657.119066591989,2020-08-06T11:20:13Z,45.45983333,7.66001667,1479.00,99.659
2368,1,2368,-592.689250108345,-4656.119066591989,2020-08-06T11:20:14Z,45.45978333,7.66006667,1475.00,99.659
2369,1,2369,-591.689250108345,-4655.119066591989,2020-08-06T11:20:15Z,45.45975000,7.66011667,1473.00,99.658
2370,1,2370,-590.689250108345,-4654.119066591989,2020-08-06T11:20:16Z,45.45970000,7.66020000,1477.00,99.656
2371,1,2371,-589.689250108345,-4653.119066591989,2020-08-06T11:20:17Z,45.45965000,7.66026667,1466.00,99.655
2372,1,2372,-588.689250108345,-4652.119066591989,2020-08-06T11:20:18Z,45.45958333,7.66033333,1471.00,99.655
2373,1,2373,-587.689250108345,-4651.119066591989,2020-08-06T11:20:19Z,45.45950000,7.66036667,1477.00,99.658
2374,1,2374,-586.689250108345,-4650.119066591989,2020-08-06T11:20:20Z,45.45941667,7.66036667,1473.00,99.663
2375,1,2375,-585.689250108345,-4649.119066591989,2020-08-06T11:20:21Z,45.45931667,7.66033333,1481.00,99.671
2376,1,2376,-584.689250108345,-4648.119066591989,2020-08-06T11:20:22Z,45.45923333,7.66030000,1472.00,99.679
2377,1,2377,-583.689250108345,-4647.119066591989,2020-08-06T11:20:23Z,45.45915000,7.66023333,1477.00,99.688
2378,1,2378,-582.689250108345,-4646.119066591989,2020-08-06T11:20:24Z,45.45906667,7.66016667,1474.00,99.698
2379,1,2379,-581.689250108345,-4645.119066591989,2020-08-06T11:20:25Z,45.45900000,7.66011667,1480.00,99.705
2380,1,2380,-580.689250108345,-4644.119066591989,2020-08-06T11:20:26Z,45.45893333,7.66008333,1475.00,99.711
2381,1,2381,-579.689250108345,-4643.119066591989,2020-08-06T11:20:27Z,45.45886667,7.66006667,1472.00,99.717
2382,1,2382,-578.689250108345,-4642.119066591989,2020-08-06T11:20:28Z,45.45876667,7.66005000,1469.00,99.724
2383,1,2383,-577.689250108345,-4641.119066591989,2020-08-06T11:20:29Z,45.45868333,7.66005000,1466.00,99.729
2384,1,2384,-576.689250108345,-4640.119066591989,2020-08-06T11:20:30Z,45.45860000,7.66005000,1468.00,99.734
2385,1,2385,-575.689250108345,-4639.119066591989,2020-08-06T11:20:31Z,45.45853333,7.66008333,1461.00,99.736
2386,1,2386,-574.689250108345,-4638.119066591989,2020-08-06T11:20:32Z,45.45846667,7.66013333,1461.00,99.737
2387,1,2387,-573.689250108345,-4637.119066591989,2020-08-06T11:20:33Z,45.45841667,7.66018333,1459.00,99.737
2388,1,2388,-572.689250108345,-4636.119066591989,2020-08-06T11:20:34Z,45.45836667,7.66025000,1456.00,99.736
2389,1,2389,-571.689250108345,-4635.119066591989,2020-08-06T11:20:35Z,45.45831667,7.66033333,1459.00,99.734
2390,1,2390,-570.689250108345,-4634.119066591989,2020-08-06T11:20:36Z,45.45826667,7.66041667,1450.00,99.732
2391,1,2391,-569.689250108345,-4633.119066591989,2020-08-06T11:20:37Z,45.45821667,7.66051667,1451.00,99.728
2392,1,2392,-568.689250108345,-4632.119066591989,2020-08-06T11:20:38Z,45.45816667,7.66063333,1451.00,99.724
2393,1,2393,-567.689250108345,-4631.119066591989,2020-08-06T11:20:39Z,45.45811667,7.66073333,1445.00,99.721
2394,1,2394,-566.689250108345,-4630.119066591989,2020-08-06T11:20:40Z,45.45805000,7.66083333,1445.00,99.719
2395,1,2395,-565.689250108345,-4629.119066591989,2020-08-06T11:20:41Z,45.45798333,7.66091667,1442.00,99.717
2396,1,2396,-564.689250108345,-4628.119066591989,2020-08-06T11:20:42Z,45.45791667,7.66101667,1442.00,99.715
2397,1,2397,-563.689250108345,-4627.119066591989,2020-08-06T11:20:43Z,45.45786667,7.66110000,1442.00,99.713
2398,1,2398,-562.689250108345,-4626.119066591989,2020-08-06T11:20:44Z,45.45781667,7.66120000,1439.00,99.71
2399,1,2399,-561.689250108345,-4625.119066591989,2020-08-06T11:20:45Z,45.45775000,7.66128333,1438.00,99.709
2400,1,2400,-560.689250108345,-4624.119066591989,2020-08-06T11:20:46Z,45.45770000,7.66138333,1433.00,99.705
2401,1,2401,-559.689250108345,-4623.119066591989,2020-08-06T11:20:47Z,45.45765000,7.66148333,1437.00,99.702
2402,1,2402,-558.689250108345,-4622.119066591989,2020-08-06T11:20:48Z,45.45760000,7.66158333,1436.00,99.699
2403,1,2403,-557.689250108345,-4621.119066591989,2020-08-06T11:20:49Z,45.45755000,7.66170000,1435.00,99.694
2404,1,2404,-556.689250108345,-4620.119066591989,2020-08-06T11:20:50Z,45.45751667,7.66181667,1438.00,99.689
2405,1,2405,-555.689250108345,-4619.119066591989,2020-08-06T11:20:51Z,45.45746667,7.66191667,1438.00,99.685
2406,1,2406,-554.689250108345,-4618.119066591989,2020-08-06T11:20:52Z,45.45743333,7.66200000,1433.00,99.682
2407,1,2407,-553.689250108345,-4617.119066591989,2020-08-06T11:20:53Z,45.45736667,7.66208333,1436.00,99.681
2408,1,2408,-552.689250108345,-4616.119066591989,2020-08-06T11:20:54Z,45.45731667,7.66216667,1437.00,99.678
2409,1,2409,-551.689250108345,-4615.119066591989,2020-08-06T11:20:55Z,45.45726667,7.66225000,1434.00,99.676
2410,1,2410,-550.689250108345,-4614.119066591989,2020-08-06T11:20:56Z,45.45721667,7.66235000,1435.00,99.673
2411,1,2411,-549.689250108345,-4613.119066591989,2020-08-06T11:20:57Z,45.45715000,7.66245000,1436.00,99.671
2412,1,2412,-548.689250108345,-4612.119066591989,2020-08-06T11:20:58Z,45.45708333,7.66253333,1435.00,99.669
2413,1,2413,-547.689250108345,-4611.119066591989,2020-08-06T11:20:59Z,45.45701667,7.66263333,1428.00,99.667
2414,1,2414,-546.689250108345,-4610.119066591989,2020-08-06T11:21:00Z,45.45696667,7.66271667,1425.00,99.665
2415,1,2415,-545.689250108345,-4609.119066591989,2020-08-06T11:21:01Z,45.45690000,7.66278333,1423.00,99.665
2416,1,2416,-544.689250108345,-4608.119066591989,2020-08-06T11:21:02Z,45.45681667,7.66283333,1426.00,99.667
2417,1,2417,-543.689250108345,-4607.119066591989,2020-08-06T11:21:03Z,45.45675000,7.66285000,1424.00,99.67
2418,1,2418,-542.689250108345,-4606.119066591989,2020-08-06T11:21:04Z,45.45666667,7.66283333,1426.00,99.676
2419,1,2419,-541.689250108345,-4605.119066591989,2020-08-06T11:21:05Z,45.45656667,7.66280000,1425.00,99.684
2420,1,2420,-540.689250108345,-4604.119066591989,2020-08-06T11:21:06Z,45.45650000,7.66273333,1418.00,99.693
2421,1,2421,-539.689250108345,-4603.119066591989,2020-08-06T11:21:07Z,45.45645000,7.66265000,1429.00,99.701
2422,1,2422,-538.689250108345,-4602.119066591989,2020-08-06T11:21:08Z,45.45641667,7.66253333,1426.00,99.711
2423,1,2423,-537.689250108345,-4601.119066591989,2020-08-06T11:21:09Z,45.45640000,7.66240000,1431.00,99.72
2424,1,2424,-536.689250108345,-4600.119066591989,2020-08-06T11:21:10Z,45.45641667,7.66228333,1420.00,99.727
2425,1,2425,-535.689250108345,-4599.119066591989,2020-08-06T11:21:11Z,45.45645000,7.66215000,1426.00,99.734
2426,1,2426,-534.689250108345,-4598.119066591989,2020-08-06T11:21:12Z,45.45650000,7.66203333,1422.00,99.738
2427,1,2427,-533.689250108345,-4597.119066591989,2020-08-06T11:21:13Z,45.45656667,7.66195000,1419.00,99.739
2428,1,2428,-532.689250108345,-4596.119066591989,2020-08-06T11:21:14Z,45.45663333,7.66188333,1430.00,99.739
2429,1,2429,-531.689250108345,-4595.119066591989,2020-08-06T11:21:15Z,45.45670000,7.66185000,1424.00,99.737
2430,1,2430,-530.689250108345,-4594.119066591989,2020-08-06T11:21:16Z,45.45678333,7.66183333,1426.00,99.733
2431,1,2431,-529.689250108345,-4593.119066591989,2020-08-06T11:21:17Z,45.45686667,7.66181667,1428.00,99.729
2432,1,2432,-528.689250108345,-4592.119066591989,2020-08-06T11:21:18Z,45.45695000,7.66183333,1412.00,99.723
2433,1,2433,-527.689250108345,-4591.119066591989,2020-08-06T11:21:19Z,45.45705000,7.66190000,1410.00,99.712
2434,1,2434,-526.689250108345,-4590.119066591989,2020-08-06T11:21:20Z,45.45711667,7.66200000,1417.00,99.702
2435,1,2435,-525.689250108345,-4589.119066591989,2020-08-06T11:21:21Z,45.45720000,7.66208333,1417.00,99.691
2436,1,2436,-524.689250108345,-4588.119066591989,2020-08-06T11:21:22Z,45.45728333,7.66215000,1419.00,99.682
2437,1,2437,-523.689250108345,-4587.119066591989,2020-08-06T11:21:23Z,45.45735000,7.66221667,1417.00,99.673
2438,1,2438,-522.689250108345,-4586.119066591989,2020-08-06T11:21:24Z,45.45743333,7.66226667,1416.00,99.665
2439,1,2439,-521.689250108345,-4585.119066591989,2020-08-06T11:21:25Z,45.45750000,7.66231667,1415.00,99.657
2440,1,2440,-520.689250108345,-4584.119066591989,2020-08-06T11:21:26Z,45.45756667,7.66238333,1417.00,99.649
2441,1,2441,-519.689250108345,-4583.119066591989,2020-08-06T11:21:27Z,45.45761667,7.66246667,1403.00,99.64
2442,1,2442,-518.689250108345,-4582.119066591989,2020-08-06T11:21:28Z,45.45766667,7.66256667,1413.00,99.631
2443,1,2443,-517.689250108345,-4581.119066591989,2020-08-06T11:21:29Z,45.45773333,7.66268333,1405.00,99.619
2444,1,2444,-516.689250108345,-4580.119066591989,2020-08-06T11:21:30Z,45.45780000,7.66278333,1410.00,99.609
2445,1,2445,-515.689250108345,-4579.119066591989,2020-08-06T11:21:31Z,45.45785000,7.66286667,1404.00,99.6
2446,1,2446,-514.689250108345,-4578.119066591989,2020-08-06T11:21:32Z,45.45791667,7.66296667,1410.00,99.589
2447,1,2447,-513.689250108345,-4577.119066591989,2020-08-06T11:21:33Z,45.45796667,7.66306667,1403.00,99.58
2448,1,2448,-512.689250108345,-4576.119066591989,2020-08-06T11:21:34Z,45.45801667,7.66318333,1403.00,99.569
2449,1,2449,-511.689250108345,-4575.119066591989,2020-08-06T11:21:35Z,45.45805000,7.66330000,1400.00,99.56
2450,1,2450,-510.689250108345,-4574.119066591989,2020-08-06T11:21:36Z,45.45805000,7.66343333,1399.00,99.551
2451,1,2451,-509.689250108345,-4573.119066591989,2020-08-06T11:21:37Z,45.45805000,7.66356667,1395.00,99.542
2452,1,2452,-508.689250108345,-4572.119066591989,2020-08-06T11:21:38Z,45.45805000,7.66370000,1394.00,99.534
2453,1,2453,-507.689250108345,-4571.119066591989,2020-08-06T11:21:39Z,45.45805000,7.66383333,1395.00,99.525
2454,1,2454,-506.689250108345,-4570.119066591989,2020-08-06T11:21:40Z,45.45805000,7.66398333,1395.00,99.515
2455,1,2455,-505.689250108345,-4569.119066591989,2020-08-06T11:21:41Z,45.45805000,7.66411667,1391.00,99.507
2456,1,2456,-504.689250108345,-4568.119066591989,2020-08-06T11:21:42Z,45.45806667,7.66425000,1387.00,99.497
2457,1,2457,-503.689250108345,-4567.119066591989,2020-08-06T11:21:43Z,45.45806667,7.66438333,1386.00,99.489
2458,1,2458,-502.689250108345,-4566.119066591989,2020-08-06T11:21:44Z,45.45805000,7.66451667,1388.00,99.481
2459,1,2459,-501.689250108345,-4565.119066591989,2020-08-06T11:21:45Z,45.45805000,7.66465000,1385.00,99.472
2460,1,2460,-500.689250108345,-4564.119066591989,2020-08-06T11:21:46Z,45.45806667,7.66478333,1381.00,99.463
2461,1,2461,-499.689250108345,-4563.119066591989,2020-08-06T11:21:47Z,45.45808333,7.66493333,1382.00,99.452
2462,1,2462,-498.689250108345,-4562.119066591989,2020-08-06T11:21:48Z,45.45811667,7.66508333,1376.00,99.44
2463,1,2463,-497.689250108345,-4561.119066591989,2020-08-06T11:21:49Z,45.45813333,7.66523333,1376.00,99.429
2464,1,2464,-496.689250108345,-4560.119066591989,2020-08-06T11:21:50Z,45.45816667,7.66538333,1375.00,99.418
2465,1,2465,-495.689250108345,-4559.119066591989,2020-08-06T11:21:51Z,45.45820000,7.66551667,1373.00,99.407
2466,1,2466,-494.689250108345,-4558.119066591989,2020-08-06T11:21:52Z,45.45823333,7.66566667,1375.00,99.395
2467,1,2467,-493.689250108345,-4557.119066591989,2020-08-06T11:21:53Z,45.45826667,7.66581667,1376.00,99.383
2468,1,2468,-492.689250108345,-4556.119066591989,2020-08-06T11:21:54Z,45.45830000,7.66595000,1373.00,99.373
2469,1,2469,-491.689250108345,-4555.119066591989,2020-08-06T11:21:55Z,45.45833333,7.66608333,1370.00,99.362
2470,1,2470,-490.689250108345,-4554.119066591989,2020-08-06T11:21:56Z,45.45836667,7.66621667,1377.00,99.351
2471,1,2471,-489.689250108345,-4553.119066591989,2020-08-06T11:21:57Z,45.45840000,7.66631667,1373.00,99.343
2472,1,2472,-488.689250108345,-4552.119066591989,2020-08-06T11:21:58Z,45.45841667,7.66641667,1376.00,99.335
2473,1,2473,-487.689250108345,-4551.119066591989,2020-08-06T11:21:59Z,45.45840000,7.66651667,1383.00,99.33
2474,1,2474,-486.689250108345,-4550.119066591989,2020-08-06T11:22:00Z,45.45838333,7.66663333,1376.00,99.323
2475,1,2475,-485.689250108345,-4549.119066591989,2020-08-06T11:22:01Z,45.45835000,7.66676667,1380.00,99.317
2476,1,2476,-484.689250108345,-4548.119066591989,2020-08-06T11:22:02Z,45.45831667,7.66688333,1383.00,99.311
2477,1,2477,-483.689250108345,-4547.119066591989,2020-08-06T11:22:03Z,45.45828333,7.66698333,1386.00,99.307
2478,1,2478,-482.689250108345,-4546.119066591989,2020-08-06T11:22:04Z,45.45825000,7.66705000,1382.00,99.305
2479,1,2479,-481.689250108345,-4545.119066591989,2020-08-06T11:22:05Z,45.45821667,7.66708333,1357.00,99.305
2480,1,2480,-480.689250108345,-4544.119066591989,2020-08-06T11:22:06Z,45.45816667,7.66710000,1382.00,99.307
2481,1,2481,-479.689250108345,-4543.119066591989,2020-08-06T11:22:07Z,45.45810000,7.66706667,1383.00,99.313
2482,1,2482,-478.689250108345,-4542.119066591989,2020-08-06T11:22:08Z,45.45803333,7.66701667,1391.00,99.321
2483,1,2483,-477.689250108345,-4541.119066591989,2020-08-06T11:22:09Z,45.45800000,7.66690000,1389.00,99.33
2484,1,2484,-476.689250108345,-4540.119066591989,2020-08-06T11:22:10Z,45.45800000,7.66678333,1388.00,99.338
2485,1,2485,-475.689250108345,-4539.119066591989,2020-08-06T11:22:11Z,45.45801667,7.66666667,1396.00,99.344
2486,1,2486,-474.689250108345,-4538.119066591989,2020-08-06T11:22:12Z,45.45808333,7.66653333,1392.00,99.349
2487,1,2487,-473.689250108345,-4537.119066591989,2020-08-06T11:22:13Z,45.45816667,7.66643333,1394.00,99.35
2488,1,2488,-472.689250108345,-4536.119066591989,2020-08-06T11:22:14Z,45.45825000,7.66636667,1397.00,99.349
2489,1,2489,-471.689250108345,-4535.119066591989,2020-08-06T11:22:15Z,45.45835000,7.66631667,1393.00,99.346
2490,1,2490,-470.689250108345,-4534.119066591989,2020-08-06T11:22:16Z,45.45843333,7.66633333,1399.00,99.34
2491,1,2491,-469.689250108345,-4533.119066591989,2020-08-06T11:22:17Z,45.45850000,7.66640000,1402.00,99.331
2492,1,2492,-468.689250108345,-4532.119066591989,2020-08-06T11:22:18Z,45.45855000,7.66648333,1397.00,99.323
2493,1,2493,-467.689250108345,-4531.119066591989,2020-08-06T11:22:19Z,45.45858333,7.66658333,1402.00,99.314
2494,1,2494,-466.689250108345,-4530.119066591989,2020-08-06T11:22:20Z,45.45860000,7.66670000,1397.00,99.306
2495,1,2495,-465.689250108345,-4529.119066591989,2020-08-06T11:22:21Z,45.45860000,7.66680000,1414.00,99.299
2496,1,2496,-464.689250108345,-4528.119066591989,2020-08-06T11:22:22Z,45.45856667,7.66688333,1403.00,99.296
2497,1,2497,-463.689250108345,-4527.119066591989,2020-08-06T11:22:23Z,45.45853333,7.66695000,1411.00,99.294
2498,1,2498,-462.689250108345,-4526.119066591989,2020-08-06T11:22:24Z,45.45848333,7.66696667,1407.00,99.296
2499,1,2499,-461.689250108345,-4525.119066591989,2020-08-06T11:22:25Z,45.45841667,7.66695000,1407.00,99.301
2500,1,2500,-460.689250108345,-4524.119066591989,2020-08-06T11:22:26Z,45.45836667,7.66688333,1406.00,99.308
2501,1,2501,-459.689250108345,-4523.119066591989,2020-08-06T11:22:27Z,45.45833333,7.66678333,1406.00,99.317
2502,1,2502,-458.689250108345,-4522.119066591989,2020-08-06T11:22:28Z,45.45833333,7.66668333,1407.00,99.323
2503,1,2503,-457.689250108345,-4521.119066591989,2020-08-06T11:22:29Z,45.45835000,7.66655000,1411.00,99.331
2504,1,2504,-456.689250108345,-4520.119066591989,2020-08-06T11:22:30Z,45.45840000,7.66641667,1412.00,99.336
2505,1,2505,-455.689250108345,-4519.119066591989,2020-08-06T11:22:31Z,45.45848333,7.66630000,1418.00,99.339
2506,1,2506,-454.689250108345,-4518.119066591989,2020-08-06T11:22:32Z,45.45856667,7.66621667,1406.00,99.339
2507,1,2507,-453.689250108345,-4517.119066591989,2020-08-06T11:22:33Z,45.45866667,7.66620000,1420.00,99.334
2508,1,2508,-452.689250108345,-4516.119066591989,2020-08-06T11:22:34Z,45.45876667,7.66620000,1419.00,99.328
2509,1,2509,-451.689250108345,-4515.119066591989,2020-08-06T11:22:35Z,45.45883333,7.66625000,1420.00,99.32
2510,1,2510,-450.689250108345,-4514.119066591989,2020-08-06T11:22:36Z,45.45890000,7.66631667,1422.00,99.312
2511,1,2511,-449.689250108345,-4513.119066591989,2020-08-06T11:22:37Z,45.45896667,7.66640000,1415.00,99.302
2512,1,2512,-448.689250108345,-4512.119066591989,2020-08-06T11:22:38Z,45.45900000,7.66651667,1416.00,99.293
2513,1,2513,-447.689250108345,-4511.119066591989,2020-08-06T11:22:39Z,45.45901667,7.66665000,1415.00,99.283
2514,1,2514,-446.689250108345,-4510.119066591989,2020-08-06T11:22:40Z,45.45901667,7.66676667,1420.00,99.275
2515,1,2515,-445.689250108345,-4509.119066591989,2020-08-06T11:22:41Z,45.45898333,7.66686667,1421.00,99.271
2516,1,2516,-444.689250108345,-4508.119066591989,2020-08-06T11:22:42Z,45.45895000,7.66695000,1423.00,99.268
2517,1,2517,-443.689250108345,-4507.119066591989,2020-08-06T11:22:43Z,45.45891667,7.66703333,1420.00,99.264
2518,1,2518,-442.689250108345,-4506.119066591989,2020-08-06T11:22:44Z,45.45890000,7.66711667,1423.00,99.26
2519,1,2519,-441.689250108345,-4505.119066591989,2020-08-06T11:22:45Z,45.45885000,7.66721667,1418.00,99.257
2520,1,2520,-440.689250108345,-4504.119066591989,2020-08-06T11:22:46Z,45.45880000,7.66728333,1419.00,99.255
2521,1,2521,-439.689250108345,-4503.119066591989,2020-08-06T11:22:47Z,45.45875000,7.66733333,1424.00,99.255
2522,1,2522,-438.689250108345,-4502.119066591989,2020-08-06T11:22:48Z,45.45870000,7.66738333,1429.00,99.255
2523,1,2523,-437.689250108345,-4501.119066591989,2020-08-06T11:22:49Z,45.45865000,7.66745000,1424.00,99.254
2524,1,2524,-436.689250108345,-4500.119066591989,2020-08-06T11:22:50Z,45.45858333,7.66750000,1420.00,99.255
2525,1,2525,-435.689250108345,-4499.119066591989,2020-08-06T11:22:51Z,45.45851667,7.66755000,1423.00,99.256
2526,1,2526,-434.689250108345,-4498.119066591989,2020-08-06T11:22:52Z,45.45846667,7.66758333,1422.00,99.257
2527,1,2527,-433.689250108345,-4497.119066591989,2020-08-06T11:22:53Z,45.45840000,7.66761667,1413.00,99.259
2528,1,2528,-432.689250108345,-4496.119066591989,2020-08-06T11:22:54Z,45.45833333,7.66766667,1431.00,99.26
2529,1,2529,-431.689250108345,-4495.119066591989,2020-08-06T11:22:55Z,45.45828333,7.66770000,1428.00,99.261
2530,1,2530,-430.689250108345,-4494.119066591989,2020-08-06T11:22:56Z,45.45821667,7.66775000,1426.00,99.262
2531,1,2531,-429.689250108345,-4493.119066591989,2020-08-06T11:22:57Z,45.45813333,7.66778333,1421.00,99.265
2532,1,2532,-428.689250108345,-4492.119066591989,2020-08-06T11:22:58Z,45.45806667,7.66780000,1433.00,99.268
2533,1,2533,-427.689250108345,-4491.119066591989,2020-08-06T11:22:59Z,45.45800000,7.66783333,1433.00,99.27
2534,1,2534,-426.689250108345,-4490.119066591989,2020-08-06T11:23:00Z,45.45793333,7.66785000,1424.00,99.273
2535,1,2535,-425.689250108345,-4489.119066591989,2020-08-06T11:23:01Z,45.45786667,7.66783333,1425.00,99.278
2536,1,2536,-424.689250108345,-4488.119066591989,2020-08-06T11:23:02Z,45.45781667,7.66780000,1436.00,99.284
2537,1,2537,-423.689250108345,-4487.119066591989,2020-08-06T11:23:03Z,45.45778333,7.66773333,1423.00,99.29
2538,1,2538,-422.689250108345,-4486.119066591989,2020-08-06T11:23:04Z,45.45775000,7.66763333,1436.00,99.299
2539,1,2539,-421.689250108345,-4485.119066591989,2020-08-06T11:23:05Z,45.45773333,7.66751667,1441.00,99.307
2540,1,2540,-420.689250108345,-4484.119066591989,2020-08-06T11:23:06Z,45.45776667,7.66738333,1442.00,99.314
2541,1,2541,-419.689250108345,-4483.119066591989,2020-08-06T11:23:07Z,45.45780000,7.66725000,1430.00,99.32
2542,1,2542,-418.689250108345,-4482.119066591989,2020-08-06T11:23:08Z,45.45786667,7.66715000,1440.00,99.322
2543,1,2543,-417.689250108345,-4481.119066591989,2020-08-06T11:23:09Z,45.45796667,7.66708333,1443.00,99.32
2544,1,2544,-416.689250108345,-4480.119066591989,2020-08-06T11:23:10Z,45.45808333,7.66703333,1437.00,99.316
2545,1,2545,-415.689250108345,-4479.119066591989,2020-08-06T11:23:11Z,45.45818333,7.66700000,1440.00,99.312
2546,1,2546,-414.689250108345,-4478.119066591989,2020-08-06T11:23:12Z,45.45828333,7.66700000,1450.00,99.306
2547,1,2547,-413.689250108345,-4477.119066591989,2020-08-06T11:23:13Z,45.45838333,7.66698333,1445.00,99.301
2548,1,2548,-412.689250108345,-4476.119066591989,2020-08-06T11:23:14Z,45.45848333,7.66696667,1439.00,99.296
2549,1,2549,-411.689250108345,-4475.119066591989,2020-08-06T11:23:15Z,45.45856667,7.66698333,1444.00,99.289
2550,1,2550,-410.689250108345,-4474.119066591989,2020-08-06T11:23:16Z,45.45866667,7.66703333,1449.00,99.28
2551,1,2551,-409.689250108345,-4473.119066591989,2020-08-06T11:23:17Z,45.45873333,7.66711667,1450.00,99.27
2552,1,2552,-408.689250108345,-4472.119066591989,2020-08-06T11:23:18Z,45.45878333,7.66721667,1450.00,99.261
2553,1,2553,-407.689250108345,-4471.119066591989,2020-08-06T11:23:19Z,45.45880000,7.66733333,1454.00,99.252
2554,1,2554,-406.689250108345,-4470.119066591989,2020-08-06T11:23:20Z,45.45880000,7.66743333,1449.00,99.246
2555,1,2555,-405.689250108345,-4469.119066591989,2020-08-06T11:23:21Z,45.45878333,7.66751667,1454.00,99.241
2556,1,2556,-404.689250108345,-4468.119066591989,2020-08-06T11:23:22Z,45.45873333,7.66760000,1448.00,99.239
2557,1,2557,-403.689250108345,-4467.119066591989,2020-08-06T11:23:23Z,45.45868333,7.66766667,1449.00,99.238
2558,1,2558,-402.689250108345,-4466.119066591989,2020-08-06T11:23:24Z,45.45863333,7.66770000,1450.00,99.239
2559,1,2559,-401.689250108345,-4465.119066591989,2020-08-06T11:23:25Z,45.45860000,7.66770000,1457.00,99.241
2560,1,2560,-400.689250108345,-4464.119066591989,2020-08-06T11:23:26Z,45.45855000,7.66768333,1452.00,99.245
2561,1,2561,-399.689250108345,-4463.119066591989,2020-08-06T11:23:27Z,45.45850000,7.66760000,1452.00,99.254
2562,1,2562,-398.689250108345,-4462.119066591989,2020-08-06T11:23:28Z,45.45846667,7.66750000,1460.00,99.262
2563,1,2563,-397.689250108345,-4461.119066591989,2020-08-06T11:23:29Z,45.45848333,7.66735000,1458.00,99.271
2564,1,2564,-396.689250108345,-4460.119066591989,2020-08-06T11:23:30Z,45.45851667,7.66721667,1464.00,99.277
2565,1,2565,-395.689250108345,-4459.119066591989,2020-08-06T11:23:31Z,45.45860000,7.66708333,1456.00,99.281
2566,1,2566,-394.689250108345,-4458.119066591989,2020-08-06T11:23:32Z,45.45868333,7.66700000,1449.00,99.281
2567,1,2567,-393.689250108345,-4457.119066591989,2020-08-06T11:23:33Z,45.45878333,7.66695000,1475.00,99.278
2568,1,2568,-392.689250108345,-4456.119066591989,2020-08-06T11:23:34Z,45.45890000,7.66695000,1462.00,99.271
2569,1,2569,-391.689250108345,-4455.119066591989,2020-08-06T11:23:35Z,45.45900000,7.66698333,1463.00,99.262
2570,1,2570,-390.689250108345,-4454.119066591989,2020-08-06T11:23:36Z,45.45908333,7.66703333,1476.00,99.254
2571,1,2571,-389.689250108345,-4453.119066591989,2020-08-06T11:23:37Z,45.45916667,7.66710000,1464.00,99.244
2572,1,2572,-388.689250108345,-4452.119066591989,2020-08-06T11:23:38Z,45.45920000,7.66720000,1474.00,99.236
2573,1,2573,-387.689250108345,-4451.119066591989,2020-08-06T11:23:39Z,45.45923333,7.66730000,1460.00,99.227
2574,1,2574,-386.689250108345,-4450.119066591989,2020-08-06T11:23:40Z,45.45921667,7.66740000,1473.00,99.222
2575,1,2575,-385.689250108345,-4449.119066591989,2020-08-06T11:23:41Z,45.45920000,7.66750000,1467.00,99.217
2576,1,2576,-384.689250108345,-4448.119066591989,2020-08-06T11:23:42Z,45.45916667,7.66758333,1468.00,99.213
2577,1,2577,-383.689250108345,-4447.119066591989,2020-08-06T11:23:43Z,45.45915000,7.66763333,1479.00,99.211
2578,1,2578,-382.689250108345,-4446.119066591989,2020-08-06T11:23:44Z,45.45911667,7.66770000,1461.00,99.209
2579,1,2579,-381.689250108345,-4445.119066591989,2020-08-06T11:23:45Z,45.45908333,7.66773333,1480.00,99.209
2580,1,2580,-380.689250108345,-4444.119066591989,2020-08-06T11:23:46Z,45.45903333,7.66776667,1457.00,99.21
2581,1,2581,-379.689250108345,-4443.119066591989,2020-08-06T11:23:47Z,45.45898333,7.66778333,1470.00,99.212
2582,1,2582,-378.689250108345,-4442.119066591989,2020-08-06T11:23:48Z,45.45891667,7.66781667,1464.00,99.214
2583,1,2583,-377.689250108345,-4441.119066591989,2020-08-06T11:23:49Z,45.45885000,7.66788333,1464.00,99.214
2584,1,2584,-376.689250108345,-4440.119066591989,2020-08-06T11:23:50Z,45.45878333,7.66796667,1467.00,99.212
2585,1,2585,-375.689250108345,-4439.119066591989,2020-08-06T11:23:51Z,45.45875000,7.66803333,1471.00,99.21
2586,1,2586,-374.689250108345,-4438.119066591989,2020-08-06T11:23:52Z,45.45871667,7.66810000,1469.00,99.208
2587,1,2587,-373.689250108345,-4437.119066591989,2020-08-06T11:23:53Z,45.45868333,7.66813333,1462.00,99.208
2588,1,2588,-372.689250108345,-4436.119066591989,2020-08-06T11:23:54Z,45.45865000,7.66816667,1474.00,99.208
2589,1,2589,-371.689250108345,-4435.119066591989,2020-08-06T11:23:55Z,45.45860000,7.66823333,1470.00,99.207
2590,1,2590,-370.689250108345,-4434.119066591989,2020-08-06T11:23:56Z,45.45851667,7.66828333,1463.00,99.209
2591,1,2591,-369.689250108345,-4433.119066591989,2020-08-06T11:23:57Z,45.45845000,7.66831667,1461.00,99.211
2592,1,2592,-368.689250108345,-4432.119066591989,2020-08-06T11:23:58Z,45.45836667,7.66833333,1473.00,99.215
2593,1,2593,-367.689250108345,-4431.119066591989,2020-08-06T11:23:59Z,45.45830000,7.66835000,1472.00,99.218
2594,1,2594,-366.689250108345,-4430.119066591989,2020-08-06T11:24:00Z,45.45823333,7.66835000,1474.00,99.222
2595,1,2595,-365.689250108345,-4429.119066591989,2020-08-06T11:24:01Z,45.45816667,7.66835000,1471.00,99.226
2596,1,2596,-364.689250108345,-4428.119066591989,2020-08-06T11:24:02Z,45.45810000,7.66833333,1467.00,99.232
2597,1,2597,-363.689250108345,-4427.119066591989,2020-08-06T11:24:03Z,45.45803333,7.66830000,1481.00,99.238
2598,1,2598,-362.689250108345,-4426.119066591989,2020-08-06T11:24:04Z,45.45796667,7.66828333,1481.00,99.243
2599,1,2599,-361.689250108345,-4425.119066591989,2020-08-06T11:24:05Z,45.45788333,7.66828333,1483.00,99.248
2600,1,2600,-360.689250108345,-4424.119066591989,2020-08-06T11:24:06Z,45.45781667,7.66826667,1477.00,99.254
2601,1,2601,-359.689250108345,-4423.119066591989,2020-08-06T11:24:07Z,45.45775000,7.66826667,1488.00,99.258
2602,1,2602,-358.689250108345,-4422.119066591989,2020-08-06T11:24:08Z,45.45770000,7.66826667,1482.00,99.261
2603,1,2603,-357.689250108345,-4421.119066591989,2020-08-06T11:24:09Z,45.45765000,7.66826667,1477.00,99.264
2604,1,2604,-356.689250108345,-4420.119066591989,2020-08-06T11:24:10Z,45.45760000,7.66823333,1498.00,99.269
2605,1,2605,-355.689250108345,-4419.119066591989,2020-08-06T11:24:11Z,45.45756667,7.66816667,1500.00,99.276
2606,1,2606,-354.689250108345,-4418.119066591989,2020-08-06T11:24:12Z,45.45756667,7.66806667,1499.00,99.282
2607,1,2607,-353.689250108345,-4417.119066591989,2020-08-06T11:24:13Z,45.45756667,7.66795000,1489.00,99.29
2608,1,2608,-352.689250108345,-4416.119066591989,2020-08-06T11:24:14Z,45.45761667,7.66783333,1496.00,99.294
2609,1,2609,-351.689250108345,-4415.119066591989,2020-08-06T11:24:15Z,45.45766667,7.66771667,1501.00,99.298
2610,1,2610,-350.689250108345,-4414.119066591989,2020-08-06T11:24:16Z,45.45775000,7.66763333,1496.00,99.299
2611,1,2611,-349.689250108345,-4413.119066591989,2020-08-06T11:24:17Z,45.45785000,7.66756667,1502.00,99.297
2612,1,2612,-348.689250108345,-4412.119066591989,2020-08-06T11:24:18Z,45.45795000,7.66753333,1500.00,99.292
2613,1,2613,-347.689250108345,-4411.119066591989,2020-08-06T11:24:19Z,45.45805000,7.66750000,1501.00,99.288
2614,1,2614,-346.689250108345,-4410.119066591989,2020-08-06T11:24:20Z,45.45816667,7.66746667,1493.00,99.283
2615,1,2615,-345.689250108345,-4409.119066591989,2020-08-06T11:24:21Z,45.45828333,7.66745000,1500.00,99.277
2616,1,2616,-344.689250108345,-4408.119066591989,2020-08-06T11:24:22Z,45.45840000,7.66745000,1499.00,99.27
2617,1,2617,-343.689250108345,-4407.119066591989,2020-08-06T11:24:23Z,45.45850000,7.66745000,1515.00,99.263
2618,1,2618,-342.689250108345,-4406.119066591989,2020-08-06T11:24:24Z,45.45860000,7.66748333,1510.00,99.255
2619,1,2619,-341.689250108345,-4405.119066591989,2020-08-06T11:24:25Z,45.45870000,7.66751667,1503.00,99.247
2620,1,2620,-340.689250108345,-4404.119066591989,2020-08-06T11:24:26Z,45.45878333,7.66760000,1501.00,99.236
2621,1,2621,-339.689250108345,-4403.119066591989,2020-08-06T11:24:27Z,45.45886667,7.66771667,1517.00,99.223
2622,1,2622,-338.689250108345,-4402.119066591989,2020-08-06T11:24:28Z,45.45893333,7.66785000,1519.00,99.211
2623,1,2623,-337.689250108345,-4401.119066591989,2020-08-06T11:24:29Z,45.45896667,7.66798333,1504.00,99.2
2624,1,2624,-336.689250108345,-4400.119066591989,2020-08-06T11:24:30Z,45.45898333,7.66810000,1522.00,99.191
2625,1,2625,-335.689250108345,-4399.119066591989,2020-08-06T11:24:31Z,45.45900000,7.66820000,1513.00,99.184
2626,1,2626,-334.689250108345,-4398.119066591989,2020-08-06T11:24:32Z,45.45900000,7.66828333,1518.00,99.178
2627,1,2627,-333.689250108345,-4397.119066591989,2020-08-06T11:24:33Z,45.45900000,7.66838333,1512.00,99.172
2628,1,2628,-332.689250108345,-4396.119066591989,2020-08-06T11:24:34Z,45.45896667,7.66850000,1512.00,99.167
2629,1,2629,-331.689250108345,-4395.119066591989,2020-08-06T11:24:35Z,45.45891667,7.66860000,1517.00,99.163
2630,1,2630,-330.689250108345,-4394.119066591989,2020-08-06T11:24:36Z,45.45886667,7.66870000,1513.00,99.16
2631,1,2631,-329.689250108345,-4393.119066591989,2020-08-06T11:24:37Z,45.45880000,7.66876667,1515.00,99.16
2632,1,2632,-328.689250108345,-4392.119066591989,2020-08-06T11:24:38Z,45.45873333,7.66883333,1527.00,99.16
2633,1,2633,-327.689250108345,-4391.119066591989,2020-08-06T11:24:39Z,45.45868333,7.66888333,1522.00,99.16
2634,1,2634,-326.689250108345,-4390.119066591989,2020-08-06T11:24:40Z,45.45863333,7.66895000,1525.00,99.158
2635,1,2635,-325.689250108345,-4389.119066591989,2020-08-06T11:24:41Z,45.45856667,7.66901667,1523.00,99.158
2636,1,2636,-324.689250108345,-4388.119066591989,2020-08-06T11:24:42Z,45.45851667,7.66908333,1515.00,99.157
2637,1,2637,-323.689250108345,-4387.119066591989,2020-08-06T11:24:43Z,45.45846667,7.66913333,1527.00,99.157
2638,1,2638,-322.689250108345,-4386.119066591989,2020-08-06T11:24:44Z,45.45840000,7.66916667,1527.00,99.159
2639,1,2639,-321.689250108345,-4385.119066591989,2020-08-06T11:24:45Z,45.45833333,7.66916667,1528.00,99.163
2640,1,2640,-320.689250108345,-4384.119066591989,2020-08-06T11:24:46Z,45.45826667,7.66911667,1526.00,99.171
2641,1,2641,-319.689250108345,-4383.119066591989,2020-08-06T11:24:47Z,45.45821667,7.66901667,1526.00,99.18
2642,1,2642,-318.689250108345,-4382.119066591989,2020-08-06T11:24:48Z,45.45816667,7.66888333,1522.00,99.192
2643,1,2643,-317.689250108345,-4381.119066591989,2020-08-06T11:24:49Z,45.45815000,7.66873333,1525.00,99.203
2644,1,2644,-316.689250108345,-4380.119066591989,2020-08-06T11:24:50Z,45.45815000,7.66860000,1527.00,99.211
2645,1,2645,-315.689250108345,-4379.119066591989,2020-08-06T11:24:51Z,45.45816667,7.66850000,1526.00,99.217
2646,1,2646,-314.689250108345,-4378.119066591989,2020-08-06T11:24:52Z,45.45818333,7.66840000,1529.00,99.222
2647,1,2647,-313.689250108345,-4377.119066591989,2020-08-06T11:24:53Z,45.45821667,7.66830000,1521.00,99.226
2648,1,2648,-312.689250108345,-4376.119066591989,2020-08-06T11:24:54Z,45.45825000,7.66820000,1532.00,99.231
2649,1,2649,-311.689250108345,-4375.119066591989,2020-08-06T11:24:55Z,45.45830000,7.66811667,1518.00,99.233
2650,1,2650,-310.689250108345,-4374.119066591989,2020-08-06T11:24:56Z,45.45840000,7.66803333,1525.00,99.232
2651,1,2651,-309.689250108345,-4373.119066591989,2020-08-06T11:24:57Z,45.45850000,7.66795000,1532.00,99.231
2652,1,2652,-308.689250108345,-4372.119066591989,2020-08-06T11:24:58Z,45.45858333,7.66790000,1535.00,99.229
2653,1,2653,-307.689250108345,-4371.119066591989,2020-08-06T11:24:59Z,45.45865000,7.66781667,1550.00,99.23
2654,1,2654,-306.689250108345,-4370.119066591989,2020-08-06T11:25:00Z,45.45871667,7.66775000,1501.00,99.231
2655,1,2655,-305.689250108345,-4369.119066591989,2020-08-06T11:25:01Z,45.45880000,7.66770000,1528.00,99.229
2656,1,2656,-304.689250108345,-4368.119066591989,2020-08-06T11:25:02Z,45.45890000,7.66768333,1545.00,99.223
2657,1,2657,-303.689250108345,-4367.119066591989,2020-08-06T11:25:03Z,45.45900000,7.66771667,1542.00,99.215
2658,1,2658,-302.689250108345,-4366.119066591989,2020-08-06T11:25:04Z,45.45905000,7.66781667,1546.00,99.205
2659,1,2659,-301.689250108345,-4365.119066591989,2020-08-06T11:25:05Z,45.45910000,7.66795000,1548.00,99.194
2660,1,2660,-300.689250108345,-4364.119066591989,2020-08-06T11:25:06Z,45.45908333,7.66810000,1545.00,99.185
2661,1,2661,-299.689250108345,-4363.119066591989,2020-08-06T11:25:07Z,45.45905000,7.66821667,1547.00,99.18
2662,1,2662,-298.689250108345,-4362.119066591989,2020-08-06T11:25:08Z,45.45898333,7.66831667,1553.00,99.177
2663,1,2663,-297.689250108345,-4361.119066591989,2020-08-06T11:25:09Z,45.45893333,7.66840000,1556.00,99.175
2664,1,2664,-296.689250108345,-4360.119066591989,2020-08-06T11:25:10Z,45.45888333,7.66845000,1538.00,99.175
2665,1,2665,-295.689250108345,-4359.119066591989,2020-08-06T11:25:11Z,45.45881667,7.66846667,1557.00,99.178
2666,1,2666,-294.689250108345,-4358.119066591989,2020-08-06T11:25:12Z,45.45876667,7.66843333,1561.00,99.183
2667,1,2667,-293.689250108345,-4357.119066591989,2020-08-06T11:25:13Z,45.45871667,7.66838333,1553.00,99.19
2668,1,2668,-292.689250108345,-4356.119066591989,2020-08-06T11:25:14Z,45.45868333,7.66830000,1563.00,99.197
2669,1,2669,-291.689250108345,-4355.119066591989,2020-08-06T11:25:15Z,45.45866667,7.66820000,1559.00,99.205
2670,1,2670,-290.689250108345,-4354.119066591989,2020-08-06T11:25:16Z,45.45868333,7.66808333,1565.00,99.211
2671,1,2671,-289.689250108345,-4353.119066591989,2020-08-06T11:25:17Z,45.45871667,7.66795000,1564.00,99.218
2672,1,2672,-288.689250108345,-4352.119066591989,2020-08-06T11:25:18Z,45.45878333,7.66781667,1561.00,99.222
2673,1,2673,-287.689250108345,-4351.119066591989,2020-08-06T11:25:19Z,45.45886667,7.66768333,1563.00,99.225
2674,1,2674,-286.689250108345,-4350.119066591989,2020-08-06T11:25:20Z,45.45891667,7.66756667,1565.00,99.23
2675,1,2675,-285.689250108345,-4349.119066591989,2020-08-06T11:25:21Z,45.45898333,7.66743333,1568.00,99.234
2676,1,2676,-284.689250108345,-4348.119066591989,2020-08-06T11:25:22Z,45.45905000,7.66730000,1567.00,99.239
2677,1,2677,-283.689250108345,-4347.119066591989,2020-08-06T11:25:23Z,45.45910000,7.66718333,1570.00,99.243
2678,1,2678,-282.689250108345,-4346.119066591989,2020-08-06T11:25:24Z,45.45916667,7.66706667,1570.00,99.247
2679,1,2679,-281.689250108345,-4345.119066591989,2020-08-06T11:25:25Z,45.45925000,7.66698333,1576.00,99.247
2680,1,2680,-280.689250108345,-4344.119066591989,2020-08-06T11:25:26Z,45.45933333,7.66691667,1582.00,99.246
2681,1,2681,-279.689250108345,-4343.119066591989,2020-08-06T11:25:27Z,45.45943333,7.66686667,1566.00,99.243
2682,1,2682,-278.689250108345,-4342.119066591989,2020-08-06T11:25:28Z,45.45955000,7.66686667,1579.00,99.236
2683,1,2683,-277.689250108345,-4341.119066591989,2020-08-06T11:25:29Z,45.45965000,7.66686667,1578.00,99.23
2684,1,2684,-276.689250108345,-4340.119066591989,2020-08-06T11:25:30Z,45.45975000,7.66688333,1575.00,99.222
2685,1,2685,-275.689250108345,-4339.119066591989,2020-08-06T11:25:31Z,45.45985000,7.66690000,1567.00,99.215
2686,1,2686,-274.689250108345,-4338.119066591989,2020-08-06T11:25:32Z,45.45995000,7.66691667,1570.00,99.208
2687,1,2687,-273.689250108345,-4337.119066591989,2020-08-06T11:25:33Z,45.46006667,7.66688333,1571.00,99.203
2688,1,2688,-272.689250108345,-4336.119066591989,2020-08-06T11:25:34Z,45.46018333,7.66683333,1562.00,99.199
2689,1,2689,-271.689250108345,-4335.119066591989,2020-08-06T11:25:35Z,45.46030000,7.66680000,1576.00,99.193
2690,1,2690,-270.689250108345,-4334.119066591989,2020-08-06T11:25:36Z,45.46041667,7.66678333,1558.00,99.187
2691,1,2691,-269.689250108345,-4333.119066591989,2020-08-06T11:25:37Z,45.46051667,7.66683333,1557.00,99.178
2692,1,2692,-268.689250108345,-4332.119066591989,2020-08-06T11:25:38Z,45.46061667,7.66691667,1567.00,99.166
2693,1,2693,-267.689250108345,-4331.119066591989,2020-08-06T11:25:39Z,45.46071667,7.66698333,1566.00,99.155
2694,1,2694,-266.689250108345,-4330.119066591989,2020-08-06T11:25:40Z,45.46080000,7.66706667,1555.00,99.145
2695,1,2695,-265.689250108345,-4329.119066591989,2020-08-06T11:25:41Z,45.46088333,7.66718333,1561.00,99.132
2696,1,2696,-264.689250108345,-4328.119066591989,2020-08-06T11:25:42Z,45.46095000,7.66730000,1558.00,99.12
2697,1,2697,-263.689250108345,-4327.119066591989,2020-08-06T11:25:43Z,45.46100000,7.66743333,1570.00,99.109
2698,1,2698,-262.689250108345,-4326.119066591989,2020-08-06T11:25:44Z,45.46101667,7.66756667,1570.00,99.099
2699,1,2699,-261.689250108345,-4325.119066591989,2020-08-06T11:25:45Z,45.46100000,7.66768333,1544.00,99.092
2700,1,2700,-260.689250108345,-4324.119066591989,2020-08-06T11:25:46Z,45.46095000,7.66778333,1561.00,99.089
2701,1,2701,-259.689250108345,-4323.119066591989,2020-08-06T11:25:47Z,45.46090000,7.66786667,1560.00,99.087
2702,1,2702,-258.689250108345,-4322.119066591989,2020-08-06T11:25:48Z,45.46086667,7.66795000,1565.00,99.084
2703,1,2703,-257.689250108345,-4321.119066591989,2020-08-06T11:25:49Z,45.46081667,7.66805000,1557.00,99.08
2704,1,2704,-256.689250108345,-4320.119066591989,2020-08-06T11:25:50Z,45.46075000,7.66810000,1546.00,99.081
2705,1,2705,-255.689250108345,-4319.119066591989,2020-08-06T11:25:51Z,45.46068333,7.66816667,1549.00,99.081
2706,1,2706,-254.689250108345,-4318.119066591989,2020-08-06T11:25:52Z,45.46060000,7.66821667,1550.00,99.083
2707,1,2707,-253.689250108345,-4317.119066591989,2020-08-06T11:25:53Z,45.46053333,7.66830000,1547.00,99.082
2708,1,2708,-252.689250108345,-4316.119066591989,2020-08-06T11:25:54Z,45.46046667,7.66836667,1548.00,99.082
2709,1,2709,-251.689250108345,-4315.119066591989,2020-08-06T11:25:55Z,45.46040000,7.66845000,1543.00,99.08
2710,1,2710,-250.689250108345,-4314.119066591989,2020-08-06T11:25:56Z,45.46031667,7.66850000,1546.00,99.082
2711,1,2711,-249.689250108345,-4313.119066591989,2020-08-06T11:25:57Z,45.46025000,7.66855000,1544.00,99.083
2712,1,2712,-248.689250108345,-4312.119066591989,2020-08-06T11:25:58Z,45.46016667,7.66860000,1546.00,99.085
2713,1,2713,-247.689250108345,-4311.119066591989,2020-08-06T11:25:59Z,45.46008333,7.66863333,1534.00,99.088
2714,1,2714,-246.689250108345,-4310.119066591989,2020-08-06T11:26:00Z,45.46000000,7.66868333,1544.00,99.09
2715,1,2715,-245.689250108345,-4309.119066591989,2020-08-06T11:26:01Z,45.45991667,7.66871667,1540.00,99.093
2716,1,2716,-244.689250108345,-4308.119066591989,2020-08-06T11:26:02Z,45.45983333,7.66876667,1542.00,99.095
2717,1,2717,-243.689250108345,-4307.119066591989,2020-08-06T11:26:03Z,45.45976667,7.66880000,1528.00,99.097
2718,1,2718,-242.689250108345,-4306.119066591989,2020-08-06T11:26:04Z,45.45968333,7.66881667,1543.00,99.101
2719,1,2719,-241.689250108345,-4305.119066591989,2020-08-06T11:26:05Z,45.45958333,7.66881667,1538.00,99.108
2720,1,2720,-240.689250108345,-4304.119066591989,2020-08-06T11:26:06Z,45.45950000,7.66881667,1541.00,99.113
2721,1,2721,-239.689250108345,-4303.119066591989,2020-08-06T11:26:07Z,45.45940000,7.66880000,1531.00,99.12
2722,1,2722,-238.689250108345,-4302.119066591989,2020-08-06T11:26:08Z,45.45933333,7.66878333,1542.00,99.125
2723,1,2723,-237.689250108345,-4301.119066591989,2020-08-06T11:26:09Z,45.45926667,7.66875000,1536.00,99.132
2724,1,2724,-236.689250108345,-4300.119066591989,2020-08-06T11:26:10Z,45.45921667,7.66871667,1544.00,99.137
2725,1,2725,-235.689250108345,-4299.119066591989,2020-08-06T11:26:11Z,45.45915000,7.66868333,1539.00,99.143
2726,1,2726,-234.689250108345,-4298.119066591989,2020-08-06T11:26:12Z,45.45910000,7.66861667,1538.00,99.151
2727,1,2727,-233.689250108345,-4297.119066591989,2020-08-06T11:26:13Z,45.45905000,7.66855000,1539.00,99.158
2728,1,2728,-232.689250108345,-4296.119066591989,2020-08-06T11:26:14Z,45.45901667,7.66846667,1533.00,99.166
2729,1,2729,-231.689250108345,-4295.119066591989,2020-08-06T11:26:15Z,45.45898333,7.66836667,1540.00,99.174
2730,1,2730,-230.689250108345,-4294.119066591989,2020-08-06T11:26:16Z,45.45898333,7.66826667,1538.00,99.181
2731,1,2731,-229.689250108345,-4293.119066591989,2020-08-06T11:26:17Z,45.45896667,7.66816667,1539.00,99.188
2732,1,2732,-228.689250108345,-4292.119066591989,2020-08-06T11:26:18Z,45.45896667,7.66805000,1540.00,99.196
2733,1,2733,-227.689250108345,-4291.119066591989,2020-08-06T11:26:19Z,45.45896667,7.66791667,1544.00,99.204
2734,1,2734,-226.689250108345,-4290.119066591989,2020-08-06T11:26:20Z,45.45900000,7.66778333,1533.00,99.211
2735,1,2735,-225.689250108345,-4289.119066591989,2020-08-06T11:26:21Z,45.45903333,7.66766667,1547.00,99.216
2736,1,2736,-224.689250108345,-4288.119066591989,2020-08-06T11:26:22Z,45.45908333,7.66753333,1545.00,99.222
2737,1,2737,-223.689250108345,-4287.119066591989,2020-08-06T11:26:23Z,45.45913333,7.66745000,1546.00,99.224
2738,1,2738,-222.689250108345,-4286.119066591989,2020-08-06T11:26:24Z,45.45918333,7.66736667,1546.00,99.226
2739,1,2739,-221.689250108345,-4285.119066591989,2020-08-06T11:26:25Z,45.45923333,7.66728333,1542.00,99.228
2740,1,2740,-220.689250108345,-4284.119066591989,2020-08-06T11:26:26Z,45.45928333,7.66720000,1547.00,99.231
2741,1,2741,-219.689250108345,-4283.119066591989,2020-08-06T11:26:27Z,45.45933333,7.66710000,1545.00,99.234
2742,1,2742,-218.689250108345,-4282.119066591989,2020-08-06T11:26:28Z,45.45938333,7.66698333,1546.00,99.239
2743,1,2743,-217.689250108345,-4281.119066591989,2020-08-06T11:26:29Z,45.45945000,7.66686667,1546.00,99.242
2744,1,2744,-216.689250108345,-4280.119066591989,2020-08-06T11:26:30Z,45.45951667,7.66675000,1545.00,99.245
2745,1,2745,-215.689250108345,-4279.119066591989,2020-08-06T11:26:31Z,45.45960000,7.66668333,1544.00,99.244
2746,1,2746,-214.689250108345,-4278.119066591989,2020-08-06T11:26:32Z,45.45970000,7.66661667,1549.00,99.243
2747,1,2747,-213.689250108345,-4277.119066591989,2020-08-06T11:26:33Z,45.45981667,7.66656667,1544.00,99.239
2748,1,2748,-212.689250108345,-4276.119066591989,2020-08-06T11:26:34Z,45.45993333,7.66655000,1550.00,99.232
2749,1,2749,-211.689250108345,-4275.119066591989,2020-08-06T11:26:35Z,45.46005000,7.66655000,1539.00,99.225
2750,1,2750,-210.689250108345,-4274.119066591989,2020-08-06T11:26:36Z,45.46015000,7.66658333,1550.00,99.217
2751,1,2751,-209.689250108345,-4273.119066591989,2020-08-06T11:26:37Z,45.46026667,7.66663333,1544.00,99.206
2752,1,2752,-208.689250108345,-4272.119066591989,2020-08-06T11:26:38Z,45.46036667,7.66670000,1548.00,99.196
2753,1,2753,-207.689250108345,-4271.119066591989,2020-08-06T11:26:39Z,45.46046667,7.66676667,1538.00,99.185
2754,1,2754,-206.689250108345,-4270.119066591989,2020-08-06T11:26:40Z,45.46056667,7.66683333,1548.00,99.174
2755,1,2755,-205.689250108345,-4269.119066591989,2020-08-06T11:26:41Z,45.46065000,7.66688333,1548.00,99.166
2756,1,2756,-204.689250108345,-4268.119066591989,2020-08-06T11:26:42Z,45.46075000,7.66695000,1541.00,99.155
2757,1,2757,-203.689250108345,-4267.119066591989,2020-08-06T11:26:43Z,45.46085000,7.66703333,1542.00,99.144
2758,1,2758,-202.689250108345,-4266.119066591989,2020-08-06T11:26:44Z,45.46093333,7.66715000,1546.00,99.131
2759,1,2759,-201.689250108345,-4265.119066591989,2020-08-06T11:26:45Z,45.46101667,7.66728333,1534.00,99.117
2760,1,2760,-200.689250108345,-4264.119066591989,2020-08-06T11:26:46Z,45.46105000,7.66743333,1542.00,99.105
2761,1,2761,-199.689250108345,-4263.119066591989,2020-08-06T11:26:47Z,45.46108333,7.66758333,1538.00,99.094
2762,1,2762,-198.689250108345,-4262.119066591989,2020-08-06T11:26:48Z,45.46111667,7.66771667,1538.00,99.083
2763,1,2763,-197.689250108345,-4261.119066591989,2020-08-06T11:26:49Z,45.46113333,7.66785000,1543.00,99.073
2764,1,2764,-196.689250108345,-4260.119066591989,2020-08-06T11:26:50Z,45.46113333,7.66796667,1536.00,99.066
2765,1,2765,-195.689250108345,-4259.119066591989,2020-08-06T11:26:51Z,45.46111667,7.66810000,1535.00,99.058
2766,1,2766,-194.689250108345,-4258.119066591989,2020-08-06T11:26:52Z,45.46110000,7.66823333,1532.00,99.051
2767,1,2767,-193.689250108345,-4257.119066591989,2020-08-06T11:26:53Z,45.46108333,7.66836667,1533.00,99.043
2768,1,2768,-192.689250108345,-4256.119066591989,2020-08-06T11:26:54Z,45.46105000,7.66850000,1533.00,99.037
2769,1,2769,-191.689250108345,-4255.119066591989,2020-08-06T11:26:55Z,45.46100000,7.66861667,1541.00,99.032
2770,1,2770,-190.689250108345,-4254.119066591989,2020-08-06T11:26:56Z,45.46095000,7.66871667,1521.00,99.029
2771,1,2771,-189.689250108345,-4253.119066591989,2020-08-06T11:26:57Z,45.46088333,7.66880000,1523.00,99.028
2772,1,2772,-188.689250108345,-4252.119066591989,2020-08-06T11:26:58Z,45.46081667,7.66888333,1525.00,99.027
2773,1,2773,-187.689250108345,-4251.119066591989,2020-08-06T11:26:59Z,45.46075000,7.66898333,1518.00,99.024
2774,1,2774,-186.689250108345,-4250.119066591989,2020-08-06T11:27:00Z,45.46070000,7.66906667,1516.00,99.022
2775,1,2775,-185.689250108345,-4249.119066591989,2020-08-06T11:27:01Z,45.46063333,7.66915000,1515.00,99.021
2776,1,2776,-184.689250108345,-4248.119066591989,2020-08-06T11:27:02Z,45.46055000,7.66920000,1517.00,99.023
2777,1,2777,-183.689250108345,-4247.119066591989,2020-08-06T11:27:03Z,45.46046667,7.66925000,1518.00,99.025
2778,1,2778,-182.689250108345,-4246.119066591989,2020-08-06T11:27:04Z,45.46038333,7.66928333,1512.00,99.028
2779,1,2779,-181.689250108345,-4245.119066591989,2020-08-06T11:27:05Z,45.46030000,7.66928333,1515.00,99.033
2780,1,2780,-180.689250108345,-4244.119066591989,2020-08-06T11:27:06Z,45.46021667,7.66925000,1507.00,99.04
2781,1,2781,-179.689250108345,-4243.119066591989,2020-08-06T11:27:07Z,45.46013333,7.66920000,1503.00,99.049
2782,1,2782,-178.689250108345,-4242.119066591989,2020-08-06T11:27:08Z,45.46006667,7.66915000,1518.00,99.056
2783,1,2783,-177.689250108345,-4241.119066591989,2020-08-06T11:27:09Z,45.46000000,7.66910000,1496.00,99.063
2784,1,2784,-176.689250108345,-4240.119066591989,2020-08-06T11:27:10Z,45.45995000,7.66903333,1502.00,99.071
2785,1,2785,-175.689250108345,-4239.119066591989,2020-08-06T11:27:11Z,45.45986667,7.66898333,1505.00,99.079
2786,1,2786,-174.689250108345,-4238.119066591989,2020-08-06T11:27:12Z,45.45978333,7.66890000,1501.00,99.09
2787,1,2787,-173.689250108345,-4237.119066591989,2020-08-06T11:27:13Z,45.45970000,7.66881667,1500.00,99.1
2788,1,2788,-172.689250108345,-4236.119066591989,2020-08-06T11:27:14Z,45.45963333,7.66870000,1501.00,99.112
2789,1,2789,-171.689250108345,-4235.119066591989,2020-08-06T11:27:15Z,45.45956667,7.66858333,1500.00,99.124
2790,1,2790,-170.689250108345,-4234.119066591989,2020-08-06T11:27:16Z,45.45951667,7.66846667,1507.00,99.134
2791,1,2791,-169.689250108345,-4233.119066591989,2020-08-06T11:27:17Z,45.45946667,7.66835000,1504.00,99.145
2792,1,2792,-168.689250108345,-4232.119066591989,2020-08-06T11:27:18Z,45.45941667,7.66823333,1500.00,99.156
2793,1,2793,-167.689250108345,-4231.119066591989,2020-08-06T11:27:19Z,45.45935000,7.66813333,1496.00,99.166
2794,1,2794,-166.689250108345,-4230.119066591989,2020-08-06T11:27:20Z,45.45930000,7.66803333,1508.00,99.176
2795,1,2795,-165.689250108345,-4229.119066591989,2020-08-06T11:27:21Z,45.45925000,7.66793333,1521.00,99.185
2796,1,2796,-164.689250108345,-4228.119066591989,2020-08-06T11:27:22Z,45.45921667,7.66785000,1500.00,99.193
2797,1,2797,-163.689250108345,-4227.119066591989,2020-08-06T11:27:23Z,45.45918333,7.66773333,1504.00,99.203
2798,1,2798,-162.689250108345,-4226.119066591989,2020-08-06T11:27:24Z,45.45916667,7.66763333,1497.00,99.21
2799,1,2799,-161.689250108345,-4225.119066591989,2020-08-06T11:27:25Z,45.45913333,7.66750000,1507.00,99.221
2800,1,2800,-160.689250108345,-4224.119066591989,2020-08-06T11:27:26Z,45.45911667,7.66738333,1504.00,99.229
2801,1,2801,-159.689250108345,-4223.119066591989,2020-08-06T11:27:27Z,45.45911667,7.66725000,1512.00,99.238
2802,1,2802,-158.689250108345,-4222.119066591989,2020-08-06T11:27:28Z,45.45910000,7.66711667,1506.00,99.248
2803,1,2803,-157.689250108345,-4221.119066591989,2020-08-06T11:27:29Z,45.45911667,7.66698333,1511.00,99.255
2804,1,2804,-156.689250108345,-4220.119066591989,2020-08-06T11:27:30Z,45.45911667,7.66685000,1509.00,99.264
2805,1,2805,-155.689250108345,-4219.119066591989,2020-08-06T11:27:31Z,45.45913333,7.66671667,1511.00,99.271
2806,1,2806,-154.689250108345,-4218.119066591989,2020-08-06T11:27:32Z,45.45913333,7.66658333,1511.00,99.28
2807,1,2807,-153.689250108345,-4217.119066591989,2020-08-06T11:27:33Z,45.45911667,7.66645000,1514.00,99.29
2808,1,2808,-152.689250108345,-4216.119066591989,2020-08-06T11:27:34Z,45.45911667,7.66633333,1510.00,99.297
2809,1,2809,-151.689250108345,-4215.119066591989,2020-08-06T11:27:35Z,45.45910000,7.66621667,1510.00,99.306
2810,1,2810,-150.689250108345,-4214.119066591989,2020-08-06T11:27:36Z,45.45906667,7.66610000,1519.00,99.315
2811,1,2811,-149.689250108345,-4213.119066591989,2020-08-06T11:27:37Z,45.45905000,7.66600000,1516.00,99.323
2812,1,2812,-148.689250108345,-4212.119066591989,2020-08-06T11:27:38Z,45.45905000,7.66588333,1514.00,99.33
2813,1,2813,-147.689250108345,-4211.119066591989,2020-08-06T11:27:39Z,45.45903333,7.66576667,1519.00,99.339
2814,1,2814,-146.689250108345,-4210.119066591989,2020-08-06T11:27:40Z,45.45903333,7.66565000,1509.00,99.347
2815,1,2815,-145.689250108345,-4209.119066591989,2020-08-06T11:27:41Z,45.45903333,7.66551667,1527.00,99.355
2816,1,2816,-144.689250108345,-4208.119066591989,2020-08-06T11:27:42Z,45.45903333,7.66540000,1521.00,99.363
2817,1,2817,-143.689250108345,-4207.119066591989,2020-08-06T11:27:43Z,45.45906667,7.66528333,1520.00,99.368
2818,1,2818,-142.689250108345,-4206.119066591989,2020-08-06T11:27:44Z,45.45910000,7.66518333,1528.00,99.373
2819,1,2819,-141.689250108345,-4205.119066591989,2020-08-06T11:27:45Z,45.45915000,7.66508333,1526.00,99.376
2820,1,2820,-140.689250108345,-4204.119066591989,2020-08-06T11:27:46Z,45.45923333,7.66500000,1520.00,99.376
2821,1,2821,-139.689250108345,-4203.119066591989,2020-08-06T11:27:47Z,45.45933333,7.66493333,1527.00,99.374
2822,1,2822,-138.689250108345,-4202.119066591989,2020-08-06T11:27:48Z,45.45943333,7.66488333,1531.00,99.371
2823,1,2823,-137.689250108345,-4201.119066591989,2020-08-06T11:27:49Z,45.45956667,7.66486667,1523.00,99.364
2824,1,2824,-136.689250108345,-4200.119066591989,2020-08-06T11:27:50Z,45.45968333,7.66488333,1528.00,99.355
2825,1,2825,-135.689250108345,-4199.119066591989,2020-08-06T11:27:51Z,45.45980000,7.66491667,1533.00,99.346
2826,1,2826,-134.689250108345,-4198.119066591989,2020-08-06T11:27:52Z,45.45991667,7.66498333,1525.00,99.334
2827,1,2827,-133.689250108345,-4197.119066591989,2020-08-06T11:27:53Z,45.46001667,7.66503333,1538.00,99.325
2828,1,2828,-132.689250108345,-4196.119066591989,2020-08-06T11:27:54Z,45.46010000,7.66511667,1528.00,99.314
2829,1,2829,-131.689250108345,-4195.119066591989,2020-08-06T11:27:55Z,45.46016667,7.66520000,1537.00,99.305
2830,1,2830,-130.689250108345,-4194.119066591989,2020-08-06T11:27:56Z,45.46021667,7.66530000,1528.00,99.295
2831,1,2831,-129.689250108345,-4193.119066591989,2020-08-06T11:27:57Z,45.46026667,7.66543333,1527.00,99.283
2832,1,2832,-128.689250108345,-4192.119066591989,2020-08-06T11:27:58Z,45.46030000,7.66558333,1525.00,99.272
2833,1,2833,-127.689250108345,-4191.119066591989,2020-08-06T11:27:59Z,45.46033333,7.66573333,1531.00,99.26
2834,1,2834,-126.689250108345,-4190.119066591989,2020-08-06T11:28:00Z,45.46036667,7.66588333,1525.00,99.248
2835,1,2835,-125.689250108345,-4189.119066591989,2020-08-06T11:28:01Z,45.46038333,7.66601667,1530.00,99.238
2836,1,2836,-124.689250108345,-4188.119066591989,2020-08-06T11:28:02Z,45.46040000,7.66615000,1528.00,99.229
2837,1,2837,-123.689250108345,-4187.119066591989,2020-08-06T11:28:03Z,45.46038333,7.66626667,1522.00,99.222
2838,1,2838,-122.689250108345,-4186.119066591989,2020-08-06T11:28:04Z,45.46036667,7.66636667,1529.00,99.217
2839,1,2839,-121.689250108345,-4185.119066591989,2020-08-06T11:28:05Z,45.46035000,7.66648333,1524.00,99.211
2840,1,2840,-120.689250108345,-4184.119066591989,2020-08-06T11:28:06Z,45.46033333,7.66660000,1522.00,99.204
2841,1,2841,-119.689250108345,-4183.119066591989,2020-08-06T11:28:07Z,45.46030000,7.66671667,1527.00,99.199
2842,1,2842,-118.689250108345,-4182.119066591989,2020-08-06T11:28:08Z,45.46026667,7.66681667,1518.00,99.194
2843,1,2843,-117.689250108345,-4181.119066591989,2020-08-06T11:28:09Z,45.46021667,7.66691667,1519.00,99.191
2844,1,2844,-116.689250108345,-4180.119066591989,2020-08-06T11:28:10Z,45.46016667,7.66700000,1521.00,99.189
2845,1,2845,-115.689250108345,-4179.119066591989,2020-08-06T11:28:11Z,45.46010000,7.66706667,1522.00,99.189
2846,1,2846,-114.689250108345,-4178.119066591989,2020-08-06T11:28:12Z,45.46003333,7.66713333,1524.00,99.188
2847,1,2847,-113.689250108345,-4177.119066591989,2020-08-06T11:28:13Z,45.45998333,7.66721667,1519.00,99.186
2848,1,2848,-112.689250108345,-4176.119066591989,2020-08-06T11:28:14Z,45.45990000,7.66726667,1516.00,99.188
2849,1,2849,-111.689250108345,-4175.119066591989,2020-08-06T11:28:15Z,45.45983333,7.66733333,1518.00,99.188
2850,1,2850,-110.689250108345,-4174.119066591989,2020-08-06T11:28:16Z,45.45975000,7.66738333,1519.00,99.19
2851,1,2851,-109.689250108345,-4173.119066591989,2020-08-06T11:28:17Z,45.45966667,7.66745000,1518.00,99.191
2852,1,2852,-108.689250108345,-4172.119066591989,2020-08-06T11:28:18Z,45.45961667,7.66750000,1522.00,99.191
2853,1,2853,-107.689250108345,-4171.119066591989,2020-08-06T11:28:19Z,45.45955000,7.66756667,1516.00,99.19
2854,1,2854,-106.689250108345,-4170.119066591989,2020-08-06T11:28:20Z,45.45950000,7.66763333,1522.00,99.189
2855,1,2855,-105.689250108345,-4169.119066591989,2020-08-06T11:28:21Z,45.45943333,7.66770000,1516.00,99.189
2856,1,2856,-104.689250108345,-4168.119066591989,2020-08-06T11:28:22Z,45.45936667,7.66776667,1522.00,99.189
2857,1,2857,-103.689250108345,-4167.119066591989,2020-08-06T11:28:23Z,45.45931667,7.66783333,1524.00,99.188
2858,1,2858,-102.689250108345,-4166.119066591989,2020-08-06T11:28:24Z,45.45923333,7.66790000,1516.00,99.189
2859,1,2859,-101.689250108345,-4165.119066591989,2020-08-06T11:28:25Z,45.45916667,7.66791667,1521.00,99.192
2860,1,2860,-100.689250108345,-4164.119066591989,2020-08-06T11:28:26Z,45.45910000,7.66791667,1520.00,99.196
2861,1,2861,-99.689250108345,-4163.119066591989,2020-08-06T11:28:27Z,45.45901667,7.66790000,1513.00,99.202
2862,1,2862,-98.689250108345,-4162.119066591989,2020-08-06T11:28:28Z,45.45895000,7.66785000,1519.00,99.21
2863,1,2863,-97.689250108345,-4161.119066591989,2020-08-06T11:28:29Z,45.45890000,7.66778333,1518.00,99.217
2864,1,2864,-96.689250108345,-4160.119066591989,2020-08-06T11:28:30Z,45.45885000,7.66771667,1518.00,99.224
2865,1,2865,-95.689250108345,-4159.119066591989,2020-08-06T11:28:31Z,45.45881667,7.66761667,1515.00,99.233
2866,1,2866,-94.689250108345,-4158.119066591989,2020-08-06T11:28:32Z,45.45878333,7.66751667,1513.00,99.241
2867,1,2867,-93.689250108345,-4157.119066591989,2020-08-06T11:28:33Z,45.45875000,7.66741667,1517.00,99.25
2868,1,2868,-92.689250108345,-4156.119066591989,2020-08-06T11:28:34Z,45.45873333,7.66730000,1513.00,99.259
2869,1,2869,-91.689250108345,-4155.119066591989,2020-08-06T11:28:35Z,45.45870000,7.66718333,1514.00,99.268
2870,1,2870,-90.689250108345,-4154.119066591989,2020-08-06T11:28:36Z,45.45870000,7.66706667,1513.00,99.276
2871,1,2871,-89.689250108345,-4153.119066591989,2020-08-06T11:28:37Z,45.45871667,7.66693333,1513.00,99.283
2872,1,2872,-88.689250108345,-4152.119066591989,2020-08-06T11:28:38Z,45.45875000,7.66681667,1510.00,99.289
2873,1,2873,-87.689250108345,-4151.119066591989,2020-08-06T11:28:39Z,45.45876667,7.66670000,1518.00,99.295
2874,1,2874,-86.689250108345,-4150.119066591989,2020-08-06T11:28:40Z,45.45878333,7.66660000,1516.00,99.301
2875,1,2875,-85.689250108345,-4149.119066591989,2020-08-06T11:28:41Z,45.45881667,7.66650000,1509.00,99.305
2876,1,2876,-84.689250108345,-4148.119066591989,2020-08-06T11:28:42Z,45.45885000,7.66638333,1504.00,99.31
2877,1,2877,-83.689250108345,-4147.119066591989,2020-08-06T11:28:43Z,45.45890000,7.66623333,1510.00,99.317
2878,1,2878,-82.689250108345,-4146.119066591989,2020-08-06T11:28:44Z,45.45893333,7.66611667,1505.00,99.323
2879,1,2879,-81.689250108345,-4145.119066591989,2020-08-06T11:28:45Z,45.45896667,7.66600000,1522.00,99.328
2880,1,2880,-80.689250108345,-4144.119066591989,2020-08-06T11:28:46Z,45.45900000,7.66591667,1507.00,99.331
2881,1,2881,-79.689250108345,-4143.119066591989,2020-08-06T11:28:47Z,45.45903333,7.66581667,1508.00,99.336
2882,1,2882,-78.689250108345,-4142.119066591989,2020-08-06T11:28:48Z,45.45908333,7.66571667,1526.00,99.339
2883,1,2883,-77.689250108345,-4141.119066591989,2020-08-06T11:28:49Z,45.45915000,7.66563333,1518.00,99.34
2884,1,2884,-76.689250108345,-4140.119066591989,2020-08-06T11:28:50Z,45.45923333,7.66556667,1523.00,99.339
2885,1,2885,-75.689250108345,-4139.119066591989,2020-08-06T11:28:51Z,45.45931667,7.66550000,1521.00,99.339
2886,1,2886,-74.689250108345,-4138.119066591989,2020-08-06T11:28:52Z,45.45941667,7.66545000,1515.00,99.336
2887,1,2887,-73.689250108345,-4137.119066591989,2020-08-06T11:28:53Z,45.45950000,7.66540000,1522.00,99.334
2888,1,2888,-72.689250108345,-4136.119066591989,2020-08-06T11:28:54Z,45.45961667,7.66536667,1519.00,99.329
2889,1,2889,-71.689250108345,-4135.119066591989,2020-08-06T11:28:55Z,45.45973333,7.66533333,1524.00,99.323
2890,1,2890,-70.689250108345,-4134.119066591989,2020-08-06T11:28:56Z,45.45986667,7.66533333,1519.00,99.315
2891,1,2891,-69.689250108345,-4133.119066591989,2020-08-06T11:28:57Z,45.45998333,7.66536667,1525.00,99.305
2892,1,2892,-68.689250108345,-4132.119066591989,2020-08-06T11:28:58Z,45.46010000,7.66541667,1530.00,99.295
2893,1,2893,-67.689250108345,-4131.119066591989,2020-08-06T11:28:59Z,45.46020000,7.66546667,1518.00,99.285
2894,1,2894,-66.689250108345,-4130.119066591989,2020-08-06T11:29:00Z,45.46028333,7.66553333,1533.00,99.276
2895,1,2895,-65.689250108345,-4129.119066591989,2020-08-06T11:29:01Z,45.46036667,7.66563333,1531.00,99.264
2896,1,2896,-64.689250108345,-4128.119066591989,2020-08-06T11:29:02Z,45.46041667,7.66575000,1531.00,99.253
2897,1,2897,-63.689250108345,-4127.119066591989,2020-08-06T11:29:03Z,45.46045000,7.66588333,1519.00,99.243
2898,1,2898,-62.689250108345,-4126.119066591989,2020-08-06T11:29:04Z,45.46046667,7.66601667,1522.00,99.233
2899,1,2899,-61.689250108345,-4125.119066591989,2020-08-06T11:29:05Z,45.46048333,7.66613333,1524.00,99.225
2900,1,2900,-60.689250108345,-4124.119066591989,2020-08-06T11:29:06Z,45.46050000,7.66625000,1528.00,99.216
2901,1,2901,-59.689250108345,-4123.119066591989,2020-08-06T11:29:07Z,45.46050000,7.66635000,1507.00,99.21
2902,1,2902,-58.689250108345,-4122.119066591989,2020-08-06T11:29:08Z,45.46050000,7.66646667,1521.00,99.202
2903,1,2903,-57.689250108345,-4121.119066591989,2020-08-06T11:29:09Z,45.46050000,7.66656667,1522.00,99.196
2904,1,2904,-56.689250108345,-4120.119066591989,2020-08-06T11:29:10Z,45.46046667,7.66666667,1514.00,99.191
2905,1,2905,-55.689250108345,-4119.119066591989,2020-08-06T11:29:11Z,45.46043333,7.66678333,1513.00,99.186
2906,1,2906,-54.689250108345,-4118.119066591989,2020-08-06T11:29:12Z,45.46038333,7.66688333,1512.00,99.183
2907,1,2907,-53.689250108345,-4117.119066591989,2020-08-06T11:29:13Z,45.46031667,7.66696667,1517.00,99.182
2908,1,2908,-52.689250108345,-4116.119066591989,2020-08-06T11:29:14Z,45.46026667,7.66705000,1512.00,99.179
2909,1,2909,-51.689250108345,-4115.119066591989,2020-08-06T11:29:15Z,45.46020000,7.66713333,1512.00,99.178
2910,1,2910,-50.689250108345,-4114.119066591989,2020-08-06T11:29:16Z,45.46015000,7.66720000,1513.00,99.177
2911,1,2911,-49.689250108345,-4113.119066591989,2020-08-06T11:29:17Z,45.46008333,7.66725000,1511.00,99.178
2912,1,2912,-48.689250108345,-4112.119066591989,2020-08-06T11:29:18Z,45.46001667,7.66731667,1506.00,99.178
2913,1,2913,-47.689250108345,-4111.119066591989,2020-08-06T11:29:19Z,45.45996667,7.66736667,1511.00,99.177
2914,1,2914,-46.689250108345,-4110.119066591989,2020-08-06T11:29:20Z,45.45990000,7.66743333,1511.00,99.177
2915,1,2915,-45.689250108345,-4109.119066591989,2020-08-06T11:29:21Z,45.45983333,7.66748333,1510.00,99.178
2916,1,2916,-44.689250108345,-4108.119066591989,2020-08-06T11:29:22Z,45.45976667,7.66751667,1513.00,99.18
2917,1,2917,-43.689250108345,-4107.119066591989,2020-08-06T11:29:23Z,45.45968333,7.66755000,1510.00,99.183
2918,1,2918,-42.689250108345,-4106.119066591989,2020-08-06T11:29:24Z,45.45961667,7.66758333,1509.00,99.185
2919,1,2919,-41.689250108345,-4105.119066591989,2020-08-06T11:29:25Z,45.45955000,7.66761667,1510.00,99.187
2920,1,2920,-40.689250108345,-4104.119066591989,2020-08-06T11:29:26Z,45.45948333,7.66763333,1506.00,99.19
2921,1,2921,-39.689250108345,-4103.119066591989,2020-08-06T11:29:27Z,45.45941667,7.66765000,1508.00,99.193
2922,1,2922,-38.689250108345,-4102.119066591989,2020-08-06T11:29:28Z,45.45935000,7.66761667,1505.00,99.2
2923,1,2923,-37.689250108345,-4101.119066591989,2020-08-06T11:29:29Z,45.45928333,7.66758333,1504.00,99.206
2924,1,2924,-36.689250108345,-4100.119066591989,2020-08-06T11:29:30Z,45.45921667,7.66751667,1502.00,99.214
2925,1,2925,-35.689250108345,-4099.119066591989,2020-08-06T11:29:31Z,45.45915000,7.66743333,1506.00,99.224
2926,1,2926,-34.689250108345,-4098.119066591989,2020-08-06T11:29:32Z,45.45910000,7.66735000,1496.00,99.232
2927,1,2927,-33.689250108345,-4097.119066591989,2020-08-06T11:29:33Z,45.45906667,7.66726667,1500.00,99.24
2928,1,2928,-32.689250108345,-4096.119066591989,2020-08-06T11:29:34Z,45.45903333,7.66716667,1497.00,99.248
2929,1,2929,-31.689250108345,-4095.119066591989,2020-08-06T11:29:35Z,45.45901667,7.66706667,1495.00,99.256
2930,1,2930,-30.689250108345,-4094.119066591989,2020-08-06T11:29:36Z,45.45900000,7.66696667,1503.00,99.263
2931,1,2931,-29.689250108345,-4093.119066591989,2020-08-06T11:29:37Z,45.45898333,7.66685000,1490.00,99.272
2932,1,2932,-28.689250108345,-4092.119066591989,2020-08-06T11:29:38Z,45.45900000,7.66673333,1494.00,99.279
2933,1,2933,-27.689250108345,-4091.119066591989,2020-08-06T11:29:39Z,45.45900000,7.66661667,1489.00,99.286
2934,1,2934,-26.689250108345,-4090.119066591989,2020-08-06T11:29:40Z,45.45903333,7.66650000,1495.00,99.292
2935,1,2935,-25.689250108345,-4089.119066591989,2020-08-06T11:29:41Z,45.45905000,7.66636667,1492.00,99.299
2936,1,2936,-24.689250108345,-4088.119066591989,2020-08-06T11:29:42Z,45.45906667,7.66625000,1491.00,99.306
2937,1,2937,-23.689250108345,-4087.119066591989,2020-08-06T11:29:43Z,45.45908333,7.66611667,1494.00,99.313
2938,1,2938,-22.689250108345,-4086.119066591989,2020-08-06T11:29:44Z,45.45911667,7.66598333,1494.00,99.32
2939,1,2939,-21.689250108345,-4085.119066591989,2020-08-06T11:29:45Z,45.45915000,7.66583333,1494.00,99.327
2940,1,2940,-20.689250108345,-4084.119066591989,2020-08-06T11:29:46Z,45.45916667,7.66571667,1501.00,99.334
2941,1,2941,-19.689250108345,-4083.119066591989,2020-08-06T11:29:47Z,45.45920000,7.66561667,1490.00,99.338
2942,1,2942,-18.689250108345,-4082.119066591989,2020-08-06T11:29:48Z,45.45921667,7.66551667,1504.00,99.344
2943,1,2943,-17.689250108345,-4081.119066591989,2020-08-06T11:29:49Z,45.45921667,7.66541667,1497.00,99.35
2944,1,2944,-16.689250108345,-4080.119066591989,2020-08-06T11:29:50Z,45.45921667,7.66531667,1513.00,99.357
2945,1,2945,-15.689250108345,-4079.119066591989,2020-08-06T11:29:51Z,45.45921667,7.66520000,1503.00,99.364
2946,1,2946,-14.689250108345,-4078.119066591989,2020-08-06T11:29:52Z,45.45923333,7.66508333,1522.00,99.371
2947,1,2947,-13.689250108345,-4077.119066591989,2020-08-06T11:29:53Z,45.45928333,7.66496667,1513.00,99.375
2948,1,2948,-12.689250108345,-4076.119066591989,2020-08-06T11:29:54Z,45.45933333,7.66486667,1518.00,99.378
2949,1,2949,-11.689250108345,-4075.119066591989,2020-08-06T11:29:55Z,45.45938333,7.66476667,1488.00,99.382
2950,1,2950,-10.689250108345,-4074.119066591989,2020-08-06T11:29:56Z,45.45941667,7.66468333,1505.00,99.385
2951,1,2951,-9.689250108345,-4073.119066591989,2020-08-06T11:29:57Z,45.45945000,7.66458333,1524.00,99.389
2952,1,2952,-8.689250108345,-4072.119066591989,2020-08-06T11:29:58Z,45.45950000,7.66450000,1510.00,99.392
2953,1,2953,-7.689250108345,-4071.119066591989,2020-08-06T11:29:59Z,45.45955000,7.66441667,1516.00,99.394
2954,1,2954,-6.689250108345,-4070.119066591989,2020-08-06T11:30:00Z,45.45963333,7.66433333,1515.00,99.394
2955,1,2955,-5.689250108345,-4069.119066591989,2020-08-06T11:30:01Z,45.45971667,7.66425000,1530.00,99.394
2956,1,2956,-4.689250108345,-4068.119066591989,2020-08-06T11:30:02Z,45.45981667,7.66418333,1523.00,99.392
2957,1,2957,-3.689250108345,-4067.119066591989,2020-08-06T11:30:03Z,45.45990000,7.66411667,1515.00,99.391
2958,1,2958,-2.689250108345,-4066.119066591989,2020-08-06T11:30:04Z,45.46000000,7.66406667,1522.00,99.388
2959,1,2959,-1.689250108345,-4065.119066591989,2020-08-06T11:30:05Z,45.46010000,7.66401667,1525.00,99.385
2960,1,2960,-0.689250108345,-4064.119066591989,2020-08-06T11:30:06Z,45.46020000,7.66398333,1522.00,99.381
2961,1,2961,0.310749891655,-4063.119066591989,2020-08-06T11:30:07Z,45.46030000,7.66395000,1525.00,99.377
2962,1,2962,1.310749891655,-4062.119066591989,2020-08-06T11:30:08Z,45.46040000,7.66393333,1525.00,99.371
2963,1,2963,2.310749891655,-4061.119066591989,2020-08-06T11:30:09Z,45.46050000,7.66393333,1505.00,99.365
2964,1,2964,3.310749891655,-4060.119066591989,2020-08-06T11:30:10Z,45.46060000,7.66395000,1531.00,99.358
2965,1,2965,4.310749891655,-4059.119066591989,2020-08-06T11:30:11Z,45.46070000,7.66398333,1519.00,99.349
2966,1,2966,5.310749891655,-4058.119066591989,2020-08-06T11:30:12Z,45.46080000,7.66405000,1537.00,99.339
2967,1,2967,6.310749891655,-4057.119066591989,2020-08-06T11:30:13Z,45.46088333,7.66411667,1517.00,99.329
2968,1,2968,7.310749891655,-4056.119066591989,2020-08-06T11:30:14Z,45.46096667,7.66420000,1537.00,99.319
2969,1,2969,8.310749891655,-4055.119066591989,2020-08-06T11:30:15Z,45.46105000,7.66426667,1518.00,99.309
2970,1,2970,9.310749891655,-4054.119066591989,2020-08-06T11:30:16Z,45.46113333,7.66435000,1530.00,99.299
2971,1,2971,10.310749891655,-4053.119066591989,2020-08-06T11:30:17Z,45.46121667,7.66445000,1542.00,99.287
2972,1,2972,11.310749891655,-4052.119066591989,2020-08-06T11:30:18Z,45.46128333,7.66455000,1528.00,99.276
2973,1,2973,12.310749891655,-4051.119066591989,2020-08-06T11:30:19Z,45.46135000,7.66465000,1515.00,99.266
2974,1,2974,13.310749891655,-4050.119066591989,2020-08-06T11:30:20Z,45.46143333,7.66475000,1522.00,99.254
2975,1,2975,14.310749891655,-4049.119066591989,2020-08-06T11:30:21Z,45.46150000,7.66486667,1518.00,99.242
2976,1,2976,15.310749891655,-4048.119066591989,2020-08-06T11:30:22Z,45.46158333,7.66500000,1513.00,99.228
2977,1,2977,16.310749891655,-4047.119066591989,2020-08-06T11:30:23Z,45.46165000,7.66515000,1516.00,99.215
2978,1,2978,17.310749891655,-4046.119066591989,2020-08-06T11:30:24Z,45.46173333,7.66528333,1510.00,99.201
2979,1,2979,18.310749891655,-4045.119066591989,2020-08-06T11:30:25Z,45.46180000,7.66541667,1513.00,99.188
2980,1,2980,19.310749891655,-4044.119066591989,2020-08-06T11:30:26Z,45.46188333,7.66555000,1514.00,99.174
2981,1,2981,20.310749891655,-4043.119066591989,2020-08-06T11:30:27Z,45.46195000,7.66566667,1503.00,99.163
2982,1,2982,21.310749891655,-4042.119066591989,2020-08-06T11:30:28Z,45.46203333,7.66576667,1514.00,99.151
2983,1,2983,22.310749891655,-4041.119066591989,2020-08-06T11:30:29Z,45.46211667,7.66586667,1507.00,99.139
2984,1,2984,23.310749891655,-4040.119066591989,2020-08-06T11:30:30Z,45.46220000,7.66596667,1499.00,99.128
2985,1,2985,24.310749891655,-4039.119066591989,2020-08-06T11:30:31Z,45.46230000,7.66608333,1493.00,99.114
2986,2,1,25.310749891655,-4038.119066591989,2020-08-06T11:30:32Z,45.46240000,7.66621667,1500.00,99.099
2987,2,2,26.310749891655,-4037.119066591989,2020-08-06T11:30:33Z,45.46250000,7.66633333,1492.00,99.085
2988,2,3,27.310749891655,-4036.119066591989,2020-08-06T11:30:34Z,45.46258333,7.66646667,1494.00,99.071
2989,2,4,28.310749891655,-4035.119066591989,2020-08-06T11:30:35Z,45.46268333,7.66658333,1494.00,99.058
2990,2,5,29.310749891655,-4034.119066591989,2020-08-06T11:30:36Z,45.46276667,7.66670000,1492.00,99.045
2991,2,6,30.310749891655,-4033.119066591989,2020-08-06T11:30:37Z,45.46283333,7.66681667,1491.00,99.033
2992,2,7,31.310749891655,-4032.119066591989,2020-08-06T11:30:38Z,45.46290000,7.66695000,1490.00,99.02
2993,2,8,32.310749891655,-4031.119066591989,2020-08-06T11:30:39Z,45.46296667,7.66710000,1482.00,99.007
2994,2,9,33.310749891655,-4030.119066591989,2020-08-06T11:30:40Z,45.46301667,7.66723333,1484.00,98.995
2995,2,10,34.310749891655,-4029.119066591989,2020-08-06T11:30:41Z,45.46310000,7.66738333,1481.00,98.98
2996,2,11,35.310749891655,-4028.119066591989,2020-08-06T11:30:42Z,45.46318333,7.66751667,1486.00,98.966
2997,2,12,36.310749891655,-4027.119066591989,2020-08-06T11:30:43Z,45.46326667,7.66765000,1481.00,98.952
2998,2,13,37.310749891655,-4026.119066591989,2020-08-06T11:30:44Z,45.46335000,7.66776667,1478.00,98.94
2999,2,14,38.310749891655,-4025.119066591989,2020-08-06T11:30:45Z,45.46343333,7.66788333,1472.00,98.927
3000,2,15,39.310749891655,-4024.119066591989,2020-08-06T11:30:46Z,45.46351667,7.66800000,1475.00,98.914
3001,2,16,40.310749891655,-4023.119066591989,2020-08-06T11:30:47Z,45.46360000,7.66810000,1467.00,98.902
3002,2,17,41.310749891655,-4022.119066591989,2020-08-06T11:30:48Z,45.46370000,7.66823333,1470.00,98.888
3003,2,18,42.310749891655,-4021.119066591989,2020-08-06T11:30:49Z,45.46378333,7.66835000,1467.00,98.875
3004,2,19,43.310749891655,-4020.119066591989,2020-08-06T11:30:50Z,45.46386667,7.66848333,1468.00,98.861
3005,2,20,44.310749891655,-4019.119066591989,2020-08-06T11:30:51Z,45.46395000,7.66858333,1465.00,98.849
3006,2,21,45.310749891655,-4018.119066591989,2020-08-06T11:30:52Z,45.46405000,7.66868333,1461.00,98.837
3007,2,22,46.310749891655,-4017.119066591989,2020-08-06T11:30:53Z,45.46413333,7.66876667,1469.00,98.826
3008,2,23,47.310749891655,-4016.119066591989,2020-08-06T11:30:54Z,45.46423333,7.66886667,1466.00,98.813
3009,2,24,48.310749891655,-4015.119066591989,2020-08-06T11:30:55Z,45.46431667,7.66895000,1467.00,98.803
3010,2,25,49.310749891655,-4014.119066591989,2020-08-06T11:30:56Z,45.46441667,7.66905000,1460.00,98.79
3011,2,26,50.310749891655,-4013.119066591989,2020-08-06T11:30:57Z,45.46450000,7.66913333,1458.00,98.78
3012,2,27,51.310749891655,-4012.119066591989,2020-08-06T11:30:58Z,45.46458333,7.66921667,1461.00,98.769
3013,2,28,52.310749891655,-4011.119066591989,2020-08-06T11:30:59Z,45.46468333,7.66930000,1472.00,98.757
3014,2,29,53.310749891655,-4010.119066591989,2020-08-06T11:31:00Z,45.46478333,7.66936667,1462.00,98.747
3015,2,30,54.310749891655,-4009.119066591989,2020-08-06T11:31:01Z,45.46488333,7.66943333,1470.00,98.736
3016,2,31,55.310749891655,-4008.119066591989,2020-08-06T11:31:02Z,45.46498333,7.66948333,1469.00,98.727
3017,2,32,56.310749891655,-4007.119066591989,2020-08-06T11:31:03Z,45.46506667,7.66955000,1462.00,98.717
3018,2,33,57.310749891655,-4006.119066591989,2020-08-06T11:31:04Z,45.46515000,7.66961667,1466.00,98.708
3019,2,34,58.310749891655,-4005.119066591989,2020-08-06T11:31:05Z,45.46525000,7.66970000,1461.00,98.696
3020,2,35,59.310749891655,-4004.119066591989,2020-08-06T11:31:06Z,45.46535000,7.66978333,1458.00,98.685
3021,2,36,60.310749891655,-4003.119066591989,2020-08-06T11:31:07Z,45.46545000,7.66986667,1459.00,98.673
3022,2,37,61.310749891655,-4002.119066591989,2020-08-06T11:31:08Z,45.46556667,7.66995000,1460.00,98.66
3023,2,38,62.310749891655,-4001.119066591989,2020-08-06T11:31:09Z,45.46568333,7.67003333,1467.00,98.648
3024,2,39,63.310749891655,-4000.119066591989,2020-08-06T11:31:10Z,45.46578333,7.67013333,1461.00,98.635
3025,2,40,64.310749891655,-3999.119066591989,2020-08-06T11:31:11Z,45.46588333,7.67021667,1465.00,98.624
3026,2,41,65.310749891655,-3998.119066591989,2020-08-06T11:31:12Z,45.46598333,7.67031667,1465.00,98.611
3027,2,42,66.310749891655,-3997.119066591989,2020-08-06T11:31:13Z,45.46610000,7.67041667,1451.00,98.597
3028,2,43,67.310749891655,-3996.119066591989,2020-08-06T11:31:14Z,45.46620000,7.67053333,1458.00,98.583
3029,2,44,68.310749891655,-3995.119066591989,2020-08-06T11:31:15Z,45.46631667,7.67066667,1474.00,98.568
3030,2,45,69.310749891655,-3994.119066591989,2020-08-06T11:31:16Z,45.46641667,7.67078333,1456.00,98.554
3031,2,46,70.310749891655,-3993.119066591989,2020-08-06T11:31:17Z,45.46651667,7.67091667,1468.00,98.539
3032,2,47,71.310749891655,-3992.119066591989,2020-08-06T11:31:18Z,45.46660000,7.67101667,1474.00,98.527
3033,2,48,72.310749891655,-3991.119066591989,2020-08-06T11:31:19Z,45.46668333,7.67110000,1472.00,98.517
3034,2,49,73.310749891655,-3990.119066591989,2020-08-06T11:31:20Z,45.46675000,7.67120000,1473.00,98.506
3035,2,50,74.310749891655,-3989.119066591989,2020-08-06T11:31:21Z,45.46683333,7.67128333,1479.00,98.496
3036,2,51,75.310749891655,-3988.119066591989,2020-08-06T11:31:22Z,45.46691667,7.67138333,1476.00,98.484
3037,2,52,76.310749891655,-3987.119066591989,2020-08-06T11:31:23Z,45.46700000,7.67148333,1472.00,98.472
3038,2,53,77.310749891655,-3986.119066591989,2020-08-06T11:31:24Z,45.46708333,7.67158333,1480.00,98.461
3039,2,54,78.310749891655,-3985.119066591989,2020-08-06T11:31:25Z,45.46718333,7.67168333,1475.00,98.448
3040,2,55,79.310749891655,-3984.119066591989,2020-08-06T11:31:26Z,45.46726667,7.67176667,1475.00,98.437
3041,2,56,80.310749891655,-3983.119066591989,2020-08-06T11:31:27Z,45.46738333,7.67185000,1473.00,98.425
3042,2,57,81.310749891655,-3982.119066591989,2020-08-06T11:31:28Z,45.46748333,7.67195000,1475.00,98.412
3043,2,58,82.310749891655,-3981.119066591989,2020-08-06T11:31:29Z,45.46758333,7.67205000,1474.00,98.4
3044,2,59,83.310749891655,-3980.119066591989,2020-08-06T11:31:30Z,45.46768333,7.67215000,1470.00,98.387
3045,2,60,84.310749891655,-3979.119066591989,2020-08-06T11:31:31Z,45.46778333,7.67223333,1477.00,98.375
3046,2,61,85.310749891655,-3978.119066591989,2020-08-06T11:31:32Z,45.46786667,7.67230000,1477.00,98.366
3047,2,62,86.310749891655,-3977.119066591989,2020-08-06T11:31:33Z,45.46795000,7.67236667,1472.00,98.356
3048,2,63,87.310749891655,-3976.119066591989,2020-08-06T11:31:34Z,45.46803333,7.67243333,1484.00,98.347
3049,2,64,88.310749891655,-3975.119066591989,2020-08-06T11:31:35Z,45.46811667,7.67253333,1478.00,98.335
3050,2,65,89.310749891655,-3974.119066591989,2020-08-06T11:31:36Z,45.46820000,7.67261667,1469.00,98.325
3051,2,66,90.310749891655,-3973.119066591989,2020-08-06T11:31:37Z,45.46830000,7.67271667,1475.00,98.312
3052,2,67,91.310749891655,-3972.119066591989,2020-08-06T11:31:38Z,45.46838333,7.67281667,1477.00,98.3
3053,2,68,92.310749891655,-3971.119066591989,2020-08-06T11:31:39Z,45.46848333,7.67290000,1477.00,98.289
3054,2,69,93.310749891655,-3970.119066591989,2020-08-06T11:31:40Z,45.46858333,7.67298333,1474.00,98.277
3055,2,70,94.310749891655,-3969.119066591989,2020-08-06T11:31:41Z,45.46866667,7.67308333,1473.00,98.266
3056,2,71,95.310749891655,-3968.119066591989,2020-08-06T11:31:42Z,45.46875000,7.67320000,1477.00,98.253
3057,2,72,96.310749891655,-3967.119066591989,2020-08-06T11:31:43Z,45.46883333,7.67331667,1475.00,98.24
3058,2,73,97.310749891655,-3966.119066591989,2020-08-06T11:31:44Z,45.46891667,7.67341667,1470.00,98.229
3059,2,74,98.310749891655,-3965.119066591989,2020-08-06T11:31:45Z,45.46900000,7.67353333,1469.00,98.216
3060,2,75,99.310749891655,-3964.119066591989,2020-08-06T11:31:46Z,45.46910000,7.67365000,1470.00,98.202
3061,2,76,100.310749891655,-3963.119066591989,2020-08-06T11:31:47Z,45.46918333,7.67375000,1467.00,98.19
3062,2,77,101.310749891655,-3962.119066591989,2020-08-06T11:31:48Z,45.46925000,7.67386667,1469.00,98.179
3063,2,78,102.310749891655,-3961.119066591989,2020-08-06T11:31:49Z,45.46933333,7.67398333,1471.00,98.166
3064,2,79,103.310749891655,-3960.119066591989,2020-08-06T11:31:50Z,45.46940000,7.67408333,1461.00,98.155
3065,2,80,104.310749891655,-3959.119066591989,2020-08-06T11:31:51Z,45.46948333,7.67421667,1460.00,98.142
3066,2,81,105.310749891655,-3958.119066591989,2020-08-06T11:31:52Z,45.46958333,7.67433333,1469.00,98.128
3067,2,82,106.310749891655,-3957.119066591989,2020-08-06T11:31:53Z,45.46966667,7.67445000,1465.00,98.115
3068,2,83,107.310749891655,-3956.119066591989,2020-08-06T11:31:54Z,45.46975000,7.67456667,1466.00,98.103
3069,2,84,108.310749891655,-3955.119066591989,2020-08-06T11:31:55Z,45.46981667,7.67468333,1456.00,98.091
3070,2,85,109.310749891655,-3954.119066591989,2020-08-06T11:31:56Z,45.46990000,7.67480000,1467.00,98.078
3071,2,86,110.310749891655,-3953.119066591989,2020-08-06T11:31:57Z,45.46996667,7.67491667,1461.00,98.066
3072,2,87,111.310749891655,-3952.119066591989,2020-08-06T11:31:58Z,45.47003333,7.67503333,1461.00,98.055
3073,2,88,112.310749891655,-3951.119066591989,2020-08-06T11:31:59Z,45.47011667,7.67516667,1456.00,98.041
3074,2,89,113.310749891655,-3950.119066591989,2020-08-06T11:32:00Z,45.47018333,7.67530000,1454.00,98.028
3075,2,90,114.310749891655,-3949.119066591989,2020-08-06T11:32:01Z,45.47025000,7.67543333,1460.00,98.015
3076,2,91,115.310749891655,-3948.119066591989,2020-08-06T11:32:02Z,45.47031667,7.67556667,1468.00,98.003
3077,2,92,116.310749891655,-3947.119066591989,2020-08-06T11:32:03Z,45.47036667,7.67568333,1464.00,97.992
3078,2,93,117.310749891655,-3946.119066591989,2020-08-06T11:32:04Z,45.47040000,7.67578333,1462.00,97.984
3079,2,94,118.310749891655,-3945.119066591989,2020-08-06T11:32:05Z,45.47043333,7.67588333,1462.00,97.975
3080,2,95,119.310749891655,-3944.119066591989,2020-08-06T11:32:06Z,45.47046667,7.67598333,1453.00,97.966
3081,2,96,120.310749891655,-3943.119066591989,2020-08-06T11:32:07Z,45.47051667,7.67606667,1461.00,97.958
3082,2,97,121.310749891655,-3942.119066591989,2020-08-06T11:32:08Z,45.47056667,7.67616667,1457.00,97.948
3083,2,98,122.310749891655,-3941.119066591989,2020-08-06T11:32:09Z,45.47061667,7.67631667,1455.00,97.936
3084,2,99,123.310749891655,-3940.119066591989,2020-08-06T11:32:10Z,45.47068333,7.67648333,1441.00,97.921
3085,2,100,124.310749891655,-3939.119066591989,2020-08-06T11:32:11Z,45.47075000,7.67665000,1462.00,97.906
3086,2,101,125.310749891655,-3938.119066591989,2020-08-06T11:32:12Z,45.47083333,7.67680000,1455.00,97.891
3087,2,102,126.310749891655,-3937.119066591989,2020-08-06T11:32:13Z,45.47090000,7.67693333,1461.00,97.878
3088,2,103,127.310749891655,-3936.119066591989,2020-08-06T11:32:14Z,45.47095000,7.67703333,1466.00,97.868
3089,2,104,128.310749891655,-3935.119066591989,2020-08-06T11:32:15Z,45.47098333,7.67710000,1466.00,97.862
3090,2,105,129.310749891655,-3934.119066591989,2020-08-06T11:32:16Z,45.47101667,7.67716667,1468.00,97.856
3091,2,106,130.310749891655,-3933.119066591989,2020-08-06T11:32:17Z,45.47105000,7.67726667,1468.00,97.847
3092,2,107,131.310749891655,-3932.119066591989,2020-08-06T11:32:18Z,45.47110000,7.67740000,1464.00,97.835
3093,2,108,132.310749891655,-3931.119066591989,2020-08-06T11:32:19Z,45.47116667,7.67755000,1464.00,97.822
3094,2,109,133.310749891655,-3930.119066591989,2020-08-06T11:32:20Z,45.47120000,7.67770000,1465.00,97.81
3095,2,110,134.310749891655,-3929.119066591989,2020-08-06T11:32:21Z,45.47123333,7.67781667,1472.00,97.8
3096,2,111,135.310749891655,-3928.119066591989,2020-08-06T11:32:22Z,45.47125000,7.67788333,1477.00,97.795
3097,2,112,136.310749891655,-3927.119066591989,2020-08-06T11:32:23Z,45.47128333,7.67795000,1476.00,97.788
3098,2,113,137.310749891655,-3926.119066591989,2020-08-06T11:32:24Z,45.47133333,7.67803333,1474.00,97.78
3099,2,114,138.310749891655,-3925.119066591989,2020-08-06T11:32:25Z,45.47136667,7.67816667,1469.00,97.769
3100,2,115,139.310749891655,-3924.119066591989,2020-08-06T11:32:26Z,45.47141667,7.67831667,1465.00,97.756
3101,2,116,140.310749891655,-3923.119066591989,2020-08-06T11:32:27Z,45.47145000,7.67846667,1468.00,97.745
3102,2,117,141.310749891655,-3922.119066591989,2020-08-06T11:32:28Z,45.47150000,7.67860000,1468.00,97.733
3103,2,118,142.310749891655,-3921.119066591989,2020-08-06T11:32:29Z,45.47153333,7.67871667,1474.00,97.723
3104,2,119,143.310749891655,-3920.119066591989,2020-08-06T11:32:30Z,45.47155000,7.67881667,1473.00,97.716
3105,2,120,144.310749891655,-3919.119066591989,2020-08-06T11:32:31Z,45.47158333,7.67893333,1471.00,97.706
3106,2,121,145.310749891655,-3918.119066591989,2020-08-06T11:32:32Z,45.47161667,7.67908333,1469.00,97.694
3107,2,122,146.310749891655,-3917.119066591989,2020-08-06T11:32:33Z,45.47165000,7.67923333,1467.00,97.683
3108,2,123,147.310749891655,-3916.119066591989,2020-08-06T11:32:34Z,45.47170000,7.67941667,1465.00,97.668
3109,2,124,148.310749891655,-3915.119066591989,2020-08-06T11:32:35Z,45.47175000,7.67958333,1465.00,97.654
3110,2,125,149.310749891655,-3914.119066591989,2020-08-06T11:32:36Z,45.47180000,7.67973333,1472.00,97.641
3111,2,126,150.310749891655,-3913.119066591989,2020-08-06T11:32:37Z,45.47181667,7.67986667,1473.00,97.631
3112,2,127,151.310749891655,-3912.119066591989,2020-08-06T11:32:38Z,45.47183333,7.67998333,1479.00,97.623
3113,2,128,152.310749891655,-3911.119066591989,2020-08-06T11:32:39Z,45.47185000,7.68008333,1483.00,97.615
3114,2,129,153.310749891655,-3910.119066591989,2020-08-06T11:32:40Z,45.47186667,7.68020000,1479.00,97.606
3115,2,130,154.310749891655,-3909.119066591989,2020-08-06T11:32:41Z,45.47188333,7.68035000,1474.00,97.596
3116,2,131,155.310749891655,-3908.119066591989,2020-08-06T11:32:42Z,45.47193333,7.68051667,1477.00,97.582
3117,2,132,156.310749891655,-3907.119066591989,2020-08-06T11:32:43Z,45.47198333,7.68066667,1473.00,97.569
3118,2,133,157.310749891655,-3906.119066591989,2020-08-06T11:32:44Z,45.47201667,7.68081667,1476.00,97.557
3119,2,134,158.310749891655,-3905.119066591989,2020-08-06T11:32:45Z,45.47205000,7.68093333,1478.00,97.548
3120,2,135,159.310749891655,-3904.119066591989,2020-08-06T11:32:46Z,45.47208333,7.68105000,1479.00,97.538
3121,2,136,160.310749891655,-3903.119066591989,2020-08-06T11:32:47Z,45.47210000,7.68118333,1477.00,97.528
3122,2,137,161.310749891655,-3902.119066591989,2020-08-06T11:32:48Z,45.47211667,7.68131667,1473.00,97.519
3123,2,138,162.310749891655,-3901.119066591989,2020-08-06T11:32:49Z,45.47213333,7.68146667,1474.00,97.508
3124,2,139,163.310749891655,-3900.119066591989,2020-08-06T11:32:50Z,45.47216667,7.68160000,1472.00,97.497
3125,2,140,164.310749891655,-3899.119066591989,2020-08-06T11:32:51Z,45.47220000,7.68171667,1476.00,97.488
3126,2,141,165.310749891655,-3898.119066591989,2020-08-06T11:32:52Z,45.47223333,7.68183333,1482.00,97.478
3127,2,142,166.310749891655,-3897.119066591989,2020-08-06T11:32:53Z,45.47226667,7.68195000,1463.00,97.468
3128,2,143,167.310749891655,-3896.119066591989,2020-08-06T11:32:54Z,45.47230000,7.68206667,1471.00,97.459
3129,2,144,168.310749891655,-3895.119066591989,2020-08-06T11:32:55Z,45.47231667,7.68220000,1476.00,97.449
3130,2,145,169.310749891655,-3894.119066591989,2020-08-06T11:32:56Z,45.47233333,7.68235000,1473.00,97.438
3131,2,146,170.310749891655,-3893.119066591989,2020-08-06T11:32:57Z,45.47233333,7.68250000,1475.00,97.429
3132,2,147,171.310749891655,-3892.119066591989,2020-08-06T11:32:58Z,45.47231667,7.68265000,1472.00,97.42
3133,2,148,172.310749891655,-3891.119066591989,2020-08-06T11:32:59Z,45.47228333,7.68281667,1469.00,97.411
3134,2,149,173.310749891655,-3890.119066591989,2020-08-06T11:33:00Z,45.47225000,7.68295000,1473.00,97.405
3135,2,150,174.310749891655,-3889.119066591989,2020-08-06T11:33:01Z,45.47223333,7.68308333,1474.00,97.397
3136,2,151,175.310749891655,-3888.119066591989,2020-08-06T11:33:02Z,45.47221667,7.68318333,1473.00,97.392
3137,2,152,176.310749891655,-3887.119066591989,2020-08-06T11:33:03Z,45.47221667,7.68330000,1477.00,97.384
3138,2,153,177.310749891655,-3886.119066591989,2020-08-06T11:33:04Z,45.47223333,7.68341667,1477.00,97.375
3139,2,154,178.310749891655,-3885.119066591989,2020-08-06T11:33:05Z,45.47223333,7.68355000,1474.00,97.367
3140,2,155,179.310749891655,-3884.119066591989,2020-08-06T11:33:06Z,45.47221667,7.68368333,1478.00,97.359
3141,2,156,180.310749891655,-3883.119066591989,2020-08-06T11:33:07Z,45.47221667,7.68383333,1474.00,97.349
3142,2,157,181.310749891655,-3882.119066591989,2020-08-06T11:33:08Z,45.47221667,7.68398333,1475.00,97.34
3143,2,158,182.310749891655,-3881.119066591989,2020-08-06T11:33:09Z,45.47221667,7.68411667,1475.00,97.331
3144,2,159,183.310749891655,-3880.119066591989,2020-08-06T11:33:10Z,45.47221667,7.68426667,1475.00,97.321
3145,2,160,184.310749891655,-3879.119066591989,2020-08-06T11:33:11Z,45.47223333,7.68440000,1474.00,97.312
3146,2,161,185.310749891655,-3878.119066591989,2020-08-06T11:33:12Z,45.47225000,7.68455000,1472.00,97.301
3147,2,162,186.310749891655,-3877.119066591989,2020-08-06T11:33:13Z,45.47226667,7.68468333,1470.00,97.291
3148,2,163,187.310749891655,-3876.119066591989,2020-08-06T11:33:14Z,45.47228333,7.68483333,1466.00,97.281
3149,2,164,188.310749891655,-3875.119066591989,2020-08-06T11:33:15Z,45.47230000,7.68498333,1466.00,97.27
3150,2,165,189.310749891655,-3874.119066591989,2020-08-06T11:33:16Z,45.47230000,7.68513333,1465.00,97.26
3151,2,166,190.310749891655,-3873.119066591989,2020-08-06T11:33:17Z,45.47231667,7.68528333,1461.00,97.249
3152,2,167,191.310749891655,-3872.119066591989,2020-08-06T11:33:18Z,45.47231667,7.68543333,1455.00,97.24
3153,2,168,192.310749891655,-3871.119066591989,2020-08-06T11:33:19Z,45.47233333,7.68558333,1458.00,97.229
3154,2,169,193.310749891655,-3870.119066591989,2020-08-06T11:33:20Z,45.47235000,7.68575000,1447.00,97.217
3155,2,170,194.310749891655,-3869.119066591989,2020-08-06T11:33:21Z,45.47236667,7.68591667,1452.00,97.205
3156,2,171,195.310749891655,-3868.119066591989,2020-08-06T11:33:22Z,45.47238333,7.68608333,1454.00,97.194
3157,2,172,196.310749891655,-3867.119066591989,2020-08-06T11:33:23Z,45.47241667,7.68625000,1453.00,97.181
3158,2,173,197.310749891655,-3866.119066591989,2020-08-06T11:33:24Z,45.47246667,7.68641667,1457.00,97.167
3159,2,174,198.310749891655,-3865.119066591989,2020-08-06T11:33:25Z,45.47250000,7.68656667,1463.00,97.155
3160,2,175,199.310749891655,-3864.119066591989,2020-08-06T11:33:26Z,45.47253333,7.68671667,1448.00,97.143
3161,2,176,200.310749891655,-3863.119066591989,2020-08-06T11:33:27Z,45.47255000,7.68686667,1467.00,97.133
3162,2,177,201.310749891655,-3862.119066591989,2020-08-06T11:33:28Z,45.47255000,7.68698333,1465.00,97.125
3163,2,178,202.310749891655,-3861.119066591989,2020-08-06T11:33:29Z,45.47256667,7.68710000,1466.00,97.117
3164,2,179,203.310749891655,-3860.119066591989,2020-08-06T11:33:30Z,45.47260000,7.68721667,1469.00,97.107
3165,2,180,204.310749891655,-3859.119066591989,2020-08-06T11:33:31Z,45.47263333,7.68733333,1467.00,97.097
3166,2,181,205.310749891655,-3858.119066591989,2020-08-06T11:33:32Z,45.47265000,7.68746667,1469.00,97.088
3167,2,182,206.310749891655,-3857.119066591989,2020-08-06T11:33:33Z,45.47268333,7.68760000,1468.00,97.077
3168,2,183,207.310749891655,-3856.119066591989,2020-08-06T11:33:34Z,45.47271667,7.68775000,1470.00,97.065
3169,2,184,208.310749891655,-3855.119066591989,2020-08-06T11:33:35Z,45.47273333,7.68788333,1475.00,97.056
3170,2,185,209.310749891655,-3854.119066591989,2020-08-06T11:33:36Z,45.47275000,7.68800000,1468.00,97.047
3171,2,186,210.310749891655,-3853.119066591989,2020-08-06T11:33:37Z,45.47276667,7.68811667,1477.00,97.039
3172,2,187,211.310749891655,-3852.119066591989,2020-08-06T11:33:38Z,45.47280000,7.68823333,1472.00,97.029
3173,2,188,212.310749891655,-3851.119066591989,2020-08-06T11:33:39Z,45.47283333,7.68836667,1472.00,97.018
3174,2,189,213.310749891655,-3850.119066591989,2020-08-06T11:33:40Z,45.47286667,7.68850000,1466.00,97.008
3175,2,190,214.310749891655,-3849.119066591989,2020-08-06T11:33:41Z,45.47290000,7.68863333,1472.00,96.997
3176,2,191,215.310749891655,-3848.119066591989,2020-08-06T11:33:42Z,45.47295000,7.68876667,1469.00,96.985
3177,2,192,216.310749891655,-3847.119066591989,2020-08-06T11:33:43Z,45.47298333,7.68890000,1471.00,96.974
3178,2,193,217.310749891655,-3846.119066591989,2020-08-06T11:33:44Z,45.47301667,7.68903333,1470.00,96.964
3179,2,194,218.310749891655,-3845.119066591989,2020-08-06T11:33:45Z,45.47306667,7.68915000,1472.00,96.953
3180,2,195,219.310749891655,-3844.119066591989,2020-08-06T11:33:46Z,45.47311667,7.68926667,1473.00,96.943
3181,2,196,220.310749891655,-3843.119066591989,2020-08-06T11:33:47Z,45.47315000,7.68940000,1470.00,96.932
3182,2,197,221.310749891655,-3842.119066591989,2020-08-06T11:33:48Z,45.47318333,7.68951667,1473.00,96.922
3183,2,198,222.310749891655,-3841.119066591989,2020-08-06T11:33:49Z,45.47323333,7.68961667,1471.00,96.913
3184,2,199,223.310749891655,-3840.119066591989,2020-08-06T11:33:50Z,45.47326667,7.68973333,1470.00,96.903
3185,2,200,224.310749891655,-3839.119066591989,2020-08-06T11:33:51Z,45.47333333,7.68985000,1468.00,96.891
3186,2,201,225.310749891655,-3838.119066591989,2020-08-06T11:33:52Z,45.47338333,7.68998333,1467.00,96.88
3187,2,202,226.310749891655,-3837.119066591989,2020-08-06T11:33:53Z,45.47345000,7.69011667,1470.00,96.867
3188,2,203,227.310749891655,-3836.119066591989,2020-08-06T11:33:54Z,45.47350000,7.69021667,1468.00,96.857
3189,2,204,228.310749891655,-3835.119066591989,2020-08-06T11:33:55Z,45.47355000,7.69030000,1484.00,96.849
3190,2,205,229.310749891655,-3834.119066591989,2020-08-06T11:33:56Z,45.47360000,7.69038333,1481.00,96.84
3191,2,206,230.310749891655,-3833.119066591989,2020-08-06T11:33:57Z,45.47363333,7.69046667,1483.00,96.833
3192,2,207,231.310749891655,-3832.119066591989,2020-08-06T11:33:58Z,45.47370000,7.69055000,1482.00,96.823
3193,2,208,232.310749891655,-3831.119066591989,2020-08-06T11:33:59Z,45.47376667,7.69066667,1480.00,96.812
3194,2,209,233.310749891655,-3830.119066591989,2020-08-06T11:34:00Z,45.47383333,7.69078333,1482.00,96.8
3195,2,210,234.310749891655,-3829.119066591989,2020-08-06T11:34:01Z,45.47390000,7.69090000,1479.00,96.788
3196,2,211,235.310749891655,-3828.119066591989,2020-08-06T11:34:02Z,45.47395000,7.69101667,1485.00,96.778
3197,2,212,236.310749891655,-3827.119066591989,2020-08-06T11:34:03Z,45.47398333,7.69113333,1487.00,96.768
3198,2,213,237.310749891655,-3826.119066591989,2020-08-06T11:34:04Z,45.47403333,7.69123333,1486.00,96.758
3199,2,214,238.310749891655,-3825.119066591989,2020-08-06T11:34:05Z,45.47406667,7.69133333,1488.00,96.75
3200,2,215,239.310749891655,-3824.119066591989,2020-08-06T11:34:06Z,45.47411667,7.69145000,1487.00,96.739
3201,2,216,240.310749891655,-3823.119066591989,2020-08-06T11:34:07Z,45.47416667,7.69158333,1490.00,96.727
3202,2,217,241.310749891655,-3822.119066591989,2020-08-06T11:34:08Z,45.47421667,7.69170000,1488.00,96.717
3203,2,218,242.310749891655,-3821.119066591989,2020-08-06T11:34:09Z,45.47428333,7.69181667,1489.00,96.705
3204,2,219,243.310749891655,-3820.119066591989,2020-08-06T11:34:10Z,45.47433333,7.69190000,1491.00,96.697
3205,2,220,244.310749891655,-3819.119066591989,2020-08-06T11:34:11Z,45.47438333,7.69198333,1491.00,96.688
3206,2,221,245.310749891655,-3818.119066591989,2020-08-06T11:34:12Z,45.47441667,7.69208333,1487.00,96.68
3207,2,222,246.310749891655,-3817.119066591989,2020-08-06T11:34:13Z,45.47446667,7.69220000,1487.00,96.669
3208,2,223,247.310749891655,-3816.119066591989,2020-08-06T11:34:14Z,45.47451667,7.69233333,1492.00,96.657
3209,2,224,248.310749891655,-3815.119066591989,2020-08-06T11:34:15Z,45.47456667,7.69245000,1488.00,96.647
3210,2,225,249.310749891655,-3814.119066591989,2020-08-06T11:34:16Z,45.47461667,7.69256667,1489.00,96.636
3211,2,226,250.310749891655,-3813.119066591989,2020-08-06T11:34:17Z,45.47466667,7.69268333,1492.00,96.625
3212,2,227,251.310749891655,-3812.119066591989,2020-08-06T11:34:18Z,45.47471667,7.69278333,1481.00,96.616
3213,2,228,252.310749891655,-3811.119066591989,2020-08-06T11:34:19Z,45.47476667,7.69290000,1490.00,96.605
3214,2,229,253.310749891655,-3810.119066591989,2020-08-06T11:34:20Z,45.47481667,7.69303333,1491.00,96.593
3215,2,230,254.310749891655,-3809.119066591989,2020-08-06T11:34:21Z,45.47486667,7.69316667,1482.00,96.582
3216,2,231,255.310749891655,-3808.119066591989,2020-08-06T11:34:22Z,45.47491667,7.69331667,1493.00,96.569
3217,2,232,256.310749891655,-3807.119066591989,2020-08-06T11:34:23Z,45.47496667,7.69346667,1484.00,96.556
3218,2,233,257.310749891655,-3806.119066591989,2020-08-06T11:34:24Z,45.47503333,7.69360000,1495.00,96.543
3219,2,234,258.310749891655,-3805.119066591989,2020-08-06T11:34:25Z,45.47511667,7.69373333,1493.00,96.529
3220,2,235,259.310749891655,-3804.119066591989,2020-08-06T11:34:26Z,45.47518333,7.69386667,1481.00,96.517
3221,2,236,260.310749891655,-3803.119066591989,2020-08-06T11:34:27Z,45.47525000,7.69401667,1486.00,96.503
3222,2,237,261.310749891655,-3802.119066591989,2020-08-06T11:34:28Z,45.47531667,7.69418333,1489.00,96.488
3223,2,238,262.310749891655,-3801.119066591989,2020-08-06T11:34:29Z,45.47538333,7.69435000,1486.00,96.473
3224,2,239,263.310749891655,-3800.119066591989,2020-08-06T11:34:30Z,45.47545000,7.69451667,1481.00,96.458
3225,2,240,264.310749891655,-3799.119066591989,2020-08-06T11:34:31Z,45.47551667,7.69468333,1480.00,96.443
3226,2,241,265.310749891655,-3798.119066591989,2020-08-06T11:34:32Z,45.47560000,7.69483333,1482.00,96.428
3227,2,242,266.310749891655,-3797.119066591989,2020-08-06T11:34:33Z,45.47565000,7.69496667,1479.00,96.417
3228,2,243,267.310749891655,-3796.119066591989,2020-08-06T11:34:34Z,45.47570000,7.69510000,1478.00,96.405
3229,2,244,268.310749891655,-3795.119066591989,2020-08-06T11:34:35Z,45.47575000,7.69523333,1481.00,96.393
3230,2,245,269.310749891655,-3794.119066591989,2020-08-06T11:34:36Z,45.47580000,7.69536667,1477.00,96.381
3231,2,246,270.310749891655,-3793.119066591989,2020-08-06T11:34:37Z,45.47585000,7.69551667,1473.00,96.369
3232,2,247,271.310749891655,-3792.119066591989,2020-08-06T11:34:38Z,45.47591667,7.69568333,1469.00,96.354
3233,2,248,272.310749891655,-3791.119066591989,2020-08-06T11:34:39Z,45.47596667,7.69588333,1467.00,96.338
3234,2,249,273.310749891655,-3790.119066591989,2020-08-06T11:34:40Z,45.47600000,7.69606667,1468.00,96.324
3235,2,250,274.310749891655,-3789.119066591989,2020-08-06T11:34:41Z,45.47603333,7.69623333,1479.00,96.311
3236,2,251,275.310749891655,-3788.119066591989,2020-08-06T11:34:42Z,45.47608333,7.69638333,1474.00,96.298
3237,2,252,276.310749891655,-3787.119066591989,2020-08-06T11:34:43Z,45.47611667,7.69651667,1473.00,96.288
3238,2,253,277.310749891655,-3786.119066591989,2020-08-06T11:34:44Z,45.47615000,7.69665000,1471.00,96.277
3239,2,254,278.310749891655,-3785.119066591989,2020-08-06T11:34:45Z,45.47620000,7.69676667,1463.00,96.266
3240,2,255,279.310749891655,-3784.119066591989,2020-08-06T11:34:46Z,45.47625000,7.69691667,1466.00,96.253
3241,2,256,280.310749891655,-3783.119066591989,2020-08-06T11:34:47Z,45.47631667,7.69706667,1463.00,96.24
3242,2,257,281.310749891655,-3782.119066591989,2020-08-06T11:34:48Z,45.47636667,7.69723333,1458.00,96.226
3243,2,258,282.310749891655,-3781.119066591989,2020-08-06T11:34:49Z,45.47640000,7.69738333,1462.00,96.214
3244,2,259,283.310749891655,-3780.119066591989,2020-08-06T11:34:50Z,45.47645000,7.69753333,1464.00,96.201
3245,2,260,284.310749891655,-3779.119066591989,2020-08-06T11:34:51Z,45.47650000,7.69768333,1460.00,96.188
3246,2,261,285.310749891655,-3778.119066591989,2020-08-06T11:34:52Z,45.47651667,7.69781667,1452.00,96.179
3247,2,262,286.310749891655,-3777.119066591989,2020-08-06T11:34:53Z,45.47655000,7.69795000,1455.00,96.168
3248,2,263,287.310749891655,-3776.119066591989,2020-08-06T11:34:54Z,45.47658333,7.69810000,1454.00,96.156
3249,2,264,288.310749891655,-3775.119066591989,2020-08-06T11:34:55Z,45.47661667,7.69825000,1449.00,96.145
3250,2,265,289.310749891655,-3774.119066591989,2020-08-06T11:34:56Z,45.47665000,7.69841667,1451.00,96.132
3251,2,266,290.310749891655,-3773.119066591989,2020-08-06T11:34:57Z,45.47668333,7.69858333,1449.00,96.119
3252,2,267,291.310749891655,-3772.119066591989,2020-08-06T11:34:58Z,45.47671667,7.69873333,1442.00,96.107
3253,2,268,292.310749891655,-3771.119066591989,2020-08-06T11:34:59Z,45.47675000,7.69888333,1441.00,96.095
3254,2,269,293.310749891655,-3770.119066591989,2020-08-06T11:35:00Z,45.47678333,7.69903333,1442.00,96.084
3255,2,270,294.310749891655,-3769.119066591989,2020-08-06T11:35:01Z,45.47681667,7.69916667,1434.00,96.073
3256,2,271,295.310749891655,-3768.119066591989,2020-08-06T11:35:02Z,45.47685000,7.69930000,1439.00,96.062
3257,2,272,296.310749891655,-3767.119066591989,2020-08-06T11:35:03Z,45.47688333,7.69941667,1439.00,96.053
3258,2,273,297.310749891655,-3766.119066591989,2020-08-06T11:35:04Z,45.47693333,7.69955000,1437.00,96.041
3259,2,274,298.310749891655,-3765.119066591989,2020-08-06T11:35:05Z,45.47696667,7.69968333,1440.00,96.03
3260,2,275,299.310749891655,-3764.119066591989,2020-08-06T11:35:06Z,45.47700000,7.69983333,1437.00,96.019
3261,2,276,300.310749891655,-3763.119066591989,2020-08-06T11:35:07Z,45.47703333,7.69998333,1436.00,96.007
3262,2,277,301.310749891655,-3762.119066591989,2020-08-06T11:35:08Z,45.47706667,7.70011667,1433.00,95.996
3263,2,278,302.310749891655,-3761.119066591989,2020-08-06T11:35:09Z,45.47710000,7.70023333,1435.00,95.987
3264,2,279,303.310749891655,-3760.119066591989,2020-08-06T11:35:10Z,45.47713333,7.70036667,1431.00,95.976
3265,2,280,304.310749891655,-3759.119066591989,2020-08-06T11:35:11Z,45.47718333,7.70050000,1430.00,95.964
3266,2,281,305.310749891655,-3758.119066591989,2020-08-06T11:35:12Z,45.47723333,7.70061667,1431.00,95.954
3267,2,282,306.310749891655,-3757.119066591989,2020-08-06T11:35:13Z,45.47726667,7.70075000,1430.00,95.943
3268,2,283,307.310749891655,-3756.119066591989,2020-08-06T11:35:14Z,45.47731667,7.70088333,1432.00,95.931
3269,2,284,308.310749891655,-3755.119066591989,2020-08-06T11:35:15Z,45.47735000,7.70101667,1426.00,95.921
3270,2,285,309.310749891655,-3754.119066591989,2020-08-06T11:35:16Z,45.47738333,7.70115000,1427.00,95.91
3271,2,286,310.310749891655,-3753.119066591989,2020-08-06T11:35:17Z,45.47741667,7.70128333,1426.00,95.899
3272,2,287,311.310749891655,-3752.119066591989,2020-08-06T11:35:18Z,45.47746667,7.70141667,1421.00,95.887
3273,2,288,312.310749891655,-3751.119066591989,2020-08-06T11:35:19Z,45.47751667,7.70155000,1419.00,95.876
3274,2,289,313.310749891655,-3750.119066591989,2020-08-06T11:35:20Z,45.47756667,7.70168333,1418.00,95.864
3275,2,290,314.310749891655,-3749.119066591989,2020-08-06T11:35:21Z,45.47761667,7.70183333,1416.00,95.851
3276,2,291,315.310749891655,-3748.119066591989,2020-08-06T11:35:22Z,45.47765000,7.70198333,1413.00,95.84
3277,2,292,316.310749891655,-3747.119066591989,2020-08-06T11:35:23Z,45.47770000,7.70215000,1414.00,95.826
3278,2,293,317.310749891655,-3746.119066591989,2020-08-06T11:35:24Z,45.47773333,7.70228333,1412.00,95.815
3279,2,294,318.310749891655,-3745.119066591989,2020-08-06T11:35:25Z,45.47776667,7.70243333,1413.00,95.803
3280,2,295,319.310749891655,-3744.119066591989,2020-08-06T11:35:26Z,45.47780000,7.70256667,1411.00,95.793
3281,2,296,320.310749891655,-3743.119066591989,2020-08-06T11:35:27Z,45.47783333,7.70268333,1410.00,95.783
3282,2,297,321.310749891655,-3742.119066591989,2020-08-06T11:35:28Z,45.47788333,7.70281667,1405.00,95.771
3283,2,298,322.310749891655,-3741.119066591989,2020-08-06T11:35:29Z,45.47793333,7.70295000,1407.00,95.76
3284,2,299,323.310749891655,-3740.119066591989,2020-08-06T11:35:30Z,45.47798333,7.70310000,1404.00,95.747
3285,2,300,324.310749891655,-3739.119066591989,2020-08-06T11:35:31Z,45.47803333,7.70325000,1398.00,95.734
3286,2,301,325.310749891655,-3738.119066591989,2020-08-06T11:35:32Z,45.47808333,7.70340000,1400.00,95.721
3287,2,302,326.310749891655,-3737.119066591989,2020-08-06T11:35:33Z,45.47813333,7.70355000,1398.00,95.708
3288,2,303,327.310749891655,-3736.119066591989,2020-08-06T11:35:34Z,45.47818333,7.70368333,1399.00,95.697
3289,2,304,328.310749891655,-3735.119066591989,2020-08-06T11:35:35Z,45.47823333,7.70383333,1398.00,95.684
3290,2,305,329.310749891655,-3734.119066591989,2020-08-06T11:35:36Z,45.47828333,7.70396667,1396.00,95.672
3291,2,306,330.310749891655,-3733.119066591989,2020-08-06T11:35:37Z,45.47833333,7.70410000,1398.00,95.66
3292,2,307,331.310749891655,-3732.119066591989,2020-08-06T11:35:38Z,45.47840000,7.70423333,1393.00,95.648
3293,2,308,332.310749891655,-3731.119066591989,2020-08-06T11:35:39Z,45.47845000,7.70436667,1395.00,95.636
3294,2,309,333.310749891655,-3730.119066591989,2020-08-06T11:35:40Z,45.47850000,7.70451667,1394.00,95.623
3295,2,310,334.310749891655,-3729.119066591989,2020-08-06T11:35:41Z,45.47853333,7.70465000,1368.00,95.613
3296,2,311,335.310749891655,-3728.119066591989,2020-08-06T11:35:42Z,45.47858333,7.70480000,1372.00,95.6
3297,2,312,336.310749891655,-3727.119066591989,2020-08-06T11:35:43Z,45.47863333,7.70495000,1391.00,95.587
3298,2,313,337.310749891655,-3726.119066591989,2020-08-06T11:35:44Z,45.47866667,7.70510000,1387.00,95.575
3299,2,314,338.310749891655,-3725.119066591989,2020-08-06T11:35:45Z,45.47870000,7.70525000,1385.00,95.564
3300,2,315,339.310749891655,-3724.119066591989,2020-08-06T11:35:46Z,45.47875000,7.70541667,1384.00,95.55
3301,2,316,340.310749891655,-3723.119066591989,2020-08-06T11:35:47Z,45.47881667,7.70558333,1379.00,95.535
3302,2,317,341.310749891655,-3722.119066591989,2020-08-06T11:35:48Z,45.47886667,7.70575000,1376.00,95.521
3303,2,318,342.310749891655,-3721.119066591989,2020-08-06T11:35:49Z,45.47893333,7.70593333,1373.00,95.505
3304,2,319,343.310749891655,-3720.119066591989,2020-08-06T11:35:50Z,45.47898333,7.70610000,1378.00,95.491
3305,2,320,344.310749891655,-3719.119066591989,2020-08-06T11:35:51Z,45.47905000,7.70626667,1371.00,95.476
3306,2,321,345.310749891655,-3718.119066591989,2020-08-06T11:35:52Z,45.47911667,7.70641667,1373.00,95.462
3307,2,322,346.310749891655,-3717.119066591989,2020-08-06T11:35:53Z,45.47918333,7.70656667,1374.00,95.448
3308,2,323,347.310749891655,-3716.119066591989,2020-08-06T11:35:54Z,45.47925000,7.70671667,1368.00,95.435
3309,2,324,348.310749891655,-3715.119066591989,2020-08-06T11:35:55Z,45.47930000,7.70683333,1387.00,95.424
3310,2,325,349.310749891655,-3714.119066591989,2020-08-06T11:35:56Z,45.47935000,7.70693333,1378.00,95.414
3311,2,326,350.310749891655,-3713.119066591989,2020-08-06T11:35:57Z,45.47940000,7.70701667,1382.00,95.406
3312,2,327,351.310749891655,-3712.119066591989,2020-08-06T11:35:58Z,45.47943333,7.70708333,1362.00,95.4
3313,2,328,352.310749891655,-3711.119066591989,2020-08-06T11:35:59Z,45.47946667,7.70715000,1363.00,95.393
3314,2,329,353.310749891655,-3710.119066591989,2020-08-06T11:36:00Z,45.47950000,7.70725000,1393.00,95.385
3315,2,330,354.310749891655,-3709.119066591989,2020-08-06T11:36:01Z,45.47953333,7.70733333,1386.00,95.377
3316,2,331,355.310749891655,-3708.119066591989,2020-08-06T11:36:02Z,45.47958333,7.70743333,1396.00,95.368
3317,2,332,356.310749891655,-3707.119066591989,2020-08-06T11:36:03Z,45.47963333,7.70750000,1371.00,95.36
3318,2,333,357.310749891655,-3706.119066591989,2020-08-06T11:36:04Z,45.47966667,7.70758333,1384.00,95.353
3319,2,334,358.310749891655,-3705.119066591989,2020-08-06T11:36:05Z,45.47971667,7.70765000,1381.00,95.345
3320,2,335,359.310749891655,-3704.119066591989,2020-08-06T11:36:06Z,45.47978333,7.70773333,1377.00,95.336
3321,2,336,360.310749891655,-3703.119066591989,2020-08-06T11:36:07Z,45.47985000,7.70781667,1383.00,95.326
3322,2,337,361.310749891655,-3702.119066591989,2020-08-06T11:36:08Z,45.47991667,7.70790000,1375.00,95.317
3323,2,338,362.310749891655,-3701.119066591989,2020-08-06T11:36:09Z,45.47998333,7.70800000,1384.00,95.306
3324,2,339,363.310749891655,-3700.119066591989,2020-08-06T11:36:10Z,45.48001667,7.70808333,1385.00,95.299
3325,2,340,364.310749891655,-3699.119066591989,2020-08-06T11:36:11Z,45.48005000,7.70818333,1377.00,95.29
3326,2,341,365.310749891655,-3698.119066591989,2020-08-06T11:36:12Z,45.48006667,7.70826667,1380.00,95.284
3327,2,342,366.310749891655,-3697.119066591989,2020-08-06T11:36:13Z,45.48006667,7.70836667,1380.00,95.277
3328,2,343,367.310749891655,-3696.119066591989,2020-08-06T11:36:14Z,45.48008333,7.70845000,1372.00,95.271
3329,2,344,368.310749891655,-3695.119066591989,2020-08-06T11:36:15Z,45.48010000,7.70855000,1374.00,95.263
3330,2,345,369.310749891655,-3694.119066591989,2020-08-06T11:36:16Z,45.48013333,7.70865000,1377.00,95.255
3331,2,346,370.310749891655,-3693.119066591989,2020-08-06T11:36:17Z,45.48015000,7.70873333,1366.00,95.248
3332,2,347,371.310749891655,-3692.119066591989,2020-08-06T11:36:18Z,45.48018333,7.70880000,1374.00,95.242
3333,2,348,372.310749891655,-3691.119066591989,2020-08-06T11:36:19Z,45.48021667,7.70888333,1365.00,95.235
3334,2,349,373.310749891655,-3690.119066591989,2020-08-06T11:36:20Z,45.48026667,7.70895000,1362.00,95.227
3335,2,350,374.310749891655,-3689.119066591989,2020-08-06T11:36:21Z,45.48030000,7.70903333,1368.00,95.22
3336,2,351,375.310749891655,-3688.119066591989,2020-08-06T11:36:22Z,45.48035000,7.70911667,1360.00,95.211
3337,2,352,376.310749891655,-3687.119066591989,2020-08-06T11:36:23Z,45.48038333,7.70921667,1366.00,95.203
3338,2,353,377.310749891655,-3686.119066591989,2020-08-06T11:36:24Z,45.48041667,7.70931667,1356.00,95.194
3339,2,354,378.310749891655,-3685.119066591989,2020-08-06T11:36:25Z,45.48043333,7.70943333,1353.00,95.186
3340,2,355,379.310749891655,-3684.119066591989,2020-08-06T11:36:26Z,45.48045000,7.70953333,1363.00,95.178
3341,2,356,380.310749891655,-3683.119066591989,2020-08-06T11:36:27Z,45.48048333,7.70963333,1361.00,95.169
3342,2,357,381.310749891655,-3682.119066591989,2020-08-06T11:36:28Z,45.48050000,7.70971667,1357.00,95.163
3343,2,358,382.310749891655,-3681.119066591989,2020-08-06T11:36:29Z,45.48053333,7.70980000,1350.00,95.156
3344,2,359,383.310749891655,-3680.119066591989,2020-08-06T11:36:30Z,45.48058333,7.70990000,1360.00,95.146
3345,2,360,384.310749891655,-3679.119066591989,2020-08-06T11:36:31Z,45.48061667,7.71001667,1353.00,95.136
3346,2,361,385.310749891655,-3678.119066591989,2020-08-06T11:36:32Z,45.48065000,7.71013333,1367.00,95.127
3347,2,362,386.310749891655,-3677.119066591989,2020-08-06T11:36:33Z,45.48066667,7.71023333,1362.00,95.119
3348,2,363,387.310749891655,-3676.119066591989,2020-08-06T11:36:34Z,45.48068333,7.71031667,1366.00,95.113
3349,2,364,388.310749891655,-3675.119066591989,2020-08-06T11:36:35Z,45.48070000,7.71040000,1362.00,95.106
3350,2,365,389.310749891655,-3674.119066591989,2020-08-06T11:36:36Z,45.48070000,7.71048333,1364.00,95.101
3351,2,366,390.310749891655,-3673.119066591989,2020-08-06T11:36:37Z,45.48071667,7.71055000,1368.00,95.096
3352,2,367,391.310749891655,-3672.119066591989,2020-08-06T11:36:38Z,45.48073333,7.71063333,1365.00,95.089
3353,2,368,392.310749891655,-3671.119066591989,2020-08-06T11:36:39Z,45.48075000,7.71073333,1367.00,95.082
3354,2,369,393.310749891655,-3670.119066591989,2020-08-06T11:36:40Z,45.48078333,7.71085000,1363.00,95.072
3355,2,370,394.310749891655,-3669.119066591989,2020-08-06T11:36:41Z,45.48080000,7.71095000,1369.00,95.065
3356,2,371,395.310749891655,-3668.119066591989,2020-08-06T11:36:42Z,45.48081667,7.71103333,1366.00,95.058
3357,2,372,396.310749891655,-3667.119066591989,2020-08-06T11:36:43Z,45.48083333,7.71111667,1367.00,95.052
3358,2,373,397.310749891655,-3666.119066591989,2020-08-06T11:36:44Z,45.48088333,7.71120000,1359.00,95.043
3359,2,374,398.310749891655,-3665.119066591989,2020-08-06T11:36:45Z,45.48091667,7.71131667,1362.00,95.034
3360,2,375,399.310749891655,-3664.119066591989,2020-08-06T11:36:46Z,45.48098333,7.71143333,1363.00,95.022
3361,2,376,400.310749891655,-3663.119066591989,2020-08-06T11:36:47Z,45.48103333,7.71156667,1365.00,95.01
3362,2,377,401.310749891655,-3662.119066591989,2020-08-06T11:36:48Z,45.48108333,7.71168333,1362.00,95.0
3363,2,378,402.310749891655,-3661.119066591989,2020-08-06T11:36:49Z,45.48111667,7.71181667,1358.00,94.989
3364,2,379,403.310749891655,-3660.119066591989,2020-08-06T11:36:50Z,45.48116667,7.71191667,1365.00,94.979
3365,2,380,404.310749891655,-3659.119066591989,2020-08-06T11:36:51Z,45.48120000,7.71203333,1364.00,94.97
3366,2,381,405.310749891655,-3658.119066591989,2020-08-06T11:36:52Z,45.48125000,7.71215000,1373.00,94.959
3367,2,382,406.310749891655,-3657.119066591989,2020-08-06T11:36:53Z,45.48130000,7.71225000,1369.00,94.949
3368,2,383,407.310749891655,-3656.119066591989,2020-08-06T11:36:54Z,45.48135000,7.71235000,1368.00,94.94
3369,2,384,408.310749891655,-3655.119066591989,2020-08-06T11:36:55Z,45.48138333,7.71245000,1367.00,94.931
3370,2,385,409.310749891655,-3654.119066591989,2020-08-06T11:36:56Z,45.48141667,7.71255000,1367.00,94.923
3371,2,386,410.310749891655,-3653.119066591989,2020-08-06T11:36:57Z,45.48143333,7.71265000,1370.00,94.915
3372,2,387,411.310749891655,-3652.119066591989,2020-08-06T11:36:58Z,45.48146667,7.71273333,1364.00,94.908
3373,2,388,412.310749891655,-3651.119066591989,2020-08-06T11:36:59Z,45.48150000,7.71285000,1371.00,94.898
3374,2,389,413.310749891655,-3650.119066591989,2020-08-06T11:37:00Z,45.48153333,7.71295000,1370.00,94.89
3375,2,390,414.310749891655,-3649.119066591989,2020-08-06T11:37:01Z,45.48156667,7.71305000,1375.00,94.881
3376,2,391,415.310749891655,-3648.119066591989,2020-08-06T11:37:02Z,45.48158333,7.71315000,1363.00,94.874
3377,2,392,416.310749891655,-3647.119066591989,2020-08-06T11:37:03Z,45.48161667,7.71325000,1372.00,94.865
3378,2,393,417.310749891655,-3646.119066591989,2020-08-06T11:37:04Z,45.48165000,7.71335000,1370.00,94.857
3379,2,394,418.310749891655,-3645.119066591989,2020-08-06T11:37:05Z,45.48170000,7.71346667,1369.00,94.846
3380,2,395,419.310749891655,-3644.119066591989,2020-08-06T11:37:06Z,45.48175000,7.71358333,1372.00,94.835
3381,2,396,420.310749891655,-3643.119066591989,2020-08-06T11:37:07Z,45.48180000,7.71370000,1367.00,94.825
3382,2,397,421.310749891655,-3642.119066591989,2020-08-06T11:37:08Z,45.48185000,7.71380000,1370.00,94.815
3383,2,398,422.310749891655,-3641.119066591989,2020-08-06T11:37:09Z,45.48188333,7.71391667,1362.00,94.805
3384,2,399,423.310749891655,-3640.119066591989,2020-08-06T11:37:10Z,45.48191667,7.71403333,1372.00,94.796
3385,2,400,424.310749891655,-3639.119066591989,2020-08-06T11:37:11Z,45.48195000,7.71415000,1368.00,94.786
3386,2,401,425.310749891655,-3638.119066591989,2020-08-06T11:37:12Z,45.48198333,7.71426667,1367.00,94.777
3387,2,402,426.310749891655,-3637.119066591989,2020-08-06T11:37:13Z,45.48200000,7.71436667,1367.00,94.769
3388,2,403,427.310749891655,-3636.119066591989,2020-08-06T11:37:14Z,45.48203333,7.71448333,1371.00,94.759
3389,2,404,428.310749891655,-3635.119066591989,2020-08-06T11:37:15Z,45.48206667,7.71461667,1357.00,94.749
3390,2,405,429.310749891655,-3634.119066591989,2020-08-06T11:37:16Z,45.48210000,7.71473333,1360.00,94.739
3391,2,406,430.310749891655,-3633.119066591989,2020-08-06T11:37:17Z,45.48215000,7.71485000,1377.00,94.728
3392,2,407,431.310749891655,-3632.119066591989,2020-08-06T11:37:18Z,45.48218333,7.71498333,1367.00,94.718
3393,2,408,432.310749891655,-3631.119066591989,2020-08-06T11:37:19Z,45.48223333,7.71510000,1372.00,94.707
3394,2,409,433.310749891655,-3630.119066591989,2020-08-06T11:37:20Z,45.48226667,7.71520000,1377.00,94.699
3395,2,410,434.310749891655,-3629.119066591989,2020-08-06T11:37:21Z,45.48228333,7.71530000,1382.00,94.691
3396,2,411,435.310749891655,-3628.119066591989,2020-08-06T11:37:22Z,45.48228333,7.71540000,1373.00,94.685
3397,2,412,436.310749891655,-3627.119066591989,2020-08-06T11:37:23Z,45.48225000,7.71548333,1369.00,94.681
3398,2,413,437.310749891655,-3626.119066591989,2020-08-06T11:37:24Z,45.48221667,7.71558333,1372.00,94.677
3399,2,414,438.310749891655,-3625.119066591989,2020-08-06T11:37:25Z,45.48220000,7.71568333,1380.00,94.672
3400,2,415,439.310749891655,-3624.119066591989,2020-08-06T11:37:26Z,45.48218333,7.71578333,1371.00,94.666
3401,2,416,440.310749891655,-3623.119066591989,2020-08-06T11:37:27Z,45.48220000,7.71590000,1371.00,94.658
3402,2,417,441.310749891655,-3622.119066591989,2020-08-06T11:37:28Z,45.48221667,7.71601667,1369.00,94.649
3403,2,418,442.310749891655,-3621.119066591989,2020-08-06T11:37:29Z,45.48225000,7.71615000,1370.00,94.638
3404,2,419,443.310749891655,-3620.119066591989,2020-08-06T11:37:30Z,45.48226667,7.71626667,1370.00,94.63
3405,2,420,444.310749891655,-3619.119066591989,2020-08-06T11:37:31Z,45.48228333,7.71640000,1376.00,94.62
3406,2,421,445.310749891655,-3618.119066591989,2020-08-06T11:37:32Z,45.48230000,7.71653333,1355.00,94.61
3407,2,422,446.310749891655,-3617.119066591989,2020-08-06T11:37:33Z,45.48230000,7.71666667,1372.00,94.602
3408,2,423,447.310749891655,-3616.119066591989,2020-08-06T11:37:34Z,45.48231667,7.71680000,1363.00,94.592
3409,2,424,448.310749891655,-3615.119066591989,2020-08-06T11:37:35Z,45.48231667,7.71691667,1373.00,94.585
3410,2,425,449.310749891655,-3614.119066591989,2020-08-06T11:37:36Z,45.48233333,7.71703333,1375.00,94.576
3411,2,426,450.310749891655,-3613.119066591989,2020-08-06T11:37:37Z,45.48233333,7.71715000,1372.00,94.568
3412,2,427,451.310749891655,-3612.119066591989,2020-08-06T11:37:38Z,45.48233333,7.71726667,1375.00,94.561
3413,2,428,452.310749891655,-3611.119066591989,2020-08-06T11:37:39Z,45.48235000,7.71736667,1377.00,94.553
3414,2,429,453.310749891655,-3610.119066591989,2020-08-06T11:37:40Z,45.48236667,7.71746667,1374.00,94.546
3415,2,430,454.310749891655,-3609.119066591989,2020-08-06T11:37:41Z,45.48238333,7.71758333,1372.00,94.537
3416,2,431,455.310749891655,-3608.119066591989,2020-08-06T11:37:42Z,45.48240000,7.71770000,1377.00,94.529
3417,2,432,456.310749891655,-3607.119066591989,2020-08-06T11:37:43Z,45.48243333,7.71781667,1381.00,94.519
3418,2,433,457.310749891655,-3606.119066591989,2020-08-06T11:37:44Z,45.48245000,7.71791667,1376.00,94.512
3419,2,434,458.310749891655,-3605.119066591989,2020-08-06T11:37:45Z,45.48245000,7.71801667,1385.00,94.505
3420,2,435,459.310749891655,-3604.119066591989,2020-08-06T11:37:46Z,45.48246667,7.71811667,1377.00,94.498
3421,2,436,460.310749891655,-3603.119066591989,2020-08-06T11:37:47Z,45.48246667,7.71820000,1379.00,94.492
3422,2,437,461.310749891655,-3602.119066591989,2020-08-06T11:37:48Z,45.48246667,7.71831667,1383.00,94.485
3423,2,438,462.310749891655,-3601.119066591989,2020-08-06T11:37:49Z,45.48246667,7.71843333,1373.00,94.477
3424,2,439,463.310749891655,-3600.119066591989,2020-08-06T11:37:50Z,45.48246667,7.71856667,1382.00,94.469
3425,2,440,464.310749891655,-3599.119066591989,2020-08-06T11:37:51Z,45.48246667,7.71870000,1382.00,94.46
3426,2,441,465.310749891655,-3598.119066591989,2020-08-06T11:37:52Z,45.48246667,7.71881667,1386.00,94.453
3427,2,442,466.310749891655,-3597.119066591989,2020-08-06T11:37:53Z,45.48246667,7.71895000,1384.00,94.444
3428,2,443,467.310749891655,-3596.119066591989,2020-08-06T11:37:54Z,45.48243333,7.71903333,1383.00,94.441
3429,2,444,468.310749891655,-3595.119066591989,2020-08-06T11:37:55Z,45.48240000,7.71911667,1384.00,94.437
3430,2,445,469.310749891655,-3594.119066591989,2020-08-06T11:37:56Z,45.48236667,7.71920000,1386.00,94.434
3431,2,446,470.310749891655,-3593.119066591989,2020-08-06T11:37:57Z,45.48233333,7.71930000,1384.00,94.43
3432,2,447,471.310749891655,-3592.119066591989,2020-08-06T11:37:58Z,45.48228333,7.71938333,1386.00,94.428
3433,2,448,472.310749891655,-3591.119066591989,2020-08-06T11:37:59Z,45.48221667,7.71945000,1399.00,94.428
3434,2,449,473.310749891655,-3590.119066591989,2020-08-06T11:38:00Z,45.48213333,7.71946667,1392.00,94.432
3435,2,450,474.310749891655,-3589.119066591989,2020-08-06T11:38:01Z,45.48206667,7.71941667,1394.00,94.439
3436,2,451,475.310749891655,-3588.119066591989,2020-08-06T11:38:02Z,45.48201667,7.71930000,1398.00,94.45
3437,2,452,476.310749891655,-3587.119066591989,2020-08-06T11:38:03Z,45.48203333,7.71915000,1394.00,94.458
3438,2,453,477.310749891655,-3586.119066591989,2020-08-06T11:38:04Z,45.48211667,7.71903333,1406.00,94.461
3439,2,454,478.310749891655,-3585.119066591989,2020-08-06T11:38:05Z,45.48221667,7.71896667,1398.00,94.459
3440,2,455,479.310749891655,-3584.119066591989,2020-08-06T11:38:06Z,45.48233333,7.71895000,1408.00,94.452
3441,2,456,480.310749891655,-3583.119066591989,2020-08-06T11:38:07Z,45.48245000,7.71901667,1409.00,94.441
3442,2,457,481.310749891655,-3582.119066591989,2020-08-06T11:38:08Z,45.48251667,7.71913333,1411.00,94.429
3443,2,458,482.310749891655,-3581.119066591989,2020-08-06T11:38:09Z,45.48256667,7.71928333,1417.00,94.416
3444,2,459,483.310749891655,-3580.119066591989,2020-08-06T11:38:10Z,45.48256667,7.71940000,1421.00,94.409
3445,2,460,484.310749891655,-3579.119066591989,2020-08-06T11:38:11Z,45.48253333,7.71950000,1417.00,94.404
3446,2,461,485.310749891655,-3578.119066591989,2020-08-06T11:38:12Z,45.48245000,7.71953333,1420.00,94.408
3447,2,462,486.310749891655,-3577.119066591989,2020-08-06T11:38:13Z,45.48236667,7.71953333,1430.00,94.413
3448,2,463,487.310749891655,-3576.119066591989,2020-08-06T11:38:14Z,45.48230000,7.71946667,1425.00,94.421
3449,2,464,488.310749891655,-3575.119066591989,2020-08-06T11:38:15Z,45.48226667,7.71936667,1418.00,94.43
3450,2,465,489.310749891655,-3574.119066591989,2020-08-06T11:38:16Z,45.48228333,7.71925000,1424.00,94.436
3451,2,466,490.310749891655,-3573.119066591989,2020-08-06T11:38:17Z,45.48233333,7.71911667,1416.00,94.442
3452,2,467,491.310749891655,-3572.119066591989,2020-08-06T11:38:18Z,45.48243333,7.71901667,1421.00,94.442
3453,2,468,492.310749891655,-3571.119066591989,2020-08-06T11:38:19Z,45.48255000,7.71898333,1427.00,94.437
3454,2,469,493.310749891655,-3570.119066591989,2020-08-06T11:38:20Z,45.48266667,7.71903333,1427.00,94.426
3455,2,470,494.310749891655,-3569.119066591989,2020-08-06T11:38:21Z,45.48273333,7.71911667,1431.00,94.417
3456,2,471,495.310749891655,-3568.119066591989,2020-08-06T11:38:22Z,45.48276667,7.71925000,1438.00,94.406
3457,2,472,496.310749891655,-3567.119066591989,2020-08-06T11:38:23Z,45.48275000,7.71938333,1446.00,94.398
3458,2,473,497.310749891655,-3566.119066591989,2020-08-06T11:38:24Z,45.48270000,7.71948333,1439.00,94.395
3459,2,474,498.310749891655,-3565.119066591989,2020-08-06T11:38:25Z,45.48263333,7.71955000,1441.00,94.395
3460,2,475,499.310749891655,-3564.119066591989,2020-08-06T11:38:26Z,45.48260000,7.71956667,1432.00,94.396
3461,2,476,500.310749891655,-3563.119066591989,2020-08-06T11:38:27Z,45.48255000,7.71955000,1455.00,94.4
3462,2,477,501.310749891655,-3562.119066591989,2020-08-06T11:38:28Z,45.48248333,7.71950000,1444.00,94.408
3463,2,478,502.310749891655,-3561.119066591989,2020-08-06T11:38:29Z,45.48243333,7.71941667,1442.00,94.416
3464,2,479,503.310749891655,-3560.119066591989,2020-08-06T11:38:30Z,45.48241667,7.71928333,1442.00,94.426
3465,2,480,504.310749891655,-3559.119066591989,2020-08-06T11:38:31Z,45.48246667,7.71915000,1442.00,94.431
3466,2,481,505.310749891655,-3558.119066591989,2020-08-06T11:38:32Z,45.48253333,7.71903333,1443.00,94.435
3467,2,482,506.310749891655,-3557.119066591989,2020-08-06T11:38:33Z,45.48261667,7.71896667,1452.00,94.434
3468,2,483,507.310749891655,-3556.119066591989,2020-08-06T11:38:34Z,45.48271667,7.71891667,1456.00,94.431
3469,2,484,508.310749891655,-3555.119066591989,2020-08-06T11:38:35Z,45.48281667,7.71891667,1458.00,94.424
3470,2,485,509.310749891655,-3554.119066591989,2020-08-06T11:38:36Z,45.48290000,7.71893333,1460.00,94.418
3471,2,486,510.310749891655,-3553.119066591989,2020-08-06T11:38:37Z,45.48300000,7.71898333,1453.00,94.409
3472,2,487,511.310749891655,-3552.119066591989,2020-08-06T11:38:38Z,45.48308333,7.71908333,1482.00,94.397
3473,2,488,512.310749891655,-3551.119066591989,2020-08-06T11:38:39Z,45.48313333,7.71921667,1469.00,94.385
3474,2,489,513.310749891655,-3550.119066591989,2020-08-06T11:38:40Z,45.48318333,7.71936667,1464.00,94.372
3475,2,490,514.310749891655,-3549.119066591989,2020-08-06T11:38:41Z,45.48320000,7.71951667,1466.00,94.362
3476,2,491,515.310749891655,-3548.119066591989,2020-08-06T11:38:42Z,45.48320000,7.71965000,1483.00,94.353
3477,2,492,516.310749891655,-3547.119066591989,2020-08-06T11:38:43Z,45.48316667,7.71976667,1468.00,94.348
3478,2,493,517.310749891655,-3546.119066591989,2020-08-06T11:38:44Z,45.48310000,7.71985000,1471.00,94.346
3479,2,494,518.310749891655,-3545.119066591989,2020-08-06T11:38:45Z,45.48300000,7.71990000,1475.00,94.349
3480,2,495,519.310749891655,-3544.119066591989,2020-08-06T11:38:46Z,45.48291667,7.71990000,1489.00,94.355
3481,2,496,520.310749891655,-3543.119066591989,2020-08-06T11:38:47Z,45.48285000,7.71986667,1489.00,94.361
3482,2,497,521.310749891655,-3542.119066591989,2020-08-06T11:38:48Z,45.48280000,7.71981667,1467.00,94.367
3483,2,498,522.310749891655,-3541.119066591989,2020-08-06T11:38:49Z,45.48276667,7.71971667,1490.00,94.376
3484,2,499,523.310749891655,-3540.119066591989,2020-08-06T11:38:50Z,45.48275000,7.71960000,1469.00,94.384
3485,2,500,524.310749891655,-3539.119066591989,2020-08-06T11:38:51Z,45.48275000,7.71948333,1494.00,94.392
3486,2,501,525.310749891655,-3538.119066591989,2020-08-06T11:38:52Z,45.48276667,7.71940000,1483.00,94.396
3487,2,502,526.310749891655,-3537.119066591989,2020-08-06T11:38:53Z,45.48278333,7.71930000,1476.00,94.402
3488,2,503,527.310749891655,-3536.119066591989,2020-08-06T11:38:54Z,45.48280000,7.71920000,1486.00,94.407
3489,2,504,528.310749891655,-3535.119066591989,2020-08-06T11:38:55Z,45.48281667,7.71910000,1466.00,94.412
3490,2,505,529.310749891655,-3534.119066591989,2020-08-06T11:38:56Z,45.48285000,7.71898333,1497.00,94.418
3491,2,506,530.310749891655,-3533.119066591989,2020-08-06T11:38:57Z,45.48290000,7.71888333,1490.00,94.421
3492,2,507,531.310749891655,-3532.119066591989,2020-08-06T11:38:58Z,45.48296667,7.71881667,1493.00,94.421
3493,2,508,532.310749891655,-3531.119066591989,2020-08-06T11:38:59Z,45.48306667,7.71880000,1478.00,94.416
3494,2,509,533.310749891655,-3530.119066591989,2020-08-06T11:39:00Z,45.48318333,7.71878333,1496.00,94.41
3495,2,510,534.310749891655,-3529.119066591989,2020-08-06T11:39:01Z,45.48331667,7.71880000,1493.00,94.401
3496,2,511,535.310749891655,-3528.119066591989,2020-08-06T11:39:02Z,45.48343333,7.71885000,1500.00,94.39
3497,2,512,536.310749891655,-3527.119066591989,2020-08-06T11:39:03Z,45.48351667,7.71895000,1504.00,94.379
3498,2,513,537.310749891655,-3526.119066591989,2020-08-06T11:39:04Z,45.48356667,7.71906667,1485.00,94.368
3499,2,514,538.310749891655,-3525.119066591989,2020-08-06T11:39:05Z,45.48358333,7.71921667,1511.00,94.357
3500,2,515,539.310749891655,-3524.119066591989,2020-08-06T11:39:06Z,45.48356667,7.71936667,1503.00,94.348
3501,2,516,540.310749891655,-3523.119066591989,2020-08-06T11:39:07Z,45.48350000,7.71948333,1504.00,94.345
3502,2,517,541.310749891655,-3522.119066591989,2020-08-06T11:39:08Z,45.48343333,7.71955000,1506.00,94.345
3503,2,518,542.310749891655,-3521.119066591989,2020-08-06T11:39:09Z,45.48336667,7.71956667,1518.00,94.348
3504,2,519,543.310749891655,-3520.119066591989,2020-08-06T11:39:10Z,45.48330000,7.71953333,1498.00,94.354
3505,2,520,544.310749891655,-3519.119066591989,2020-08-06T11:39:11Z,45.48323333,7.71950000,1514.00,94.361
3506,2,521,545.310749891655,-3518.119066591989,2020-08-06T11:39:12Z,45.48316667,7.71945000,1497.00,94.368
3507,2,522,546.310749891655,-3517.119066591989,2020-08-06T11:39:13Z,45.48311667,7.71940000,1505.00,94.374
3508,2,523,547.310749891655,-3516.119066591989,2020-08-06T11:39:14Z,45.48306667,7.71931667,1508.00,94.383
3509,2,524,548.310749891655,-3515.119066591989,2020-08-06T11:39:15Z,45.48303333,7.71921667,1494.00,94.391
3510,2,525,549.310749891655,-3514.119066591989,2020-08-06T11:39:16Z,45.48301667,7.71910000,1510.00,94.4
3511,2,526,550.310749891655,-3513.119066591989,2020-08-06T11:39:17Z,45.48300000,7.71898333,1498.00,94.409
3512,2,527,551.310749891655,-3512.119066591989,2020-08-06T11:39:18Z,45.48300000,7.71886667,1493.00,94.416
3513,2,528,552.310749891655,-3511.119066591989,2020-08-06T11:39:19Z,45.48301667,7.71873333,1514.00,94.424
3514,2,529,553.310749891655,-3510.119066591989,2020-08-06T11:39:20Z,45.48305000,7.71861667,1512.00,94.429
3515,2,530,554.310749891655,-3509.119066591989,2020-08-06T11:39:21Z,45.48310000,7.71851667,1517.00,94.432
3516,2,531,555.310749891655,-3508.119066591989,2020-08-06T11:39:22Z,45.48318333,7.71845000,1526.00,94.432
3517,2,532,556.310749891655,-3507.119066591989,2020-08-06T11:39:23Z,45.48330000,7.71840000,1513.00,94.428
3518,2,533,557.310749891655,-3506.119066591989,2020-08-06T11:39:24Z,45.48340000,7.71840000,1518.00,94.421
3519,2,534,558.310749891655,-3505.119066591989,2020-08-06T11:39:25Z,45.48348333,7.71843333,1531.00,94.414
3520,2,535,559.310749891655,-3504.119066591989,2020-08-06T11:39:26Z,45.48358333,7.71845000,1532.00,94.407
3521,2,536,560.310749891655,-3503.119066591989,2020-08-06T11:39:27Z,45.48368333,7.71846667,1535.00,94.399
3522,2,537,561.310749891655,-3502.119066591989,2020-08-06T11:39:28Z,45.48378333,7.71850000,1502.00,94.391
3523,2,538,562.310749891655,-3501.119066591989,2020-08-06T11:39:29Z,45.48388333,7.71853333,1527.00,94.383
3524,2,539,563.310749891655,-3500.119066591989,2020-08-06T11:39:30Z,45.48398333,7.71860000,1532.00,94.372
3525,2,540,564.310749891655,-3499.119066591989,2020-08-06T11:39:31Z,45.48406667,7.71868333,1539.00,94.362
3526,2,541,565.310749891655,-3498.119066591989,2020-08-06T11:39:32Z,45.48413333,7.71880000,1534.00,94.35
3527,2,542,566.310749891655,-3497.119066591989,2020-08-06T11:39:33Z,45.48416667,7.71893333,1544.00,94.339
3528,2,543,567.310749891655,-3496.119066591989,2020-08-06T11:39:34Z,45.48416667,7.71906667,1543.00,94.331
3529,2,544,568.310749891655,-3495.119066591989,2020-08-06T11:39:35Z,45.48415000,7.71916667,1550.00,94.325
3530,2,545,569.310749891655,-3494.119066591989,2020-08-06T11:39:36Z,45.48411667,7.71923333,1547.00,94.323
3531,2,546,570.310749891655,-3493.119066591989,2020-08-06T11:39:37Z,45.48405000,7.71928333,1536.00,94.324
3532,2,547,571.310749891655,-3492.119066591989,2020-08-06T11:39:38Z,45.48398333,7.71928333,1547.00,94.328
3533,2,548,572.310749891655,-3491.119066591989,2020-08-06T11:39:39Z,45.48391667,7.71925000,1544.00,94.334
3534,2,549,573.310749891655,-3490.119066591989,2020-08-06T11:39:40Z,45.48385000,7.71920000,1537.00,94.342
3535,2,550,574.310749891655,-3489.119066591989,2020-08-06T11:39:41Z,45.48381667,7.71913333,1541.00,94.348
3536,2,551,575.310749891655,-3488.119066591989,2020-08-06T11:39:42Z,45.48380000,7.71903333,1557.00,94.356
3537,2,552,576.310749891655,-3487.119066591989,2020-08-06T11:39:43Z,45.48381667,7.71895000,1545.00,94.36
3538,2,553,577.310749891655,-3486.119066591989,2020-08-06T11:39:44Z,45.48385000,7.71883333,1554.00,94.365
3539,2,554,578.310749891655,-3485.119066591989,2020-08-06T11:39:45Z,45.48391667,7.71873333,1546.00,94.368
3540,2,555,579.310749891655,-3484.119066591989,2020-08-06T11:39:46Z,45.48398333,7.71866667,1566.00,94.368
3541,2,556,580.310749891655,-3483.119066591989,2020-08-06T11:39:47Z,45.48408333,7.71863333,1557.00,94.364
3542,2,557,581.310749891655,-3482.119066591989,2020-08-06T11:39:48Z,45.48420000,7.71865000,1558.00,94.355
3543,2,558,582.310749891655,-3481.119066591989,2020-08-06T11:39:49Z,45.48430000,7.71871667,1562.00,94.345
3544,2,559,583.310749891655,-3480.119066591989,2020-08-06T11:39:50Z,45.48436667,7.71885000,1555.00,94.332
3545,2,560,584.310749891655,-3479.119066591989,2020-08-06T11:39:51Z,45.48441667,7.71901667,1561.00,94.318
3546,2,561,585.310749891655,-3478.119066591989,2020-08-06T11:39:52Z,45.48441667,7.71915000,1562.00,94.31
3547,2,562,586.310749891655,-3477.119066591989,2020-08-06T11:39:53Z,45.48441667,7.71928333,1550.00,94.301
3548,2,563,587.310749891655,-3476.119066591989,2020-08-06T11:39:54Z,45.48438333,7.71936667,1562.00,94.298
3549,2,564,588.310749891655,-3475.119066591989,2020-08-06T11:39:55Z,45.48431667,7.71943333,1568.00,94.298
3550,2,565,589.310749891655,-3474.119066591989,2020-08-06T11:39:56Z,45.48423333,7.71945000,1570.00,94.302
3551,2,566,590.310749891655,-3473.119066591989,2020-08-06T11:39:57Z,45.48415000,7.71945000,1565.00,94.307
3552,2,567,591.310749891655,-3472.119066591989,2020-08-06T11:39:58Z,45.48410000,7.71940000,1569.00,94.313
3553,2,568,592.310749891655,-3471.119066591989,2020-08-06T11:39:59Z,45.48405000,7.71931667,1570.00,94.322
3554,2,569,593.310749891655,-3470.119066591989,2020-08-06T11:40:00Z,45.48401667,7.71921667,1566.00,94.33
3555,2,570,594.310749891655,-3469.119066591989,2020-08-06T11:40:01Z,45.48403333,7.71911667,1565.00,94.336
3556,2,571,595.310749891655,-3468.119066591989,2020-08-06T11:40:02Z,45.48405000,7.71901667,1567.00,94.341
3557,2,572,596.310749891655,-3467.119066591989,2020-08-06T11:40:03Z,45.48411667,7.71895000,1570.00,94.341
3558,2,573,597.310749891655,-3466.119066591989,2020-08-06T11:40:04Z,45.48416667,7.71888333,1571.00,94.342
3559,2,574,598.310749891655,-3465.119066591989,2020-08-06T11:40:05Z,45.48426667,7.71885000,1573.00,94.338
3560,2,575,599.310749891655,-3464.119066591989,2020-08-06T11:40:06Z,45.48436667,7.71883333,1567.00,94.333
3561,2,576,600.310749891655,-3463.119066591989,2020-08-06T11:40:07Z,45.48446667,7.71883333,1560.00,94.327
3562,2,577,601.310749891655,-3462.119066591989,2020-08-06T11:40:08Z,45.48456667,7.71886667,1567.00,94.319
3563,2,578,602.310749891655,-3461.119066591989,2020-08-06T11:40:09Z,45.48465000,7.71891667,1575.00,94.31
3564,2,579,603.310749891655,-3460.119066591989,2020-08-06T11:40:10Z,45.48475000,7.71900000,1572.00,94.299
3565,2,580,604.310749891655,-3459.119066591989,2020-08-06T11:40:11Z,45.48481667,7.71910000,1563.00,94.288
3566,2,581,605.310749891655,-3458.119066591989,2020-08-06T11:40:12Z,45.48485000,7.71925000,1572.00,94.276
3567,2,582,606.310749891655,-3457.119066591989,2020-08-06T11:40:13Z,45.48485000,7.71941667,1578.00,94.266
3568,2,583,607.310749891655,-3456.119066591989,2020-08-06T11:40:14Z,45.48481667,7.71956667,1576.00,94.258
3569,2,584,608.310749891655,-3455.119066591989,2020-08-06T11:40:15Z,45.48476667,7.71966667,1571.00,94.255
3570,2,585,609.310749891655,-3454.119066591989,2020-08-06T11:40:16Z,45.48468333,7.71973333,1570.00,94.255
3571,2,586,610.310749891655,-3453.119066591989,2020-08-06T11:40:17Z,45.48458333,7.71978333,1565.00,94.258
3572,2,587,611.310749891655,-3452.119066591989,2020-08-06T11:40:18Z,45.48450000,7.71983333,1573.00,94.26
3573,2,588,612.310749891655,-3451.119066591989,2020-08-06T11:40:19Z,45.48443333,7.71988333,1570.00,94.261
3574,2,589,613.310749891655,-3450.119066591989,2020-08-06T11:40:20Z,45.48435000,7.71993333,1551.00,94.263
3575,2,590,614.310749891655,-3449.119066591989,2020-08-06T11:40:21Z,45.48426667,7.71995000,1559.00,94.267
3576,2,591,615.310749891655,-3448.119066591989,2020-08-06T11:40:22Z,45.48420000,7.71995000,1576.00,94.271
3577,2,592,616.310749891655,-3447.119066591989,2020-08-06T11:40:23Z,45.48413333,7.71991667,1564.00,94.278
3578,2,593,617.310749891655,-3446.119066591989,2020-08-06T11:40:24Z,45.48405000,7.71986667,1569.00,94.286
3579,2,594,618.310749891655,-3445.119066591989,2020-08-06T11:40:25Z,45.48396667,7.71980000,1547.00,94.296
3580,2,595,619.310749891655,-3444.119066591989,2020-08-06T11:40:26Z,45.48390000,7.71970000,1578.00,94.306
3581,2,596,620.310749891655,-3443.119066591989,2020-08-06T11:40:27Z,45.48386667,7.71958333,1563.00,94.316
3582,2,597,621.310749891655,-3442.119066591989,2020-08-06T11:40:28Z,45.48383333,7.71945000,1562.00,94.327
3583,2,598,622.310749891655,-3441.119066591989,2020-08-06T11:40:29Z,45.48381667,7.71931667,1570.00,94.336
3584,2,599,623.310749891655,-3440.119066591989,2020-08-06T11:40:30Z,45.48383333,7.71918333,1569.00,94.344
3585,2,600,624.310749891655,-3439.119066591989,2020-08-06T11:40:31Z,45.48385000,7.71906667,1577.00,94.35
3586,2,601,625.310749891655,-3438.119066591989,2020-08-06T11:40:32Z,45.48390000,7.71896667,1568.00,94.354
3587,2,602,626.310749891655,-3437.119066591989,2020-08-06T11:40:33Z,45.48398333,7.71890000,1572.00,94.353
3588,2,603,627.310749891655,-3436.119066591989,2020-08-06T11:40:34Z,45.48405000,7.71883333,1575.00,94.353
3589,2,604,628.310749891655,-3435.119066591989,2020-08-06T11:40:35Z,45.48413333,7.71880000,1576.00,94.35
3590,2,605,629.310749891655,-3434.119066591989,2020-08-06T11:40:36Z,45.48423333,7.71876667,1566.00,94.346
3591,2,606,630.310749891655,-3433.119066591989,2020-08-06T11:40:37Z,45.48433333,7.71875000,1574.00,94.341
3592,2,607,631.310749891655,-3432.119066591989,2020-08-06T11:40:38Z,45.48443333,7.71871667,1574.00,94.337
3593,2,608,632.310749891655,-3431.119066591989,2020-08-06T11:40:39Z,45.48456667,7.71868333,1569.00,94.331
3594,2,609,633.310749891655,-3430.119066591989,2020-08-06T11:40:40Z,45.48468333,7.71865000,1573.00,94.326
3595,2,610,634.310749891655,-3429.119066591989,2020-08-06T11:40:41Z,45.48480000,7.71863333,1570.00,94.319
3596,2,611,635.310749891655,-3428.119066591989,2020-08-06T11:40:42Z,45.48488333,7.71860000,1579.00,94.316
3597,2,612,636.310749891655,-3427.119066591989,2020-08-06T11:40:43Z,45.48498333,7.71856667,1574.00,94.312
3598,2,613,637.310749891655,-3426.119066591989,2020-08-06T11:40:44Z,45.48506667,7.71851667,1581.00,94.31
3599,2,614,638.310749891655,-3425.119066591989,2020-08-06T11:40:45Z,45.48516667,7.71848333,1578.00,94.306
3600,2,615,639.310749891655,-3424.119066591989,2020-08-06T11:40:46Z,45.48526667,7.71846667,1585.00,94.301
3601,2,616,640.310749891655,-3423.119066591989,2020-08-06T11:40:47Z,45.48536667,7.71846667,1577.00,94.294
3602,2,617,641.310749891655,-3422.119066591989,2020-08-06T11:40:48Z,45.48545000,7.71846667,1584.00,94.289
3603,2,618,642.310749891655,-3421.119066591989,2020-08-06T11:40:49Z,45.48555000,7.71850000,1580.00,94.281
3604,2,619,643.310749891655,-3420.119066591989,2020-08-06T11:40:50Z,45.48563333,7.71853333,1590.00,94.273
3605,2,620,644.310749891655,-3419.119066591989,2020-08-06T11:40:51Z,45.48573333,7.71860000,1583.00,94.263
3606,2,621,645.310749891655,-3418.119066591989,2020-08-06T11:40:52Z,45.48581667,7.71866667,1583.00,94.253
3607,2,622,646.310749891655,-3417.119066591989,2020-08-06T11:40:53Z,45.48591667,7.71875000,1592.00,94.242
3608,2,623,647.310749891655,-3416.119066591989,2020-08-06T11:40:54Z,45.48600000,7.71878333,1596.00,94.234
3609,2,624,648.310749891655,-3415.119066591989,2020-08-06T11:40:55Z,45.48608333,7.71880000,1605.00,94.228
3610,2,625,649.310749891655,-3414.119066591989,2020-08-06T11:40:56Z,45.48616667,7.71880000,1595.00,94.223
3611,2,626,650.310749891655,-3413.119066591989,2020-08-06T11:40:57Z,45.48623333,7.71876667,1593.00,94.221
3612,2,627,651.310749891655,-3412.119066591989,2020-08-06T11:40:58Z,45.48630000,7.71870000,1589.00,94.221
3613,2,628,652.310749891655,-3411.119066591989,2020-08-06T11:40:59Z,45.48633333,7.71858333,1584.00,94.226
3614,2,629,653.310749891655,-3410.119066591989,2020-08-06T11:41:00Z,45.48631667,7.71845000,1590.00,94.236
3615,2,630,654.310749891655,-3409.119066591989,2020-08-06T11:41:01Z,45.48628333,7.71831667,1590.00,94.246
3616,2,631,655.310749891655,-3408.119066591989,2020-08-06T11:41:02Z,45.48623333,7.71821667,1589.00,94.256
3617,2,632,656.310749891655,-3407.119066591989,2020-08-06T11:41:03Z,45.48616667,7.71815000,1592.00,94.264
3618,2,633,657.310749891655,-3406.119066591989,2020-08-06T11:41:04Z,45.48610000,7.71811667,1593.00,94.271
3619,2,634,658.310749891655,-3405.119066591989,2020-08-06T11:41:05Z,45.48603333,7.71810000,1593.00,94.276
3620,2,635,659.310749891655,-3404.119066591989,2020-08-06T11:41:06Z,45.48595000,7.71810000,1594.00,94.281
3621,2,636,660.310749891655,-3403.119066591989,2020-08-06T11:41:07Z,45.48585000,7.71810000,1591.00,94.288
3622,2,637,661.310749891655,-3402.119066591989,2020-08-06T11:41:08Z,45.48576667,7.71813333,1593.00,94.291
3623,2,638,662.310749891655,-3401.119066591989,2020-08-06T11:41:09Z,45.48568333,7.71820000,1593.00,94.292
3624,2,639,663.310749891655,-3400.119066591989,2020-08-06T11:41:10Z,45.48560000,7.71830000,1592.00,94.29
3625,2,640,664.310749891655,-3399.119066591989,2020-08-06T11:41:11Z,45.48551667,7.71841667,1590.00,94.288
3626,2,641,665.310749891655,-3398.119066591989,2020-08-06T11:41:12Z,45.48545000,7.71853333,1598.00,94.285
3627,2,642,666.310749891655,-3397.119066591989,2020-08-06T11:41:13Z,45.48540000,7.71868333,1595.00,94.278
3628,2,643,667.310749891655,-3396.119066591989,2020-08-06T11:41:14Z,45.48535000,7.71880000,1593.00,94.274
3629,2,644,668.310749891655,-3395.119066591989,2020-08-06T11:41:15Z,45.48531667,7.71893333,1595.00,94.268
3630,2,645,669.310749891655,-3394.119066591989,2020-08-06T11:41:16Z,45.48528333,7.71905000,1596.00,94.262
3631,2,646,670.310749891655,-3393.119066591989,2020-08-06T11:41:17Z,45.48526667,7.71916667,1598.00,94.256
3632,2,647,671.310749891655,-3392.119066591989,2020-08-06T11:41:18Z,45.48526667,7.71930000,1599.00,94.247
3633,2,648,672.310749891655,-3391.119066591989,2020-08-06T11:41:19Z,45.48526667,7.71941667,1597.00,94.24
3634,2,649,673.310749891655,-3390.119066591989,2020-08-06T11:41:20Z,45.48528333,7.71955000,1592.00,94.23
3635,2,650,674.310749891655,-3389.119066591989,2020-08-06T11:41:21Z,45.48530000,7.71968333,1605.00,94.22
3636,2,651,675.310749891655,-3388.119066591989,2020-08-06T11:41:22Z,45.48531667,7.71981667,1602.00,94.211
3637,2,652,676.310749891655,-3387.119066591989,2020-08-06T11:41:23Z,45.48531667,7.71995000,1598.00,94.202
3638,2,653,677.310749891655,-3386.119066591989,2020-08-06T11:41:24Z,45.48531667,7.72010000,1607.00,94.192
3639,2,654,678.310749891655,-3385.119066591989,2020-08-06T11:41:25Z,45.48530000,7.72026667,1603.00,94.183
3640,2,655,679.310749891655,-3384.119066591989,2020-08-06T11:41:26Z,45.48528333,7.72040000,1587.00,94.175
3641,2,656,680.310749891655,-3383.119066591989,2020-08-06T11:41:27Z,45.48526667,7.72055000,1590.00,94.166
3642,2,657,681.310749891655,-3382.119066591989,2020-08-06T11:41:28Z,45.48525000,7.72070000,1602.00,94.158
3643,2,658,682.310749891655,-3381.119066591989,2020-08-06T11:41:29Z,45.48523333,7.72085000,1596.00,94.149
3644,2,659,683.310749891655,-3380.119066591989,2020-08-06T11:41:30Z,45.48523333,7.72101667,1600.00,94.138
3645,2,660,684.310749891655,-3379.119066591989,2020-08-06T11:41:31Z,45.48523333,7.72118333,1596.00,94.127
3646,2,661,685.310749891655,-3378.119066591989,2020-08-06T11:41:32Z,45.48521667,7.72135000,1595.00,94.118
3647,2,662,686.310749891655,-3377.119066591989,2020-08-06T11:41:33Z,45.48521667,7.72151667,1599.00,94.107
3648,2,663,687.310749891655,-3376.119066591989,2020-08-06T11:41:34Z,45.48521667,7.72166667,1598.00,94.097
3649,2,664,688.310749891655,-3375.119066591989,2020-08-06T11:41:35Z,45.48521667,7.72180000,1598.00,94.089
3650,2,665,689.310749891655,-3374.119066591989,2020-08-06T11:41:36Z,45.48523333,7.72195000,1598.00,94.078
3651,2,666,690.310749891655,-3373.119066591989,2020-08-06T11:41:37Z,45.48523333,7.72210000,1597.00,94.068
3652,2,667,691.310749891655,-3372.119066591989,2020-08-06T11:41:38Z,45.48525000,7.72225000,1597.00,94.057
3653,2,668,692.310749891655,-3371.119066591989,2020-08-06T11:41:39Z,45.48526667,7.72241667,1588.00,94.046
3654,2,669,693.310749891655,-3370.119066591989,2020-08-06T11:41:40Z,45.48526667,7.72256667,1584.00,94.036
3655,2,670,694.310749891655,-3369.119066591989,2020-08-06T11:41:41Z,45.48528333,7.72273333,1589.00,94.024
3656,2,671,695.310749891655,-3368.119066591989,2020-08-06T11:41:42Z,45.48531667,7.72288333,1585.00,94.012
3657,2,672,696.310749891655,-3367.119066591989,2020-08-06T11:41:43Z,45.48533333,7.72303333,1596.00,94.002
3658,2,673,697.310749891655,-3366.119066591989,2020-08-06T11:41:44Z,45.48535000,7.72320000,1585.00,93.99
3659,2,674,698.310749891655,-3365.119066591989,2020-08-06T11:41:45Z,45.48535000,7.72336667,1583.00,93.979
3660,2,675,699.310749891655,-3364.119066591989,2020-08-06T11:41:46Z,45.48535000,7.72351667,1581.00,93.969
3661,2,676,700.310749891655,-3363.119066591989,2020-08-06T11:41:47Z,45.48533333,7.72366667,1588.00,93.961
3662,2,677,701.310749891655,-3362.119066591989,2020-08-06T11:41:48Z,45.48535000,7.72378333,1591.00,93.952
3663,2,678,702.310749891655,-3361.119066591989,2020-08-06T11:41:49Z,45.48535000,7.72391667,1583.00,93.944
3664,2,679,703.310749891655,-3360.119066591989,2020-08-06T11:41:50Z,45.48536667,7.72405000,1582.00,93.934
3665,2,680,704.310749891655,-3359.119066591989,2020-08-06T11:41:51Z,45.48535000,7.72420000,1584.00,93.925
3666,2,681,705.310749891655,-3358.119066591989,2020-08-06T11:41:52Z,45.48533333,7.72435000,1580.00,93.917
3667,2,682,706.310749891655,-3357.119066591989,2020-08-06T11:41:53Z,45.48533333,7.72448333,1585.00,93.908
3668,2,683,707.310749891655,-3356.119066591989,2020-08-06T11:41:54Z,45.48531667,7.72461667,1587.00,93.901
3669,2,684,708.310749891655,-3355.119066591989,2020-08-06T11:41:55Z,45.48531667,7.72475000,1587.00,93.892
3670,2,685,709.310749891655,-3354.119066591989,2020-08-06T11:41:56Z,45.48530000,7.72485000,1577.00,93.887
3671,2,686,710.310749891655,-3353.119066591989,2020-08-06T11:41:57Z,45.48528333,7.72496667,1588.00,93.88
3672,2,687,711.310749891655,-3352.119066591989,2020-08-06T11:41:58Z,45.48528333,7.72510000,1580.00,93.871
3673,2,688,712.310749891655,-3351.119066591989,2020-08-06T11:41:59Z,45.48526667,7.72525000,1572.00,93.863
3674,2,689,713.310749891655,-3350.119066591989,2020-08-06T11:42:00Z,45.48528333,7.72541667,1568.00,93.851
3675,2,690,714.310749891655,-3349.119066591989,2020-08-06T11:42:01Z,45.48528333,7.72558333,1578.00,93.84
3676,2,691,715.310749891655,-3348.119066591989,2020-08-06T11:42:02Z,45.48530000,7.72575000,1568.00,93.829
3677,2,692,716.310749891655,-3347.119066591989,2020-08-06T11:42:03Z,45.48530000,7.72588333,1564.00,93.82
3678,2,693,717.310749891655,-3346.119066591989,2020-08-06T11:42:04Z,45.48531667,7.72600000,1565.00,93.811
3679,2,694,718.310749891655,-3345.119066591989,2020-08-06T11:42:05Z,45.48531667,7.72611667,1562.00,93.804
3680,2,695,719.310749891655,-3344.119066591989,2020-08-06T11:42:06Z,45.48533333,7.72626667,1563.00,93.793
3681,2,696,720.310749891655,-3343.119066591989,2020-08-06T11:42:07Z,45.48535000,7.72641667,1555.00,93.783
3682,2,697,721.310749891655,-3342.119066591989,2020-08-06T11:42:08Z,45.48536667,7.72660000,1549.00,93.77
3683,2,698,722.310749891655,-3341.119066591989,2020-08-06T11:42:09Z,45.48538333,7.72680000,1550.00,93.756
3684,2,699,723.310749891655,-3340.119066591989,2020-08-06T11:42:10Z,45.48538333,7.72698333,1538.00,93.744
3685,2,700,724.310749891655,-3339.119066591989,2020-08-06T11:42:11Z,45.48538333,7.72716667,1544.00,93.732
3686,2,701,725.310749891655,-3338.119066591989,2020-08-06T11:42:12Z,45.48540000,7.72733333,1543.00,93.72
3687,2,702,726.310749891655,-3337.119066591989,2020-08-06T11:42:13Z,45.48541667,7.72750000,1539.00,93.709
3688,2,703,727.310749891655,-3336.119066591989,2020-08-06T11:42:14Z,45.48545000,7.72768333,1537.00,93.695
3689,2,704,728.310749891655,-3335.119066591989,2020-08-06T11:42:15Z,45.48548333,7.72785000,1523.00,93.682
3690,2,705,729.310749891655,-3334.119066591989,2020-08-06T11:42:16Z,45.48550000,7.72801667,1536.00,93.67
3691,2,706,730.310749891655,-3333.119066591989,2020-08-06T11:42:17Z,45.48548333,7.72820000,1526.00,93.659
3692,2,707,731.310749891655,-3332.119066591989,2020-08-06T11:42:18Z,45.48545000,7.72836667,1520.00,93.651
3693,2,708,732.310749891655,-3331.119066591989,2020-08-06T11:42:19Z,45.48541667,7.72855000,1538.00,93.641
3694,2,709,733.310749891655,-3330.119066591989,2020-08-06T11:42:20Z,45.48540000,7.72871667,1529.00,93.632
3695,2,710,734.310749891655,-3329.119066591989,2020-08-06T11:42:21Z,45.48538333,7.72888333,1525.00,93.622
3696,2,711,735.310749891655,-3328.119066591989,2020-08-06T11:42:22Z,45.48536667,7.72903333,1525.00,93.613
3697,2,712,736.310749891655,-3327.119066591989,2020-08-06T11:42:23Z,45.48535000,7.72916667,1528.00,93.606
3698,2,713,737.310749891655,-3326.119066591989,2020-08-06T11:42:24Z,45.48535000,7.72931667,1531.00,93.596
3699,2,714,738.310749891655,-3325.119066591989,2020-08-06T11:42:25Z,45.48535000,7.72945000,1530.00,93.588
3700,2,715,739.310749891655,-3324.119066591989,2020-08-06T11:42:26Z,45.48536667,7.72961667,1522.00,93.576
3701,2,716,740.310749891655,-3323.119066591989,2020-08-06T11:42:27Z,45.48538333,7.72978333,1515.00,93.564
3702,2,717,741.310749891655,-3322.119066591989,2020-08-06T11:42:28Z,45.48540000,7.72995000,1514.00,93.552
3703,2,718,742.310749891655,-3321.119066591989,2020-08-06T11:42:29Z,45.48541667,7.73011667,1520.00,93.541
3704,2,719,743.310749891655,-3320.119066591989,2020-08-06T11:42:30Z,45.48545000,7.73028333,1517.00,93.528
3705,2,720,744.310749891655,-3319.119066591989,2020-08-06T11:42:31Z,45.48546667,7.73045000,1517.00,93.516
3706,2,721,745.310749891655,-3318.119066591989,2020-08-06T11:42:32Z,45.48548333,7.73060000,1515.00,93.506
3707,2,722,746.310749891655,-3317.119066591989,2020-08-06T11:42:33Z,45.48550000,7.73075000,1509.00,93.495
3708,2,723,747.310749891655,-3316.119066591989,2020-08-06T11:42:34Z,45.48553333,7.73093333,1503.00,93.481
3709,2,724,748.310749891655,-3315.119066591989,2020-08-06T11:42:35Z,45.48558333,7.73111667,1508.00,93.466
3710,2,725,749.310749891655,-3314.119066591989,2020-08-06T11:42:36Z,45.48563333,7.73130000,1503.00,93.451
3711,2,726,750.310749891655,-3313.119066591989,2020-08-06T11:42:37Z,45.48568333,7.73150000,1504.00,93.435
3712,2,727,751.310749891655,-3312.119066591989,2020-08-06T11:42:38Z,45.48571667,7.73166667,1504.00,93.422
3713,2,728,752.310749891655,-3311.119066591989,2020-08-06T11:42:39Z,45.48575000,7.73183333,1494.00,93.41
3714,2,729,753.310749891655,-3310.119066591989,2020-08-06T11:42:40Z,45.48578333,7.73198333,1498.00,93.398
3715,2,730,754.310749891655,-3309.119066591989,2020-08-06T11:42:41Z,45.48581667,7.73215000,1496.00,93.385
3716,2,731,755.310749891655,-3308.119066591989,2020-08-06T11:42:42Z,45.48586667,7.73231667,1490.00,93.371
3717,2,732,756.310749891655,-3307.119066591989,2020-08-06T11:42:43Z,45.48593333,7.73250000,1491.00,93.355
3718,2,733,757.310749891655,-3306.119066591989,2020-08-06T11:42:44Z,45.48598333,7.73268333,1494.00,93.34
3719,2,734,758.310749891655,-3305.119066591989,2020-08-06T11:42:45Z,45.48605000,7.73288333,1486.00,93.323
3720,2,735,759.310749891655,-3304.119066591989,2020-08-06T11:42:46Z,45.48608333,7.73308333,1477.00,93.308
3721,2,736,760.310749891655,-3303.119066591989,2020-08-06T11:42:47Z,45.48611667,7.73325000,1480.00,93.296
3722,2,737,761.310749891655,-3302.119066591989,2020-08-06T11:42:48Z,45.48613333,7.73343333,1484.00,93.283
3723,2,738,762.310749891655,-3301.119066591989,2020-08-06T11:42:49Z,45.48615000,7.73360000,1478.00,93.271
3724,2,739,763.310749891655,-3300.119066591989,2020-08-06T11:42:50Z,45.48618333,7.73376667,1474.00,93.258
3725,2,740,764.310749891655,-3299.119066591989,2020-08-06T11:42:51Z,45.48621667,7.73395000,1472.00,93.245
3726,2,741,765.310749891655,-3298.119066591989,2020-08-06T11:42:52Z,45.48625000,7.73413333,1470.00,93.231
3727,2,742,766.310749891655,-3297.119066591989,2020-08-06T11:42:53Z,45.48626667,7.73433333,1467.00,93.217
3728,2,743,767.310749891655,-3296.119066591989,2020-08-06T11:42:54Z,45.48630000,7.73451667,1466.00,93.203
3729,2,744,768.310749891655,-3295.119066591989,2020-08-06T11:42:55Z,45.48631667,7.73470000,1462.00,93.19
3730,2,745,769.310749891655,-3294.119066591989,2020-08-06T11:42:56Z,45.48635000,7.73488333,1463.00,93.176
3731,2,746,770.310749891655,-3293.119066591989,2020-08-06T11:42:57Z,45.48636667,7.73506667,1461.00,93.164
3732,2,747,771.310749891655,-3292.119066591989,2020-08-06T11:42:58Z,45.48640000,7.73523333,1457.00,93.151
3733,2,748,772.310749891655,-3291.119066591989,2020-08-06T11:42:59Z,45.48641667,7.73541667,1456.00,93.138
3734,2,749,773.310749891655,-3290.119066591989,2020-08-06T11:43:00Z,45.48645000,7.73556667,1458.00,93.126
3735,2,750,774.310749891655,-3289.119066591989,2020-08-06T11:43:01Z,45.48648333,7.73573333,1456.00,93.114
3736,2,751,775.310749891655,-3288.119066591989,2020-08-06T11:43:02Z,45.48651667,7.73590000,1453.00,93.101
3737,2,752,776.310749891655,-3287.119066591989,2020-08-06T11:43:03Z,45.48655000,7.73608333,1449.00,93.087
3738,2,753,777.310749891655,-3286.119066591989,2020-08-06T11:43:04Z,45.48656667,7.73626667,1450.00,93.074
3739,2,754,778.310749891655,-3285.119066591989,2020-08-06T11:43:05Z,45.48658333,7.73645000,1452.00,93.062
3740,2,755,779.310749891655,-3284.119066591989,2020-08-06T11:43:06Z,45.48660000,7.73663333,1451.00,93.049
3741,2,756,780.310749891655,-3283.119066591989,2020-08-06T11:43:07Z,45.48660000,7.73680000,1454.00,93.038
3742,2,757,781.310749891655,-3282.119066591989,2020-08-06T11:43:08Z,45.48661667,7.73698333,1453.00,93.025
3743,2,758,782.310749891655,-3281.119066591989,2020-08-06T11:43:09Z,45.48663333,7.73716667,1449.00,93.013
3744,2,759,783.310749891655,-3280.119066591989,2020-08-06T11:43:10Z,45.48663333,7.73735000,1452.00,93.001
3745,2,760,784.310749891655,-3279.119066591989,2020-08-06T11:43:11Z,45.48663333,7.73753333,1450.00,92.989
3746,2,761,785.310749891655,-3278.119066591989,2020-08-06T11:43:12Z,45.48663333,7.73771667,1457.00,92.978
3747,2,762,786.310749891655,-3277.119066591989,2020-08-06T11:43:13Z,45.48665000,7.73788333,1452.00,92.966
3748,2,763,787.310749891655,-3276.119066591989,2020-08-06T11:43:14Z,45.48668333,7.73805000,1460.00,92.953
3749,2,764,788.310749891655,-3275.119066591989,2020-08-06T11:43:15Z,45.48670000,7.73820000,1456.00,92.943
3750,2,765,789.310749891655,-3274.119066591989,2020-08-06T11:43:16Z,45.48671667,7.73838333,1452.00,92.93
3751,2,766,790.310749891655,-3273.119066591989,2020-08-06T11:43:17Z,45.48671667,7.73856667,1452.00,92.918
3752,2,767,791.310749891655,-3272.119066591989,2020-08-06T11:43:18Z,45.48673333,7.73876667,1453.00,92.904
3753,2,768,792.310749891655,-3271.119066591989,2020-08-06T11:43:19Z,45.48675000,7.73895000,1455.00,92.892
3754,2,769,793.310749891655,-3270.119066591989,2020-08-06T11:43:20Z,45.48676667,7.73911667,1454.00,92.88
3755,2,770,794.310749891655,-3269.119066591989,2020-08-06T11:43:21Z,45.48678333,7.73930000,1453.00,92.867
3756,2,771,795.310749891655,-3268.119066591989,2020-08-06T11:43:22Z,45.48680000,7.73945000,1457.00,92.857
3757,2,772,796.310749891655,-3267.119066591989,2020-08-06T11:43:23Z,45.48683333,7.73961667,1453.00,92.844
3758,2,773,797.310749891655,-3266.119066591989,2020-08-06T11:43:24Z,45.48686667,7.73978333,1451.00,92.831
3759,2,774,798.310749891655,-3265.119066591989,2020-08-06T11:43:25Z,45.48690000,7.73996667,1454.00,92.817
3760,2,775,799.310749891655,-3264.119066591989,2020-08-06T11:43:26Z,45.48695000,7.74015000,1450.00,92.802
3761,2,776,800.310749891655,-3263.119066591989,2020-08-06T11:43:27Z,45.48698333,7.74033333,1452.00,92.789
3762,2,777,801.310749891655,-3262.119066591989,2020-08-06T11:43:28Z,45.48701667,7.74051667,1452.00,92.775
3763,2,778,802.310749891655,-3261.119066591989,2020-08-06T11:43:29Z,45.48705000,7.74070000,1453.00,92.761
3764,2,779,803.310749891655,-3260.119066591989,2020-08-06T11:43:30Z,45.48708333,7.74085000,1455.00,92.749
3765,2,780,804.310749891655,-3259.119066591989,2020-08-06T11:43:31Z,45.48711667,7.74101667,1451.00,92.737
3766,2,781,805.310749891655,-3258.119066591989,2020-08-06T11:43:32Z,45.48715000,7.74116667,1454.00,92.725
3767,2,782,806.310749891655,-3257.119066591989,2020-08-06T11:43:33Z,45.48720000,7.74133333,1463.00,92.711
3768,2,783,807.310749891655,-3256.119066591989,2020-08-06T11:43:34Z,45.48725000,7.74150000,1444.00,92.697
3769,2,784,808.310749891655,-3255.119066591989,2020-08-06T11:43:35Z,45.48730000,7.74166667,1453.00,92.684
3770,2,785,809.310749891655,-3254.119066591989,2020-08-06T11:43:36Z,45.48736667,7.74181667,1450.00,92.67
3771,2,786,810.310749891655,-3253.119066591989,2020-08-06T11:43:37Z,45.48741667,7.74198333,1448.00,92.656
3772,2,787,811.310749891655,-3252.119066591989,2020-08-06T11:43:38Z,45.48746667,7.74213333,1449.00,92.643
3773,2,788,812.310749891655,-3251.119066591989,2020-08-06T11:43:39Z,45.48751667,7.74230000,1451.00,92.629
3774,2,789,813.310749891655,-3250.119066591989,2020-08-06T11:43:40Z,45.48756667,7.74246667,1446.00,92.616
3775,2,790,814.310749891655,-3249.119066591989,2020-08-06T11:43:41Z,45.48761667,7.74261667,1445.00,92.603
3776,2,791,815.310749891655,-3248.119066591989,2020-08-06T11:43:42Z,45.48766667,7.74280000,1443.00,92.588
3777,2,792,816.310749891655,-3247.119066591989,2020-08-06T11:43:43Z,45.48773333,7.74296667,1439.00,92.573
3778,2,793,817.310749891655,-3246.119066591989,2020-08-06T11:43:44Z,45.48778333,7.74315000,1444.00,92.558
3779,2,794,818.310749891655,-3245.119066591989,2020-08-06T11:43:45Z,45.48783333,7.74333333,1440.00,92.543
3780,2,795,819.310749891655,-3244.119066591989,2020-08-06T11:43:46Z,45.48788333,7.74348333,1441.00,92.531
3781,2,796,820.310749891655,-3243.119066591989,2020-08-06T11:43:47Z,45.48791667,7.74363333,1441.00,92.519
3782,2,797,821.310749891655,-3242.119066591989,2020-08-06T11:43:48Z,45.48796667,7.74378333,1442.00,92.506
3783,2,798,822.310749891655,-3241.119066591989,2020-08-06T11:43:49Z,45.48800000,7.74393333,1444.00,92.494
3784,2,799,823.310749891655,-3240.119066591989,2020-08-06T11:43:50Z,45.48805000,7.74408333,1441.00,92.482
3785,2,800,824.310749891655,-3239.119066591989,2020-08-06T11:43:51Z,45.48808333,7.74426667,1436.00,92.468
3786,2,801,825.310749891655,-3238.119066591989,2020-08-06T11:43:52Z,45.48813333,7.74445000,1437.00,92.453
3787,2,802,826.310749891655,-3237.119066591989,2020-08-06T11:43:53Z,45.48818333,7.74461667,1434.00,92.439
3788,2,803,827.310749891655,-3236.119066591989,2020-08-06T11:43:54Z,45.48821667,7.74480000,1434.00,92.426
3789,2,804,828.310749891655,-3235.119066591989,2020-08-06T11:43:55Z,45.48826667,7.74495000,1432.00,92.413
3790,2,805,829.310749891655,-3234.119066591989,2020-08-06T11:43:56Z,45.48833333,7.74510000,1431.00,92.399
3791,2,806,830.310749891655,-3233.119066591989,2020-08-06T11:43:57Z,45.48838333,7.74525000,1431.00,92.386
3792,2,807,831.310749891655,-3232.119066591989,2020-08-06T11:43:58Z,45.48843333,7.74541667,1430.00,92.372
3793,2,808,832.310749891655,-3231.119066591989,2020-08-06T11:43:59Z,45.48850000,7.74558333,1429.00,92.358
3794,2,809,833.310749891655,-3230.119066591989,2020-08-06T11:44:00Z,45.48855000,7.74575000,1427.00,92.344
3795,2,810,834.310749891655,-3229.119066591989,2020-08-06T11:44:01Z,45.48861667,7.74590000,1428.00,92.33
3796,2,811,835.310749891655,-3228.119066591989,2020-08-06T11:44:02Z,45.48866667,7.74605000,1430.00,92.317
3797,2,812,836.310749891655,-3227.119066591989,2020-08-06T11:44:03Z,45.48873333,7.74620000,1424.00,92.303
3798,2,813,837.310749891655,-3226.119066591989,2020-08-06T11:44:04Z,45.48878333,7.74636667,1424.00,92.29
3799,2,814,838.310749891655,-3225.119066591989,2020-08-06T11:44:05Z,45.48885000,7.74651667,1428.00,92.276
3800,2,815,839.310749891655,-3224.119066591989,2020-08-06T11:44:06Z,45.48890000,7.74668333,1424.00,92.262
3801,2,816,840.310749891655,-3223.119066591989,2020-08-06T11:44:07Z,45.48896667,7.74683333,1424.00,92.248
3802,2,817,841.310749891655,-3222.119066591989,2020-08-06T11:44:08Z,45.48901667,7.74700000,1424.00,92.234
3803,2,818,842.310749891655,-3221.119066591989,2020-08-06T11:44:09Z,45.48906667,7.74715000,1422.00,92.222
3804,2,819,843.310749891655,-3220.119066591989,2020-08-06T11:44:10Z,45.48911667,7.74731667,1421.00,92.208
3805,2,820,844.310749891655,-3219.119066591989,2020-08-06T11:44:11Z,45.48916667,7.74746667,1424.00,92.195
3806,2,821,845.310749891655,-3218.119066591989,2020-08-06T11:44:12Z,45.48923333,7.74763333,1401.00,92.18
3807,2,822,846.310749891655,-3217.119066591989,2020-08-06T11:44:13Z,45.48928333,7.74778333,1437.00,92.167
3808,2,823,847.310749891655,-3216.119066591989,2020-08-06T11:44:14Z,45.48933333,7.74795000,1421.00,92.154
3809,2,824,848.310749891655,-3215.119066591989,2020-08-06T11:44:15Z,45.48938333,7.74811667,1414.00,92.14
3810,2,825,849.310749891655,-3214.119066591989,2020-08-06T11:44:16Z,45.48943333,7.74830000,1421.00,92.125
3811,2,826,850.310749891655,-3213.119066591989,2020-08-06T11:44:17Z,45.48948333,7.74846667,1414.00,92.111
3812,2,827,851.310749891655,-3212.119066591989,2020-08-06T11:44:18Z,45.48953333,7.74863333,1411.00,92.097
3813,2,828,852.310749891655,-3211.119066591989,2020-08-06T11:44:19Z,45.48958333,7.74881667,1409.00,92.083
3814,2,829,853.310749891655,-3210.119066591989,2020-08-06T11:44:20Z,45.48965000,7.74900000,1407.00,92.067
3815,2,830,854.310749891655,-3209.119066591989,2020-08-06T11:44:21Z,45.48971667,7.74916667,1406.00,92.052
3816,2,831,855.310749891655,-3208.119066591989,2020-08-06T11:44:22Z,45.48980000,7.74933333,1407.00,92.036
3817,2,832,856.310749891655,-3207.119066591989,2020-08-06T11:44:23Z,45.48986667,7.74950000,1405.00,92.021
3818,2,833,857.310749891655,-3206.119066591989,2020-08-06T11:44:24Z,45.48993333,7.74966667,1403.00,92.006
3819,2,834,858.310749891655,-3205.119066591989,2020-08-06T11:44:25Z,45.49000000,7.74983333,1400.00,91.991
3820,2,835,859.310749891655,-3204.119066591989,2020-08-06T11:44:26Z,45.49008333,7.75000000,1397.00,91.975
3821,2,836,860.310749891655,-3203.119066591989,2020-08-06T11:44:27Z,45.49015000,7.75016667,1398.00,91.96
3822,2,837,861.310749891655,-3202.119066591989,2020-08-06T11:44:28Z,45.49021667,7.75035000,1398.00,91.944
3823,2,838,862.310749891655,-3201.119066591989,2020-08-06T11:44:29Z,45.49030000,7.75053333,1393.00,91.927
3824,2,839,863.310749891655,-3200.119066591989,2020-08-06T11:44:30Z,45.49036667,7.75073333,1407.00,91.91
3825,2,840,864.310749891655,-3199.119066591989,2020-08-06T11:44:31Z,45.49043333,7.75090000,1385.00,91.896
3826,2,841,865.310749891655,-3198.119066591989,2020-08-06T11:44:32Z,45.49051667,7.75108333,1393.00,91.878
3827,2,842,866.310749891655,-3197.119066591989,2020-08-06T11:44:33Z,45.49058333,7.75123333,1386.00,91.865
3828,2,843,867.310749891655,-3196.119066591989,2020-08-06T11:44:34Z,45.49066667,7.75138333,1392.00,91.85
3829,2,844,868.310749891655,-3195.119066591989,2020-08-06T11:44:35Z,45.49073333,7.75153333,1390.00,91.836
3830,2,845,869.310749891655,-3194.119066591989,2020-08-06T11:44:36Z,45.49081667,7.75170000,1384.00,91.82
3831,2,846,870.310749891655,-3193.119066591989,2020-08-06T11:44:37Z,45.49090000,7.75185000,1380.00,91.805
3832,2,847,871.310749891655,-3192.119066591989,2020-08-06T11:44:38Z,45.49098333,7.75201667,1379.00,91.789
3833,2,848,872.310749891655,-3191.119066591989,2020-08-06T11:44:39Z,45.49108333,7.75218333,1377.00,91.772
3834,2,849,873.310749891655,-3190.119066591989,2020-08-06T11:44:40Z,45.49116667,7.75235000,1376.00,91.756
3835,2,850,874.310749891655,-3189.119066591989,2020-08-06T11:44:41Z,45.49126667,7.75251667,1374.00,91.739
3836,2,851,875.310749891655,-3188.119066591989,2020-08-06T11:44:42Z,45.49135000,7.75270000,1373.00,91.722
3837,2,852,876.310749891655,-3187.119066591989,2020-08-06T11:44:43Z,45.49143333,7.75286667,1372.00,91.706
3838,2,853,877.310749891655,-3186.119066591989,2020-08-06T11:44:44Z,45.49151667,7.75301667,1369.00,91.691
3839,2,854,878.310749891655,-3185.119066591989,2020-08-06T11:44:45Z,45.49160000,7.75318333,1365.00,91.675
3840,2,855,879.310749891655,-3184.119066591989,2020-08-06T11:44:46Z,45.49168333,7.75335000,1364.00,91.659
3841,2,856,880.310749891655,-3183.119066591989,2020-08-06T11:44:47Z,45.49176667,7.75351667,1360.00,91.643
3842,2,857,881.310749891655,-3182.119066591989,2020-08-06T11:44:48Z,45.49185000,7.75368333,1363.00,91.627
3843,2,858,882.310749891655,-3181.119066591989,2020-08-06T11:44:49Z,45.49195000,7.75383333,1374.00,91.611
3844,2,859,883.310749891655,-3180.119066591989,2020-08-06T11:44:50Z,45.49203333,7.75400000,1363.00,91.595
3845,2,860,884.310749891655,-3179.119066591989,2020-08-06T11:44:51Z,45.49211667,7.75416667,1358.00,91.579
3846,2,861,885.310749891655,-3178.119066591989,2020-08-06T11:44:52Z,45.49220000,7.75433333,1355.00,91.564
3847,2,862,886.310749891655,-3177.119066591989,2020-08-06T11:44:53Z,45.49226667,7.75446667,1354.00,91.551
3848,2,863,887.310749891655,-3176.119066591989,2020-08-06T11:44:54Z,45.49233333,7.75461667,1353.00,91.537
3849,2,864,888.310749891655,-3175.119066591989,2020-08-06T11:44:55Z,45.49238333,7.75475000,1354.00,91.525
3850,2,865,889.310749891655,-3174.119066591989,2020-08-06T11:44:56Z,45.49245000,7.75488333,1351.00,91.512
3851,2,866,890.310749891655,-3173.119066591989,2020-08-06T11:44:57Z,45.49251667,7.75503333,1348.00,91.499
3852,2,867,891.310749891655,-3172.119066591989,2020-08-06T11:44:58Z,45.49258333,7.75516667,1345.00,91.486
3853,2,868,892.310749891655,-3171.119066591989,2020-08-06T11:44:59Z,45.49263333,7.75533333,1335.00,91.472
3854,2,869,893.310749891655,-3170.119066591989,2020-08-06T11:45:00Z,45.49270000,7.75546667,1342.00,91.459
3855,2,870,894.310749891655,-3169.119066591989,2020-08-06T11:45:01Z,45.49276667,7.75561667,1338.00,91.446
3856,2,871,895.310749891655,-3168.119066591989,2020-08-06T11:45:02Z,45.49285000,7.75575000,1335.00,91.432
3857,2,872,896.310749891655,-3167.119066591989,2020-08-06T11:45:03Z,45.49291667,7.75590000,1331.00,91.418
3858,2,873,897.310749891655,-3166.119066591989,2020-08-06T11:45:04Z,45.49300000,7.75606667,1332.00,91.402
3859,2,874,898.310749891655,-3165.119066591989,2020-08-06T11:45:05Z,45.49308333,7.75621667,1328.00,91.387
3860,2,875,899.310749891655,-3164.119066591989,2020-08-06T11:45:06Z,45.49316667,7.75636667,1325.00,91.372
3861,2,876,900.310749891655,-3163.119066591989,2020-08-06T11:45:07Z,45.49325000,7.75653333,1325.00,91.356
3862,2,877,901.310749891655,-3162.119066591989,2020-08-06T11:45:08Z,45.49333333,7.75668333,1326.00,91.341
3863,2,878,902.310749891655,-3161.119066591989,2020-08-06T11:45:09Z,45.49341667,7.75683333,1322.00,91.326
3864,2,879,903.310749891655,-3160.119066591989,2020-08-06T11:45:10Z,45.49350000,7.75698333,1321.00,91.311
3865,2,880,904.310749891655,-3159.119066591989,2020-08-06T11:45:11Z,45.49356667,7.75715000,1322.00,91.297
3866,2,881,905.310749891655,-3158.119066591989,2020-08-06T11:45:12Z,45.49365000,7.75728333,1320.00,91.283
3867,2,882,906.310749891655,-3157.119066591989,2020-08-06T11:45:13Z,45.49375000,7.75743333,1318.00,91.267
3868,2,883,907.310749891655,-3156.119066591989,2020-08-06T11:45:14Z,45.49383333,7.75758333,1317.00,91.252
3869,2,884,908.310749891655,-3155.119066591989,2020-08-06T11:45:15Z,45.49393333,7.75773333,1312.00,91.236
3870,2,885,909.310749891655,-3154.119066591989,2020-08-06T11:45:16Z,45.49401667,7.75788333,1314.00,91.221
3871,2,886,910.310749891655,-3153.119066591989,2020-08-06T11:45:17Z,45.49411667,7.75801667,1314.00,91.206
3872,2,887,911.310749891655,-3152.119066591989,2020-08-06T11:45:18Z,45.49420000,7.75815000,1314.00,91.192
3873,2,888,912.310749891655,-3151.119066591989,2020-08-06T11:45:19Z,45.49428333,7.75828333,1313.00,91.178
3874,2,889,913.310749891655,-3150.119066591989,2020-08-06T11:45:20Z,45.49435000,7.75841667,1313.00,91.166
3875,2,890,914.310749891655,-3149.119066591989,2020-08-06T11:45:21Z,45.49443333,7.75853333,1311.00,91.153
3876,2,891,915.310749891655,-3148.119066591989,2020-08-06T11:45:22Z,45.49451667,7.75866667,1309.00,91.139
3877,2,892,916.310749891655,-3147.119066591989,2020-08-06T11:45:23Z,45.49460000,7.75878333,1307.00,91.126
3878,2,893,917.310749891655,-3146.119066591989,2020-08-06T11:45:24Z,45.49468333,7.75891667,1304.00,91.112
3879,2,894,918.310749891655,-3145.119066591989,2020-08-06T11:45:25Z,45.49475000,7.75905000,1304.00,91.1
3880,2,895,919.310749891655,-3144.119066591989,2020-08-06T11:45:26Z,45.49483333,7.75918333,1304.00,91.086
3881,2,896,920.310749891655,-3143.119066591989,2020-08-06T11:45:27Z,45.49490000,7.75931667,1301.00,91.073
3882,2,897,921.310749891655,-3142.119066591989,2020-08-06T11:45:28Z,45.49498333,7.75945000,1299.00,91.059
3883,2,898,922.310749891655,-3141.119066591989,2020-08-06T11:45:29Z,45.49505000,7.75958333,1300.00,91.046
3884,2,899,923.310749891655,-3140.119066591989,2020-08-06T11:45:30Z,45.49511667,7.75971667,1296.00,91.034
3885,2,900,924.310749891655,-3139.119066591989,2020-08-06T11:45:31Z,45.49520000,7.75985000,1295.00,91.02
3886,2,901,925.310749891655,-3138.119066591989,2020-08-06T11:45:32Z,45.49526667,7.75998333,1297.00,91.007
3887,2,902,926.310749891655,-3137.119066591989,2020-08-06T11:45:33Z,45.49535000,7.76011667,1296.00,90.993
3888,2,903,927.310749891655,-3136.119066591989,2020-08-06T11:45:34Z,45.49543333,7.76023333,1296.00,90.98
3889,2,904,928.310749891655,-3135.119066591989,2020-08-06T11:45:35Z,45.49550000,7.76035000,1290.00,90.969
3890,2,905,929.310749891655,-3134.119066591989,2020-08-06T11:45:36Z,45.49558333,7.76046667,1295.00,90.956
3891,2,906,930.310749891655,-3133.119066591989,2020-08-06T11:45:37Z,45.49565000,7.76058333,1287.00,90.944
3892,2,907,931.310749891655,-3132.119066591989,2020-08-06T11:45:38Z,45.49573333,7.76070000,1287.00,90.931
3893,2,908,932.310749891655,-3131.119066591989,2020-08-06T11:45:39Z,45.49583333,7.76083333,1287.00,90.916
3894,2,909,933.310749891655,-3130.119066591989,2020-08-06T11:45:40Z,45.49591667,7.76095000,1286.00,90.904
3895,2,910,934.310749891655,-3129.119066591989,2020-08-06T11:45:41Z,45.49600000,7.76106667,1288.00,90.891
3896,2,911,935.310749891655,-3128.119066591989,2020-08-06T11:45:42Z,45.49606667,7.76118333,1285.00,90.879
3897,2,912,936.310749891655,-3127.119066591989,2020-08-06T11:45:43Z,45.49615000,7.76131667,1284.00,90.865
3898,2,913,937.310749891655,-3126.119066591989,2020-08-06T11:45:44Z,45.49621667,7.76145000,1282.00,90.852
3899,2,914,938.310749891655,-3125.119066591989,2020-08-06T11:45:45Z,45.49630000,7.76160000,1282.00,90.838
3900,2,915,939.310749891655,-3124.119066591989,2020-08-06T11:45:46Z,45.49638333,7.76173333,1281.00,90.824
3901,2,916,940.310749891655,-3123.119066591989,2020-08-06T11:45:47Z,45.49645000,7.76188333,1277.00,90.81
3902,2,917,941.310749891655,-3122.119066591989,2020-08-06T11:45:48Z,45.49653333,7.76203333,1280.00,90.795
3903,2,918,942.310749891655,-3121.119066591989,2020-08-06T11:45:49Z,45.49661667,7.76216667,1276.00,90.781
3904,2,919,943.310749891655,-3120.119066591989,2020-08-06T11:45:50Z,45.49671667,7.76230000,1276.00,90.766
3905,2,920,944.310749891655,-3119.119066591989,2020-08-06T11:45:51Z,45.49681667,7.76245000,1275.00,90.75
3906,2,921,945.310749891655,-3118.119066591989,2020-08-06T11:45:52Z,45.49690000,7.76258333,1274.00,90.736
3907,2,922,946.310749891655,-3117.119066591989,2020-08-06T11:45:53Z,45.49696667,7.76273333,1274.00,90.723
3908,2,923,947.310749891655,-3116.119066591989,2020-08-06T11:45:54Z,45.49705000,7.76288333,1270.00,90.708
3909,2,924,948.310749891655,-3115.119066591989,2020-08-06T11:45:55Z,45.49710000,7.76303333,1273.00,90.695
3910,2,925,949.310749891655,-3114.119066591989,2020-08-06T11:45:56Z,45.49716667,7.76316667,1271.00,90.682
3911,2,926,950.310749891655,-3113.119066591989,2020-08-06T11:45:57Z,45.49725000,7.76331667,1268.00,90.667
3912,2,927,951.310749891655,-3112.119066591989,2020-08-06T11:45:58Z,45.49731667,7.76346667,1265.00,90.653
3913,2,928,952.310749891655,-3111.119066591989,2020-08-06T11:45:59Z,45.49738333,7.76363333,1263.00,90.639
3914,2,929,953.310749891655,-3110.119066591989,2020-08-06T11:46:00Z,45.49745000,7.76378333,1259.00,90.625
3915,2,930,954.310749891655,-3109.119066591989,2020-08-06T11:46:01Z,45.49751667,7.76395000,1259.00,90.61
3916,2,931,955.310749891655,-3108.119066591989,2020-08-06T11:46:02Z,45.49756667,7.76410000,1262.00,90.597
3917,2,932,956.310749891655,-3107.119066591989,2020-08-06T11:46:03Z,45.49763333,7.76425000,1257.00,90.583
3918,2,933,957.310749891655,-3106.119066591989,2020-08-06T11:46:04Z,45.49770000,7.76440000,1255.00,90.569
3919,2,934,958.310749891655,-3105.119066591989,2020-08-06T11:46:05Z,45.49776667,7.76453333,1258.00,90.557
3920,2,935,959.310749891655,-3104.119066591989,2020-08-06T11:46:06Z,45.49783333,7.76468333,1255.00,90.543
3921,2,936,960.310749891655,-3103.119066591989,2020-08-06T11:46:07Z,45.49791667,7.76483333,1254.00,90.528
3922,2,937,961.310749891655,-3102.119066591989,2020-08-06T11:46:08Z,45.49800000,7.76498333,1252.00,90.513
3923,2,938,962.310749891655,-3101.119066591989,2020-08-06T11:46:09Z,45.49806667,7.76513333,1255.00,90.499
3924,2,939,963.310749891655,-3100.119066591989,2020-08-06T11:46:10Z,45.49815000,7.76528333,1257.00,90.484
3925,2,940,964.310749891655,-3099.119066591989,2020-08-06T11:46:11Z,45.49821667,7.76543333,1264.00,90.471
3926,2,941,965.310749891655,-3098.119066591989,2020-08-06T11:46:12Z,45.49828333,7.76558333,1259.00,90.457
3927,2,942,966.310749891655,-3097.119066591989,2020-08-06T11:46:13Z,45.49835000,7.76573333,1259.00,90.443
3928,2,943,967.310749891655,-3096.119066591989,2020-08-06T11:46:14Z,45.49841667,7.76586667,1259.00,90.43
3929,2,944,968.310749891655,-3095.119066591989,2020-08-06T11:46:15Z,45.49848333,7.76601667,1260.00,90.416
3930,2,945,969.310749891655,-3094.119066591989,2020-08-06T11:46:16Z,45.49855000,7.76615000,1258.00,90.404
3931,2,946,970.310749891655,-3093.119066591989,2020-08-06T11:46:17Z,45.49861667,7.76628333,1257.00,90.391
3932,2,947,971.310749891655,-3092.119066591989,2020-08-06T11:46:18Z,45.49868333,7.76643333,1254.00,90.377
3933,2,948,972.310749891655,-3091.119066591989,2020-08-06T11:46:19Z,45.49875000,7.76658333,1251.00,90.363
3934,2,949,973.310749891655,-3090.119066591989,2020-08-06T11:46:20Z,45.49883333,7.76673333,1249.00,90.348
3935,2,950,974.310749891655,-3089.119066591989,2020-08-06T11:46:21Z,45.49890000,7.76688333,1244.00,90.334
3936,2,951,975.310749891655,-3088.119066591989,2020-08-06T11:46:22Z,45.49896667,7.76701667,1241.00,90.322
3937,2,952,976.310749891655,-3087.119066591989,2020-08-06T11:46:23Z,45.49905000,7.76713333,1247.00,90.309
3938,2,953,977.310749891655,-3086.119066591989,2020-08-06T11:46:24Z,45.49913333,7.76725000,1243.00,90.296
3939,2,954,978.310749891655,-3085.119066591989,2020-08-06T11:46:25Z,45.49921667,7.76736667,1239.00,90.283
3940,2,955,979.310749891655,-3084.119066591989,2020-08-06T11:46:26Z,45.49931667,7.76748333,1238.00,90.269
3941,2,956,980.310749891655,-3083.119066591989,2020-08-06T11:46:27Z,45.49941667,7.76761667,1235.00,90.254
3942,2,957,981.310749891655,-3082.119066591989,2020-08-06T11:46:28Z,45.49951667,7.76775000,1231.00,90.24
3943,2,958,982.310749891655,-3081.119066591989,2020-08-06T11:46:29Z,45.49960000,7.76788333,1232.00,90.226
3944,2,959,983.310749891655,-3080.119066591989,2020-08-06T11:46:30Z,45.49970000,7.76801667,1228.00,90.211
3945,2,960,984.310749891655,-3079.119066591989,2020-08-06T11:46:31Z,45.49976667,7.76815000,1230.00,90.198
3946,2,961,985.310749891655,-3078.119066591989,2020-08-06T11:46:32Z,45.49985000,7.76828333,1230.00,90.184
3947,2,962,986.310749891655,-3077.119066591989,2020-08-06T11:46:33Z,45.49993333,7.76840000,1228.00,90.171
3948,2,963,987.310749891655,-3076.119066591989,2020-08-06T11:46:34Z,45.50001667,7.76853333,1222.00,90.158
3949,2,964,988.310749891655,-3075.119066591989,2020-08-06T11:46:35Z,45.50011667,7.76865000,1221.00,90.144
3950,2,965,989.310749891655,-3074.119066591989,2020-08-06T11:46:36Z,45.50021667,7.76878333,1222.00,90.129
3951,2,966,990.310749891655,-3073.119066591989,2020-08-06T11:46:37Z,45.50031667,7.76890000,1219.00,90.115
3952,2,967,991.310749891655,-3072.119066591989,2020-08-06T11:46:38Z,45.50040000,7.76901667,1219.00,90.102
3953,2,968,992.310749891655,-3071.119066591989,2020-08-06T11:46:39Z,45.50050000,7.76913333,1217.00,90.088
3954,2,969,993.310749891655,-3070.119066591989,2020-08-06T11:46:40Z,45.50058333,7.76925000,1218.00,90.075
3955,2,970,994.310749891655,-3069.119066591989,2020-08-06T11:46:41Z,45.50068333,7.76935000,1214.00,90.063
3956,2,971,995.310749891655,-3068.119066591989,2020-08-06T11:46:42Z,45.50076667,7.76948333,1210.00,90.049
3957,2,972,996.310749891655,-3067.119066591989,2020-08-06T11:46:43Z,45.50086667,7.76960000,1206.00,90.035
3958,2,973,997.310749891655,-3066.119066591989,2020-08-06T11:46:44Z,45.50095000,7.76973333,1205.00,90.021
3959,2,974,998.310749891655,-3065.119066591989,2020-08-06T11:46:45Z,45.50105000,7.76986667,1203.00,90.006
3960,2,975,999.310749891655,-3064.119066591989,2020-08-06T11:46:46Z,45.50113333,7.76998333,1200.00,89.993
3961,2,976,1000.310749891655,-3063.119066591989,2020-08-06T11:46:47Z,45.50123333,7.77011667,1199.00,89.979
3962,2,977,1001.310749891655,-3062.119066591989,2020-08-06T11:46:48Z,45.50131667,7.77025000,1196.00,89.965
3963,2,978,1002.310749891655,-3061.119066591989,2020-08-06T11:46:49Z,45.50140000,7.77038333,1196.00,89.951
3964,2,979,1003.310749891655,-3060.119066591989,2020-08-06T11:46:50Z,45.50150000,7.77051667,1193.00,89.936
3965,2,980,1004.310749891655,-3059.119066591989,2020-08-06T11:46:51Z,45.50156667,7.77065000,1192.00,89.923
3966,2,981,1005.310749891655,-3058.119066591989,2020-08-06T11:46:52Z,45.50165000,7.77078333,1191.00,89.909
3967,2,982,1006.310749891655,-3057.119066591989,2020-08-06T11:46:53Z,45.50173333,7.77091667,1189.00,89.895
3968,2,983,1007.310749891655,-3056.119066591989,2020-08-06T11:46:54Z,45.50181667,7.77106667,1187.00,89.881
3969,2,984,1008.310749891655,-3055.119066591989,2020-08-06T11:46:55Z,45.50190000,7.77121667,1186.00,89.866
3970,2,985,1009.310749891655,-3054.119066591989,2020-08-06T11:46:56Z,45.50198333,7.77136667,1183.00,89.851
3971,2,986,1010.310749891655,-3053.119066591989,2020-08-06T11:46:57Z,45.50205000,7.77151667,1179.00,89.837
3972,2,987,1011.310749891655,-3052.119066591989,2020-08-06T11:46:58Z,45.50213333,7.77166667,1179.00,89.822
3973,2,988,1012.310749891655,-3051.119066591989,2020-08-06T11:46:59Z,45.50223333,7.77183333,1177.00,89.805
3974,2,989,1013.310749891655,-3050.119066591989,2020-08-06T11:47:00Z,45.50231667,7.77196667,1178.00,89.791
3975,2,990,1014.310749891655,-3049.119066591989,2020-08-06T11:47:01Z,45.50240000,7.77210000,1180.00,89.777
3976,2,991,1015.310749891655,-3048.119066591989,2020-08-06T11:47:02Z,45.50248333,7.77223333,1176.00,89.763
3977,2,992,1016.310749891655,-3047.119066591989,2020-08-06T11:47:03Z,45.50256667,7.77235000,1169.00,89.751
3978,2,993,1017.310749891655,-3046.119066591989,2020-08-06T11:47:04Z,45.50263333,7.77246667,1141.00,89.739
3979,2,994,1018.310749891655,-3045.119066591989,2020-08-06T11:47:05Z,45.50270000,7.77256667,1145.00,89.728
3980,2,995,1019.310749891655,-3044.119066591989,2020-08-06T11:47:06Z,45.50276667,7.77266667,1184.00,89.718
3981,2,996,1020.310749891655,-3043.119066591989,2020-08-06T11:47:07Z,45.50281667,7.77276667,1207.00,89.708
3982,2,997,1021.310749891655,-3042.119066591989,2020-08-06T11:47:08Z,45.50288333,7.77286667,1204.00,89.697
3983,2,998,1022.310749891655,-3041.119066591989,2020-08-06T11:47:09Z,45.50293333,7.77300000,1167.00,89.686
3984,2,999,1023.310749891655,-3040.119066591989,2020-08-06T11:47:10Z,45.50300000,7.77311667,1193.00,89.674
3985,2,1000,1024.310749891655,-3039.119066591989,2020-08-06T11:47:11Z,45.50306667,7.77325000,1170.00,89.661
3986,2,1001,1025.310749891655,-3038.119066591989,2020-08-06T11:47:12Z,45.50315000,7.77338333,1156.00,89.647
3987,2,1002,1026.310749891655,-3037.119066591989,2020-08-06T11:47:13Z,45.50321667,7.77348333,1178.00,89.637
3988,2,1003,1027.310749891655,-3036.119066591989,2020-08-06T11:47:14Z,45.50328333,7.77356667,1190.00,89.627
3989,2,1004,1028.310749891655,-3035.119066591989,2020-08-06T11:47:15Z,45.50335000,7.77366667,1174.00,89.617
3990,2,1005,1029.310749891655,-3034.119066591989,2020-08-06T11:47:16Z,45.50341667,7.77375000,1157.00,89.607
3991,2,1006,1030.310749891655,-3033.119066591989,2020-08-06T11:47:17Z,45.50350000,7.77385000,1164.00,89.595
3992,2,1007,1031.310749891655,-3032.119066591989,2020-08-06T11:47:18Z,45.50358333,7.77396667,1164.00,89.583
3993,2,1008,1032.310749891655,-3031.119066591989,2020-08-06T11:47:19Z,45.50366667,7.77406667,1168.00,89.571
3994,2,1009,1033.310749891655,-3030.119066591989,2020-08-06T11:47:20Z,45.50373333,7.77416667,1156.00,89.56
3995,2,1010,1034.310749891655,-3029.119066591989,2020-08-06T11:47:21Z,45.50380000,7.77428333,1156.00,89.548
3996,2,1011,1035.310749891655,-3028.119066591989,2020-08-06T11:47:22Z,45.50383333,7.77441667,1157.00,89.538
3997,2,1012,1036.310749891655,-3027.119066591989,2020-08-06T11:47:23Z,45.50388333,7.77453333,1171.00,89.527
3998,2,1013,1037.310749891655,-3026.119066591989,2020-08-06T11:47:24Z,45.50391667,7.77466667,1168.00,89.517
3999,2,1014,1038.310749891655,-3025.119066591989,2020-08-06T11:47:25Z,45.50395000,7.77478333,1154.00,89.507
4000,2,1015,1039.310749891655,-3024.119066591989,2020-08-06T11:47:26Z,45.50398333,7.77493333,1151.00,89.495
4001,2,1016,1040.310749891655,-3023.119066591989,2020-08-06T11:47:27Z,45.50401667,7.77506667,1146.00,89.485
4002,2,1017,1041.310749891655,-3022.119066591989,2020-08-06T11:47:28Z,45.50406667,7.77521667,1149.00,89.472
4003,2,1018,1042.310749891655,-3021.119066591989,2020-08-06T11:47:29Z,45.50410000,7.77536667,1148.00,89.46
4004,2,1019,1043.310749891655,-3020.119066591989,2020-08-06T11:47:30Z,45.50411667,7.77551667,1149.00,89.45
4005,2,1020,1044.310749891655,-3019.119066591989,2020-08-06T11:47:31Z,45.50415000,7.77565000,1142.00,89.439
4006,2,1021,1045.310749891655,-3018.119066591989,2020-08-06T11:47:32Z,45.50416667,7.77578333,1141.00,89.43
4007,2,1022,1046.310749891655,-3017.119066591989,2020-08-06T11:47:33Z,45.50418333,7.77593333,1141.00,89.419
4008,2,1023,1047.310749891655,-3016.119066591989,2020-08-06T11:47:34Z,45.50420000,7.77608333,1140.00,89.408
4009,2,1024,1048.310749891655,-3015.119066591989,2020-08-06T11:47:35Z,45.50421667,7.77623333,1139.00,89.398
4010,2,1025,1049.310749891655,-3014.119066591989,2020-08-06T11:47:36Z,45.50421667,7.77641667,1135.00,89.386
4011,2,1026,1050.310749891655,-3013.119066591989,2020-08-06T11:47:37Z,45.50423333,7.77656667,1131.00,89.376
4012,2,1027,1051.310749891655,-3012.119066591989,2020-08-06T11:47:38Z,45.50425000,7.77671667,1133.00,89.365
4013,2,1028,1052.310749891655,-3011.119066591989,2020-08-06T11:47:39Z,45.50426667,7.77686667,1133.00,89.354
4014,2,1029,1053.310749891655,-3010.119066591989,2020-08-06T11:47:40Z,45.50428333,7.77700000,1136.00,89.345
4015,2,1030,1054.310749891655,-3009.119066591989,2020-08-06T11:47:41Z,45.50430000,7.77711667,1128.00,89.336
4016,2,1031,1055.310749891655,-3008.119066591989,2020-08-06T11:47:42Z,45.50431667,7.77725000,1127.00,89.327
4017,2,1032,1056.310749891655,-3007.119066591989,2020-08-06T11:47:43Z,45.50435000,7.77740000,1136.00,89.315
4018,2,1033,1057.310749891655,-3006.119066591989,2020-08-06T11:47:44Z,45.50440000,7.77755000,1124.00,89.302
4019,2,1034,1058.310749891655,-3005.119066591989,2020-08-06T11:47:45Z,45.50446667,7.77771667,1141.00,89.288
4020,2,1035,1059.310749891655,-3004.119066591989,2020-08-06T11:47:46Z,45.50455000,7.77786667,1137.00,89.273
4021,2,1036,1060.310749891655,-3003.119066591989,2020-08-06T11:47:47Z,45.50460000,7.77800000,1137.00,89.261
4022,2,1037,1061.310749891655,-3002.119066591989,2020-08-06T11:47:48Z,45.50465000,7.77813333,1131.00,89.249
4023,2,1038,1062.310749891655,-3001.119066591989,2020-08-06T11:47:49Z,45.50466667,7.77826667,1139.00,89.24
4024,2,1039,1063.310749891655,-3000.119066591989,2020-08-06T11:47:50Z,45.50466667,7.77838333,1139.00,89.232
4025,2,1040,1064.310749891655,-2999.119066591989,2020-08-06T11:47:51Z,45.50465000,7.77850000,1130.00,89.226
4026,2,1041,1065.310749891655,-2998.119066591989,2020-08-06T11:47:52Z,45.50465000,7.77861667,1135.00,89.219
4027,2,1042,1066.310749891655,-2997.119066591989,2020-08-06T11:47:53Z,45.50461667,7.77871667,1140.00,89.215
4028,2,1043,1067.310749891655,-2996.119066591989,2020-08-06T11:47:54Z,45.50458333,7.77885000,1149.00,89.208
4029,2,1044,1068.310749891655,-2995.119066591989,2020-08-06T11:47:55Z,45.50453333,7.77896667,1145.00,89.204
4030,2,1045,1069.310749891655,-2994.119066591989,2020-08-06T11:47:56Z,45.50450000,7.77908333,1167.00,89.199
4031,2,1046,1070.310749891655,-2993.119066591989,2020-08-06T11:47:57Z,45.50445000,7.77918333,1148.00,89.196
4032,2,1047,1071.310749891655,-2992.119066591989,2020-08-06T11:47:58Z,45.50441667,7.77928333,1152.00,89.192
4033,2,1048,1072.310749891655,-2991.119066591989,2020-08-06T11:47:59Z,45.50438333,7.77936667,1153.00,89.189
4034,2,1049,1073.310749891655,-2990.119066591989,2020-08-06T11:48:00Z,45.50435000,7.77945000,1163.00,89.186
4035,2,1050,1074.310749891655,-2989.119066591989,2020-08-06T11:48:01Z,45.50430000,7.77951667,1149.00,89.185
4036,2,1051,1075.310749891655,-2988.119066591989,2020-08-06T11:48:02Z,45.50423333,7.77955000,1145.00,89.187
4037,2,1052,1076.310749891655,-2987.119066591989,2020-08-06T11:48:03Z,45.50415000,7.77955000,1162.00,89.192
4038,2,1053,1077.310749891655,-2986.119066591989,2020-08-06T11:48:04Z,45.50410000,7.77950000,1150.00,89.199
4039,2,1054,1078.310749891655,-2985.119066591989,2020-08-06T11:48:05Z,45.50405000,7.77943333,1163.00,89.206
4040,2,1055,1079.310749891655,-2984.119066591989,2020-08-06T11:48:06Z,45.50401667,7.77933333,1154.00,89.215
4041,2,1056,1080.310749891655,-2983.119066591989,2020-08-06T11:48:07Z,45.50400000,7.77923333,1158.00,89.222
4042,2,1057,1081.310749891655,-2982.119066591989,2020-08-06T11:48:08Z,45.50403333,7.77913333,1158.00,89.226
4043,2,1058,1082.310749891655,-2981.119066591989,2020-08-06T11:48:09Z,45.50406667,7.77903333,1155.00,89.23
4044,2,1059,1083.310749891655,-2980.119066591989,2020-08-06T11:48:10Z,45.50413333,7.77893333,1161.00,89.232
4045,2,1060,1084.310749891655,-2979.119066591989,2020-08-06T11:48:11Z,45.50423333,7.77885000,1156.00,89.231
4046,2,1061,1085.310749891655,-2978.119066591989,2020-08-06T11:48:12Z,45.50433333,7.77881667,1158.00,89.227
4047,2,1062,1086.310749891655,-2977.119066591989,2020-08-06T11:48:13Z,45.50443333,7.77881667,1160.00,89.22
4048,2,1063,1087.310749891655,-2976.119066591989,2020-08-06T11:48:14Z,45.50453333,7.77883333,1162.00,89.213
4049,2,1064,1088.310749891655,-2975.119066591989,2020-08-06T11:48:15Z,45.50463333,7.77886667,1159.00,89.204
4050,2,1065,1089.310749891655,-2974.119066591989,2020-08-06T11:48:16Z,45.50471667,7.77893333,1159.00,89.194
4051,2,1066,1090.310749891655,-2973.119066591989,2020-08-06T11:48:17Z,45.50478333,7.77903333,1160.00,89.184
4052,2,1067,1091.310749891655,-2972.119066591989,2020-08-06T11:48:18Z,45.50485000,7.77916667,1161.00,89.171
4053,2,1068,1092.310749891655,-2971.119066591989,2020-08-06T11:48:19Z,45.50491667,7.77928333,1170.00,89.159
4054,2,1069,1093.310749891655,-2970.119066591989,2020-08-06T11:48:20Z,45.50496667,7.77940000,1155.00,89.149
4055,2,1070,1094.310749891655,-2969.119066591989,2020-08-06T11:48:21Z,45.50501667,7.77951667,1163.00,89.138
4056,2,1071,1095.310749891655,-2968.119066591989,2020-08-06T11:48:22Z,45.50506667,7.77963333,1168.00,89.127
4057,2,1072,1096.310749891655,-2967.119066591989,2020-08-06T11:48:23Z,45.50511667,7.77975000,1170.00,89.117
4058,2,1073,1097.310749891655,-2966.119066591989,2020-08-06T11:48:24Z,45.50516667,7.77986667,1169.00,89.106
4059,2,1074,1098.310749891655,-2965.119066591989,2020-08-06T11:48:25Z,45.50520000,7.77998333,1166.00,89.097
4060,2,1075,1099.310749891655,-2964.119066591989,2020-08-06T11:48:26Z,45.50523333,7.78011667,1177.00,89.086
4061,2,1076,1100.310749891655,-2963.119066591989,2020-08-06T11:48:27Z,45.50525000,7.78025000,1166.00,89.076
4062,2,1077,1101.310749891655,-2962.119066591989,2020-08-06T11:48:28Z,45.50526667,7.78036667,1181.00,89.068
4063,2,1078,1102.310749891655,-2961.119066591989,2020-08-06T11:48:29Z,45.50528333,7.78048333,1171.00,89.059
4064,2,1079,1103.310749891655,-2960.119066591989,2020-08-06T11:48:30Z,45.50528333,7.78060000,1183.00,89.052
4065,2,1080,1104.310749891655,-2959.119066591989,2020-08-06T11:48:31Z,45.50530000,7.78070000,1167.00,89.045
4066,2,1081,1105.310749891655,-2958.119066591989,2020-08-06T11:48:32Z,45.50531667,7.78081667,1177.00,89.036
4067,2,1082,1106.310749891655,-2957.119066591989,2020-08-06T11:48:33Z,45.50535000,7.78095000,1179.00,89.026
4068,2,1083,1107.310749891655,-2956.119066591989,2020-08-06T11:48:34Z,45.50536667,7.78108333,1160.00,89.016
4069,2,1084,1108.310749891655,-2955.119066591989,2020-08-06T11:48:35Z,45.50540000,7.78123333,1165.00,89.004
4070,2,1085,1109.310749891655,-2954.119066591989,2020-08-06T11:48:36Z,45.50541667,7.78136667,1165.00,88.995
4071,2,1086,1110.310749891655,-2953.119066591989,2020-08-06T11:48:37Z,45.50545000,7.78151667,1165.00,88.983
4072,2,1087,1111.310749891655,-2952.119066591989,2020-08-06T11:48:38Z,45.50548333,7.78165000,1167.00,88.973
4073,2,1088,1112.310749891655,-2951.119066591989,2020-08-06T11:48:39Z,45.50551667,7.78180000,1165.00,88.961
4074,2,1089,1113.310749891655,-2950.119066591989,2020-08-06T11:48:40Z,45.50555000,7.78193333,1163.00,88.951
4075,2,1090,1114.310749891655,-2949.119066591989,2020-08-06T11:48:41Z,45.50560000,7.78205000,1162.00,88.94
4076,2,1091,1115.310749891655,-2948.119066591989,2020-08-06T11:48:42Z,45.50565000,7.78218333,1166.00,88.928
4077,2,1092,1116.310749891655,-2947.119066591989,2020-08-06T11:48:43Z,45.50570000,7.78231667,1161.00,88.917
4078,2,1093,1117.310749891655,-2946.119066591989,2020-08-06T11:48:44Z,45.50573333,7.78246667,1162.00,88.905
4079,2,1094,1118.310749891655,-2945.119066591989,2020-08-06T11:48:45Z,45.50578333,7.78263333,1158.00,88.891
4080,2,1095,1119.310749891655,-2944.119066591989,2020-08-06T11:48:46Z,45.50581667,7.78280000,1154.00,88.878
4081,2,1096,1120.310749891655,-2943.119066591989,2020-08-06T11:48:47Z,45.50586667,7.78296667,1163.00,88.865
4082,2,1097,1121.310749891655,-2942.119066591989,2020-08-06T11:48:48Z,45.50590000,7.78311667,1165.00,88.853
4083,2,1098,1122.310749891655,-2941.119066591989,2020-08-06T11:48:49Z,45.50595000,7.78326667,1151.00,88.84
4084,2,1099,1123.310749891655,-2940.119066591989,2020-08-06T11:48:50Z,45.50601667,7.78341667,1161.00,88.826
4085,2,1100,1124.310749891655,-2939.119066591989,2020-08-06T11:48:51Z,45.50606667,7.78358333,1148.00,88.813
4086,2,1101,1125.310749891655,-2938.119066591989,2020-08-06T11:48:52Z,45.50613333,7.78375000,1152.00,88.798
4087,2,1102,1126.310749891655,-2937.119066591989,2020-08-06T11:48:53Z,45.50620000,7.78391667,1160.00,88.783
4088,2,1103,1127.310749891655,-2936.119066591989,2020-08-06T11:48:54Z,45.50626667,7.78406667,1158.00,88.769
4089,2,1104,1128.310749891655,-2935.119066591989,2020-08-06T11:48:55Z,45.50631667,7.78421667,1140.00,88.756
4090,2,1105,1129.310749891655,-2934.119066591989,2020-08-06T11:48:56Z,45.50636667,7.78438333,1149.00,88.743
4091,2,1106,1130.310749891655,-2933.119066591989,2020-08-06T11:48:57Z,45.50640000,7.78455000,1159.00,88.73
4092,2,1107,1131.310749891655,-2932.119066591989,2020-08-06T11:48:58Z,45.50645000,7.78471667,1151.00,88.716
4093,2,1108,1132.310749891655,-2931.119066591989,2020-08-06T11:48:59Z,45.50650000,7.78488333,1152.00,88.702
4094,2,1109,1133.310749891655,-2930.119066591989,2020-08-06T11:49:00Z,45.50653333,7.78503333,1150.00,88.691
4095,2,1110,1134.310749891655,-2929.119066591989,2020-08-06T11:49:01Z,45.50656667,7.78520000,1152.00,88.678
4096,2,1111,1135.310749891655,-2928.119066591989,2020-08-06T11:49:02Z,45.50660000,7.78536667,1150.00,88.665
4097,2,1112,1136.310749891655,-2927.119066591989,2020-08-06T11:49:03Z,45.50663333,7.78555000,1150.00,88.652
4098,2,1113,1137.310749891655,-2926.119066591989,2020-08-06T11:49:04Z,45.50666667,7.78573333,1157.00,88.638
4099,2,1114,1138.310749891655,-2925.119066591989,2020-08-06T11:49:05Z,45.50666667,7.78590000,1152.00,88.627
4100,2,1115,1139.310749891655,-2924.119066591989,2020-08-06T11:49:06Z,45.50668333,7.78605000,1151.00,88.617
4101,2,1116,1140.310749891655,-2923.119066591989,2020-08-06T11:49:07Z,45.50668333,7.78618333,1154.00,88.608
4102,2,1117,1141.310749891655,-2922.119066591989,2020-08-06T11:49:08Z,45.50670000,7.78630000,1154.00,88.6
4103,2,1118,1142.310749891655,-2921.119066591989,2020-08-06T11:49:09Z,45.50670000,7.78641667,1152.00,88.593
4104,2,1119,1143.310749891655,-2920.119066591989,2020-08-06T11:49:10Z,45.50668333,7.78651667,1154.00,88.587
4105,2,1120,1144.310749891655,-2919.119066591989,2020-08-06T11:49:11Z,45.50666667,7.78663333,1149.00,88.581
4106,2,1121,1145.310749891655,-2918.119066591989,2020-08-06T11:49:12Z,45.50665000,7.78676667,1149.00,88.574
4107,2,1122,1146.310749891655,-2917.119066591989,2020-08-06T11:49:13Z,45.50666667,7.78691667,1151.00,88.563
4108,2,1123,1147.310749891655,-2916.119066591989,2020-08-06T11:49:14Z,45.50670000,7.78706667,1153.00,88.552
4109,2,1124,1148.310749891655,-2915.119066591989,2020-08-06T11:49:15Z,45.50671667,7.78720000,1155.00,88.542
4110,2,1125,1149.310749891655,-2914.119066591989,2020-08-06T11:49:16Z,45.50673333,7.78733333,1155.00,88.533
4111,2,1126,1150.310749891655,-2913.119066591989,2020-08-06T11:49:17Z,45.50671667,7.78745000,1156.00,88.527
4112,2,1127,1151.310749891655,-2912.119066591989,2020-08-06T11:49:18Z,45.50671667,7.78758333,1156.00,88.518
4113,2,1128,1152.310749891655,-2911.119066591989,2020-08-06T11:49:19Z,45.50673333,7.78773333,1153.00,88.508
4114,2,1129,1153.310749891655,-2910.119066591989,2020-08-06T11:49:20Z,45.50678333,7.78788333,1159.00,88.495
4115,2,1130,1154.310749891655,-2909.119066591989,2020-08-06T11:49:21Z,45.50681667,7.78801667,1157.00,88.484
4116,2,1131,1155.310749891655,-2908.119066591989,2020-08-06T11:49:22Z,45.50683333,7.78815000,1159.00,88.475
4117,2,1132,1156.310749891655,-2907.119066591989,2020-08-06T11:49:23Z,45.50685000,7.78828333,1162.00,88.465
4118,2,1133,1157.310749891655,-2906.119066591989,2020-08-06T11:49:24Z,45.50685000,7.78838333,1165.00,88.459
4119,2,1134,1158.310749891655,-2905.119066591989,2020-08-06T11:49:25Z,45.50685000,7.78850000,1163.00,88.452
4120,2,1135,1159.310749891655,-2904.119066591989,2020-08-06T11:49:26Z,45.50685000,7.78863333,1163.00,88.443
4121,2,1136,1160.310749891655,-2903.119066591989,2020-08-06T11:49:27Z,45.50688333,7.78876667,1162.00,88.433
4122,2,1137,1161.310749891655,-2902.119066591989,2020-08-06T11:49:28Z,45.50691667,7.78890000,1162.00,88.422
4123,2,1138,1162.310749891655,-2901.119066591989,2020-08-06T11:49:29Z,45.50695000,7.78903333,1162.00,88.412
4124,2,1139,1163.310749891655,-2900.119066591989,2020-08-06T11:49:30Z,45.50700000,7.78918333,1161.00,88.399
4125,2,1140,1164.310749891655,-2899.119066591989,2020-08-06T11:49:31Z,45.50703333,7.78933333,1164.00,88.387
4126,2,1141,1165.310749891655,-2898.119066591989,2020-08-06T11:49:32Z,45.50708333,7.78948333,1163.00,88.375
4127,2,1142,1166.310749891655,-2897.119066591989,2020-08-06T11:49:33Z,45.50711667,7.78963333,1160.00,88.363
4128,2,1143,1167.310749891655,-2896.119066591989,2020-08-06T11:49:34Z,45.50715000,7.78978333,1158.00,88.352
4129,2,1144,1168.310749891655,-2895.119066591989,2020-08-06T11:49:35Z,45.50718333,7.78995000,1162.00,88.339
4130,2,1145,1169.310749891655,-2894.119066591989,2020-08-06T11:49:36Z,45.50720000,7.79010000,1159.00,88.328
4131,2,1146,1170.310749891655,-2893.119066591989,2020-08-06T11:49:37Z,45.50721667,7.79023333,1161.00,88.319
4132,2,1147,1171.310749891655,-2892.119066591989,2020-08-06T11:49:38Z,45.50723333,7.79036667,1162.00,88.31
4133,2,1148,1172.310749891655,-2891.119066591989,2020-08-06T11:49:39Z,45.50725000,7.79048333,1160.00,88.301
4134,2,1149,1173.310749891655,-2890.119066591989,2020-08-06T11:49:40Z,45.50726667,7.79061667,1159.00,88.292
4135,2,1150,1174.310749891655,-2889.119066591989,2020-08-06T11:49:41Z,45.50728333,7.79076667,1157.00,88.281
4136,2,1151,1175.310749891655,-2888.119066591989,2020-08-06T11:49:42Z,45.50730000,7.79095000,1153.00,88.269
4137,2,1152,1176.310749891655,-2887.119066591989,2020-08-06T11:49:43Z,45.50730000,7.79111667,1154.00,88.258
4138,2,1153,1177.310749891655,-2886.119066591989,2020-08-06T11:49:44Z,45.50730000,7.79126667,1157.00,88.249
4139,2,1154,1178.310749891655,-2885.119066591989,2020-08-06T11:49:45Z,45.50731667,7.79140000,1158.00,88.239
4140,2,1155,1179.310749891655,-2884.119066591989,2020-08-06T11:49:46Z,45.50733333,7.79150000,1156.00,88.232
4141,2,1156,1180.310749891655,-2883.119066591989,2020-08-06T11:49:47Z,45.50733333,7.79160000,1153.00,88.226
4142,2,1157,1181.310749891655,-2882.119066591989,2020-08-06T11:49:48Z,45.50735000,7.79173333,1149.00,88.216
4143,2,1158,1182.310749891655,-2881.119066591989,2020-08-06T11:49:49Z,45.50736667,7.79188333,1151.00,88.206
4144,2,1159,1183.310749891655,-2880.119066591989,2020-08-06T11:49:50Z,45.50738333,7.79203333,1133.00,88.195
4145,2,1160,1184.310749891655,-2879.119066591989,2020-08-06T11:49:51Z,45.50738333,7.79220000,1137.00,88.185
4146,2,1161,1185.310749891655,-2878.119066591989,2020-08-06T11:49:52Z,45.50740000,7.79235000,1139.00,88.174
4147,2,1162,1186.310749891655,-2877.119066591989,2020-08-06T11:49:53Z,45.50740000,7.79250000,1139.00,88.165
4148,2,1163,1187.310749891655,-2876.119066591989,2020-08-06T11:49:54Z,45.50741667,7.79263333,1141.00,88.156
4149,2,1164,1188.310749891655,-2875.119066591989,2020-08-06T11:49:55Z,45.50741667,7.79280000,1130.00,88.145
4150,2,1165,1189.310749891655,-2874.119066591989,2020-08-06T11:49:56Z,45.50741667,7.79295000,1135.00,88.136
4151,2,1166,1190.310749891655,-2873.119066591989,2020-08-06T11:49:57Z,45.50741667,7.79310000,1133.00,88.126
4152,2,1167,1191.310749891655,-2872.119066591989,2020-08-06T11:49:58Z,45.50741667,7.79326667,1129.00,88.116
4153,2,1168,1192.310749891655,-2871.119066591989,2020-08-06T11:49:59Z,45.50741667,7.79343333,1125.00,88.106
4154,2,1169,1193.310749891655,-2870.119066591989,2020-08-06T11:50:00Z,45.50741667,7.79358333,1129.00,88.096
4155,2,1170,1194.310749891655,-2869.119066591989,2020-08-06T11:50:01Z,45.50741667,7.79375000,1121.00,88.086
4156,2,1171,1195.310749891655,-2868.119066591989,2020-08-06T11:50:02Z,45.50740000,7.79391667,1128.00,88.077
4157,2,1172,1196.310749891655,-2867.119066591989,2020-08-06T11:50:03Z,45.50740000,7.79406667,1123.00,88.067
4158,2,1173,1197.310749891655,-2866.119066591989,2020-08-06T11:50:04Z,45.50740000,7.79420000,1126.00,88.059
4159,2,1174,1198.310749891655,-2865.119066591989,2020-08-06T11:50:05Z,45.50740000,7.79433333,1128.00,88.051
4160,2,1175,1199.310749891655,-2864.119066591989,2020-08-06T11:50:06Z,45.50740000,7.79446667,1124.00,88.042
4161,2,1176,1200.310749891655,-2863.119066591989,2020-08-06T11:50:07Z,45.50740000,7.79460000,1125.00,88.034
4162,2,1177,1201.310749891655,-2862.119066591989,2020-08-06T11:50:08Z,45.50740000,7.79475000,1124.00,88.025
4163,2,1178,1202.310749891655,-2861.119066591989,2020-08-06T11:50:09Z,45.50740000,7.79490000,1118.00,88.015
4164,2,1179,1203.310749891655,-2860.119066591989,2020-08-06T11:50:10Z,45.50740000,7.79505000,1125.00,88.006
4165,2,1180,1204.310749891655,-2859.119066591989,2020-08-06T11:50:11Z,45.50738333,7.79520000,1124.00,87.998
4166,2,1181,1205.310749891655,-2858.119066591989,2020-08-06T11:50:12Z,45.50738333,7.79533333,1128.00,87.99
4167,2,1182,1206.310749891655,-2857.119066591989,2020-08-06T11:50:13Z,45.50738333,7.79548333,1125.00,87.98
4168,2,1183,1207.310749891655,-2856.119066591989,2020-08-06T11:50:14Z,45.50738333,7.79560000,1127.00,87.973
4169,2,1184,1208.310749891655,-2855.119066591989,2020-08-06T11:50:15Z,45.50738333,7.79571667,1128.00,87.966
4170,2,1185,1209.310749891655,-2854.119066591989,2020-08-06T11:50:16Z,45.50740000,7.79583333,1130.00,87.957
4171,2,1186,1210.310749891655,-2853.119066591989,2020-08-06T11:50:17Z,45.50740000,7.79596667,1129.00,87.949
4172,2,1187,1211.310749891655,-2852.119066591989,2020-08-06T11:50:18Z,45.50740000,7.79610000,1128.00,87.941
4173,2,1188,1212.310749891655,-2851.119066591989,2020-08-06T11:50:19Z,45.50740000,7.79623333,1129.00,87.932
4174,2,1189,1213.310749891655,-2850.119066591989,2020-08-06T11:50:20Z,45.50741667,7.79638333,1131.00,87.922
4175,2,1190,1214.310749891655,-2849.119066591989,2020-08-06T11:50:21Z,45.50741667,7.79653333,1127.00,87.913
4176,2,1191,1215.310749891655,-2848.119066591989,2020-08-06T11:50:22Z,45.50741667,7.79666667,1128.00,87.904
4177,2,1192,1216.310749891655,-2847.119066591989,2020-08-06T11:50:23Z,45.50743333,7.79678333,1127.00,87.896
4178,2,1193,1217.310749891655,-2846.119066591989,2020-08-06T11:50:24Z,45.50743333,7.79691667,1126.00,87.888
4179,2,1194,1218.310749891655,-2845.119066591989,2020-08-06T11:50:25Z,45.50745000,7.79705000,1125.00,87.878
4180,2,1195,1219.310749891655,-2844.119066591989,2020-08-06T11:50:26Z,45.50745000,7.79720000,1124.00,87.869
4181,2,1196,1220.310749891655,-2843.119066591989,2020-08-06T11:50:27Z,45.50746667,7.79735000,1124.00,87.859
4182,2,1197,1221.310749891655,-2842.119066591989,2020-08-06T11:50:28Z,45.50748333,7.79751667,1125.00,87.847
4183,2,1198,1222.310749891655,-2841.119066591989,2020-08-06T11:50:29Z,45.50751667,7.79765000,1124.00,87.837
4184,2,1199,1223.310749891655,-2840.119066591989,2020-08-06T11:50:30Z,45.50755000,7.79776667,1116.00,87.827
4185,2,1200,1224.310749891655,-2839.119066591989,2020-08-06T11:50:31Z,45.50756667,7.79788333,1127.00,87.819
4186,2,1201,1225.310749891655,-2838.119066591989,2020-08-06T11:50:32Z,45.50758333,7.79800000,1128.00,87.811
4187,2,1202,1226.310749891655,-2837.119066591989,2020-08-06T11:50:33Z,45.50761667,7.79813333,1127.00,87.8
4188,2,1203,1227.310749891655,-2836.119066591989,2020-08-06T11:50:34Z,45.50765000,7.79826667,1126.00,87.79
4189,2,1204,1228.310749891655,-2835.119066591989,2020-08-06T11:50:35Z,45.50768333,7.79840000,1125.00,87.779
4190,2,1205,1229.310749891655,-2834.119066591989,2020-08-06T11:50:36Z,45.50775000,7.79853333,1139.00,87.766
4191,2,1206,1230.310749891655,-2833.119066591989,2020-08-06T11:50:37Z,45.50781667,7.79865000,1132.00,87.755
4192,2,1207,1231.310749891655,-2832.119066591989,2020-08-06T11:50:38Z,45.50786667,7.79875000,1132.00,87.745
4193,2,1208,1232.310749891655,-2831.119066591989,2020-08-06T11:50:39Z,45.50791667,7.79885000,1118.00,87.735
4194,2,1209,1233.310749891655,-2830.119066591989,2020-08-06T11:50:40Z,45.50793333,7.79898333,1135.00,87.726
4195,2,1210,1234.310749891655,-2829.119066591989,2020-08-06T11:50:41Z,45.50793333,7.79911667,1144.00,87.718
4196,2,1211,1235.310749891655,-2828.119066591989,2020-08-06T11:50:42Z,45.50791667,7.79925000,1128.00,87.711
4197,2,1212,1236.310749891655,-2827.119066591989,2020-08-06T11:50:43Z,45.50786667,7.79940000,1124.00,87.705
4198,2,1213,1237.310749891655,-2826.119066591989,2020-08-06T11:50:44Z,45.50781667,7.79951667,1149.00,87.701
4199,2,1214,1238.310749891655,-2825.119066591989,2020-08-06T11:50:45Z,45.50776667,7.79961667,1141.00,87.698
4200,2,1215,1239.310749891655,-2824.119066591989,2020-08-06T11:50:46Z,45.50771667,7.79968333,1143.00,87.697
4201,2,1216,1240.310749891655,-2823.119066591989,2020-08-06T11:50:47Z,45.50768333,7.79973333,1133.00,87.697
4202,2,1217,1241.310749891655,-2822.119066591989,2020-08-06T11:50:48Z,45.50763333,7.79976667,1137.00,87.698
4203,2,1218,1242.310749891655,-2821.119066591989,2020-08-06T11:50:49Z,45.50756667,7.79978333,1134.00,87.701
4204,2,1219,1243.310749891655,-2820.119066591989,2020-08-06T11:50:50Z,45.50750000,7.79980000,1142.00,87.705
4205,2,1220,1244.310749891655,-2819.119066591989,2020-08-06T11:50:51Z,45.50741667,7.79978333,1150.00,87.712
4206,2,1221,1245.310749891655,-2818.119066591989,2020-08-06T11:50:52Z,45.50735000,7.79975000,1142.00,87.718
4207,2,1222,1246.310749891655,-2817.119066591989,2020-08-06T11:50:53Z,45.50728333,7.79968333,1148.00,87.727
4208,2,1223,1247.310749891655,-2816.119066591989,2020-08-06T11:50:54Z,45.50723333,7.79960000,1153.00,87.735
4209,2,1224,1248.310749891655,-2815.119066591989,2020-08-06T11:50:55Z,45.50720000,7.79951667,1154.00,87.743
4210,2,1225,1249.310749891655,-2814.119066591989,2020-08-06T11:50:56Z,45.50718333,7.79943333,1151.00,87.749
4211,2,1226,1250.310749891655,-2813.119066591989,2020-08-06T11:50:57Z,45.50718333,7.79935000,1159.00,87.754
4212,2,1227,1251.310749891655,-2812.119066591989,2020-08-06T11:50:58Z,45.50718333,7.79926667,1153.00,87.759
4213,2,1228,1252.310749891655,-2811.119066591989,2020-08-06T11:50:59Z,45.50720000,7.79916667,1146.00,87.764
4214,2,1229,1253.310749891655,-2810.119066591989,2020-08-06T11:51:00Z,45.50725000,7.79905000,1163.00,87.768
4215,2,1230,1254.310749891655,-2809.119066591989,2020-08-06T11:51:01Z,45.50730000,7.79896667,1165.00,87.77
4216,2,1231,1255.310749891655,-2808.119066591989,2020-08-06T11:51:02Z,45.50738333,7.79888333,1152.00,87.769
4217,2,1232,1256.310749891655,-2807.119066591989,2020-08-06T11:51:03Z,45.50748333,7.79883333,1156.00,87.766
4218,2,1233,1257.310749891655,-2806.119066591989,2020-08-06T11:51:04Z,45.50758333,7.79880000,1174.00,87.761
4219,2,1234,1258.310749891655,-2805.119066591989,2020-08-06T11:51:05Z,45.50768333,7.79878333,1160.00,87.755
4220,2,1235,1259.310749891655,-2804.119066591989,2020-08-06T11:51:06Z,45.50780000,7.79880000,1170.00,87.746
4221,2,1236,1260.310749891655,-2803.119066591989,2020-08-06T11:51:07Z,45.50790000,7.79885000,1175.00,87.737
4222,2,1237,1261.310749891655,-2802.119066591989,2020-08-06T11:51:08Z,45.50798333,7.79893333,1163.00,87.726
4223,2,1238,1262.310749891655,-2801.119066591989,2020-08-06T11:51:09Z,45.50806667,7.79903333,1173.00,87.714
4224,2,1239,1263.310749891655,-2800.119066591989,2020-08-06T11:51:10Z,45.50815000,7.79911667,1175.00,87.703
4225,2,1240,1264.310749891655,-2799.119066591989,2020-08-06T11:51:11Z,45.50821667,7.79920000,1186.00,87.693
4226,2,1241,1265.310749891655,-2798.119066591989,2020-08-06T11:51:12Z,45.50826667,7.79928333,1178.00,87.685
4227,2,1242,1266.310749891655,-2797.119066591989,2020-08-06T11:51:13Z,45.50831667,7.79938333,1163.00,87.675
4228,2,1243,1267.310749891655,-2796.119066591989,2020-08-06T11:51:14Z,45.50835000,7.79951667,1186.00,87.665
4229,2,1244,1268.310749891655,-2795.119066591989,2020-08-06T11:51:15Z,45.50838333,7.79965000,1171.00,87.654
4230,2,1245,1269.310749891655,-2794.119066591989,2020-08-06T11:51:16Z,45.50840000,7.79980000,1181.00,87.644
4231,2,1246,1270.310749891655,-2793.119066591989,2020-08-06T11:51:17Z,45.50841667,7.79993333,1173.00,87.635
4232,2,1247,1271.310749891655,-2792.119066591989,2020-08-06T11:51:18Z,45.50840000,7.80005000,1201.00,87.628
4233,2,1248,1272.310749891655,-2791.119066591989,2020-08-06T11:51:19Z,45.50836667,7.80016667,1192.00,87.624
4234,2,1249,1273.310749891655,-2790.119066591989,2020-08-06T11:51:20Z,45.50833333,7.80025000,1155.00,87.621
4235,2,1250,1274.310749891655,-2789.119066591989,2020-08-06T11:51:21Z,45.50828333,7.80031667,1168.00,87.62
4236,2,1251,1275.310749891655,-2788.119066591989,2020-08-06T11:51:22Z,45.50821667,7.80038333,1176.00,87.62
4237,2,1252,1276.310749891655,-2787.119066591989,2020-08-06T11:51:23Z,45.50813333,7.80041667,1184.00,87.624
4238,2,1253,1277.310749891655,-2786.119066591989,2020-08-06T11:51:24Z,45.50805000,7.80045000,1181.00,87.627
4239,2,1254,1278.310749891655,-2785.119066591989,2020-08-06T11:51:25Z,45.50798333,7.80043333,1193.00,87.633
4240,2,1255,1279.310749891655,-2784.119066591989,2020-08-06T11:51:26Z,45.50793333,7.80040000,1173.00,87.638
4241,2,1256,1280.310749891655,-2783.119066591989,2020-08-06T11:51:27Z,45.50788333,7.80035000,1187.00,87.645
4242,2,1257,1281.310749891655,-2782.119066591989,2020-08-06T11:51:28Z,45.50783333,7.80026667,1183.00,87.653
4243,2,1258,1282.310749891655,-2781.119066591989,2020-08-06T11:51:29Z,45.50780000,7.80018333,1190.00,87.661
4244,2,1259,1283.310749891655,-2780.119066591989,2020-08-06T11:51:30Z,45.50776667,7.80006667,1184.00,87.67
4245,2,1260,1284.310749891655,-2779.119066591989,2020-08-06T11:51:31Z,45.50775000,7.79996667,1195.00,87.678
4246,2,1261,1285.310749891655,-2778.119066591989,2020-08-06T11:51:32Z,45.50771667,7.79985000,1186.00,87.687
4247,2,1262,1286.310749891655,-2777.119066591989,2020-08-06T11:51:33Z,45.50771667,7.79973333,1192.00,87.694
4248,2,1263,1287.310749891655,-2776.119066591989,2020-08-06T11:51:34Z,45.50770000,7.79961667,1196.00,87.703
4249,2,1264,1288.310749891655,-2775.119066591989,2020-08-06T11:51:35Z,45.50771667,7.79951667,1186.00,87.708
4250,2,1265,1289.310749891655,-2774.119066591989,2020-08-06T11:51:36Z,45.50775000,7.79941667,1199.00,87.712
4251,2,1266,1290.310749891655,-2773.119066591989,2020-08-06T11:51:37Z,45.50780000,7.79931667,1189.00,87.714
4252,2,1267,1291.310749891655,-2772.119066591989,2020-08-06T11:51:38Z,45.50786667,7.79923333,1209.00,87.715
4253,2,1268,1292.310749891655,-2771.119066591989,2020-08-06T11:51:39Z,45.50795000,7.79915000,1206.00,87.715
4254,2,1269,1293.310749891655,-2770.119066591989,2020-08-06T11:51:40Z,45.50805000,7.79911667,1210.00,87.71
4255,2,1270,1294.310749891655,-2769.119066591989,2020-08-06T11:51:41Z,45.50816667,7.79910000,1220.00,87.703
4256,2,1271,1295.310749891655,-2768.119066591989,2020-08-06T11:51:42Z,45.50828333,7.79913333,1204.00,87.693
4257,2,1272,1296.310749891655,-2767.119066591989,2020-08-06T11:51:43Z,45.50838333,7.79918333,1207.00,87.683
4258,2,1273,1297.310749891655,-2766.119066591989,2020-08-06T11:51:44Z,45.50848333,7.79923333,1224.00,87.673
4259,2,1274,1298.310749891655,-2765.119066591989,2020-08-06T11:51:45Z,45.50856667,7.79928333,1208.00,87.665
4260,2,1275,1299.310749891655,-2764.119066591989,2020-08-06T11:51:46Z,45.50866667,7.79933333,1208.00,87.655
4261,2,1276,1300.310749891655,-2763.119066591989,2020-08-06T11:51:47Z,45.50875000,7.79941667,1215.00,87.644
4262,2,1277,1301.310749891655,-2762.119066591989,2020-08-06T11:51:48Z,45.50881667,7.79955000,1225.00,87.631
4263,2,1278,1302.310749891655,-2761.119066591989,2020-08-06T11:51:49Z,45.50886667,7.79970000,1211.00,87.619
4264,2,1279,1303.310749891655,-2760.119066591989,2020-08-06T11:51:50Z,45.50890000,7.79983333,1219.00,87.608
4265,2,1280,1304.310749891655,-2759.119066591989,2020-08-06T11:51:51Z,45.50890000,7.79995000,1214.00,87.601
4266,2,1281,1305.310749891655,-2758.119066591989,2020-08-06T11:51:52Z,45.50890000,7.80008333,1216.00,87.593
4267,2,1282,1306.310749891655,-2757.119066591989,2020-08-06T11:51:53Z,45.50888333,7.80020000,1217.00,87.587
4268,2,1283,1307.310749891655,-2756.119066591989,2020-08-06T11:51:54Z,45.50886667,7.80031667,1216.00,87.58
4269,2,1284,1308.310749891655,-2755.119066591989,2020-08-06T11:51:55Z,45.50885000,7.80045000,1210.00,87.573
4270,2,1285,1309.310749891655,-2754.119066591989,2020-08-06T11:51:56Z,45.50881667,7.80056667,1225.00,87.568
4271,2,1286,1310.310749891655,-2753.119066591989,2020-08-06T11:51:57Z,45.50876667,7.80070000,1217.00,87.563
4272,2,1287,1311.310749891655,-2752.119066591989,2020-08-06T11:51:58Z,45.50873333,7.80081667,1215.00,87.559
4273,2,1288,1312.310749891655,-2751.119066591989,2020-08-06T11:51:59Z,45.50868333,7.80093333,1224.00,87.555
4274,2,1289,1313.310749891655,-2750.119066591989,2020-08-06T11:52:00Z,45.50863333,7.80101667,1209.00,87.553
4275,2,1290,1314.310749891655,-2749.119066591989,2020-08-06T11:52:01Z,45.50856667,7.80106667,1215.00,87.554
4276,2,1291,1315.310749891655,-2748.119066591989,2020-08-06T11:52:02Z,45.50850000,7.80110000,1220.00,87.557
4277,2,1292,1316.310749891655,-2747.119066591989,2020-08-06T11:52:03Z,45.50841667,7.80110000,1219.00,87.562
4278,2,1293,1317.310749891655,-2746.119066591989,2020-08-06T11:52:04Z,45.50835000,7.80105000,1208.00,87.57
4279,2,1294,1318.310749891655,-2745.119066591989,2020-08-06T11:52:05Z,45.50830000,7.80096667,1220.00,87.579
4280,2,1295,1319.310749891655,-2744.119066591989,2020-08-06T11:52:06Z,45.50826667,7.80085000,1215.00,87.588
4281,2,1296,1320.310749891655,-2743.119066591989,2020-08-06T11:52:07Z,45.50823333,7.80075000,1208.00,87.596
4282,2,1297,1321.310749891655,-2742.119066591989,2020-08-06T11:52:08Z,45.50820000,7.80066667,1228.00,87.604
4283,2,1298,1322.310749891655,-2741.119066591989,2020-08-06T11:52:09Z,45.50818333,7.80058333,1223.00,87.61
4284,2,1299,1323.310749891655,-2740.119066591989,2020-08-06T11:52:10Z,45.50816667,7.80050000,1218.00,87.616
4285,2,1300,1324.310749891655,-2739.119066591989,2020-08-06T11:52:11Z,45.50816667,7.80040000,1224.00,87.623
4286,2,1301,1325.310749891655,-2738.119066591989,2020-08-06T11:52:12Z,45.50818333,7.80028333,1229.00,87.629
4287,2,1302,1326.310749891655,-2737.119066591989,2020-08-06T11:52:13Z,45.50821667,7.80015000,1223.00,87.635
4288,2,1303,1327.310749891655,-2736.119066591989,2020-08-06T11:52:14Z,45.50826667,7.80003333,1224.00,87.639
4289,2,1304,1328.310749891655,-2735.119066591989,2020-08-06T11:52:15Z,45.50833333,7.79991667,1225.00,87.641
4290,2,1305,1329.310749891655,-2734.119066591989,2020-08-06T11:52:16Z,45.50838333,7.79980000,1238.00,87.645
4291,2,1306,1330.310749891655,-2733.119066591989,2020-08-06T11:52:17Z,45.50845000,7.79971667,1227.00,87.646
4292,2,1307,1331.310749891655,-2732.119066591989,2020-08-06T11:52:18Z,45.50851667,7.79963333,1224.00,87.646
4293,2,1308,1332.310749891655,-2731.119066591989,2020-08-06T11:52:19Z,45.50860000,7.79956667,1216.00,87.645
4294,2,1309,1333.310749891655,-2730.119066591989,2020-08-06T11:52:20Z,45.50868333,7.79951667,1236.00,87.642
4295,2,1310,1334.310749891655,-2729.119066591989,2020-08-06T11:52:21Z,45.50878333,7.79945000,1234.00,87.64
4296,2,1311,1335.310749891655,-2728.119066591989,2020-08-06T11:52:22Z,45.50888333,7.79940000,1230.00,87.636
4297,2,1312,1336.310749891655,-2727.119066591989,2020-08-06T11:52:23Z,45.50898333,7.79936667,1224.00,87.632
4298,2,1313,1337.310749891655,-2726.119066591989,2020-08-06T11:52:24Z,45.50910000,7.79933333,1224.00,87.626
4299,2,1314,1338.310749891655,-2725.119066591989,2020-08-06T11:52:25Z,45.50921667,7.79931667,1244.00,87.619
4300,2,1315,1339.310749891655,-2724.119066591989,2020-08-06T11:52:26Z,45.50931667,7.79933333,1239.00,87.611
4301,2,1316,1340.310749891655,-2723.119066591989,2020-08-06T11:52:27Z,45.50943333,7.79940000,1236.00,87.599
4302,2,1317,1341.310749891655,-2722.119066591989,2020-08-06T11:52:28Z,45.50953333,7.79948333,1236.00,87.587
4303,2,1318,1342.310749891655,-2721.119066591989,2020-08-06T11:52:29Z,45.50961667,7.79960000,1244.00,87.575
4304,2,1319,1343.310749891655,-2720.119066591989,2020-08-06T11:52:30Z,45.50968333,7.79971667,1238.00,87.563
4305,2,1320,1344.310749891655,-2719.119066591989,2020-08-06T11:52:31Z,45.50975000,7.79983333,1230.00,87.551
4306,2,1321,1345.310749891655,-2718.119066591989,2020-08-06T11:52:32Z,45.50978333,7.79995000,1245.00,87.542
4307,2,1322,1346.310749891655,-2717.119066591989,2020-08-06T11:52:33Z,45.50980000,7.80008333,1241.00,87.532
4308,2,1323,1347.310749891655,-2716.119066591989,2020-08-06T11:52:34Z,45.50981667,7.80021667,1237.00,87.523
4309,2,1324,1348.310749891655,-2715.119066591989,2020-08-06T11:52:35Z,45.50983333,7.80035000,1237.00,87.513
4310,2,1325,1349.310749891655,-2714.119066591989,2020-08-06T11:52:36Z,45.50983333,7.80048333,1234.00,87.505
4311,2,1326,1350.310749891655,-2713.119066591989,2020-08-06T11:52:37Z,45.50981667,7.80063333,1236.00,87.497
4312,2,1327,1351.310749891655,-2712.119066591989,2020-08-06T11:52:38Z,45.50980000,7.80076667,1236.00,87.49
4313,2,1328,1352.310749891655,-2711.119066591989,2020-08-06T11:52:39Z,45.50976667,7.80088333,1232.00,87.485
4314,2,1329,1353.310749891655,-2710.119066591989,2020-08-06T11:52:40Z,45.50973333,7.80098333,1237.00,87.481
4315,2,1330,1354.310749891655,-2709.119066591989,2020-08-06T11:52:41Z,45.50968333,7.80108333,1234.00,87.478
4316,2,1331,1355.310749891655,-2708.119066591989,2020-08-06T11:52:42Z,45.50963333,7.80116667,1228.00,87.476
4317,2,1332,1356.310749891655,-2707.119066591989,2020-08-06T11:52:43Z,45.50958333,7.80123333,1234.00,87.475
4318,2,1333,1357.310749891655,-2706.119066591989,2020-08-06T11:52:44Z,45.50951667,7.80128333,1239.00,87.477
4319,2,1334,1358.310749891655,-2705.119066591989,2020-08-06T11:52:45Z,45.50943333,7.80131667,1229.00,87.48
4320,2,1335,1359.310749891655,-2704.119066591989,2020-08-06T11:52:46Z,45.50935000,7.80131667,1232.00,87.486
4321,2,1336,1360.310749891655,-2703.119066591989,2020-08-06T11:52:47Z,45.50926667,7.80130000,1231.00,87.493
4322,2,1337,1361.310749891655,-2702.119066591989,2020-08-06T11:52:48Z,45.50920000,7.80123333,1208.00,87.501
4323,2,1338,1362.310749891655,-2701.119066591989,2020-08-06T11:52:49Z,45.50916667,7.80111667,1245.00,87.511
4324,2,1339,1363.310749891655,-2700.119066591989,2020-08-06T11:52:50Z,45.50915000,7.80098333,1227.00,87.52
4325,2,1340,1364.310749891655,-2699.119066591989,2020-08-06T11:52:51Z,45.50918333,7.80086667,1233.00,87.525
4326,2,1341,1365.310749891655,-2698.119066591989,2020-08-06T11:52:52Z,45.50923333,7.80075000,1228.00,87.529
4327,2,1342,1366.310749891655,-2697.119066591989,2020-08-06T11:52:53Z,45.50931667,7.80066667,1238.00,87.528
4328,2,1343,1367.310749891655,-2696.119066591989,2020-08-06T11:52:54Z,45.50940000,7.80060000,1218.00,87.527
4329,2,1344,1368.310749891655,-2695.119066591989,2020-08-06T11:52:55Z,45.50951667,7.80056667,1234.00,87.521
4330,2,1345,1369.310749891655,-2694.119066591989,2020-08-06T11:52:56Z,45.50961667,7.80056667,1239.00,87.514
4331,2,1346,1370.310749891655,-2693.119066591989,2020-08-06T11:52:57Z,45.50971667,7.80058333,1245.00,87.507
4332,2,1347,1371.310749891655,-2692.119066591989,2020-08-06T11:52:58Z,45.50980000,7.80061667,1246.00,87.499
4333,2,1348,1372.310749891655,-2691.119066591989,2020-08-06T11:52:59Z,45.50988333,7.80068333,1249.00,87.489
4334,2,1349,1373.310749891655,-2690.119066591989,2020-08-06T11:53:00Z,45.50996667,7.80078333,1237.00,87.477
4335,2,1350,1374.310749891655,-2689.119066591989,2020-08-06T11:53:01Z,45.51003333,7.80088333,1241.00,87.467
4336,2,1351,1375.310749891655,-2688.119066591989,2020-08-06T11:53:02Z,45.51010000,7.80100000,1247.00,87.455
4337,2,1352,1376.310749891655,-2687.119066591989,2020-08-06T11:53:03Z,45.51020000,7.80113333,1234.00,87.44
4338,2,1353,1377.310749891655,-2686.119066591989,2020-08-06T11:53:04Z,45.51028333,7.80126667,1239.00,87.426
4339,2,1354,1378.310749891655,-2685.119066591989,2020-08-06T11:53:05Z,45.51036667,7.80138333,1237.00,87.413
4340,2,1355,1379.310749891655,-2684.119066591989,2020-08-06T11:53:06Z,45.51045000,7.80151667,1234.00,87.399
4341,2,1356,1380.310749891655,-2683.119066591989,2020-08-06T11:53:07Z,45.51051667,7.80161667,1245.00,87.389
4342,2,1357,1381.310749891655,-2682.119066591989,2020-08-06T11:53:08Z,45.51058333,7.80171667,1243.00,87.378
4343,2,1358,1382.310749891655,-2681.119066591989,2020-08-06T11:53:09Z,45.51066667,7.80180000,1245.00,87.367
4344,2,1359,1383.310749891655,-2680.119066591989,2020-08-06T11:53:10Z,45.51075000,7.80190000,1241.00,87.356
4345,2,1360,1384.310749891655,-2679.119066591989,2020-08-06T11:53:11Z,45.51083333,7.80201667,1235.00,87.343
4346,2,1361,1385.310749891655,-2678.119066591989,2020-08-06T11:53:12Z,45.51091667,7.80211667,1235.00,87.331
4347,2,1362,1386.310749891655,-2677.119066591989,2020-08-06T11:53:13Z,45.51100000,7.80223333,1238.00,87.318
4348,2,1363,1387.310749891655,-2676.119066591989,2020-08-06T11:53:14Z,45.51108333,7.80235000,1232.00,87.305
4349,2,1364,1388.310749891655,-2675.119066591989,2020-08-06T11:53:15Z,45.51116667,7.80246667,1241.00,87.292
4350,2,1365,1389.310749891655,-2674.119066591989,2020-08-06T11:53:16Z,45.51123333,7.80256667,1237.00,87.282
4351,2,1366,1390.310749891655,-2673.119066591989,2020-08-06T11:53:17Z,45.51131667,7.80268333,1236.00,87.269
4352,2,1367,1391.310749891655,-2672.119066591989,2020-08-06T11:53:18Z,45.51140000,7.80278333,1246.00,87.257
4353,2,1368,1392.310749891655,-2671.119066591989,2020-08-06T11:53:19Z,45.51148333,7.80290000,1240.00,87.244
4354,2,1369,1393.310749891655,-2670.119066591989,2020-08-06T11:53:20Z,45.51156667,7.80301667,1242.00,87.231
4355,2,1370,1394.310749891655,-2669.119066591989,2020-08-06T11:53:21Z,45.51165000,7.80311667,1251.00,87.22
4356,2,1371,1395.310749891655,-2668.119066591989,2020-08-06T11:53:22Z,45.51171667,7.80323333,1235.00,87.208
4357,2,1372,1396.310749891655,-2667.119066591989,2020-08-06T11:53:23Z,45.51176667,7.80335000,1249.00,87.197
4358,2,1373,1397.310749891655,-2666.119066591989,2020-08-06T11:53:24Z,45.51183333,7.80345000,1241.00,87.187
4359,2,1374,1398.310749891655,-2665.119066591989,2020-08-06T11:53:25Z,45.51190000,7.80356667,1251.00,87.175
4360,2,1375,1399.310749891655,-2664.119066591989,2020-08-06T11:53:26Z,45.51198333,7.80366667,1244.00,87.163
4361,2,1376,1400.310749891655,-2663.119066591989,2020-08-06T11:53:27Z,45.51208333,7.80376667,1243.00,87.15
4362,2,1377,1401.310749891655,-2662.119066591989,2020-08-06T11:53:28Z,45.51216667,7.80386667,1254.00,87.138
4363,2,1378,1402.310749891655,-2661.119066591989,2020-08-06T11:53:29Z,45.51223333,7.80395000,1230.00,87.129
4364,2,1379,1403.310749891655,-2660.119066591989,2020-08-06T11:53:30Z,45.51231667,7.80406667,1239.00,87.116
4365,2,1380,1404.310749891655,-2659.119066591989,2020-08-06T11:53:31Z,45.51238333,7.80418333,1248.00,87.104
4366,2,1381,1405.310749891655,-2658.119066591989,2020-08-06T11:53:32Z,45.51246667,7.80431667,1243.00,87.09
4367,2,1382,1406.310749891655,-2657.119066591989,2020-08-06T11:53:33Z,45.51255000,7.80441667,1265.00,87.078
4368,2,1383,1407.310749891655,-2656.119066591989,2020-08-06T11:53:34Z,45.51261667,7.80451667,1241.00,87.068
4369,2,1384,1408.310749891655,-2655.119066591989,2020-08-06T11:53:35Z,45.51265000,7.80460000,1238.00,87.06
4370,2,1385,1409.310749891655,-2654.119066591989,2020-08-06T11:53:36Z,45.51268333,7.80470000,1251.00,87.052
4371,2,1386,1410.310749891655,-2653.119066591989,2020-08-06T11:53:37Z,45.51270000,7.80483333,1244.00,87.042
4372,2,1387,1411.310749891655,-2652.119066591989,2020-08-06T11:53:38Z,45.51271667,7.80498333,1239.00,87.032
4373,2,1388,1412.310749891655,-2651.119066591989,2020-08-06T11:53:39Z,45.51268333,7.80511667,1243.00,87.026
4374,2,1389,1413.310749891655,-2650.119066591989,2020-08-06T11:53:40Z,45.51263333,7.80521667,1243.00,87.023
4375,2,1390,1414.310749891655,-2649.119066591989,2020-08-06T11:53:41Z,45.51256667,7.80526667,1249.00,87.024
4376,2,1391,1415.310749891655,-2648.119066591989,2020-08-06T11:53:42Z,45.51250000,7.80525000,1234.00,87.03
4377,2,1392,1416.310749891655,-2647.119066591989,2020-08-06T11:53:43Z,45.51245000,7.80520000,1248.00,87.036
4378,2,1393,1417.310749891655,-2646.119066591989,2020-08-06T11:53:44Z,45.51241667,7.80511667,1244.00,87.044
4379,2,1394,1418.310749891655,-2645.119066591989,2020-08-06T11:53:45Z,45.51241667,7.80501667,1243.00,87.05
4380,2,1395,1419.310749891655,-2644.119066591989,2020-08-06T11:53:46Z,45.51241667,7.80490000,1247.00,87.057
4381,2,1396,1420.310749891655,-2643.119066591989,2020-08-06T11:53:47Z,45.51245000,7.80478333,1238.00,87.062
4382,2,1397,1421.310749891655,-2642.119066591989,2020-08-06T11:53:48Z,45.51253333,7.80466667,1250.00,87.064
4383,2,1398,1422.310749891655,-2641.119066591989,2020-08-06T11:53:49Z,45.51263333,7.80458333,1238.00,87.063
4384,2,1399,1423.310749891655,-2640.119066591989,2020-08-06T11:53:50Z,45.51276667,7.80453333,1244.00,87.057
4385,2,1400,1424.310749891655,-2639.119066591989,2020-08-06T11:53:51Z,45.51288333,7.80455000,1245.00,87.048
4386,2,1401,1425.310749891655,-2638.119066591989,2020-08-06T11:53:52Z,45.51300000,7.80460000,1236.00,87.037
4387,2,1402,1426.310749891655,-2637.119066591989,2020-08-06T11:53:53Z,45.51308333,7.80468333,1238.00,87.026
4388,2,1403,1427.310749891655,-2636.119066591989,2020-08-06T11:53:54Z,45.51316667,7.80478333,1240.00,87.014
4389,2,1404,1428.310749891655,-2635.119066591989,2020-08-06T11:53:55Z,45.51326667,7.80488333,1245.00,87.002
4390,2,1405,1429.310749891655,-2634.119066591989,2020-08-06T11:53:56Z,45.51335000,7.80498333,1245.00,86.99
4391,2,1406,1430.310749891655,-2633.119066591989,2020-08-06T11:53:57Z,45.51345000,7.80506667,1242.00,86.978
4392,2,1407,1431.310749891655,-2632.119066591989,2020-08-06T11:53:58Z,45.51353333,7.80518333,1240.00,86.965
4393,2,1408,1432.310749891655,-2631.119066591989,2020-08-06T11:53:59Z,45.51361667,7.80528333,1246.00,86.953
4394,2,1409,1433.310749891655,-2630.119066591989,2020-08-06T11:54:00Z,45.51368333,7.80540000,1240.00,86.942
4395,2,1410,1434.310749891655,-2629.119066591989,2020-08-06T11:54:01Z,45.51375000,7.80550000,1245.00,86.931
4396,2,1411,1435.310749891655,-2628.119066591989,2020-08-06T11:54:02Z,45.51380000,7.80560000,1239.00,86.921
4397,2,1412,1436.310749891655,-2627.119066591989,2020-08-06T11:54:03Z,45.51386667,7.80570000,1240.00,86.911
4398,2,1413,1437.310749891655,-2626.119066591989,2020-08-06T11:54:04Z,45.51395000,7.80580000,1236.00,86.899
4399,2,1414,1438.310749891655,-2625.119066591989,2020-08-06T11:54:05Z,45.51401667,7.80591667,1239.00,86.887
4400,2,1415,1439.310749891655,-2624.119066591989,2020-08-06T11:54:06Z,45.51410000,7.80603333,1246.00,86.874
4401,2,1416,1440.310749891655,-2623.119066591989,2020-08-06T11:54:07Z,45.51416667,7.80615000,1240.00,86.863
4402,2,1417,1441.310749891655,-2622.119066591989,2020-08-06T11:54:08Z,45.51423333,7.80628333,1246.00,86.85
4403,2,1418,1442.310749891655,-2621.119066591989,2020-08-06T11:54:09Z,45.51430000,7.80640000,1242.00,86.838
4404,2,1419,1443.310749891655,-2620.119066591989,2020-08-06T11:54:10Z,45.51436667,7.80651667,1240.00,86.826
4405,2,1420,1444.310749891655,-2619.119066591989,2020-08-06T11:54:11Z,45.51445000,7.80663333,1243.00,86.814
4406,2,1421,1445.310749891655,-2618.119066591989,2020-08-06T11:54:12Z,45.51453333,7.80676667,1241.00,86.8
4407,2,1422,1446.310749891655,-2617.119066591989,2020-08-06T11:54:13Z,45.51461667,7.80688333,1238.00,86.787
4408,2,1423,1447.310749891655,-2616.119066591989,2020-08-06T11:54:14Z,45.51471667,7.80701667,1245.00,86.772
4409,2,1424,1448.310749891655,-2615.119066591989,2020-08-06T11:54:15Z,45.51480000,7.80713333,1247.00,86.759
4410,2,1425,1449.310749891655,-2614.119066591989,2020-08-06T11:54:16Z,45.51490000,7.80725000,1250.00,86.745
4411,2,1426,1450.310749891655,-2613.119066591989,2020-08-06T11:54:17Z,45.51498333,7.80736667,1241.00,86.732
4412,2,1427,1451.310749891655,-2612.119066591989,2020-08-06T11:54:18Z,45.51505000,7.80746667,1259.00,86.722
4413,2,1428,1452.310749891655,-2611.119066591989,2020-08-06T11:54:19Z,45.51511667,7.80756667,1243.00,86.711
4414,2,1429,1453.310749891655,-2610.119066591989,2020-08-06T11:54:20Z,45.51518333,7.80768333,1270.00,86.699
4415,2,1430,1454.310749891655,-2609.119066591989,2020-08-06T11:54:21Z,45.51521667,7.80780000,1254.00,86.69
4416,2,1431,1455.310749891655,-2608.119066591989,2020-08-06T11:54:22Z,45.51525000,7.80791667,1270.00,86.68
4417,2,1432,1456.310749891655,-2607.119066591989,2020-08-06T11:54:23Z,45.51526667,7.80805000,1264.00,86.671
4418,2,1433,1457.310749891655,-2606.119066591989,2020-08-06T11:54:24Z,45.51530000,7.80816667,1264.00,86.661
4419,2,1434,1458.310749891655,-2605.119066591989,2020-08-06T11:54:25Z,45.51535000,7.80830000,1262.00,86.65
4420,2,1435,1459.310749891655,-2604.119066591989,2020-08-06T11:54:26Z,45.51543333,7.80840000,1259.00,86.638
4421,2,1436,1460.310749891655,-2603.119066591989,2020-08-06T11:54:27Z,45.51555000,7.80846667,1259.00,86.626
4422,2,1437,1461.310749891655,-2602.119066591989,2020-08-06T11:54:28Z,45.51565000,7.80850000,1261.00,86.617
4423,2,1438,1462.310749891655,-2601.119066591989,2020-08-06T11:54:29Z,45.51575000,7.80850000,1259.00,86.61
4424,2,1439,1463.310749891655,-2600.119066591989,2020-08-06T11:54:30Z,45.51585000,7.80845000,1267.00,86.607
4425,2,1440,1464.310749891655,-2599.119066591989,2020-08-06T11:54:31Z,45.51595000,7.80838333,1264.00,86.605
4426,2,1441,1465.310749891655,-2598.119066591989,2020-08-06T11:54:32Z,45.51606667,7.80828333,1264.00,86.603
4427,2,1442,1466.310749891655,-2597.119066591989,2020-08-06T11:54:33Z,45.51616667,7.80815000,1267.00,86.605
4428,2,1443,1467.310749891655,-2596.119066591989,2020-08-06T11:54:34Z,45.51623333,7.80798333,1261.00,86.611
4429,2,1444,1468.310749891655,-2595.119066591989,2020-08-06T11:54:35Z,45.51623333,7.80781667,1266.00,86.621
4430,2,1445,1469.310749891655,-2594.119066591989,2020-08-06T11:54:36Z,45.51618333,7.80768333,1264.00,86.633
4431,2,1446,1470.310749891655,-2593.119066591989,2020-08-06T11:54:37Z,45.51611667,7.80760000,1265.00,86.642
4432,2,1447,1471.310749891655,-2592.119066591989,2020-08-06T11:54:38Z,45.51605000,7.80756667,1267.00,86.649
4433,2,1448,1472.310749891655,-2591.119066591989,2020-08-06T11:54:39Z,45.51600000,7.80756667,1269.00,86.652
4434,2,1449,1473.310749891655,-2590.119066591989,2020-08-06T11:54:40Z,45.51595000,7.80761667,1272.00,86.652
4435,2,1450,1474.310749891655,-2589.119066591989,2020-08-06T11:54:41Z,45.51591667,7.80768333,1267.00,86.651
4436,2,1451,1475.310749891655,-2588.119066591989,2020-08-06T11:54:42Z,45.51590000,7.80776667,1264.00,86.646
4437,2,1452,1476.310749891655,-2587.119066591989,2020-08-06T11:54:43Z,45.51590000,7.80788333,1276.00,86.639
4438,2,1453,1477.310749891655,-2586.119066591989,2020-08-06T11:54:44Z,45.51595000,7.80800000,1275.00,86.628
4439,2,1454,1478.310749891655,-2585.119066591989,2020-08-06T11:54:45Z,45.51601667,7.80810000,1267.00,86.618
4440,2,1455,1479.310749891655,-2584.119066591989,2020-08-06T11:54:46Z,45.51613333,7.80820000,1267.00,86.604
4441,2,1456,1480.310749891655,-2583.119066591989,2020-08-06T11:54:47Z,45.51626667,7.80825000,1269.00,86.592
4442,2,1457,1481.310749891655,-2582.119066591989,2020-08-06T11:54:48Z,45.51640000,7.80826667,1272.00,86.582
4443,2,1458,1482.310749891655,-2581.119066591989,2020-08-06T11:54:49Z,45.51653333,7.80823333,1278.00,86.575
4444,2,1459,1483.310749891655,-2580.119066591989,2020-08-06T11:54:50Z,45.51663333,7.80820000,1283.00,86.571
4445,2,1460,1484.310749891655,-2579.119066591989,2020-08-06T11:54:51Z,45.51671667,7.80813333,1284.00,86.569
4446,2,1461,1485.310749891655,-2578.119066591989,2020-08-06T11:54:52Z,45.51680000,7.80806667,1284.00,86.568
4447,2,1462,1486.310749891655,-2577.119066591989,2020-08-06T11:54:53Z,45.51690000,7.80798333,1279.00,86.567
4448,2,1463,1487.310749891655,-2576.119066591989,2020-08-06T11:54:54Z,45.51701667,7.80788333,1282.00,86.565
4449,2,1464,1488.310749891655,-2575.119066591989,2020-08-06T11:54:55Z,45.51708333,7.80775000,1277.00,86.569
4450,2,1465,1489.310749891655,-2574.119066591989,2020-08-06T11:54:56Z,45.51710000,7.80760000,1277.00,86.578
4451,2,1466,1490.310749891655,-2573.119066591989,2020-08-06T11:54:57Z,45.51706667,7.80748333,1283.00,86.587
4452,2,1467,1491.310749891655,-2572.119066591989,2020-08-06T11:54:58Z,45.51701667,7.80740000,1290.00,86.596
4453,2,1468,1492.310749891655,-2571.119066591989,2020-08-06T11:54:59Z,45.51700000,7.80733333,1290.00,86.601
4454,2,1469,1493.310749891655,-2570.119066591989,2020-08-06T11:55:00Z,45.51700000,7.80726667,1274.00,86.605
4455,2,1470,1494.310749891655,-2569.119066591989,2020-08-06T11:55:01Z,45.51700000,7.80718333,1299.00,86.61
4456,2,1471,1495.310749891655,-2568.119066591989,2020-08-06T11:55:02Z,45.51700000,7.80706667,1284.00,86.618
4457,2,1472,1496.310749891655,-2567.119066591989,2020-08-06T11:55:03Z,45.51700000,7.80693333,1290.00,86.626
4458,2,1473,1497.310749891655,-2566.119066591989,2020-08-06T11:55:04Z,45.51696667,7.80680000,1297.00,86.637
4459,2,1474,1498.310749891655,-2565.119066591989,2020-08-06T11:55:05Z,45.51693333,7.80668333,1290.00,86.646
4460,2,1475,1499.310749891655,-2564.119066591989,2020-08-06T11:55:06Z,45.51690000,7.80660000,1302.00,86.654
4461,2,1476,1500.310749891655,-2563.119066591989,2020-08-06T11:55:07Z,45.51688333,7.80653333,1297.00,86.659
4462,2,1477,1501.310749891655,-2562.119066591989,2020-08-06T11:55:08Z,45.51685000,7.80648333,1306.00,86.664
4463,2,1478,1502.310749891655,-2561.119066591989,2020-08-06T11:55:09Z,45.51681667,7.80646667,1302.00,86.668
4464,2,1479,1503.310749891655,-2560.119066591989,2020-08-06T11:55:10Z,45.51676667,7.80646667,1293.00,86.671
4465,2,1480,1504.310749891655,-2559.119066591989,2020-08-06T11:55:11Z,45.51671667,7.80650000,1295.00,86.672
4466,2,1481,1505.310749891655,-2558.119066591989,2020-08-06T11:55:12Z,45.51668333,7.80656667,1300.00,86.67
4467,2,1482,1506.310749891655,-2557.119066591989,2020-08-06T11:55:13Z,45.51666667,7.80666667,1306.00,86.665
4468,2,1483,1507.310749891655,-2556.119066591989,2020-08-06T11:55:14Z,45.51666667,7.80680000,1301.00,86.656
4469,2,1484,1508.310749891655,-2555.119066591989,2020-08-06T11:55:15Z,45.51666667,7.80695000,1307.00,86.647
4470,2,1485,1509.310749891655,-2554.119066591989,2020-08-06T11:55:16Z,45.51668333,7.80710000,1309.00,86.636
4471,2,1486,1510.310749891655,-2553.119066591989,2020-08-06T11:55:17Z,45.51670000,7.80725000,1312.00,86.626
4472,2,1487,1511.310749891655,-2552.119066591989,2020-08-06T11:55:18Z,45.51670000,7.80738333,1311.00,86.618
4473,2,1488,1512.310749891655,-2551.119066591989,2020-08-06T11:55:19Z,45.51673333,7.80751667,1315.00,86.607
4474,2,1489,1513.310749891655,-2550.119066591989,2020-08-06T11:55:20Z,45.51676667,7.80765000,1319.00,86.596
4475,2,1490,1514.310749891655,-2549.119066591989,2020-08-06T11:55:21Z,45.51681667,7.80778333,1309.00,86.585
4476,2,1491,1515.310749891655,-2548.119066591989,2020-08-06T11:55:22Z,45.51688333,7.80793333,1317.00,86.571
4477,2,1492,1516.310749891655,-2547.119066591989,2020-08-06T11:55:23Z,45.51696667,7.80806667,1310.00,86.557
4478,2,1493,1517.310749891655,-2546.119066591989,2020-08-06T11:55:24Z,45.51705000,7.80818333,1313.00,86.544
4479,2,1494,1518.310749891655,-2545.119066591989,2020-08-06T11:55:25Z,45.51715000,7.80830000,1319.00,86.53
4480,2,1495,1519.310749891655,-2544.119066591989,2020-08-06T11:55:26Z,45.51725000,7.80840000,1324.00,86.518
4481,2,1496,1520.310749891655,-2543.119066591989,2020-08-06T11:55:27Z,45.51736667,7.80848333,1314.00,86.505
4482,2,1497,1521.310749891655,-2542.119066591989,2020-08-06T11:55:28Z,45.51745000,7.80858333,1313.00,86.493
4483,2,1498,1522.310749891655,-2541.119066591989,2020-08-06T11:55:29Z,45.51751667,7.80868333,1328.00,86.482
4484,2,1499,1523.310749891655,-2540.119066591989,2020-08-06T11:55:30Z,45.51755000,7.80880000,1327.00,86.473
4485,2,1500,1524.310749891655,-2539.119066591989,2020-08-06T11:55:31Z,45.51756667,7.80893333,1332.00,86.463
4486,2,1501,1525.310749891655,-2538.119066591989,2020-08-06T11:55:32Z,45.51755000,7.80903333,1340.00,86.458
4487,2,1502,1526.310749891655,-2537.119066591989,2020-08-06T11:55:33Z,45.51751667,7.80910000,1323.00,86.456
4488,2,1503,1527.310749891655,-2536.119066591989,2020-08-06T11:55:34Z,45.51746667,7.80911667,1334.00,86.458
4489,2,1504,1528.310749891655,-2535.119066591989,2020-08-06T11:55:35Z,45.51740000,7.80910000,1334.00,86.464
4490,2,1505,1529.310749891655,-2534.119066591989,2020-08-06T11:55:36Z,45.51735000,7.80905000,1340.00,86.47
4491,2,1506,1530.310749891655,-2533.119066591989,2020-08-06T11:55:37Z,45.51728333,7.80895000,1344.00,86.481
4492,2,1507,1531.310749891655,-2532.119066591989,2020-08-06T11:55:38Z,45.51725000,7.80885000,1328.00,86.489
4493,2,1508,1532.310749891655,-2531.119066591989,2020-08-06T11:55:39Z,45.51725000,7.80875000,1331.00,86.496
4494,2,1509,1533.310749891655,-2530.119066591989,2020-08-06T11:55:40Z,45.51726667,7.80866667,1344.00,86.5
4495,2,1510,1534.310749891655,-2529.119066591989,2020-08-06T11:55:41Z,45.51730000,7.80858333,1345.00,86.503
4496,2,1511,1535.310749891655,-2528.119066591989,2020-08-06T11:55:42Z,45.51735000,7.80851667,1338.00,86.504
4497,2,1512,1536.310749891655,-2527.119066591989,2020-08-06T11:55:43Z,45.51740000,7.80843333,1354.00,86.506
4498,2,1513,1537.310749891655,-2526.119066591989,2020-08-06T11:55:44Z,45.51748333,7.80835000,1340.00,86.505
4499,2,1514,1538.310749891655,-2525.119066591989,2020-08-06T11:55:45Z,45.51756667,7.80826667,1343.00,86.505
4500,2,1515,1539.310749891655,-2524.119066591989,2020-08-06T11:55:46Z,45.51765000,7.80816667,1349.00,86.506
4501,2,1516,1540.310749891655,-2523.119066591989,2020-08-06T11:55:47Z,45.51773333,7.80806667,1343.00,86.507
4502,2,1517,1541.310749891655,-2522.119066591989,2020-08-06T11:55:48Z,45.51780000,7.80795000,1341.00,86.51
4503,2,1518,1542.310749891655,-2521.119066591989,2020-08-06T11:55:49Z,45.51785000,7.80781667,1349.00,86.515
4504,2,1519,1543.310749891655,-2520.119066591989,2020-08-06T11:55:50Z,45.51790000,7.80770000,1346.00,86.519
4505,2,1520,1544.310749891655,-2519.119066591989,2020-08-06T11:55:51Z,45.51795000,7.80758333,1349.00,86.523
4506,2,1521,1545.310749891655,-2518.119066591989,2020-08-06T11:55:52Z,45.51796667,7.80746667,1354.00,86.529
4507,2,1522,1546.310749891655,-2517.119066591989,2020-08-06T11:55:53Z,45.51796667,7.80738333,1353.00,86.535
4508,2,1523,1547.310749891655,-2516.119066591989,2020-08-06T11:55:54Z,45.51795000,7.80731667,1349.00,86.54
4509,2,1524,1548.310749891655,-2515.119066591989,2020-08-06T11:55:55Z,45.51790000,7.80726667,1350.00,86.546
4510,2,1525,1549.310749891655,-2514.119066591989,2020-08-06T11:55:56Z,45.51785000,7.80726667,1342.00,86.55
4511,2,1526,1550.310749891655,-2513.119066591989,2020-08-06T11:55:57Z,45.51781667,7.80728333,1347.00,86.551
4512,2,1527,1551.310749891655,-2512.119066591989,2020-08-06T11:55:58Z,45.51778333,7.80733333,1355.00,86.55
4513,2,1528,1552.310749891655,-2511.119066591989,2020-08-06T11:55:59Z,45.51775000,7.80740000,1348.00,86.548
4514,2,1529,1553.310749891655,-2510.119066591989,2020-08-06T11:56:00Z,45.51773333,7.80751667,1347.00,86.541
4515,2,1530,1554.310749891655,-2509.119066591989,2020-08-06T11:56:01Z,45.51771667,7.80763333,1348.00,86.535
4516,2,1531,1555.310749891655,-2508.119066591989,2020-08-06T11:56:02Z,45.51771667,7.80778333,1348.00,86.526
4517,2,1532,1556.310749891655,-2507.119066591989,2020-08-06T11:56:03Z,45.51775000,7.80791667,1348.00,86.515
4518,2,1533,1557.310749891655,-2506.119066591989,2020-08-06T11:56:04Z,45.51776667,7.80806667,1347.00,86.505
4519,2,1534,1558.310749891655,-2505.119066591989,2020-08-06T11:56:05Z,45.51781667,7.80820000,1349.00,86.493
4520,2,1535,1559.310749891655,-2504.119066591989,2020-08-06T11:56:06Z,45.51785000,7.80835000,1351.00,86.481
4521,2,1536,1560.310749891655,-2503.119066591989,2020-08-06T11:56:07Z,45.51790000,7.80850000,1351.00,86.469
4522,2,1537,1561.310749891655,-2502.119066591989,2020-08-06T11:56:08Z,45.51795000,7.80865000,1347.00,86.456
4523,2,1538,1562.310749891655,-2501.119066591989,2020-08-06T11:56:09Z,45.51801667,7.80881667,1346.00,86.441
4524,2,1539,1563.310749891655,-2500.119066591989,2020-08-06T11:56:10Z,45.51806667,7.80896667,1342.00,86.428
4525,2,1540,1564.310749891655,-2499.119066591989,2020-08-06T11:56:11Z,45.51813333,7.80911667,1349.00,86.414
4526,2,1541,1565.310749891655,-2498.119066591989,2020-08-06T11:56:12Z,45.51820000,7.80925000,1344.00,86.402
4527,2,1542,1566.310749891655,-2497.119066591989,2020-08-06T11:56:13Z,45.51828333,7.80938333,1347.00,86.388
4528,2,1543,1567.310749891655,-2496.119066591989,2020-08-06T11:56:14Z,45.51836667,7.80951667,1342.00,86.374
4529,2,1544,1568.310749891655,-2495.119066591989,2020-08-06T11:56:15Z,45.51845000,7.80965000,1344.00,86.36
4530,2,1545,1569.310749891655,-2494.119066591989,2020-08-06T11:56:16Z,45.51855000,7.80976667,1350.00,86.346
4531,2,1546,1570.310749891655,-2493.119066591989,2020-08-06T11:56:17Z,45.51866667,7.80985000,1350.00,86.333
4532,2,1547,1571.310749891655,-2492.119066591989,2020-08-06T11:56:18Z,45.51878333,7.80993333,1346.00,86.32
4533,2,1548,1572.310749891655,-2491.119066591989,2020-08-06T11:56:19Z,45.51893333,7.80996667,1334.00,86.309
4534,2,1549,1573.310749891655,-2490.119066591989,2020-08-06T11:56:20Z,45.51906667,7.80996667,1336.00,86.3
4535,2,1550,1574.310749891655,-2489.119066591989,2020-08-06T11:56:21Z,45.51921667,7.80991667,1339.00,86.293
4536,2,1551,1575.310749891655,-2488.119066591989,2020-08-06T11:56:22Z,45.51935000,7.80981667,1334.00,86.291
4537,2,1552,1576.310749891655,-2487.119066591989,2020-08-06T11:56:23Z,45.51945000,7.80966667,1338.00,86.294
4538,2,1553,1577.310749891655,-2486.119066591989,2020-08-06T11:56:24Z,45.51953333,7.80950000,1344.00,86.299
4539,2,1554,1578.310749891655,-2485.119066591989,2020-08-06T11:56:25Z,45.51958333,7.80935000,1343.00,86.305
4540,2,1555,1579.310749891655,-2484.119066591989,2020-08-06T11:56:26Z,45.51961667,7.80923333,1351.00,86.31
4541,2,1556,1580.310749891655,-2483.119066591989,2020-08-06T11:56:27Z,45.51966667,7.80911667,1342.00,86.314
4542,2,1557,1581.310749891655,-2482.119066591989,2020-08-06T11:56:28Z,45.51970000,7.80900000,1348.00,86.32
4543,2,1558,1582.310749891655,-2481.119066591989,2020-08-06T11:56:29Z,45.51975000,7.80886667,1347.00,86.325
4544,2,1559,1583.310749891655,-2480.119066591989,2020-08-06T11:56:30Z,45.51980000,7.80870000,1354.00,86.332
4545,2,1560,1584.310749891655,-2479.119066591989,2020-08-06T11:56:31Z,45.51983333,7.80855000,1352.00,86.339
4546,2,1561,1585.310749891655,-2478.119066591989,2020-08-06T11:56:32Z,45.51985000,7.80840000,1352.00,86.348
4547,2,1562,1586.310749891655,-2477.119066591989,2020-08-06T11:56:33Z,45.51985000,7.80825000,1353.00,86.357
4548,2,1563,1587.310749891655,-2476.119066591989,2020-08-06T11:56:34Z,45.51985000,7.80811667,1363.00,86.366
4549,2,1564,1588.310749891655,-2475.119066591989,2020-08-06T11:56:35Z,45.51983333,7.80800000,1362.00,86.374
4550,2,1565,1589.310749891655,-2474.119066591989,2020-08-06T11:56:36Z,45.51981667,7.80788333,1361.00,86.383
4551,2,1566,1590.310749891655,-2473.119066591989,2020-08-06T11:56:37Z,45.51978333,7.80775000,1363.00,86.393
4552,2,1567,1591.310749891655,-2472.119066591989,2020-08-06T11:56:38Z,45.51976667,7.80765000,1365.00,86.401
4553,2,1568,1592.310749891655,-2471.119066591989,2020-08-06T11:56:39Z,45.51973333,7.80753333,1367.00,86.41
4554,2,1569,1593.310749891655,-2470.119066591989,2020-08-06T11:56:40Z,45.51971667,7.80743333,1363.00,86.418
4555,2,1570,1594.310749891655,-2469.119066591989,2020-08-06T11:56:41Z,45.51968333,7.80731667,1371.00,86.427
4556,2,1571,1595.310749891655,-2468.119066591989,2020-08-06T11:56:42Z,45.51965000,7.80723333,1376.00,86.435
4557,2,1572,1596.310749891655,-2467.119066591989,2020-08-06T11:56:43Z,45.51963333,7.80713333,1369.00,86.442
4558,2,1573,1597.310749891655,-2466.119066591989,2020-08-06T11:56:44Z,45.51960000,7.80706667,1379.00,86.448
4559,2,1574,1598.310749891655,-2465.119066591989,2020-08-06T11:56:45Z,45.51955000,7.80703333,1372.00,86.454
4560,2,1575,1599.310749891655,-2464.119066591989,2020-08-06T11:56:46Z,45.51951667,7.80703333,1378.00,86.456
4561,2,1576,1600.310749891655,-2463.119066591989,2020-08-06T11:56:47Z,45.51946667,7.80710000,1367.00,86.455
4562,2,1577,1601.310749891655,-2462.119066591989,2020-08-06T11:56:48Z,45.51945000,7.80720000,1377.00,86.45
4563,2,1578,1602.310749891655,-2461.119066591989,2020-08-06T11:56:49Z,45.51946667,7.80733333,1377.00,86.44
4564,2,1579,1603.310749891655,-2460.119066591989,2020-08-06T11:56:50Z,45.51948333,7.80745000,1369.00,86.432
4565,2,1580,1604.310749891655,-2459.119066591989,2020-08-06T11:56:51Z,45.51955000,7.80756667,1380.00,86.42
4566,2,1581,1605.310749891655,-2458.119066591989,2020-08-06T11:56:52Z,45.51961667,7.80766667,1371.00,86.409
4567,2,1582,1606.310749891655,-2457.119066591989,2020-08-06T11:56:53Z,45.51971667,7.80775000,1382.00,86.398
4568,2,1583,1607.310749891655,-2456.119066591989,2020-08-06T11:56:54Z,45.51981667,7.80783333,1383.00,86.386
4569,2,1584,1608.310749891655,-2455.119066591989,2020-08-06T11:56:55Z,45.51988333,7.80793333,1384.00,86.375
4570,2,1585,1609.310749891655,-2454.119066591989,2020-08-06T11:56:56Z,45.51993333,7.80805000,1386.00,86.365
4571,2,1586,1610.310749891655,-2453.119066591989,2020-08-06T11:56:57Z,45.51995000,7.80816667,1384.00,86.356
4572,2,1587,1611.310749891655,-2452.119066591989,2020-08-06T11:56:58Z,45.51993333,7.80825000,1390.00,86.352
4573,2,1588,1612.310749891655,-2451.119066591989,2020-08-06T11:56:59Z,45.51990000,7.80831667,1391.00,86.35
4574,2,1589,1613.310749891655,-2450.119066591989,2020-08-06T11:57:00Z,45.51986667,7.80833333,1391.00,86.351
4575,2,1590,1614.310749891655,-2449.119066591989,2020-08-06T11:57:01Z,45.51983333,7.80830000,1391.00,86.355
4576,2,1591,1615.310749891655,-2448.119066591989,2020-08-06T11:57:02Z,45.51980000,7.80821667,1395.00,86.363
4577,2,1592,1616.310749891655,-2447.119066591989,2020-08-06T11:57:03Z,45.51980000,7.80811667,1404.00,86.369
4578,2,1593,1617.310749891655,-2446.119066591989,2020-08-06T11:57:04Z,45.51981667,7.80798333,1393.00,86.376
4579,2,1594,1618.310749891655,-2445.119066591989,2020-08-06T11:57:05Z,45.51985000,7.80785000,1392.00,86.383
4580,2,1595,1619.310749891655,-2444.119066591989,2020-08-06T11:57:06Z,45.51986667,7.80771667,1397.00,86.39
4581,2,1596,1620.310749891655,-2443.119066591989,2020-08-06T11:57:07Z,45.51988333,7.80756667,1399.00,86.398
4582,2,1597,1621.310749891655,-2442.119066591989,2020-08-06T11:57:08Z,45.51986667,7.80743333,1407.00,86.408
4583,2,1598,1622.310749891655,-2441.119066591989,2020-08-06T11:57:09Z,45.51983333,7.80736667,1402.00,86.414
4584,2,1599,1623.310749891655,-2440.119066591989,2020-08-06T11:57:10Z,45.51978333,7.80731667,1398.00,86.421
4585,2,1600,1624.310749891655,-2439.119066591989,2020-08-06T11:57:11Z,45.51973333,7.80731667,1396.00,86.424
4586,2,1601,1625.310749891655,-2438.119066591989,2020-08-06T11:57:12Z,45.51968333,7.80738333,1397.00,86.423
4587,2,1602,1626.310749891655,-2437.119066591989,2020-08-06T11:57:13Z,45.51965000,7.80750000,1395.00,86.418
4588,2,1603,1627.310749891655,-2436.119066591989,2020-08-06T11:57:14Z,45.51966667,7.80765000,1394.00,86.407
4589,2,1604,1628.310749891655,-2435.119066591989,2020-08-06T11:57:15Z,45.51971667,7.80781667,1396.00,86.393
4590,2,1605,1629.310749891655,-2434.119066591989,2020-08-06T11:57:16Z,45.51976667,7.80796667,1396.00,86.381
4591,2,1606,1630.310749891655,-2433.119066591989,2020-08-06T11:57:17Z,45.51981667,7.80810000,1393.00,86.369
4592,2,1607,1631.310749891655,-2432.119066591989,2020-08-06T11:57:18Z,45.51983333,7.80821667,1395.00,86.361
4593,2,1608,1632.310749891655,-2431.119066591989,2020-08-06T11:57:19Z,45.51985000,7.80835000,1393.00,86.351
4594,2,1609,1633.310749891655,-2430.119066591989,2020-08-06T11:57:20Z,45.51988333,7.80850000,1394.00,86.339
4595,2,1610,1634.310749891655,-2429.119066591989,2020-08-06T11:57:21Z,45.51991667,7.80866667,1398.00,86.327
4596,2,1611,1635.310749891655,-2428.119066591989,2020-08-06T11:57:22Z,45.51996667,7.80883333,1393.00,86.313
4597,2,1612,1636.310749891655,-2427.119066591989,2020-08-06T11:57:23Z,45.51998333,7.80896667,1409.00,86.303
4598,2,1613,1637.310749891655,-2426.119066591989,2020-08-06T11:57:24Z,45.52000000,7.80910000,1402.00,86.294
4599,2,1614,1638.310749891655,-2425.119066591989,2020-08-06T11:57:25Z,45.52001667,7.80921667,1402.00,86.285
4600,2,1615,1639.310749891655,-2424.119066591989,2020-08-06T11:57:26Z,45.52001667,7.80936667,1386.00,86.276
4601,2,1616,1640.310749891655,-2423.119066591989,2020-08-06T11:57:27Z,45.52001667,7.80951667,1398.00,86.266
4602,2,1617,1641.310749891655,-2422.119066591989,2020-08-06T11:57:28Z,45.52003333,7.80971667,1399.00,86.253
4603,2,1618,1642.310749891655,-2421.119066591989,2020-08-06T11:57:29Z,45.52005000,7.80988333,1398.00,86.241
4604,2,1619,1643.310749891655,-2420.119066591989,2020-08-06T11:57:30Z,45.52006667,7.81005000,1398.00,86.229
4605,2,1620,1644.310749891655,-2419.119066591989,2020-08-06T11:57:31Z,45.52008333,7.81016667,1400.00,86.221
4606,2,1621,1645.310749891655,-2418.119066591989,2020-08-06T11:57:32Z,45.52011667,7.81030000,1400.00,86.21
4607,2,1622,1646.310749891655,-2417.119066591989,2020-08-06T11:57:33Z,45.52013333,7.81043333,1399.00,86.201
4608,2,1623,1647.310749891655,-2416.119066591989,2020-08-06T11:57:34Z,45.52016667,7.81060000,1389.00,86.188
4609,2,1624,1648.310749891655,-2415.119066591989,2020-08-06T11:57:35Z,45.52016667,7.81080000,1392.00,86.175
4610,2,1625,1649.310749891655,-2414.119066591989,2020-08-06T11:57:36Z,45.52016667,7.81098333,1387.00,86.164
4611,2,1626,1650.310749891655,-2413.119066591989,2020-08-06T11:57:37Z,45.52015000,7.81116667,1385.00,86.153
4612,2,1627,1651.310749891655,-2412.119066591989,2020-08-06T11:57:38Z,45.52016667,7.81135000,1384.00,86.141
4613,2,1628,1652.310749891655,-2411.119066591989,2020-08-06T11:57:39Z,45.52018333,7.81153333,1376.00,86.128
4614,2,1629,1653.310749891655,-2410.119066591989,2020-08-06T11:57:40Z,45.52020000,7.81171667,1380.00,86.115
4615,2,1630,1654.310749891655,-2409.119066591989,2020-08-06T11:57:41Z,45.52025000,7.81190000,1375.00,86.101
4616,2,1631,1655.310749891655,-2408.119066591989,2020-08-06T11:57:42Z,45.52026667,7.81208333,1384.00,86.088
4617,2,1632,1656.310749891655,-2407.119066591989,2020-08-06T11:57:43Z,45.52030000,7.81225000,1378.00,86.075
4618,2,1633,1657.310749891655,-2406.119066591989,2020-08-06T11:57:44Z,45.52031667,7.81243333,1377.00,86.063
4619,2,1634,1658.310749891655,-2405.119066591989,2020-08-06T11:57:45Z,45.52033333,7.81260000,1378.00,86.051
4620,2,1635,1659.310749891655,-2404.119066591989,2020-08-06T11:57:46Z,45.52035000,7.81276667,1376.00,86.039
4621,2,1636,1660.310749891655,-2403.119066591989,2020-08-06T11:57:47Z,45.52038333,7.81293333,1380.00,86.027
4622,2,1637,1661.310749891655,-2402.119066591989,2020-08-06T11:57:48Z,45.52041667,7.81310000,1381.00,86.014
4623,2,1638,1662.310749891655,-2401.119066591989,2020-08-06T11:57:49Z,45.52045000,7.81325000,1381.00,86.002
4624,2,1639,1663.310749891655,-2400.119066591989,2020-08-06T11:57:50Z,45.52046667,7.81340000,1382.00,85.992
4625,2,1640,1664.310749891655,-2399.119066591989,2020-08-06T11:57:51Z,45.52050000,7.81358333,1384.00,85.978
4626,2,1641,1665.310749891655,-2398.119066591989,2020-08-06T11:57:52Z,45.52051667,7.81375000,1368.00,85.967
4627,2,1642,1666.310749891655,-2397.119066591989,2020-08-06T11:57:53Z,45.52053333,7.81391667,1370.00,85.955
4628,2,1643,1667.310749891655,-2396.119066591989,2020-08-06T11:57:54Z,45.52056667,7.81410000,1394.00,85.941
4629,2,1644,1668.310749891655,-2395.119066591989,2020-08-06T11:57:55Z,45.52058333,7.81426667,1385.00,85.93
4630,2,1645,1669.310749891655,-2394.119066591989,2020-08-06T11:57:56Z,45.52060000,7.81445000,1374.00,85.917
4631,2,1646,1670.310749891655,-2393.119066591989,2020-08-06T11:57:57Z,45.52063333,7.81461667,1388.00,85.904
4632,2,1647,1671.310749891655,-2392.119066591989,2020-08-06T11:57:58Z,45.52066667,7.81478333,1383.00,85.892
4633,2,1648,1672.310749891655,-2391.119066591989,2020-08-06T11:57:59Z,45.52068333,7.81493333,1366.00,85.881
4634,2,1649,1673.310749891655,-2390.119066591989,2020-08-06T11:58:00Z,45.52070000,7.81510000,1355.00,85.87
4635,2,1650,1674.310749891655,-2389.119066591989,2020-08-06T11:58:01Z,45.52071667,7.81525000,1383.00,85.859
4636,2,1651,1675.310749891655,-2388.119066591989,2020-08-06T11:58:02Z,45.52073333,7.81543333,1376.00,85.847
4637,2,1652,1676.310749891655,-2387.119066591989,2020-08-06T11:58:03Z,45.52076667,7.81560000,1369.00,85.834
4638,2,1653,1677.310749891655,-2386.119066591989,2020-08-06T11:58:04Z,45.52078333,7.81578333,1368.00,85.821
4639,2,1654,1678.310749891655,-2385.119066591989,2020-08-06T11:58:05Z,45.52081667,7.81596667,1371.00,85.808
4640,2,1655,1679.310749891655,-2384.119066591989,2020-08-06T11:58:06Z,45.52085000,7.81613333,1381.00,85.795
4641,2,1656,1680.310749891655,-2383.119066591989,2020-08-06T11:58:07Z,45.52086667,7.81630000,1376.00,85.783
4642,2,1657,1681.310749891655,-2382.119066591989,2020-08-06T11:58:08Z,45.52086667,7.81646667,1361.00,85.773
4643,2,1658,1682.310749891655,-2381.119066591989,2020-08-06T11:58:09Z,45.52086667,7.81661667,1369.00,85.764
4644,2,1659,1683.310749891655,-2380.119066591989,2020-08-06T11:58:10Z,45.52086667,7.81678333,1360.00,85.753
4645,2,1660,1684.310749891655,-2379.119066591989,2020-08-06T11:58:11Z,45.52088333,7.81698333,1378.00,85.74
4646,2,1661,1685.310749891655,-2378.119066591989,2020-08-06T11:58:12Z,45.52090000,7.81720000,1369.00,85.725
4647,2,1662,1686.310749891655,-2377.119066591989,2020-08-06T11:58:13Z,45.52093333,7.81743333,1358.00,85.708
4648,2,1663,1687.310749891655,-2376.119066591989,2020-08-06T11:58:14Z,45.52095000,7.81765000,1370.00,85.693
4649,2,1664,1688.310749891655,-2375.119066591989,2020-08-06T11:58:15Z,45.52095000,7.81786667,1361.00,85.68
4650,2,1665,1689.310749891655,-2374.119066591989,2020-08-06T11:58:16Z,45.52096667,7.81806667,1357.00,85.666
4651,2,1666,1690.310749891655,-2373.119066591989,2020-08-06T11:58:17Z,45.52096667,7.81826667,1354.00,85.654
4652,2,1667,1691.310749891655,-2372.119066591989,2020-08-06T11:58:18Z,45.52100000,7.81850000,1354.00,85.637
4653,2,1668,1692.310749891655,-2371.119066591989,2020-08-06T11:58:19Z,45.52101667,7.81871667,1348.00,85.622
4654,2,1669,1693.310749891655,-2370.119066591989,2020-08-06T11:58:20Z,45.52105000,7.81895000,1341.00,85.606
4655,2,1670,1694.310749891655,-2369.119066591989,2020-08-06T11:58:21Z,45.52108333,7.81915000,1352.00,85.591
4656,2,1671,1695.310749891655,-2368.119066591989,2020-08-06T11:58:22Z,45.52113333,7.81933333,1349.00,85.576
4657,2,1672,1696.310749891655,-2367.119066591989,2020-08-06T11:58:23Z,45.52120000,7.81950000,1333.00,85.561
4658,2,1673,1697.310749891655,-2366.119066591989,2020-08-06T11:58:24Z,45.52125000,7.81966667,1331.00,85.547
4659,2,1674,1698.310749891655,-2365.119066591989,2020-08-06T11:58:25Z,45.52126667,7.81985000,1328.00,85.535
4660,2,1675,1699.310749891655,-2364.119066591989,2020-08-06T11:58:26Z,45.52130000,7.82003333,1333.00,85.521
4661,2,1676,1700.310749891655,-2363.119066591989,2020-08-06T11:58:27Z,45.52131667,7.82023333,1319.00,85.508
4662,2,1677,1701.310749891655,-2362.119066591989,2020-08-06T11:58:28Z,45.52135000,7.82040000,1315.00,85.495
4663,2,1678,1702.310749891655,-2361.119066591989,2020-08-06T11:58:29Z,45.52136667,7.82056667,1318.00,85.484
4664,2,1679,1703.310749891655,-2360.119066591989,2020-08-06T11:58:30Z,45.52140000,7.82071667,1312.00,85.472
4665,2,1680,1704.310749891655,-2359.119066591989,2020-08-06T11:58:31Z,45.52141667,7.82083333,1331.00,85.464
4666,2,1681,1705.310749891655,-2358.119066591989,2020-08-06T11:58:32Z,45.52143333,7.82095000,1322.00,85.455
4667,2,1682,1706.310749891655,-2357.119066591989,2020-08-06T11:58:33Z,45.52145000,7.82106667,1313.00,85.447
4668,2,1683,1707.310749891655,-2356.119066591989,2020-08-06T11:58:34Z,45.52146667,7.82120000,1301.00,85.437
4669,2,1684,1708.310749891655,-2355.119066591989,2020-08-06T11:58:35Z,45.52148333,7.82138333,1318.00,85.425
4670,2,1685,1709.310749891655,-2354.119066591989,2020-08-06T11:58:36Z,45.52150000,7.82158333,1302.00,85.411
4671,2,1686,1710.310749891655,-2353.119066591989,2020-08-06T11:58:37Z,45.52151667,7.82180000,1295.00,85.397
4672,2,1687,1711.310749891655,-2352.119066591989,2020-08-06T11:58:38Z,45.52153333,7.82201667,1304.00,85.382
4673,2,1688,1712.310749891655,-2351.119066591989,2020-08-06T11:58:39Z,45.52155000,7.82220000,1303.00,85.37
4674,2,1689,1713.310749891655,-2350.119066591989,2020-08-06T11:58:40Z,45.52156667,7.82238333,1306.00,85.357
4675,2,1690,1714.310749891655,-2349.119066591989,2020-08-06T11:58:41Z,45.52160000,7.82255000,1302.00,85.345
4676,2,1691,1715.310749891655,-2348.119066591989,2020-08-06T11:58:42Z,45.52161667,7.82275000,1300.00,85.331
4677,2,1692,1716.310749891655,-2347.119066591989,2020-08-06T11:58:43Z,45.52165000,7.82295000,1291.00,85.316
4678,2,1693,1717.310749891655,-2346.119066591989,2020-08-06T11:58:44Z,45.52166667,7.82318333,1293.00,85.301
4679,2,1694,1718.310749891655,-2345.119066591989,2020-08-06T11:58:45Z,45.52170000,7.82341667,1296.00,85.284
4680,2,1695,1719.310749891655,-2344.119066591989,2020-08-06T11:58:46Z,45.52171667,7.82365000,1287.00,85.268
4681,2,1696,1720.310749891655,-2343.119066591989,2020-08-06T11:58:47Z,45.52175000,7.82386667,1285.00,85.253
4682,2,1697,1721.310749891655,-2342.119066591989,2020-08-06T11:58:48Z,45.52178333,7.82405000,1287.00,85.239
4683,2,1698,1722.310749891655,-2341.119066591989,2020-08-06T11:58:49Z,45.52181667,7.82425000,1291.00,85.224
4684,2,1699,1723.310749891655,-2340.119066591989,2020-08-06T11:58:50Z,45.52185000,7.82445000,1286.00,85.21
4685,2,1700,1724.310749891655,-2339.119066591989,2020-08-06T11:58:51Z,45.52188333,7.82466667,1284.00,85.194
4686,2,1701,1725.310749891655,-2338.119066591989,2020-08-06T11:58:52Z,45.52191667,7.82486667,1281.00,85.18
4687,2,1702,1726.310749891655,-2337.119066591989,2020-08-06T11:58:53Z,45.52193333,7.82508333,1285.00,85.165
4688,2,1703,1727.310749891655,-2336.119066591989,2020-08-06T11:58:54Z,45.52196667,7.82530000,1283.00,85.149
4689,2,1704,1728.310749891655,-2335.119066591989,2020-08-06T11:58:55Z,45.52200000,7.82550000,1277.00,85.135
4690,2,1705,1729.310749891655,-2334.119066591989,2020-08-06T11:58:56Z,45.52203333,7.82571667,1285.00,85.119
4691,2,1706,1730.310749891655,-2333.119066591989,2020-08-06T11:58:57Z,45.52205000,7.82591667,1279.00,85.106
4692,2,1707,1731.310749891655,-2332.119066591989,2020-08-06T11:58:58Z,45.52208333,7.82613333,1283.00,85.09
4693,2,1708,1732.310749891655,-2331.119066591989,2020-08-06T11:58:59Z,45.52211667,7.82633333,1284.00,85.075
4694,2,1709,1733.310749891655,-2330.119066591989,2020-08-06T11:59:00Z,45.52216667,7.82653333,1277.00,85.06
4695,2,1710,1734.310749891655,-2329.119066591989,2020-08-06T11:59:01Z,45.52220000,7.82673333,1281.00,85.045
4696,2,1711,1735.310749891655,-2328.119066591989,2020-08-06T11:59:02Z,45.52223333,7.82693333,1277.00,85.03
4697,2,1712,1736.310749891655,-2327.119066591989,2020-08-06T11:59:03Z,45.52226667,7.82713333,1277.00,85.016
4698,2,1713,1737.310749891655,-2326.119066591989,2020-08-06T11:59:04Z,45.52231667,7.82735000,1275.00,84.999
4699,2,1714,1738.310749891655,-2325.119066591989,2020-08-06T11:59:05Z,45.52235000,7.82756667,1274.00,84.983
4700,2,1715,1739.310749891655,-2324.119066591989,2020-08-06T11:59:06Z,45.52238333,7.82776667,1270.00,84.969
4701,2,1716,1740.310749891655,-2323.119066591989,2020-08-06T11:59:07Z,45.52243333,7.82795000,1275.00,84.954
4702,2,1717,1741.310749891655,-2322.119066591989,2020-08-06T11:59:08Z,45.52248333,7.82813333,1281.00,84.939
4703,2,1718,1742.310749891655,-2321.119066591989,2020-08-06T11:59:09Z,45.52253333,7.82830000,1275.00,84.926
4704,2,1719,1743.310749891655,-2320.119066591989,2020-08-06T11:59:10Z,45.52256667,7.82848333,1274.00,84.912
4705,2,1720,1744.310749891655,-2319.119066591989,2020-08-06T11:59:11Z,45.52261667,7.82866667,1273.00,84.897
4706,2,1721,1745.310749891655,-2318.119066591989,2020-08-06T11:59:12Z,45.52266667,7.82888333,1276.00,84.881
4707,2,1722,1746.310749891655,-2317.119066591989,2020-08-06T11:59:13Z,45.52271667,7.82908333,1271.00,84.865
4708,2,1723,1747.310749891655,-2316.119066591989,2020-08-06T11:59:14Z,45.52276667,7.82930000,1267.00,84.848
4709,2,1724,1748.310749891655,-2315.119066591989,2020-08-06T11:59:15Z,45.52281667,7.82948333,1270.00,84.833
4710,2,1725,1749.310749891655,-2314.119066591989,2020-08-06T11:59:16Z,45.52285000,7.82966667,1268.00,84.82
4711,2,1726,1750.310749891655,-2313.119066591989,2020-08-06T11:59:17Z,45.52290000,7.82985000,1268.00,84.805
4712,2,1727,1751.310749891655,-2312.119066591989,2020-08-06T11:59:18Z,45.52295000,7.83003333,1265.00,84.79
4713,2,1728,1752.310749891655,-2311.119066591989,2020-08-06T11:59:19Z,45.52300000,7.83023333,1263.00,84.775
4714,2,1729,1753.310749891655,-2310.119066591989,2020-08-06T11:59:20Z,45.52303333,7.83043333,1256.00,84.76
4715,2,1730,1754.310749891655,-2309.119066591989,2020-08-06T11:59:21Z,45.52308333,7.83063333,1257.00,84.744
4716,2,1731,1755.310749891655,-2308.119066591989,2020-08-06T11:59:22Z,45.52313333,7.83081667,1259.00,84.73
4717,2,1732,1756.310749891655,-2307.119066591989,2020-08-06T11:59:23Z,45.52316667,7.83100000,1256.00,84.716
4718,2,1733,1757.310749891655,-2306.119066591989,2020-08-06T11:59:24Z,45.52321667,7.83118333,1250.00,84.702
4719,2,1734,1758.310749891655,-2305.119066591989,2020-08-06T11:59:25Z,45.52326667,7.83136667,1253.00,84.687
4720,2,1735,1759.310749891655,-2304.119066591989,2020-08-06T11:59:26Z,45.52331667,7.83155000,1262.00,84.672
4721,2,1736,1760.310749891655,-2303.119066591989,2020-08-06T11:59:27Z,45.52336667,7.83171667,1254.00,84.659
4722,2,1737,1761.310749891655,-2302.119066591989,2020-08-06T11:59:28Z,45.52341667,7.83190000,1254.00,84.644
4723,2,1738,1762.310749891655,-2301.119066591989,2020-08-06T11:59:29Z,45.52345000,7.83208333,1244.00,84.63
4724,2,1739,1763.310749891655,-2300.119066591989,2020-08-06T11:59:30Z,45.52350000,7.83226667,1249.00,84.616
4725,2,1740,1764.310749891655,-2299.119066591989,2020-08-06T11:59:31Z,45.52353333,7.83245000,1248.00,84.602
4726,2,1741,1765.310749891655,-2298.119066591989,2020-08-06T11:59:32Z,45.52358333,7.83263333,1244.00,84.587
4727,2,1742,1766.310749891655,-2297.119066591989,2020-08-06T11:59:33Z,45.52361667,7.83281667,1240.00,84.574
4728,2,1743,1767.310749891655,-2296.119066591989,2020-08-06T11:59:34Z,45.52366667,7.83298333,1240.00,84.56
4729,2,1744,1768.310749891655,-2295.119066591989,2020-08-06T11:59:35Z,45.52370000,7.83315000,1239.00,84.548
4730,2,1745,1769.310749891655,-2294.119066591989,2020-08-06T11:59:36Z,45.52373333,7.83333333,1235.00,84.534
4731,2,1746,1770.310749891655,-2293.119066591989,2020-08-06T11:59:37Z,45.52376667,7.83350000,1232.00,84.522
4732,2,1747,1771.310749891655,-2292.119066591989,2020-08-06T11:59:38Z,45.52380000,7.83368333,1232.00,84.508
4733,2,1748,1772.310749891655,-2291.119066591989,2020-08-06T11:59:39Z,45.52381667,7.83386667,1227.00,84.496
4734,2,1749,1773.310749891655,-2290.119066591989,2020-08-06T11:59:40Z,45.52383333,7.83403333,1224.00,84.484
4735,2,1750,1774.310749891655,-2289.119066591989,2020-08-06T11:59:41Z,45.52385000,7.83420000,1223.00,84.473
4736,2,1751,1775.310749891655,-2288.119066591989,2020-08-06T11:59:42Z,45.52386667,7.83436667,1230.00,84.462
4737,2,1752,1776.310749891655,-2287.119066591989,2020-08-06T11:59:43Z,45.52390000,7.83451667,1226.00,84.45
4738,2,1753,1777.310749891655,-2286.119066591989,2020-08-06T11:59:44Z,45.52393333,7.83466667,1226.00,84.439
4739,2,1754,1778.310749891655,-2285.119066591989,2020-08-06T11:59:45Z,45.52396667,7.83480000,1225.00,84.428
4740,2,1755,1779.310749891655,-2284.119066591989,2020-08-06T11:59:46Z,45.52400000,7.83493333,1223.00,84.418
4741,2,1756,1780.310749891655,-2283.119066591989,2020-08-06T11:59:47Z,45.52403333,7.83506667,1219.00,84.408
4742,2,1757,1781.310749891655,-2282.119066591989,2020-08-06T11:59:48Z,45.52406667,7.83523333,1216.00,84.395
4743,2,1758,1782.310749891655,-2281.119066591989,2020-08-06T11:59:49Z,45.52408333,7.83540000,1213.00,84.384
4744,2,1759,1783.310749891655,-2280.119066591989,2020-08-06T11:59:50Z,45.52411667,7.83555000,1210.00,84.372
4745,2,1760,1784.310749891655,-2279.119066591989,2020-08-06T11:59:51Z,45.52413333,7.83570000,1212.00,84.362
4746,2,1761,1785.310749891655,-2278.119066591989,2020-08-06T11:59:52Z,45.52416667,7.83585000,1214.00,84.35
4747,2,1762,1786.310749891655,-2277.119066591989,2020-08-06T11:59:53Z,45.52420000,7.83600000,1211.00,84.339
4748,2,1763,1787.310749891655,-2276.119066591989,2020-08-06T11:59:54Z,45.52423333,7.83615000,1210.00,84.328
4749,2,1764,1788.310749891655,-2275.119066591989,2020-08-06T11:59:55Z,45.52426667,7.83631667,1207.00,84.315
4750,2,1765,1789.310749891655,-2274.119066591989,2020-08-06T11:59:56Z,45.52428333,7.83646667,1211.00,84.305
4751,2,1766,1790.310749891655,-2273.119066591989,2020-08-06T11:59:57Z,45.52430000,7.83661667,1208.00,84.294
4752,2,1767,1791.310749891655,-2272.119066591989,2020-08-06T11:59:58Z,45.52431667,7.83675000,1205.00,84.285
4753,2,1768,1792.310749891655,-2271.119066591989,2020-08-06T11:59:59Z,45.52435000,7.83690000,1209.00,84.274
4754,2,1769,1793.310749891655,-2270.119066591989,2020-08-06T12:00:00Z,45.52436667,7.83703333,1206.00,84.264
4755,2,1770,1794.310749891655,-2269.119066591989,2020-08-06T12:00:01Z,45.52438333,7.83720000,1201.00,84.253
4756,2,1771,1795.310749891655,-2268.119066591989,2020-08-06T12:00:02Z,45.52440000,7.83735000,1201.00,84.243
4757,2,1772,1796.310749891655,-2267.119066591989,2020-08-06T12:00:03Z,45.52440000,7.83751667,1198.00,84.233
4758,2,1773,1797.310749891655,-2266.119066591989,2020-08-06T12:00:04Z,45.52443333,7.83766667,1198.00,84.221
4759,2,1774,1798.310749891655,-2265.119066591989,2020-08-06T12:00:05Z,45.52446667,7.83781667,1200.00,84.21
4760,2,1775,1799.310749891655,-2264.119066591989,2020-08-06T12:00:06Z,45.52450000,7.83796667,1196.00,84.198
4761,2,1776,1800.310749891655,-2263.119066591989,2020-08-06T12:00:07Z,45.52455000,7.83811667,1196.00,84.186
4762,2,1777,1801.310749891655,-2262.119066591989,2020-08-06T12:00:08Z,45.52458333,7.83826667,1193.00,84.174
4763,2,1778,1802.310749891655,-2261.119066591989,2020-08-06T12:00:09Z,45.52461667,7.83843333,1187.00,84.162
4764,2,1779,1803.310749891655,-2260.119066591989,2020-08-06T12:00:10Z,45.52465000,7.83858333,1189.00,84.15
4765,2,1780,1804.310749891655,-2259.119066591989,2020-08-06T12:00:11Z,45.52466667,7.83875000,1186.00,84.139
4766,2,1781,1805.310749891655,-2258.119066591989,2020-08-06T12:00:12Z,45.52468333,7.83890000,1183.00,84.129
4767,2,1782,1806.310749891655,-2257.119066591989,2020-08-06T12:00:13Z,45.52471667,7.83905000,1182.00,84.117
4768,2,1783,1807.310749891655,-2256.119066591989,2020-08-06T12:00:14Z,45.52473333,7.83920000,1180.00,84.107
4769,2,1784,1808.310749891655,-2255.119066591989,2020-08-06T12:00:15Z,45.52476667,7.83936667,1180.00,84.095
4770,2,1785,1809.310749891655,-2254.119066591989,2020-08-06T12:00:16Z,45.52478333,7.83951667,1179.00,84.084
4771,2,1786,1810.310749891655,-2253.119066591989,2020-08-06T12:00:17Z,45.52481667,7.83966667,1179.00,84.073
4772,2,1787,1811.310749891655,-2252.119066591989,2020-08-06T12:00:18Z,45.52485000,7.83981667,1180.00,84.062
4773,2,1788,1812.310749891655,-2251.119066591989,2020-08-06T12:00:19Z,45.52486667,7.83996667,1176.00,84.051
4774,2,1789,1813.310749891655,-2250.119066591989,2020-08-06T12:00:20Z,45.52490000,7.84013333,1176.00,84.039
4775,2,1790,1814.310749891655,-2249.119066591989,2020-08-06T12:00:21Z,45.52491667,7.84028333,1178.00,84.029
4776,2,1791,1815.310749891655,-2248.119066591989,2020-08-06T12:00:22Z,45.52495000,7.84043333,1176.00,84.017
4777,2,1792,1816.310749891655,-2247.119066591989,2020-08-06T12:00:23Z,45.52498333,7.84060000,1175.00,84.005
4778,2,1793,1817.310749891655,-2246.119066591989,2020-08-06T12:00:24Z,45.52501667,7.84075000,1175.00,83.993
4779,2,1794,1818.310749891655,-2245.119066591989,2020-08-06T12:00:25Z,45.52505000,7.84090000,1167.00,83.982
4780,2,1795,1819.310749891655,-2244.119066591989,2020-08-06T12:00:26Z,45.52508333,7.84105000,1179.00,83.971
4781,2,1796,1820.310749891655,-2243.119066591989,2020-08-06T12:00:27Z,45.52511667,7.84121667,1175.00,83.958
4782,2,1797,1821.310749891655,-2242.119066591989,2020-08-06T12:00:28Z,45.52515000,7.84136667,1171.00,83.947
4783,2,1798,1822.310749891655,-2241.119066591989,2020-08-06T12:00:29Z,45.52518333,7.84150000,1172.00,83.936
4784,2,1799,1823.310749891655,-2240.119066591989,2020-08-06T12:00:30Z,45.52521667,7.84163333,1170.00,83.926
4785,2,1800,1824.310749891655,-2239.119066591989,2020-08-06T12:00:31Z,45.52525000,7.84176667,1171.00,83.915
4786,2,1801,1825.310749891655,-2238.119066591989,2020-08-06T12:00:32Z,45.52528333,7.84191667,1169.00,83.904
4787,2,1802,1826.310749891655,-2237.119066591989,2020-08-06T12:00:33Z,45.52530000,7.84206667,1167.00,83.894
4788,2,1803,1827.310749891655,-2236.119066591989,2020-08-06T12:00:34Z,45.52531667,7.84223333,1166.00,83.883
4789,2,1804,1828.310749891655,-2235.119066591989,2020-08-06T12:00:35Z,45.52533333,7.84238333,1161.00,83.872
4790,2,1805,1829.310749891655,-2234.119066591989,2020-08-06T12:00:36Z,45.52536667,7.84253333,1161.00,83.861
4791,2,1806,1830.310749891655,-2233.119066591989,2020-08-06T12:00:37Z,45.52538333,7.84266667,1156.00,83.852
4792,2,1807,1831.310749891655,-2232.119066591989,2020-08-06T12:00:38Z,45.52541667,7.84280000,1163.00,83.841
4793,2,1808,1832.310749891655,-2231.119066591989,2020-08-06T12:00:39Z,45.52545000,7.84295000,1156.00,83.83
4794,2,1809,1833.310749891655,-2230.119066591989,2020-08-06T12:00:40Z,45.52548333,7.84310000,1153.00,83.819
4795,2,1810,1834.310749891655,-2229.119066591989,2020-08-06T12:00:41Z,45.52551667,7.84325000,1158.00,83.807
4796,2,1811,1835.310749891655,-2228.119066591989,2020-08-06T12:00:42Z,45.52553333,7.84340000,1155.00,83.797
4797,2,1812,1836.310749891655,-2227.119066591989,2020-08-06T12:00:43Z,45.52555000,7.84353333,1150.00,83.788
4798,2,1813,1837.310749891655,-2226.119066591989,2020-08-06T12:00:44Z,45.52558333,7.84368333,1150.00,83.776
4799,2,1814,1838.310749891655,-2225.119066591989,2020-08-06T12:00:45Z,45.52560000,7.84383333,1150.00,83.766
4800,2,1815,1839.310749891655,-2224.119066591989,2020-08-06T12:00:46Z,45.52563333,7.84398333,1144.00,83.755
4801,2,1816,1840.310749891655,-2223.119066591989,2020-08-06T12:00:47Z,45.52566667,7.84413333,1145.00,83.743
4802,2,1817,1841.310749891655,-2222.119066591989,2020-08-06T12:00:48Z,45.52570000,7.84428333,1142.00,83.732
4803,2,1818,1842.310749891655,-2221.119066591989,2020-08-06T12:00:49Z,45.52571667,7.84443333,1142.00,83.722
4804,2,1819,1843.310749891655,-2220.119066591989,2020-08-06T12:00:50Z,45.52575000,7.84456667,1141.00,83.711
4805,2,1820,1844.310749891655,-2219.119066591989,2020-08-06T12:00:51Z,45.52578333,7.84470000,1140.00,83.701
4806,2,1821,1845.310749891655,-2218.119066591989,2020-08-06T12:00:52Z,45.52581667,7.84485000,1138.00,83.69
4807,2,1822,1846.310749891655,-2217.119066591989,2020-08-06T12:00:53Z,45.52583333,7.84498333,1136.00,83.68
4808,2,1823,1847.310749891655,-2216.119066591989,2020-08-06T12:00:54Z,45.52586667,7.84513333,1134.00,83.669
4809,2,1824,1848.310749891655,-2215.119066591989,2020-08-06T12:00:55Z,45.52590000,7.84528333,1131.00,83.658
4810,2,1825,1849.310749891655,-2214.119066591989,2020-08-06T12:00:56Z,45.52593333,7.84543333,1131.00,83.646
4811,2,1826,1850.310749891655,-2213.119066591989,2020-08-06T12:00:57Z,45.52595000,7.84556667,1134.00,83.637
4812,2,1827,1851.310749891655,-2212.119066591989,2020-08-06T12:00:58Z,45.52596667,7.84570000,1131.00,83.628
4813,2,1828,1852.310749891655,-2211.119066591989,2020-08-06T12:00:59Z,45.52600000,7.84583333,1131.00,83.617
4814,2,1829,1853.310749891655,-2210.119066591989,2020-08-06T12:01:00Z,45.52601667,7.84596667,1127.00,83.608
4815,2,1830,1854.310749891655,-2209.119066591989,2020-08-06T12:01:01Z,45.52603333,7.84608333,1125.00,83.6
4816,2,1831,1855.310749891655,-2208.119066591989,2020-08-06T12:01:02Z,45.52605000,7.84621667,1131.00,83.591
4817,2,1832,1856.310749891655,-2207.119066591989,2020-08-06T12:01:03Z,45.52608333,7.84635000,1127.00,83.58
4818,2,1833,1857.310749891655,-2206.119066591989,2020-08-06T12:01:04Z,45.52610000,7.84648333,1121.00,83.571
4819,2,1834,1858.310749891655,-2205.119066591989,2020-08-06T12:01:05Z,45.52611667,7.84660000,1124.00,83.563
4820,2,1835,1859.310749891655,-2204.119066591989,2020-08-06T12:01:06Z,45.52613333,7.84671667,1129.00,83.555
4821,2,1836,1860.310749891655,-2203.119066591989,2020-08-06T12:01:07Z,45.52616667,7.84683333,1121.00,83.546
4822,2,1837,1861.310749891655,-2202.119066591989,2020-08-06T12:01:08Z,45.52620000,7.84695000,1121.00,83.536
4823,2,1838,1862.310749891655,-2201.119066591989,2020-08-06T12:01:09Z,45.52621667,7.84706667,1118.00,83.528
4824,2,1839,1863.310749891655,-2200.119066591989,2020-08-06T12:01:10Z,45.52625000,7.84720000,1119.00,83.518
4825,2,1840,1864.310749891655,-2199.119066591989,2020-08-06T12:01:11Z,45.52628333,7.84733333,1116.00,83.507
4826,2,1841,1865.310749891655,-2198.119066591989,2020-08-06T12:01:12Z,45.52631667,7.84746667,1109.00,83.497
4827,2,1842,1866.310749891655,-2197.119066591989,2020-08-06T12:01:13Z,45.52635000,7.84758333,1112.00,83.488
4828,2,1843,1867.310749891655,-2196.119066591989,2020-08-06T12:01:14Z,45.52638333,7.84770000,1114.00,83.478
4829,2,1844,1868.310749891655,-2195.119066591989,2020-08-06T12:01:15Z,45.52640000,7.84781667,1111.00,83.47
4830,2,1845,1869.310749891655,-2194.119066591989,2020-08-06T12:01:16Z,45.52643333,7.84795000,1092.00,83.46
4831,2,1846,1870.310749891655,-2193.119066591989,2020-08-06T12:01:17Z,45.52645000,7.84808333,1097.00,83.45
4832,2,1847,1871.310749891655,-2192.119066591989,2020-08-06T12:01:18Z,45.52646667,7.84821667,1102.00,83.441
4833,2,1848,1872.310749891655,-2191.119066591989,2020-08-06T12:01:19Z,45.52646667,7.84833333,1102.00,83.434
4834,2,1849,1873.310749891655,-2190.119066591989,2020-08-06T12:01:20Z,45.52646667,7.84845000,1101.00,83.427
4835,2,1850,1874.310749891655,-2189.119066591989,2020-08-06T12:01:21Z,45.52646667,7.84856667,1106.00,83.42
4836,2,1851,1875.310749891655,-2188.119066591989,2020-08-06T12:01:22Z,45.52645000,7.84868333,1120.00,83.415
4837,2,1852,1876.310749891655,-2187.119066591989,2020-08-06T12:01:23Z,45.52645000,7.84880000,1093.00,83.408
4838,2,1853,1877.310749891655,-2186.119066591989,2020-08-06T12:01:24Z,45.52646667,7.84896667,1097.00,83.396
4839,2,1854,1878.310749891655,-2185.119066591989,2020-08-06T12:01:25Z,45.52648333,7.84913333,1096.00,83.385
4840,2,1855,1879.310749891655,-2184.119066591989,2020-08-06T12:01:26Z,45.52650000,7.84931667,1093.00,83.373
4841,2,1856,1880.310749891655,-2183.119066591989,2020-08-06T12:01:27Z,45.52653333,7.84950000,1085.00,83.36
4842,2,1857,1881.310749891655,-2182.119066591989,2020-08-06T12:01:28Z,45.52656667,7.84966667,1083.00,83.348
4843,2,1858,1882.310749891655,-2181.119066591989,2020-08-06T12:01:29Z,45.52660000,7.84981667,1083.00,83.336
4844,2,1859,1883.310749891655,-2180.119066591989,2020-08-06T12:01:30Z,45.52663333,7.84998333,1073.00,83.324
4845,2,1860,1884.310749891655,-2179.119066591989,2020-08-06T12:01:31Z,45.52666667,7.85013333,1081.00,83.313
4846,2,1861,1885.310749891655,-2178.119066591989,2020-08-06T12:01:32Z,45.52670000,7.85028333,1073.00,83.301
4847,2,1862,1886.310749891655,-2177.119066591989,2020-08-06T12:01:33Z,45.52671667,7.85045000,1072.00,83.29
4848,2,1863,1887.310749891655,-2176.119066591989,2020-08-06T12:01:34Z,45.52675000,7.85061667,1073.00,83.278
4849,2,1864,1888.310749891655,-2175.119066591989,2020-08-06T12:01:35Z,45.52678333,7.85078333,1068.00,83.265
4850,2,1865,1889.310749891655,-2174.119066591989,2020-08-06T12:01:36Z,45.52681667,7.85095000,1069.00,83.253
4851,2,1866,1890.310749891655,-2173.119066591989,2020-08-06T12:01:37Z,45.52685000,7.85110000,1074.00,83.242
4852,2,1867,1891.310749891655,-2172.119066591989,2020-08-06T12:01:38Z,45.52688333,7.85126667,1067.00,83.229
4853,2,1868,1892.310749891655,-2171.119066591989,2020-08-06T12:01:39Z,45.52691667,7.85140000,1066.00,83.219
4854,2,1869,1893.310749891655,-2170.119066591989,2020-08-06T12:01:40Z,45.52695000,7.85155000,1066.00,83.208
4855,2,1870,1894.310749891655,-2169.119066591989,2020-08-06T12:01:41Z,45.52698333,7.85170000,1059.00,83.197
4856,2,1871,1895.310749891655,-2168.119066591989,2020-08-06T12:01:42Z,45.52701667,7.85186667,1051.00,83.184
4857,2,1872,1896.310749891655,-2167.119066591989,2020-08-06T12:01:43Z,45.52706667,7.85205000,1053.00,83.17
4858,2,1873,1897.310749891655,-2166.119066591989,2020-08-06T12:01:44Z,45.52710000,7.85221667,1057.00,83.157
4859,2,1874,1898.310749891655,-2165.119066591989,2020-08-06T12:01:45Z,45.52715000,7.85240000,1048.00,83.143
4860,2,1875,1899.310749891655,-2164.119066591989,2020-08-06T12:01:46Z,45.52718333,7.85256667,1041.00,83.131
4861,2,1876,1900.310749891655,-2163.119066591989,2020-08-06T12:01:47Z,45.52723333,7.85271667,1040.00,83.118
4862,2,1877,1901.310749891655,-2162.119066591989,2020-08-06T12:01:48Z,45.52728333,7.85288333,1039.00,83.105
4863,2,1878,1902.310749891655,-2161.119066591989,2020-08-06T12:01:49Z,45.52733333,7.85305000,1037.00,83.091
4864,2,1879,1903.310749891655,-2160.119066591989,2020-08-06T12:01:50Z,45.52738333,7.85321667,1039.00,83.078
4865,2,1880,1904.310749891655,-2159.119066591989,2020-08-06T12:01:51Z,45.52743333,7.85338333,1032.00,83.064
4866,2,1881,1905.310749891655,-2158.119066591989,2020-08-06T12:01:52Z,45.52748333,7.85355000,1020.00,83.051
4867,2,1882,1906.310749891655,-2157.119066591989,2020-08-06T12:01:53Z,45.52751667,7.85371667,1027.00,83.038
4868,2,1883,1907.310749891655,-2156.119066591989,2020-08-06T12:01:54Z,45.52756667,7.85388333,1020.00,83.025
4869,2,1884,1908.310749891655,-2155.119066591989,2020-08-06T12:01:55Z,45.52761667,7.85406667,1021.00,83.01
4870,2,1885,1909.310749891655,-2154.119066591989,2020-08-06T12:01:56Z,45.52768333,7.85423333,1020.00,82.996
4871,2,1886,1910.310749891655,-2153.119066591989,2020-08-06T12:01:57Z,45.52771667,7.85438333,1015.00,82.984
4872,2,1887,1911.310749891655,-2152.119066591989,2020-08-06T12:01:58Z,45.52776667,7.85453333,1016.00,82.972
4873,2,1888,1912.310749891655,-2151.119066591989,2020-08-06T12:01:59Z,45.52780000,7.85466667,1016.00,82.962
4874,2,1889,1913.310749891655,-2150.119066591989,2020-08-06T12:02:00Z,45.52785000,7.85478333,1008.00,82.951
4875,2,1890,1914.310749891655,-2149.119066591989,2020-08-06T12:02:01Z,45.52788333,7.85491667,1004.00,82.941
4876,2,1891,1915.310749891655,-2148.119066591989,2020-08-06T12:02:02Z,45.52793333,7.85506667,995.00,82.928
4877,2,1892,1916.310749891655,-2147.119066591989,2020-08-06T12:02:03Z,45.52798333,7.85523333,996.00,82.915
4878,2,1893,1917.310749891655,-2146.119066591989,2020-08-06T12:02:04Z,45.52803333,7.85540000,997.00,82.901
4879,2,1894,1918.310749891655,-2145.119066591989,2020-08-06T12:02:05Z,45.52808333,7.85556667,978.00,82.888
4880,2,1895,1919.310749891655,-2144.119066591989,2020-08-06T12:02:06Z,45.52815000,7.85573333,977.00,82.873
4881,2,1896,1920.310749891655,-2143.119066591989,2020-08-06T12:02:07Z,45.52820000,7.85590000,979.00,82.86
4882,2,1897,1921.310749891655,-2142.119066591989,2020-08-06T12:02:08Z,45.52828333,7.85606667,975.00,82.844
4883,2,1898,1922.310749891655,-2141.119066591989,2020-08-06T12:02:09Z,45.52835000,7.85623333,973.00,82.829
4884,2,1899,1923.310749891655,-2140.119066591989,2020-08-06T12:02:10Z,45.52843333,7.85640000,966.00,82.813
4885,2,1900,1924.310749891655,-2139.119066591989,2020-08-06T12:02:11Z,45.52850000,7.85656667,967.00,82.799
4886,2,1901,1925.310749891655,-2138.119066591989,2020-08-06T12:02:12Z,45.52858333,7.85673333,964.00,82.783
4887,2,1902,1926.310749891655,-2137.119066591989,2020-08-06T12:02:13Z,45.52865000,7.85688333,969.00,82.769
4888,2,1903,1927.310749891655,-2136.119066591989,2020-08-06T12:02:14Z,45.52871667,7.85705000,966.00,82.754
4889,2,1904,1928.310749891655,-2135.119066591989,2020-08-06T12:02:15Z,45.52878333,7.85720000,965.00,82.741
4890,2,1905,1929.310749891655,-2134.119066591989,2020-08-06T12:02:16Z,45.52883333,7.85736667,960.00,82.727
4891,2,1906,1930.310749891655,-2133.119066591989,2020-08-06T12:02:17Z,45.52890000,7.85753333,956.00,82.712
4892,2,1907,1931.310749891655,-2132.119066591989,2020-08-06T12:02:18Z,45.52896667,7.85770000,969.00,82.698
4893,2,1908,1932.310749891655,-2131.119066591989,2020-08-06T12:02:19Z,45.52903333,7.85786667,955.00,82.683
4894,2,1909,1933.310749891655,-2130.119066591989,2020-08-06T12:02:20Z,45.52911667,7.85800000,960.00,82.669
4895,2,1910,1934.310749891655,-2129.119066591989,2020-08-06T12:02:21Z,45.52916667,7.85810000,961.00,82.66
4896,2,1911,1935.310749891655,-2128.119066591989,2020-08-06T12:02:22Z,45.52923333,7.85818333,964.00,82.65
4897,2,1912,1936.310749891655,-2127.119066591989,2020-08-06T12:02:23Z,45.52930000,7.85825000,965.00,82.641
4898,2,1913,1937.310749891655,-2126.119066591989,2020-08-06T12:02:24Z,45.52936667,7.85831667,965.00,82.632
4899,2,1914,1938.310749891655,-2125.119066591989,2020-08-06T12:02:25Z,45.52943333,7.85841667,957.00,82.622
4900,2,1915,1939.310749891655,-2124.119066591989,2020-08-06T12:02:26Z,45.52950000,7.85855000,954.00,82.609
4901,2,1916,1940.310749891655,-2123.119066591989,2020-08-06T12:02:27Z,45.52955000,7.85868333,964.00,82.597
4902,2,1917,1941.310749891655,-2122.119066591989,2020-08-06T12:02:28Z,45.52960000,7.85881667,942.00,82.586
4903,2,1918,1942.310749891655,-2121.119066591989,2020-08-06T12:02:29Z,45.52965000,7.85893333,960.00,82.575
4904,2,1919,1943.310749891655,-2120.119066591989,2020-08-06T12:02:30Z,45.52970000,7.85900000,955.00,82.568
4905,2,1920,1944.310749891655,-2119.119066591989,2020-08-06T12:02:31Z,45.52976667,7.85906667,956.00,82.559
4906,2,1921,1945.310749891655,-2118.119066591989,2020-08-06T12:02:32Z,45.52983333,7.85915000,952.00,82.549
4907,2,1922,1946.310749891655,-2117.119066591989,2020-08-06T12:02:33Z,45.52990000,7.85926667,942.00,82.538
4908,2,1923,1947.310749891655,-2116.119066591989,2020-08-06T12:02:34Z,45.52995000,7.85940000,948.00,82.526
4909,2,1924,1948.310749891655,-2115.119066591989,2020-08-06T12:02:35Z,45.53001667,7.85950000,952.00,82.515
4910,2,1925,1949.310749891655,-2114.119066591989,2020-08-06T12:02:36Z,45.53008333,7.85958333,949.00,82.506
4911,2,1926,1950.310749891655,-2113.119066591989,2020-08-06T12:02:37Z,45.53013333,7.85963333,957.00,82.499
4912,2,1927,1951.310749891655,-2112.119066591989,2020-08-06T12:02:38Z,45.53021667,7.85970000,948.00,82.489
4913,2,1928,1952.310749891655,-2111.119066591989,2020-08-06T12:02:39Z,45.53030000,7.85975000,949.00,82.48
4914,2,1929,1953.310749891655,-2110.119066591989,2020-08-06T12:02:40Z,45.53038333,7.85983333,950.00,82.469
4915,2,1930,1954.310749891655,-2109.119066591989,2020-08-06T12:02:41Z,45.53050000,7.85991667,947.00,82.456
4916,2,1931,1955.310749891655,-2108.119066591989,2020-08-06T12:02:42Z,45.53060000,7.86001667,950.00,82.443
4917,2,1932,1956.310749891655,-2107.119066591989,2020-08-06T12:02:43Z,45.53070000,7.86010000,948.00,82.43
4918,2,1933,1957.310749891655,-2106.119066591989,2020-08-06T12:02:44Z,45.53078333,7.86016667,943.00,82.42
4919,2,1934,1958.310749891655,-2105.119066591989,2020-08-06T12:02:45Z,45.53085000,7.86025000,949.00,82.411
4920,2,1935,1959.310749891655,-2104.119066591989,2020-08-06T12:02:46Z,45.53091667,7.86035000,957.00,82.4
4921,2,1936,1960.310749891655,-2103.119066591989,2020-08-06T12:02:47Z,45.53100000,7.86045000,949.00,82.388
4922,2,1937,1961.310749891655,-2102.119066591989,2020-08-06T12:02:48Z,45.53106667,7.86056667,954.00,82.376
4923,2,1938,1962.310749891655,-2101.119066591989,2020-08-06T12:02:49Z,45.53111667,7.86066667,952.00,82.367
4924,2,1939,1963.310749891655,-2100.119066591989,2020-08-06T12:02:50Z,45.53115000,7.86078333,949.00,82.357
4925,2,1940,1964.310749891655,-2099.119066591989,2020-08-06T12:02:51Z,45.53118333,7.86088333,959.00,82.349
4926,2,1941,1965.310749891655,-2098.119066591989,2020-08-06T12:02:52Z,45.53121667,7.86096667,936.00,82.342
4927,2,1942,1966.310749891655,-2097.119066591989,2020-08-06T12:02:53Z,45.53121667,7.86103333,945.00,82.338
4928,2,1943,1967.310749891655,-2096.119066591989,2020-08-06T12:02:54Z,45.53118333,7.86111667,964.00,82.335
4929,2,1944,1968.310749891655,-2095.119066591989,2020-08-06T12:02:55Z,45.53111667,7.86116667,944.00,82.337
4930,2,1945,1969.310749891655,-2094.119066591989,2020-08-06T12:02:56Z,45.53103333,7.86120000,957.00,82.341
4931,2,1946,1970.310749891655,-2093.119066591989,2020-08-06T12:02:57Z,45.53096667,7.86118333,957.00,82.347
4932,2,1947,1971.310749891655,-2092.119066591989,2020-08-06T12:02:58Z,45.53090000,7.86111667,952.00,82.356
4933,2,1948,1972.310749891655,-2091.119066591989,2020-08-06T12:02:59Z,45.53083333,7.86101667,956.00,82.367
4934,2,1949,1973.310749891655,-2090.119066591989,2020-08-06T12:03:00Z,45.53081667,7.86086667,963.00,82.377
4935,2,1950,1974.310749891655,-2089.119066591989,2020-08-06T12:03:01Z,45.53083333,7.86071667,945.00,82.384
4936,2,1951,1975.310749891655,-2088.119066591989,2020-08-06T12:03:02Z,45.53083333,7.86051667,947.00,82.396
4937,2,1952,1976.310749891655,-2087.119066591989,2020-08-06T12:03:03Z,45.53086667,7.86033333,956.00,82.405
4938,2,1953,1977.310749891655,-2086.119066591989,2020-08-06T12:03:04Z,45.53091667,7.86016667,949.00,82.411
4939,2,1954,1978.310749891655,-2085.119066591989,2020-08-06T12:03:05Z,45.53098333,7.86001667,944.00,82.415
4940,2,1955,1979.310749891655,-2084.119066591989,2020-08-06T12:03:06Z,45.53106667,7.85990000,947.00,82.416
4941,2,1956,1980.310749891655,-2083.119066591989,2020-08-06T12:03:07Z,45.53116667,7.85976667,947.00,82.416
4942,2,1957,1981.310749891655,-2082.119066591989,2020-08-06T12:03:08Z,45.53128333,7.85965000,956.00,82.415
4943,2,1958,1982.310749891655,-2081.119066591989,2020-08-06T12:03:09Z,45.53141667,7.85955000,927.00,82.411
4944,2,1959,1983.310749891655,-2080.119066591989,2020-08-06T12:03:10Z,45.53156667,7.85950000,941.00,82.403
4945,2,1960,1984.310749891655,-2079.119066591989,2020-08-06T12:03:11Z,45.53170000,7.85950000,933.00,82.394
4946,2,1961,1985.310749891655,-2078.119066591989,2020-08-06T12:03:12Z,45.53181667,7.85953333,932.00,82.384
4947,2,1962,1986.310749891655,-2077.119066591989,2020-08-06T12:03:13Z,45.53191667,7.85958333,943.00,82.373
4948,2,1963,1987.310749891655,-2076.119066591989,2020-08-06T12:03:14Z,45.53200000,7.85963333,937.00,82.364
4949,2,1964,1988.310749891655,-2075.119066591989,2020-08-06T12:03:15Z,45.53210000,7.85968333,946.00,82.354
4950,2,1965,1989.310749891655,-2074.119066591989,2020-08-06T12:03:16Z,45.53218333,7.85976667,942.00,82.343
4951,2,1966,1990.310749891655,-2073.119066591989,2020-08-06T12:03:17Z,45.53225000,7.85986667,938.00,82.333
4952,2,1967,1991.310749891655,-2072.119066591989,2020-08-06T12:03:18Z,45.53230000,7.85998333,948.00,82.322
4953,2,1968,1992.310749891655,-2071.119066591989,2020-08-06T12:03:19Z,45.53235000,7.86010000,941.00,82.312
4954,2,1969,1993.310749891655,-2070.119066591989,2020-08-06T12:03:20Z,45.53238333,7.86020000,949.00,82.303
4955,2,1970,1994.310749891655,-2069.119066591989,2020-08-06T12:03:21Z,45.53238333,7.86030000,947.00,82.297
4956,2,1971,1995.310749891655,-2068.119066591989,2020-08-06T12:03:22Z,45.53238333,7.86038333,951.00,82.292
4957,2,1972,1996.310749891655,-2067.119066591989,2020-08-06T12:03:23Z,45.53236667,7.86048333,932.00,82.288
4958,2,1973,1997.310749891655,-2066.119066591989,2020-08-06T12:03:24Z,45.53233333,7.86060000,940.00,82.283
4959,2,1974,1998.310749891655,-2065.119066591989,2020-08-06T12:03:25Z,45.53228333,7.86068333,937.00,82.282
4960,2,1975,1999.310749891655,-2064.119066591989,2020-08-06T12:03:26Z,45.53221667,7.86073333,951.00,82.283
4961,2,1976,2000.310749891655,-2063.119066591989,2020-08-06T12:03:27Z,45.53218333,7.86075000,946.00,82.285
4962,2,1977,2001.310749891655,-2062.119066591989,2020-08-06T12:03:28Z,45.53213333,7.86076667,946.00,82.287
4963,2,1978,2002.310749891655,-2061.119066591989,2020-08-06T12:03:29Z,45.53210000,7.86076667,941.00,82.29
4964,2,1979,2003.310749891655,-2060.119066591989,2020-08-06T12:03:30Z,45.53205000,7.86080000,939.00,82.291
4965,2,1980,2004.310749891655,-2059.119066591989,2020-08-06T12:03:31Z,45.53200000,7.86085000,924.00,82.292
4966,2,1981,2005.310749891655,-2058.119066591989,2020-08-06T12:03:32Z,45.53193333,7.86091667,931.00,82.293
4967,2,1982,2006.310749891655,-2057.119066591989,2020-08-06T12:03:33Z,45.53188333,7.86101667,898.00,82.291
4968,2,1983,2007.310749891655,-2056.119066591989,2020-08-06T12:03:34Z,45.53185000,7.86110000,890.00,82.288
4969,2,1984,2008.310749891655,-2055.119066591989,2020-08-06T12:03:35Z,45.53181667,7.86116667,943.00,82.287
4970,2,1985,2009.310749891655,-2054.119066591989,2020-08-06T12:03:36Z,45.53176667,7.86121667,907.00,82.287
4971,2,1986,2010.310749891655,-2053.119066591989,2020-08-06T12:03:37Z,45.53170000,7.86126667,969.00,82.289
4972,2,1987,2011.310749891655,-2052.119066591989,2020-08-06T12:03:38Z,45.53165000,7.86133333,885.00,82.289
4973,2,1988,2012.310749891655,-2051.119066591989,2020-08-06T12:03:39Z,45.53158333,7.86138333,977.00,82.291
4974,2,1989,2013.310749891655,-2050.119066591989,2020-08-06T12:03:40Z,45.53153333,7.86146667,944.00,82.289
4975,2,1990,2014.310749891655,-2049.119066591989,2020-08-06T12:03:41Z,45.53148333,7.86155000,907.00,82.288
4976,2,1991,2015.310749891655,-2048.119066591989,2020-08-06T12:03:42Z,45.53145000,7.86161667,907.00,82.286
4977,2,1992,2016.310749891655,-2047.119066591989,2020-08-06T12:03:43Z,45.53141667,7.86168333,922.00,82.285
4978,2,1993,2017.310749891655,-2046.119066591989,2020-08-06T12:03:44Z,45.53138333,7.86176667,914.00,82.282
4979,2,1994,2018.310749891655,-2045.119066591989,2020-08-06T12:03:45Z,45.53135000,7.86183333,964.00,82.281
4980,2,1995,2019.310749891655,-2044.119066591989,2020-08-06T12:03:46Z,45.53131667,7.86193333,927.00,82.277
4981,2,1996,2020.310749891655,-2043.119066591989,2020-08-06T12:03:47Z,45.53128333,7.86201667,917.00,82.275
4982,2,1997,2021.310749891655,-2042.119066591989,2020-08-06T12:03:48Z,45.53125000,7.86208333,912.00,82.273
4983,2,1998,2022.310749891655,-2041.119066591989,2020-08-06T12:03:49Z,45.53121667,7.86215000,898.00,82.272
4984,2,1999,2023.310749891655,-2040.119066591989,2020-08-06T12:03:50Z,45.53120000,7.86220000,906.00,82.27
4985,2,2000,2024.310749891655,-2039.119066591989,2020-08-06T12:03:51Z,45.53116667,7.86225000,902.00,82.27
4986,2,2001,2025.310749891655,-2038.119066591989,2020-08-06T12:03:52Z,45.53115000,7.86233333,892.00,82.266
4987,2,2002,2026.310749891655,-2037.119066591989,2020-08-06T12:03:53Z,45.53111667,7.86243333,893.00,82.262
4988,2,2003,2027.310749891655,-2036.119066591989,2020-08-06T12:03:54Z,45.53106667,7.86253333,886.00,82.26
4989,2,2004,2028.310749891655,-2035.119066591989,2020-08-06T12:03:55Z,45.53101667,7.86260000,897.00,82.26
4990,2,2005,2029.310749891655,-2034.119066591989,2020-08-06T12:03:56Z,45.53096667,7.86265000,894.00,82.261
4991,2,2006,2030.310749891655,-2033.119066591989,2020-08-06T12:03:57Z,45.53093333,7.86268333,892.00,82.261
4992,2,2007,2031.310749891655,-2032.119066591989,2020-08-06T12:03:58Z,45.53090000,7.86273333,898.00,82.261
4993,2,2008,2032.310749891655,-2031.119066591989,2020-08-06T12:03:59Z,45.53086667,7.86276667,897.00,82.261
4994,2,2009,2033.310749891655,-2030.119066591989,2020-08-06T12:04:00Z,45.53081667,7.86281667,891.00,82.262
4995,2,2010,2034.310749891655,-2029.119066591989,2020-08-06T12:04:01Z,45.53076667,7.86285000,885.00,82.264
4996,2,2011,2035.310749891655,-2028.119066591989,2020-08-06T12:04:02Z,45.53071667,7.86290000,884.00,82.264
4997,2,2012,2036.310749891655,-2027.119066591989,2020-08-06T12:04:03Z,45.53066667,7.86296667,891.00,82.264
4998,2,2013,2037.310749891655,-2026.119066591989,2020-08-06T12:04:04Z,45.53063333,7.86301667,901.00,82.263
4999,2,2014,2038.310749891655,-2025.119066591989,2020-08-06T12:04:05Z,45.53060000,7.86308333,887.00,82.262
5000,2,2015,2039.310749891655,-2024.119066591989,2020-08-06T12:04:06Z,45.53055000,7.86315000,885.00,82.262
5001,2,2016,2040.310749891655,-2023.119066591989,2020-08-06T12:04:07Z,45.53048333,7.86321667,883.00,82.263
5002,2,2017,2041.310749891655,-2022.119066591989,2020-08-06T12:04:08Z,45.53041667,7.86330000,883.00,82.263
5003,2,2018,2042.310749891655,-2021.119066591989,2020-08-06T12:04:09Z,45.53035000,7.86338333,890.00,82.263
5004,2,2019,2043.310749891655,-2020.119066591989,2020-08-06T12:04:10Z,45.53028333,7.86348333,884.00,82.262
5005,2,2020,2044.310749891655,-2019.119066591989,2020-08-06T12:04:11Z,45.53021667,7.86356667,876.00,82.262
5006,2,2021,2045.310749891655,-2018.119066591989,2020-08-06T12:04:12Z,45.53013333,7.86365000,881.00,82.263
5007,2,2022,2046.310749891655,-2017.119066591989,2020-08-06T12:04:13Z,45.53006667,7.86373333,882.00,82.263
5008,2,2023,2047.310749891655,-2016.119066591989,2020-08-06T12:04:14Z,45.52998333,7.86383333,883.00,82.263
5009,2,2024,2048.310749891655,-2015.119066591989,2020-08-06T12:04:15Z,45.52993333,7.86393333,889.00,82.261
5010,2,2025,2049.310749891655,-2014.119066591989,2020-08-06T12:04:16Z,45.52986667,7.86401667,882.00,82.261
5011,2,2026,2050.310749891655,-2013.119066591989,2020-08-06T12:04:17Z,45.52981667,7.86410000,885.00,82.26
5012,2,2027,2051.310749891655,-2012.119066591989,2020-08-06T12:04:18Z,45.52976667,7.86420000,881.00,82.258
5013,2,2028,2052.310749891655,-2011.119066591989,2020-08-06T12:04:19Z,45.52970000,7.86430000,886.00,82.257
5014,2,2029,2053.310749891655,-2010.119066591989,2020-08-06T12:04:20Z,45.52963333,7.86440000,894.00,82.256
5015,2,2030,2054.310749891655,-2009.119066591989,2020-08-06T12:04:21Z,45.52956667,7.86451667,894.00,82.255
5016,2,2031,2055.310749891655,-2008.119066591989,2020-08-06T12:04:22Z,45.52950000,7.86458333,891.00,82.256
5017,2,2032,2056.310749891655,-2007.119066591989,2020-08-06T12:04:23Z,45.52946667,7.86463333,902.00,82.255
5018,2,2033,2057.310749891655,-2006.119066591989,2020-08-06T12:04:24Z,45.52941667,7.86468333,906.00,82.256
5019,2,2034,2058.310749891655,-2005.119066591989,2020-08-06T12:04:25Z,45.52936667,7.86473333,887.00,82.257
5020,2,2035,2059.310749891655,-2004.119066591989,2020-08-06T12:04:26Z,45.52930000,7.86480000,881.00,82.258
5021,2,2036,2060.310749891655,-2003.119066591989,2020-08-06T12:04:27Z,45.52923333,7.86486667,905.00,82.259
5022,2,2037,2061.310749891655,-2002.119066591989,2020-08-06T12:04:28Z,45.52918333,7.86495000,916.00,82.258
5023,2,2038,2062.310749891655,-2001.119066591989,2020-08-06T12:04:29Z,45.52916667,7.86503333,912.00,82.254
5024,2,2039,2063.310749891655,-2000.119066591989,2020-08-06T12:04:30Z,45.52915000,7.86513333,917.00,82.25
5025,2,2040,2064.310749891655,-1999.119066591989,2020-08-06T12:04:31Z,45.52916667,7.86525000,913.00,82.242
5026,2,2041,2065.310749891655,-1998.119066591989,2020-08-06T12:04:32Z,45.52920000,7.86538333,916.00,82.232
5027,2,2042,2066.310749891655,-1997.119066591989,2020-08-06T12:04:33Z,45.52925000,7.86553333,916.00,82.219
5028,2,2043,2067.310749891655,-1996.119066591989,2020-08-06T12:04:34Z,45.52933333,7.86563333,920.00,82.207
5029,2,2044,2068.310749891655,-1995.119066591989,2020-08-06T12:04:35Z,45.52945000,7.86570000,922.00,82.195
5030,2,2045,2069.310749891655,-1994.119066591989,2020-08-06T12:04:36Z,45.52958333,7.86575000,925.00,82.182
5031,2,2046,2070.310749891655,-1993.119066591989,2020-08-06T12:04:37Z,45.52970000,7.86575000,925.00,82.173
5032,2,2047,2071.310749891655,-1992.119066591989,2020-08-06T12:04:38Z,45.52981667,7.86573333,907.00,82.165
5033,2,2048,2072.310749891655,-1991.119066591989,2020-08-06T12:04:39Z,45.52993333,7.86568333,931.00,82.16
5034,2,2049,2073.310749891655,-1990.119066591989,2020-08-06T12:04:40Z,45.53001667,7.86560000,917.00,82.158
5035,2,2050,2074.310749891655,-1989.119066591989,2020-08-06T12:04:41Z,45.53005000,7.86546667,933.00,82.164
5036,2,2051,2075.310749891655,-1988.119066591989,2020-08-06T12:04:42Z,45.53005000,7.86531667,915.00,82.172
5037,2,2052,2076.310749891655,-1987.119066591989,2020-08-06T12:04:43Z,45.53000000,7.86520000,912.00,82.183
5038,2,2053,2077.310749891655,-1986.119066591989,2020-08-06T12:04:44Z,45.52993333,7.86515000,921.00,82.191
5039,2,2054,2078.310749891655,-1985.119066591989,2020-08-06T12:04:45Z,45.52986667,7.86515000,912.00,82.196
5040,2,2055,2079.310749891655,-1984.119066591989,2020-08-06T12:04:46Z,45.52981667,7.86520000,906.00,82.196
5041,2,2056,2080.310749891655,-1983.119066591989,2020-08-06T12:04:47Z,45.52978333,7.86528333,921.00,82.194
5042,2,2057,2081.310749891655,-1982.119066591989,2020-08-06T12:04:48Z,45.52976667,7.86536667,919.00,82.19
5043,2,2058,2082.310749891655,-1981.119066591989,2020-08-06T12:04:49Z,45.52973333,7.86545000,920.00,82.188
5044,2,2059,2083.310749891655,-1980.119066591989,2020-08-06T12:04:50Z,45.52971667,7.86551667,916.00,82.185
5045,2,2060,2084.310749891655,-1979.119066591989,2020-08-06T12:04:51Z,45.52968333,7.86560000,929.00,82.183
5046,2,2061,2085.310749891655,-1978.119066591989,2020-08-06T12:04:52Z,45.52965000,7.86568333,923.00,82.181
5047,2,2062,2086.310749891655,-1977.119066591989,2020-08-06T12:04:53Z,45.52963333,7.86575000,928.00,82.178
5048,2,2063,2087.310749891655,-1976.119066591989,2020-08-06T12:04:54Z,45.52961667,7.86581667,927.00,82.175
5049,2,2064,2088.310749891655,-1975.119066591989,2020-08-06T12:04:55Z,45.52958333,7.86585000,920.00,82.176
5050,2,2065,2089.310749891655,-1974.119066591989,2020-08-06T12:04:56Z,45.52955000,7.86590000,923.00,82.176
5051,2,2066,2090.310749891655,-1973.119066591989,2020-08-06T12:04:57Z,45.52951667,7.86593333,919.00,82.176
5052,2,2067,2091.310749891655,-1972.119066591989,2020-08-06T12:04:58Z,45.52948333,7.86600000,928.00,82.175
5053,2,2068,2092.310749891655,-1971.119066591989,2020-08-06T12:04:59Z,45.52945000,7.86608333,923.00,82.172
5054,2,2069,2093.310749891655,-1970.119066591989,2020-08-06T12:05:00Z,45.52941667,7.86615000,920.00,82.171
5055,2,2070,2094.310749891655,-1969.119066591989,2020-08-06T12:05:01Z,45.52936667,7.86623333,916.00,82.17
5056,2,2071,2095.310749891655,-1968.119066591989,2020-08-06T12:05:02Z,45.52931667,7.86630000,925.00,82.17
5057,2,2072,2096.310749891655,-1967.119066591989,2020-08-06T12:05:03Z,45.52930000,7.86638333,924.00,82.166
5058,2,2073,2097.310749891655,-1966.119066591989,2020-08-06T12:05:04Z,45.52926667,7.86646667,930.00,82.164
5059,2,2074,2098.310749891655,-1965.119066591989,2020-08-06T12:05:05Z,45.52926667,7.86653333,926.00,82.16
5060,2,2075,2099.310749891655,-1964.119066591989,2020-08-06T12:05:06Z,45.52925000,7.86661667,922.00,82.157
5061,2,2076,2100.310749891655,-1963.119066591989,2020-08-06T12:05:07Z,45.52921667,7.86666667,929.00,82.156
5062,2,2077,2101.310749891655,-1962.119066591989,2020-08-06T12:05:08Z,45.52918333,7.86675000,929.00,82.154
5063,2,2078,2102.310749891655,-1961.119066591989,2020-08-06T12:05:09Z,45.52913333,7.86683333,927.00,82.153
5064,2,2079,2103.310749891655,-1960.119066591989,2020-08-06T12:05:10Z,45.52908333,7.86690000,918.00,82.153
5065,2,2080,2104.310749891655,-1959.119066591989,2020-08-06T12:05:11Z,45.52905000,7.86698333,924.00,82.151
5066,2,2081,2105.310749891655,-1958.119066591989,2020-08-06T12:05:12Z,45.52900000,7.86705000,928.00,82.15
5067,2,2082,2106.310749891655,-1957.119066591989,2020-08-06T12:05:13Z,45.52896667,7.86713333,908.00,82.148
5068,2,2083,2107.310749891655,-1956.119066591989,2020-08-06T12:05:14Z,45.52891667,7.86720000,912.00,82.148
5069,2,2084,2108.310749891655,-1955.119066591989,2020-08-06T12:05:15Z,45.52886667,7.86728333,908.00,82.147
5070,2,2085,2109.310749891655,-1954.119066591989,2020-08-06T12:05:16Z,45.52883333,7.86738333,909.00,82.144
5071,2,2086,2110.310749891655,-1953.119066591989,2020-08-06T12:05:17Z,45.52878333,7.86746667,908.00,82.143
5072,2,2087,2111.310749891655,-1952.119066591989,2020-08-06T12:05:18Z,45.52873333,7.86755000,903.00,82.142
5073,2,2088,2112.310749891655,-1951.119066591989,2020-08-06T12:05:19Z,45.52868333,7.86763333,906.00,82.141
5074,2,2089,2113.310749891655,-1950.119066591989,2020-08-06T12:05:20Z,45.52865000,7.86770000,906.00,82.14
5075,2,2090,2114.310749891655,-1949.119066591989,2020-08-06T12:05:21Z,45.52860000,7.86776667,907.00,82.139
5076,2,2091,2115.310749891655,-1948.119066591989,2020-08-06T12:05:22Z,45.52856667,7.86783333,903.00,82.138
5077,2,2092,2116.310749891655,-1947.119066591989,2020-08-06T12:05:23Z,45.52853333,7.86790000,909.00,82.137
5078,2,2093,2117.310749891655,-1946.119066591989,2020-08-06T12:05:24Z,45.52850000,7.86798333,905.00,82.135
5079,2,2094,2118.310749891655,-1945.119066591989,2020-08-06T12:05:25Z,45.52845000,7.86808333,904.00,82.133
5080,2,2095,2119.310749891655,-1944.119066591989,2020-08-06T12:05:26Z,45.52840000,7.86816667,905.00,82.132
5081,2,2096,2120.310749891655,-1943.119066591989,2020-08-06T12:05:27Z,45.52836667,7.86825000,910.00,82.129
5082,2,2097,2121.310749891655,-1942.119066591989,2020-08-06T12:05:28Z,45.52833333,7.86833333,904.00,82.127
5083,2,2098,2122.310749891655,-1941.119066591989,2020-08-06T12:05:29Z,45.52830000,7.86841667,912.00,82.125
5084,2,2099,2123.310749891655,-1940.119066591989,2020-08-06T12:05:30Z,45.52825000,7.86850000,911.00,82.124
5085,2,2100,2124.310749891655,-1939.119066591989,2020-08-06T12:05:31Z,45.52821667,7.86860000,907.00,82.12
5086,2,2101,2125.310749891655,-1938.119066591989,2020-08-06T12:05:32Z,45.52818333,7.86868333,909.00,82.118
5087,2,2102,2126.310749891655,-1937.119066591989,2020-08-06T12:05:33Z,45.52813333,7.86876667,909.00,82.117
5088,2,2103,2127.310749891655,-1936.119066591989,2020-08-06T12:05:34Z,45.52808333,7.86885000,912.00,82.115
5089,2,2104,2128.310749891655,-1935.119066591989,2020-08-06T12:05:35Z,45.52805000,7.86893333,911.00,82.113
5090,2,2105,2129.310749891655,-1934.119066591989,2020-08-06T12:05:36Z,45.52801667,7.86903333,903.00,82.11
5091,2,2106,2130.310749891655,-1933.119066591989,2020-08-06T12:05:37Z,45.52796667,7.86913333,912.00,82.107
5092,2,2107,2131.310749891655,-1932.119066591989,2020-08-06T12:05:38Z,45.52793333,7.86923333,912.00,82.104
5093,2,2108,2132.310749891655,-1931.119066591989,2020-08-06T12:05:39Z,45.52790000,7.86935000,906.00,82.1
5094,2,2109,2133.310749891655,-1930.119066591989,2020-08-06T12:05:40Z,45.52786667,7.86943333,911.00,82.097
5095,2,2110,2134.310749891655,-1929.119066591989,2020-08-06T12:05:41Z,45.52783333,7.86953333,913.00,82.094
5096,2,2111,2135.310749891655,-1928.119066591989,2020-08-06T12:05:42Z,45.52781667,7.86963333,912.00,82.089
5097,2,2112,2136.310749891655,-1927.119066591989,2020-08-06T12:05:43Z,45.52778333,7.86973333,907.00,82.086
5098,2,2113,2137.310749891655,-1926.119066591989,2020-08-06T12:05:44Z,45.52775000,7.86983333,914.00,82.083
5099,2,2114,2138.310749891655,-1925.119066591989,2020-08-06T12:05:45Z,45.52771667,7.86993333,901.00,82.079
5100,2,2115,2139.310749891655,-1924.119066591989,2020-08-06T12:05:46Z,45.52766667,7.87003333,902.00,82.077
5101,2,2116,2140.310749891655,-1923.119066591989,2020-08-06T12:05:47Z,45.52763333,7.87011667,913.00,82.075
5102,2,2117,2141.310749891655,-1922.119066591989,2020-08-06T12:05:48Z,45.52760000,7.87023333,910.00,82.071
5103,2,2118,2142.310749891655,-1921.119066591989,2020-08-06T12:05:49Z,45.52758333,7.87033333,913.00,82.066
5104,2,2119,2143.310749891655,-1920.119066591989,2020-08-06T12:05:50Z,45.52758333,7.87045000,919.00,82.059
5105,2,2120,2144.310749891655,-1919.119066591989,2020-08-06T12:05:51Z,45.52756667,7.87055000,927.00,82.055
5106,2,2121,2145.310749891655,-1918.119066591989,2020-08-06T12:05:52Z,45.52756667,7.87065000,925.00,82.049
5107,2,2122,2146.310749891655,-1917.119066591989,2020-08-06T12:05:53Z,45.52755000,7.87076667,908.00,82.043
5108,2,2123,2147.310749891655,-1916.119066591989,2020-08-06T12:05:54Z,45.52756667,7.87086667,928.00,82.036
5109,2,2124,2148.310749891655,-1915.119066591989,2020-08-06T12:05:55Z,45.52756667,7.87095000,933.00,82.032
5110,2,2125,2149.310749891655,-1914.119066591989,2020-08-06T12:05:56Z,45.52755000,7.87098333,918.00,82.031
5111,2,2126,2150.310749891655,-1913.119066591989,2020-08-06T12:05:57Z,45.52751667,7.87098333,927.00,82.033
5112,2,2127,2151.310749891655,-1912.119066591989,2020-08-06T12:05:58Z,45.52746667,7.87095000,927.00,82.039
5113,2,2128,2152.310749891655,-1911.119066591989,2020-08-06T12:05:59Z,45.52740000,7.87088333,933.00,82.048
5114,2,2129,2153.310749891655,-1910.119066591989,2020-08-06T12:06:00Z,45.52735000,7.87078333,938.00,82.057
5115,2,2130,2154.310749891655,-1909.119066591989,2020-08-06T12:06:01Z,45.52733333,7.87068333,921.00,82.064
5116,2,2131,2155.310749891655,-1908.119066591989,2020-08-06T12:06:02Z,45.52736667,7.87055000,929.00,82.07
5117,2,2132,2156.310749891655,-1907.119066591989,2020-08-06T12:06:03Z,45.52743333,7.87041667,939.00,82.072
5118,2,2133,2157.310749891655,-1906.119066591989,2020-08-06T12:06:04Z,45.52755000,7.87030000,923.00,82.071
5119,2,2134,2158.310749891655,-1905.119066591989,2020-08-06T12:06:05Z,45.52770000,7.87021667,922.00,82.064
5120,2,2135,2159.310749891655,-1904.119066591989,2020-08-06T12:06:06Z,45.52783333,7.87018333,930.00,82.056
5121,2,2136,2160.310749891655,-1903.119066591989,2020-08-06T12:06:07Z,45.52796667,7.87021667,928.00,82.044
5122,2,2137,2161.310749891655,-1902.119066591989,2020-08-06T12:06:08Z,45.52805000,7.87028333,927.00,82.034
5123,2,2138,2162.310749891655,-1901.119066591989,2020-08-06T12:06:09Z,45.52813333,7.87040000,930.00,82.021
5124,2,2139,2163.310749891655,-1900.119066591989,2020-08-06T12:06:10Z,45.52816667,7.87053333,929.00,82.011
5125,2,2140,2164.310749891655,-1899.119066591989,2020-08-06T12:06:11Z,45.52818333,7.87065000,927.00,82.003
5126,2,2141,2165.310749891655,-1898.119066591989,2020-08-06T12:06:12Z,45.52820000,7.87075000,926.00,81.996
5127,2,2142,2166.310749891655,-1897.119066591989,2020-08-06T12:06:13Z,45.52820000,7.87086667,937.00,81.989
5128,2,2143,2167.310749891655,-1896.119066591989,2020-08-06T12:06:14Z,45.52820000,7.87096667,928.00,81.984
5129,2,2144,2168.310749891655,-1895.119066591989,2020-08-06T12:06:15Z,45.52818333,7.87108333,936.00,81.978
5130,2,2145,2169.310749891655,-1894.119066591989,2020-08-06T12:06:16Z,45.52818333,7.87120000,932.00,81.971
5131,2,2146,2170.310749891655,-1893.119066591989,2020-08-06T12:06:17Z,45.52816667,7.87130000,939.00,81.967
5132,2,2147,2171.310749891655,-1892.119066591989,2020-08-06T12:06:18Z,45.52813333,7.87140000,927.00,81.963
5133,2,2148,2172.310749891655,-1891.119066591989,2020-08-06T12:06:19Z,45.52811667,7.87151667,941.00,81.958
5134,2,2149,2173.310749891655,-1890.119066591989,2020-08-06T12:06:20Z,45.52808333,7.87163333,929.00,81.954
5135,2,2150,2174.310749891655,-1889.119066591989,2020-08-06T12:06:21Z,45.52805000,7.87173333,936.00,81.95
5136,2,2151,2175.310749891655,-1888.119066591989,2020-08-06T12:06:22Z,45.52803333,7.87183333,936.00,81.946
5137,2,2152,2176.310749891655,-1887.119066591989,2020-08-06T12:06:23Z,45.52801667,7.87193333,941.00,81.941
5138,2,2153,2177.310749891655,-1886.119066591989,2020-08-06T12:06:24Z,45.52800000,7.87200000,938.00,81.939
5139,2,2154,2178.310749891655,-1885.119066591989,2020-08-06T12:06:25Z,45.52798333,7.87206667,937.00,81.936
5140,2,2155,2179.310749891655,-1884.119066591989,2020-08-06T12:06:26Z,45.52798333,7.87213333,949.00,81.932
5141,2,2156,2180.310749891655,-1883.119066591989,2020-08-06T12:06:27Z,45.52796667,7.87220000,948.00,81.93
5142,2,2157,2181.310749891655,-1882.119066591989,2020-08-06T12:06:28Z,45.52795000,7.87226667,951.00,81.927
5143,2,2158,2182.310749891655,-1881.119066591989,2020-08-06T12:06:29Z,45.52791667,7.87233333,952.00,81.926
5144,2,2159,2183.310749891655,-1880.119066591989,2020-08-06T12:06:30Z,45.52788333,7.87236667,950.00,81.926
5145,2,2160,2184.310749891655,-1879.119066591989,2020-08-06T12:06:31Z,45.52781667,7.87240000,953.00,81.929
5146,2,2161,2185.310749891655,-1878.119066591989,2020-08-06T12:06:32Z,45.52778333,7.87241667,954.00,81.931
5147,2,2162,2186.310749891655,-1877.119066591989,2020-08-06T12:06:33Z,45.52773333,7.87246667,960.00,81.932
5148,2,2163,2187.310749891655,-1876.119066591989,2020-08-06T12:06:34Z,45.52770000,7.87255000,949.00,81.929
5149,2,2164,2188.310749891655,-1875.119066591989,2020-08-06T12:06:35Z,45.52771667,7.87265000,958.00,81.922
5150,2,2165,2189.310749891655,-1874.119066591989,2020-08-06T12:06:36Z,45.52773333,7.87276667,963.00,81.914
5151,2,2166,2190.310749891655,-1873.119066591989,2020-08-06T12:06:37Z,45.52776667,7.87288333,949.00,81.905
5152,2,2167,2191.310749891655,-1872.119066591989,2020-08-06T12:06:38Z,45.52780000,7.87300000,960.00,81.896
5153,2,2168,2192.310749891655,-1871.119066591989,2020-08-06T12:06:39Z,45.52783333,7.87311667,956.00,81.887
5154,2,2169,2193.310749891655,-1870.119066591989,2020-08-06T12:06:40Z,45.52788333,7.87323333,966.00,81.876
5155,2,2170,2194.310749891655,-1869.119066591989,2020-08-06T12:06:41Z,45.52793333,7.87335000,959.00,81.866
5156,2,2171,2195.310749891655,-1868.119066591989,2020-08-06T12:06:42Z,45.52800000,7.87345000,954.00,81.855
5157,2,2172,2196.310749891655,-1867.119066591989,2020-08-06T12:06:43Z,45.52806667,7.87356667,963.00,81.843
5158,2,2173,2197.310749891655,-1866.119066591989,2020-08-06T12:06:44Z,45.52816667,7.87363333,964.00,81.832
5159,2,2174,2198.310749891655,-1865.119066591989,2020-08-06T12:06:45Z,45.52826667,7.87370000,962.00,81.821
5160,2,2175,2199.310749891655,-1864.119066591989,2020-08-06T12:06:46Z,45.52838333,7.87375000,953.00,81.809
5161,2,2176,2200.310749891655,-1863.119066591989,2020-08-06T12:06:47Z,45.52848333,7.87380000,959.00,81.799
5162,2,2177,2201.310749891655,-1862.119066591989,2020-08-06T12:06:48Z,45.52860000,7.87386667,961.00,81.786
5163,2,2178,2202.310749891655,-1861.119066591989,2020-08-06T12:06:49Z,45.52870000,7.87395000,962.00,81.774
5164,2,2179,2203.310749891655,-1860.119066591989,2020-08-06T12:06:50Z,45.52881667,7.87401667,962.00,81.761
5165,2,2180,2204.310749891655,-1859.119066591989,2020-08-06T12:06:51Z,45.52891667,7.87408333,963.00,81.75
5166,2,2181,2205.310749891655,-1858.119066591989,2020-08-06T12:06:52Z,45.52903333,7.87411667,964.00,81.739
5167,2,2182,2206.310749891655,-1857.119066591989,2020-08-06T12:06:53Z,45.52916667,7.87413333,962.00,81.728
5168,2,2183,2207.310749891655,-1856.119066591989,2020-08-06T12:06:54Z,45.52928333,7.87413333,957.00,81.72
5169,2,2184,2208.310749891655,-1855.119066591989,2020-08-06T12:06:55Z,45.52941667,7.87411667,961.00,81.711
5170,2,2185,2209.310749891655,-1854.119066591989,2020-08-06T12:06:56Z,45.52955000,7.87408333,965.00,81.703
5171,2,2186,2210.310749891655,-1853.119066591989,2020-08-06T12:06:57Z,45.52968333,7.87403333,967.00,81.696
5172,2,2187,2211.310749891655,-1852.119066591989,2020-08-06T12:06:58Z,45.52980000,7.87393333,965.00,81.693
5173,2,2188,2212.310749891655,-1851.119066591989,2020-08-06T12:06:59Z,45.52988333,7.87381667,967.00,81.693
5174,2,2189,2213.310749891655,-1850.119066591989,2020-08-06T12:07:00Z,45.52993333,7.87366667,971.00,81.698
5175,2,2190,2214.310749891655,-1849.119066591989,2020-08-06T12:07:01Z,45.52995000,7.87353333,969.00,81.705
5176,2,2191,2215.310749891655,-1848.119066591989,2020-08-06T12:07:02Z,45.52995000,7.87340000,975.00,81.713
5177,2,2192,2216.310749891655,-1847.119066591989,2020-08-06T12:07:03Z,45.52993333,7.87328333,968.00,81.721
5178,2,2193,2217.310749891655,-1846.119066591989,2020-08-06T12:07:04Z,45.52991667,7.87315000,969.00,81.73
5179,2,2194,2218.310749891655,-1845.119066591989,2020-08-06T12:07:05Z,45.52991667,7.87301667,968.00,81.737
5180,2,2195,2219.310749891655,-1844.119066591989,2020-08-06T12:07:06Z,45.52991667,7.87285000,960.00,81.747
5181,2,2196,2220.310749891655,-1843.119066591989,2020-08-06T12:07:07Z,45.52995000,7.87266667,976.00,81.755
5182,2,2197,2221.310749891655,-1842.119066591989,2020-08-06T12:07:08Z,45.53001667,7.87250000,979.00,81.76
5183,2,2198,2222.310749891655,-1841.119066591989,2020-08-06T12:07:09Z,45.53013333,7.87236667,987.00,81.759
5184,2,2199,2223.310749891655,-1840.119066591989,2020-08-06T12:07:10Z,45.53026667,7.87228333,984.00,81.754
5185,2,2200,2224.310749891655,-1839.119066591989,2020-08-06T12:07:11Z,45.53040000,7.87226667,983.00,81.745
5186,2,2201,2225.310749891655,-1838.119066591989,2020-08-06T12:07:12Z,45.53053333,7.87230000,982.00,81.734
5187,2,2202,2226.310749891655,-1837.119066591989,2020-08-06T12:07:13Z,45.53063333,7.87241667,986.00,81.719
5188,2,2203,2227.310749891655,-1836.119066591989,2020-08-06T12:07:14Z,45.53071667,7.87255000,990.00,81.705
5189,2,2204,2228.310749891655,-1835.119066591989,2020-08-06T12:07:15Z,45.53075000,7.87270000,990.00,81.694
5190,2,2205,2229.310749891655,-1834.119066591989,2020-08-06T12:07:16Z,45.53075000,7.87281667,986.00,81.687
5191,2,2206,2230.310749891655,-1833.119066591989,2020-08-06T12:07:17Z,45.53073333,7.87291667,993.00,81.683
5192,2,2207,2231.310749891655,-1832.119066591989,2020-08-06T12:07:18Z,45.53068333,7.87300000,998.00,81.682
5193,2,2208,2232.310749891655,-1831.119066591989,2020-08-06T12:07:19Z,45.53063333,7.87305000,991.00,81.682
5194,2,2209,2233.310749891655,-1830.119066591989,2020-08-06T12:07:20Z,45.53056667,7.87305000,995.00,81.687
5195,2,2210,2234.310749891655,-1829.119066591989,2020-08-06T12:07:21Z,45.53051667,7.87300000,995.00,81.694
5196,2,2211,2235.310749891655,-1828.119066591989,2020-08-06T12:07:22Z,45.53045000,7.87288333,992.00,81.706
5197,2,2212,2236.310749891655,-1827.119066591989,2020-08-06T12:07:23Z,45.53043333,7.87271667,1004.00,81.717
5198,2,2213,2237.310749891655,-1826.119066591989,2020-08-06T12:07:24Z,45.53046667,7.87250000,995.00,81.727
5199,2,2214,2238.310749891655,-1825.119066591989,2020-08-06T12:07:25Z,45.53053333,7.87233333,1004.00,81.732
5200,2,2215,2239.310749891655,-1824.119066591989,2020-08-06T12:07:26Z,45.53065000,7.87221667,1009.00,81.73
5201,2,2216,2240.310749891655,-1823.119066591989,2020-08-06T12:07:27Z,45.53076667,7.87211667,1015.00,81.727
5202,2,2217,2241.310749891655,-1822.119066591989,2020-08-06T12:07:28Z,45.53088333,7.87205000,1012.00,81.722
5203,2,2218,2242.310749891655,-1821.119066591989,2020-08-06T12:07:29Z,45.53100000,7.87201667,1010.00,81.715
5204,2,2219,2243.310749891655,-1820.119066591989,2020-08-06T12:07:30Z,45.53113333,7.87200000,999.00,81.706
5205,2,2220,2244.310749891655,-1819.119066591989,2020-08-06T12:07:31Z,45.53125000,7.87205000,1019.00,81.694
5206,2,2221,2245.310749891655,-1818.119066591989,2020-08-06T12:07:32Z,45.53136667,7.87215000,1011.00,81.68
5207,2,2222,2246.310749891655,-1817.119066591989,2020-08-06T12:07:33Z,45.53145000,7.87226667,1026.00,81.667
5208,2,2223,2247.310749891655,-1816.119066591989,2020-08-06T12:07:34Z,45.53150000,7.87238333,1027.00,81.657
5209,2,2224,2248.310749891655,-1815.119066591989,2020-08-06T12:07:35Z,45.53151667,7.87250000,1019.00,81.649
5210,2,2225,2249.310749891655,-1814.119066591989,2020-08-06T12:07:36Z,45.53151667,7.87261667,1016.00,81.642
5211,2,2226,2250.310749891655,-1813.119066591989,2020-08-06T12:07:37Z,45.53148333,7.87271667,1029.00,81.639
5212,2,2227,2251.310749891655,-1812.119066591989,2020-08-06T12:07:38Z,45.53143333,7.87278333,1026.00,81.639
5213,2,2228,2252.310749891655,-1811.119066591989,2020-08-06T12:07:39Z,45.53136667,7.87281667,1020.00,81.642
5214,2,2229,2253.310749891655,-1810.119066591989,2020-08-06T12:07:40Z,45.53128333,7.87280000,1026.00,81.649
5215,2,2230,2254.310749891655,-1809.119066591989,2020-08-06T12:07:41Z,45.53121667,7.87271667,1032.00,81.659
5216,2,2231,2255.310749891655,-1808.119066591989,2020-08-06T12:07:42Z,45.53120000,7.87256667,1033.00,81.669
5217,2,2232,2256.310749891655,-1807.119066591989,2020-08-06T12:07:43Z,45.53120000,7.87240000,1032.00,81.678
5218,2,2233,2257.310749891655,-1806.119066591989,2020-08-06T12:07:44Z,45.53126667,7.87225000,1034.00,81.682
5219,2,2234,2258.310749891655,-1805.119066591989,2020-08-06T12:07:45Z,45.53136667,7.87210000,1030.00,81.683
5220,2,2235,2259.310749891655,-1804.119066591989,2020-08-06T12:07:46Z,45.53151667,7.87203333,1027.00,81.675
5221,2,2236,2260.310749891655,-1803.119066591989,2020-08-06T12:07:47Z,45.53165000,7.87201667,1029.00,81.666
5222,2,2237,2261.310749891655,-1802.119066591989,2020-08-06T12:07:48Z,45.53178333,7.87210000,1032.00,81.651
5223,2,2238,2262.310749891655,-1801.119066591989,2020-08-06T12:07:49Z,45.53188333,7.87220000,1033.00,81.638
5224,2,2239,2263.310749891655,-1800.119066591989,2020-08-06T12:07:50Z,45.53191667,7.87233333,1046.00,81.628
5225,2,2240,2264.310749891655,-1799.119066591989,2020-08-06T12:07:51Z,45.53193333,7.87245000,1040.00,81.62
5226,2,2241,2265.310749891655,-1798.119066591989,2020-08-06T12:07:52Z,45.53191667,7.87253333,1051.00,81.616
5227,2,2242,2266.310749891655,-1797.119066591989,2020-08-06T12:07:53Z,45.53188333,7.87261667,1041.00,81.614
5228,2,2243,2267.310749891655,-1796.119066591989,2020-08-06T12:07:54Z,45.53183333,7.87268333,1054.00,81.614
5229,2,2244,2268.310749891655,-1795.119066591989,2020-08-06T12:07:55Z,45.53176667,7.87273333,1037.00,81.616
5230,2,2245,2269.310749891655,-1794.119066591989,2020-08-06T12:07:56Z,45.53170000,7.87275000,1054.00,81.62
5231,2,2246,2270.310749891655,-1793.119066591989,2020-08-06T12:07:57Z,45.53163333,7.87273333,1058.00,81.626
5232,2,2247,2271.310749891655,-1792.119066591989,2020-08-06T12:07:58Z,45.53156667,7.87266667,1044.00,81.635
5233,2,2248,2272.310749891655,-1791.119066591989,2020-08-06T12:07:59Z,45.53151667,7.87255000,1066.00,81.646
5234,2,2249,2273.310749891655,-1790.119066591989,2020-08-06T12:08:00Z,45.53155000,7.87240000,1040.00,81.652
5235,2,2250,2274.310749891655,-1789.119066591989,2020-08-06T12:08:01Z,45.53158333,7.87225000,1053.00,81.658
5236,2,2251,2275.310749891655,-1788.119066591989,2020-08-06T12:08:02Z,45.53168333,7.87211667,1061.00,81.658
5237,2,2252,2276.310749891655,-1787.119066591989,2020-08-06T12:08:03Z,45.53180000,7.87203333,1060.00,81.654
5238,2,2253,2277.310749891655,-1786.119066591989,2020-08-06T12:08:04Z,45.53191667,7.87200000,1059.00,81.647
5239,2,2254,2278.310749891655,-1785.119066591989,2020-08-06T12:08:05Z,45.53205000,7.87200000,1061.00,81.637
5240,2,2255,2279.310749891655,-1784.119066591989,2020-08-06T12:08:06Z,45.53215000,7.87205000,1065.00,81.627
5241,2,2256,2280.310749891655,-1783.119066591989,2020-08-06T12:08:07Z,45.53223333,7.87213333,1060.00,81.616
5242,2,2257,2281.310749891655,-1782.119066591989,2020-08-06T12:08:08Z,45.53228333,7.87221667,1068.00,81.607
5243,2,2258,2282.310749891655,-1781.119066591989,2020-08-06T12:08:09Z,45.53228333,7.87230000,1064.00,81.602
5244,2,2259,2283.310749891655,-1780.119066591989,2020-08-06T12:08:10Z,45.53226667,7.87238333,1079.00,81.599
5245,2,2260,2284.310749891655,-1779.119066591989,2020-08-06T12:08:11Z,45.53221667,7.87245000,1063.00,81.599
5246,2,2261,2285.310749891655,-1778.119066591989,2020-08-06T12:08:12Z,45.53215000,7.87250000,1054.00,81.601
5247,2,2262,2286.310749891655,-1777.119066591989,2020-08-06T12:08:13Z,45.53208333,7.87250000,1078.00,81.606
5248,2,2263,2287.310749891655,-1776.119066591989,2020-08-06T12:08:14Z,45.53201667,7.87245000,1060.00,81.614
5249,2,2264,2288.310749891655,-1775.119066591989,2020-08-06T12:08:15Z,45.53200000,7.87235000,1078.00,81.621
5250,2,2265,2289.310749891655,-1774.119066591989,2020-08-06T12:08:16Z,45.53200000,7.87221667,1074.00,81.628
5251,2,2266,2290.310749891655,-1773.119066591989,2020-08-06T12:08:17Z,45.53205000,7.87208333,1082.00,81.632
5252,2,2267,2291.310749891655,-1772.119066591989,2020-08-06T12:08:18Z,45.53213333,7.87195000,1073.00,81.634
5253,2,2268,2292.310749891655,-1771.119066591989,2020-08-06T12:08:19Z,45.53223333,7.87185000,1077.00,81.632
5254,2,2269,2293.310749891655,-1770.119066591989,2020-08-06T12:08:20Z,45.53236667,7.87176667,1073.00,81.627
5255,2,2270,2294.310749891655,-1769.119066591989,2020-08-06T12:08:21Z,45.53250000,7.87171667,1081.00,81.62
5256,2,2271,2295.310749891655,-1768.119066591989,2020-08-06T12:08:22Z,45.53263333,7.87170000,1075.00,81.611
5257,2,2272,2296.310749891655,-1767.119066591989,2020-08-06T12:08:23Z,45.53275000,7.87168333,1078.00,81.603
5258,2,2273,2297.310749891655,-1766.119066591989,2020-08-06T12:08:24Z,45.53288333,7.87166667,1090.00,81.594
5259,2,2274,2298.310749891655,-1765.119066591989,2020-08-06T12:08:25Z,45.53298333,7.87166667,1092.00,81.586
5260,2,2275,2299.310749891655,-1764.119066591989,2020-08-06T12:08:26Z,45.53308333,7.87170000,1093.00,81.577
5261,2,2276,2300.310749891655,-1763.119066591989,2020-08-06T12:08:27Z,45.53316667,7.87175000,1074.00,81.568
5262,2,2277,2301.310749891655,-1762.119066591989,2020-08-06T12:08:28Z,45.53321667,7.87183333,1088.00,81.559
5263,2,2278,2302.310749891655,-1761.119066591989,2020-08-06T12:08:29Z,45.53323333,7.87191667,1101.00,81.553
5264,2,2279,2303.310749891655,-1760.119066591989,2020-08-06T12:08:30Z,45.53323333,7.87200000,1097.00,81.548
5265,2,2280,2304.310749891655,-1759.119066591989,2020-08-06T12:08:31Z,45.53321667,7.87206667,1095.00,81.546
5266,2,2281,2305.310749891655,-1758.119066591989,2020-08-06T12:08:32Z,45.53316667,7.87211667,1092.00,81.547
5267,2,2282,2306.310749891655,-1757.119066591989,2020-08-06T12:08:33Z,45.53311667,7.87213333,1102.00,81.549
5268,2,2283,2307.310749891655,-1756.119066591989,2020-08-06T12:08:34Z,45.53306667,7.87211667,1094.00,81.554
5269,2,2284,2308.310749891655,-1755.119066591989,2020-08-06T12:08:35Z,45.53300000,7.87208333,1105.00,81.561
5270,2,2285,2309.310749891655,-1754.119066591989,2020-08-06T12:08:36Z,45.53296667,7.87201667,1101.00,81.567
5271,2,2286,2310.310749891655,-1753.119066591989,2020-08-06T12:08:37Z,45.53293333,7.87191667,1104.00,81.576
5272,2,2287,2311.310749891655,-1752.119066591989,2020-08-06T12:08:38Z,45.53293333,7.87178333,1111.00,81.583
5273,2,2288,2312.310749891655,-1751.119066591989,2020-08-06T12:08:39Z,45.53296667,7.87163333,1101.00,81.59
5274,2,2289,2313.310749891655,-1750.119066591989,2020-08-06T12:08:40Z,45.53301667,7.87146667,1105.00,81.595
5275,2,2290,2314.310749891655,-1749.119066591989,2020-08-06T12:08:41Z,45.53310000,7.87135000,1111.00,81.596
5276,2,2291,2315.310749891655,-1748.119066591989,2020-08-06T12:08:42Z,45.53323333,7.87125000,1114.00,81.592
5277,2,2292,2316.310749891655,-1747.119066591989,2020-08-06T12:08:43Z,45.53335000,7.87120000,1116.00,81.586
5278,2,2293,2317.310749891655,-1746.119066591989,2020-08-06T12:08:44Z,45.53346667,7.87120000,1110.00,81.577
5279,2,2294,2318.310749891655,-1745.119066591989,2020-08-06T12:08:45Z,45.53356667,7.87121667,1118.00,81.569
5280,2,2295,2319.310749891655,-1744.119066591989,2020-08-06T12:08:46Z,45.53365000,7.87126667,1118.00,81.56
5281,2,2296,2320.310749891655,-1743.119066591989,2020-08-06T12:08:47Z,45.53371667,7.87133333,1127.00,81.551
5282,2,2297,2321.310749891655,-1742.119066591989,2020-08-06T12:08:48Z,45.53378333,7.87141667,1123.00,81.541
5283,2,2298,2322.310749891655,-1741.119066591989,2020-08-06T12:08:49Z,45.53385000,7.87150000,1133.00,81.532
5284,2,2299,2323.310749891655,-1740.119066591989,2020-08-06T12:08:50Z,45.53386667,7.87158333,1116.00,81.525
5285,2,2300,2324.310749891655,-1739.119066591989,2020-08-06T12:08:51Z,45.53386667,7.87166667,1130.00,81.521
5286,2,2301,2325.310749891655,-1738.119066591989,2020-08-06T12:08:52Z,45.53383333,7.87173333,1119.00,81.519
5287,2,2302,2326.310749891655,-1737.119066591989,2020-08-06T12:08:53Z,45.53378333,7.87178333,1129.00,81.52
5288,2,2303,2327.310749891655,-1736.119066591989,2020-08-06T12:08:54Z,45.53373333,7.87180000,1135.00,81.523
5289,2,2304,2328.310749891655,-1735.119066591989,2020-08-06T12:08:55Z,45.53366667,7.87178333,1133.00,81.529
5290,2,2305,2329.310749891655,-1734.119066591989,2020-08-06T12:08:56Z,45.53361667,7.87173333,1130.00,81.535
5291,2,2306,2330.310749891655,-1733.119066591989,2020-08-06T12:08:57Z,45.53360000,7.87163333,1147.00,81.542
5292,2,2307,2331.310749891655,-1732.119066591989,2020-08-06T12:08:58Z,45.53360000,7.87150000,1130.00,81.55
5293,2,2308,2332.310749891655,-1731.119066591989,2020-08-06T12:08:59Z,45.53365000,7.87135000,1139.00,81.555
5294,2,2309,2333.310749891655,-1730.119066591989,2020-08-06T12:09:00Z,45.53373333,7.87120000,1142.00,81.558
5295,2,2310,2334.310749891655,-1729.119066591989,2020-08-06T12:09:01Z,45.53383333,7.87108333,1144.00,81.557
5296,2,2311,2335.310749891655,-1728.119066591989,2020-08-06T12:09:02Z,45.53395000,7.87103333,1143.00,81.551
5297,2,2312,2336.310749891655,-1727.119066591989,2020-08-06T12:09:03Z,45.53408333,7.87101667,1146.00,81.542
5298,2,2313,2337.310749891655,-1726.119066591989,2020-08-06T12:09:04Z,45.53420000,7.87106667,1155.00,81.531
5299,2,2314,2338.310749891655,-1725.119066591989,2020-08-06T12:09:05Z,45.53430000,7.87113333,1147.00,81.52
5300,2,2315,2339.310749891655,-1724.119066591989,2020-08-06T12:09:06Z,45.53440000,7.87121667,1164.00,81.507
5301,2,2316,2340.310749891655,-1723.119066591989,2020-08-06T12:09:07Z,45.53448333,7.87130000,1157.00,81.496
5302,2,2317,2341.310749891655,-1722.119066591989,2020-08-06T12:09:08Z,45.53456667,7.87138333,1160.00,81.485
5303,2,2318,2342.310749891655,-1721.119066591989,2020-08-06T12:09:09Z,45.53465000,7.87145000,1165.00,81.475
5304,2,2319,2343.310749891655,-1720.119066591989,2020-08-06T12:09:10Z,45.53470000,7.87151667,1159.00,81.468
5305,2,2320,2344.310749891655,-1719.119066591989,2020-08-06T12:09:11Z,45.53475000,7.87160000,1154.00,81.459
5306,2,2321,2345.310749891655,-1718.119066591989,2020-08-06T12:09:12Z,45.53480000,7.87171667,1161.00,81.449
5307,2,2322,2346.310749891655,-1717.119066591989,2020-08-06T12:09:13Z,45.53481667,7.87183333,1147.00,81.441
5308,2,2323,2347.310749891655,-1716.119066591989,2020-08-06T12:09:14Z,45.53480000,7.87193333,1168.00,81.436
5309,2,2324,2348.310749891655,-1715.119066591989,2020-08-06T12:09:15Z,45.53476667,7.87201667,1163.00,81.434
5310,2,2325,2349.310749891655,-1714.119066591989,2020-08-06T12:09:16Z,45.53473333,7.87206667,1163.00,81.433
5311,2,2326,2350.310749891655,-1713.119066591989,2020-08-06T12:09:17Z,45.53468333,7.87210000,1160.00,81.435
5312,2,2327,2351.310749891655,-1712.119066591989,2020-08-06T12:09:18Z,45.53461667,7.87210000,1160.00,81.44
5313,2,2328,2352.310749891655,-1711.119066591989,2020-08-06T12:09:19Z,45.53456667,7.87206667,1157.00,81.446
5314,2,2329,2353.310749891655,-1710.119066591989,2020-08-06T12:09:20Z,45.53451667,7.87203333,1164.00,81.451
5315,2,2330,2354.310749891655,-1709.119066591989,2020-08-06T12:09:21Z,45.53445000,7.87201667,1158.00,81.457
5316,2,2331,2355.310749891655,-1708.119066591989,2020-08-06T12:09:22Z,45.53438333,7.87201667,1174.00,81.462
5317,2,2332,2356.310749891655,-1707.119066591989,2020-08-06T12:09:23Z,45.53433333,7.87201667,1166.00,81.466
5318,2,2333,2357.310749891655,-1706.119066591989,2020-08-06T12:09:24Z,45.53428333,7.87201667,1163.00,81.469
5319,2,2334,2358.310749891655,-1705.119066591989,2020-08-06T12:09:25Z,45.53423333,7.87201667,1168.00,81.473
5320,2,2335,2359.310749891655,-1704.119066591989,2020-08-06T12:09:26Z,45.53420000,7.87205000,1166.00,81.474
5321,2,2336,2360.310749891655,-1703.119066591989,2020-08-06T12:09:27Z,45.53415000,7.87210000,1166.00,81.474
5322,2,2337,2361.310749891655,-1702.119066591989,2020-08-06T12:09:28Z,45.53410000,7.87215000,1157.00,81.475
5323,2,2338,2362.310749891655,-1701.119066591989,2020-08-06T12:09:29Z,45.53405000,7.87220000,1178.00,81.476
5324,2,2339,2363.310749891655,-1700.119066591989,2020-08-06T12:09:30Z,45.53400000,7.87225000,1169.00,81.477
5325,2,2340,2364.310749891655,-1699.119066591989,2020-08-06T12:09:31Z,45.53393333,7.87228333,1173.00,81.48
5326,2,2341,2365.310749891655,-1698.119066591989,2020-08-06T12:09:32Z,45.53385000,7.87228333,1163.00,81.486
5327,2,2342,2366.310749891655,-1697.119066591989,2020-08-06T12:09:33Z,45.53378333,7.87226667,1180.00,81.492
5328,2,2343,2367.310749891655,-1696.119066591989,2020-08-06T12:09:34Z,45.53371667,7.87223333,1175.00,81.499
5329,2,2344,2368.310749891655,-1695.119066591989,2020-08-06T12:09:35Z,45.53366667,7.87221667,1188.00,81.504
5330,2,2345,2369.310749891655,-1694.119066591989,2020-08-06T12:09:36Z,45.53361667,7.87221667,1176.00,81.507
5331,2,2346,2370.310749891655,-1693.119066591989,2020-08-06T12:09:37Z,45.53356667,7.87221667,1176.00,81.511
5332,2,2347,2371.310749891655,-1692.119066591989,2020-08-06T12:09:38Z,45.53353333,7.87223333,1181.00,81.513
5333,2,2348,2372.310749891655,-1691.119066591989,2020-08-06T12:09:39Z,45.53350000,7.87223333,1177.00,81.515
5334,2,2349,2373.310749891655,-1690.119066591989,2020-08-06T12:09:40Z,45.53348333,7.87225000,1182.00,81.515
5335,2,2350,2374.310749891655,-1689.119066591989,2020-08-06T12:09:41Z,45.53343333,7.87225000,1182.00,81.519
5336,2,2351,2375.310749891655,-1688.119066591989,2020-08-06T12:09:42Z,45.53338333,7.87226667,1187.00,81.522
5337,2,2352,2376.310749891655,-1687.119066591989,2020-08-06T12:09:43Z,45.53331667,7.87225000,1186.00,81.528
5338,2,2353,2377.310749891655,-1686.119066591989,2020-08-06T12:09:44Z,45.53325000,7.87223333,1188.00,81.534
5339,2,2354,2378.310749891655,-1685.119066591989,2020-08-06T12:09:45Z,45.53320000,7.87220000,1192.00,81.539
5340,2,2355,2379.310749891655,-1684.119066591989,2020-08-06T12:09:46Z,45.53315000,7.87216667,1194.00,81.545
5341,2,2356,2380.310749891655,-1683.119066591989,2020-08-06T12:09:47Z,45.53310000,7.87213333,1196.00,81.551
5342,2,2357,2381.310749891655,-1682.119066591989,2020-08-06T12:09:48Z,45.53306667,7.87210000,1189.00,81.555
5343,2,2358,2382.310749891655,-1681.119066591989,2020-08-06T12:09:49Z,45.53305000,7.87203333,1207.00,81.56
5344,2,2359,2383.310749891655,-1680.119066591989,2020-08-06T12:09:50Z,45.53305000,7.87195000,1203.00,81.565
5345,2,2360,2384.310749891655,-1679.119066591989,2020-08-06T12:09:51Z,45.53306667,7.87183333,1211.00,81.571
5346,2,2361,2385.310749891655,-1678.119066591989,2020-08-06T12:09:52Z,45.53310000,7.87170000,1189.00,81.576
5347,2,2362,2386.310749891655,-1677.119066591989,2020-08-06T12:09:53Z,45.53315000,7.87156667,1218.00,81.58
5348,2,2363,2387.310749891655,-1676.119066591989,2020-08-06T12:09:54Z,45.53323333,7.87145000,1202.00,81.58
5349,2,2364,2388.310749891655,-1675.119066591989,2020-08-06T12:09:55Z,45.53331667,7.87140000,1220.00,81.577
5350,2,2365,2389.310749891655,-1674.119066591989,2020-08-06T12:09:56Z,45.53343333,7.87136667,1205.00,81.57
5351,2,2366,2390.310749891655,-1673.119066591989,2020-08-06T12:09:57Z,45.53358333,7.87135000,1219.00,81.56
5352,2,2367,2391.310749891655,-1672.119066591989,2020-08-06T12:09:58Z,45.53371667,7.87138333,1226.00,81.548
5353,2,2368,2392.310749891655,-1671.119066591989,2020-08-06T12:09:59Z,45.53381667,7.87141667,1223.00,81.539
5354,2,2369,2393.310749891655,-1670.119066591989,2020-08-06T12:10:00Z,45.53390000,7.87150000,1226.00,81.528
5355,2,2370,2394.310749891655,-1669.119066591989,2020-08-06T12:10:01Z,45.53393333,7.87160000,1222.00,81.52
5356,2,2371,2395.310749891655,-1668.119066591989,2020-08-06T12:10:02Z,45.53395000,7.87171667,1227.00,81.512
5357,2,2372,2396.310749891655,-1667.119066591989,2020-08-06T12:10:03Z,45.53395000,7.87181667,1231.00,81.506
5358,2,2373,2397.310749891655,-1666.119066591989,2020-08-06T12:10:04Z,45.53395000,7.87190000,1222.00,81.501
5359,2,2374,2398.310749891655,-1665.119066591989,2020-08-06T12:10:05Z,45.53393333,7.87193333,1227.00,81.5
5360,2,2375,2399.310749891655,-1664.119066591989,2020-08-06T12:10:06Z,45.53388333,7.87195000,1238.00,81.503
5361,2,2376,2400.310749891655,-1663.119066591989,2020-08-06T12:10:07Z,45.53383333,7.87191667,1233.00,81.509
5362,2,2377,2401.310749891655,-1662.119066591989,2020-08-06T12:10:08Z,45.53378333,7.87186667,1245.00,81.515
5363,2,2378,2402.310749891655,-1661.119066591989,2020-08-06T12:10:09Z,45.53376667,7.87178333,1237.00,81.521
5364,2,2379,2403.310749891655,-1660.119066591989,2020-08-06T12:10:10Z,45.53380000,7.87168333,1243.00,81.525
5365,2,2380,2404.310749891655,-1659.119066591989,2020-08-06T12:10:11Z,45.53385000,7.87155000,1244.00,81.529
5366,2,2381,2405.310749891655,-1658.119066591989,2020-08-06T12:10:12Z,45.53395000,7.87145000,1258.00,81.527
5367,2,2382,2406.310749891655,-1657.119066591989,2020-08-06T12:10:13Z,45.53408333,7.87138333,1234.00,81.521
5368,2,2383,2407.310749891655,-1656.119066591989,2020-08-06T12:10:14Z,45.53421667,7.87136667,1253.00,81.512
5369,2,2384,2408.310749891655,-1655.119066591989,2020-08-06T12:10:15Z,45.53433333,7.87140000,1251.00,81.502
5370,2,2385,2409.310749891655,-1654.119066591989,2020-08-06T12:10:16Z,45.53445000,7.87150000,1254.00,81.487
5371,2,2386,2410.310749891655,-1653.119066591989,2020-08-06T12:10:17Z,45.53450000,7.87163333,1261.00,81.476
5372,2,2387,2411.310749891655,-1652.119066591989,2020-08-06T12:10:18Z,45.53455000,7.87173333,1259.00,81.466
5373,2,2388,2412.310749891655,-1651.119066591989,2020-08-06T12:10:19Z,45.53455000,7.87183333,1252.00,81.46
5374,2,2389,2413.310749891655,-1650.119066591989,2020-08-06T12:10:20Z,45.53455000,7.87193333,1273.00,81.455
5375,2,2390,2414.310749891655,-1649.119066591989,2020-08-06T12:10:21Z,45.53453333,7.87200000,1247.00,81.452
5376,2,2391,2415.310749891655,-1648.119066591989,2020-08-06T12:10:22Z,45.53450000,7.87206667,1266.00,81.45
5377,2,2392,2416.310749891655,-1647.119066591989,2020-08-06T12:10:23Z,45.53445000,7.87208333,1263.00,81.453
5378,2,2393,2417.310749891655,-1646.119066591989,2020-08-06T12:10:24Z,45.53441667,7.87203333,1267.00,81.459
5379,2,2394,2418.310749891655,-1645.119066591989,2020-08-06T12:10:25Z,45.53438333,7.87193333,1275.00,81.467
5380,2,2395,2419.310749891655,-1644.119066591989,2020-08-06T12:10:26Z,45.53436667,7.87181667,1266.00,81.475
5381,2,2396,2420.310749891655,-1643.119066591989,2020-08-06T12:10:27Z,45.53436667,7.87168333,1293.00,81.483
5382,2,2397,2421.310749891655,-1642.119066591989,2020-08-06T12:10:28Z,45.53440000,7.87156667,1273.00,81.487
5383,2,2398,2422.310749891655,-1641.119066591989,2020-08-06T12:10:29Z,45.53446667,7.87146667,1267.00,81.488
5384,2,2399,2423.310749891655,-1640.119066591989,2020-08-06T12:10:30Z,45.53456667,7.87138333,1274.00,81.485
5385,2,2400,2424.310749891655,-1639.119066591989,2020-08-06T12:10:31Z,45.53466667,7.87131667,1271.00,81.482
5386,2,2401,2425.310749891655,-1638.119066591989,2020-08-06T12:10:32Z,45.53478333,7.87123333,1288.00,81.478
5387,2,2402,2426.310749891655,-1637.119066591989,2020-08-06T12:10:33Z,45.53491667,7.87116667,1281.00,81.472
5388,2,2403,2427.310749891655,-1636.119066591989,2020-08-06T12:10:34Z,45.53503333,7.87115000,1263.00,81.465
5389,2,2404,2428.310749891655,-1635.119066591989,2020-08-06T12:10:35Z,45.53516667,7.87116667,1287.00,81.454
5390,2,2405,2429.310749891655,-1634.119066591989,2020-08-06T12:10:36Z,45.53528333,7.87123333,1283.00,81.441
5391,2,2406,2430.310749891655,-1633.119066591989,2020-08-06T12:10:37Z,45.53538333,7.87135000,1288.00,81.427
5392,2,2407,2431.310749891655,-1632.119066591989,2020-08-06T12:10:38Z,45.53543333,7.87150000,1289.00,81.415
5393,2,2408,2432.310749891655,-1631.119066591989,2020-08-06T12:10:39Z,45.53546667,7.87163333,1284.00,81.405
5394,2,2409,2433.310749891655,-1630.119066591989,2020-08-06T12:10:40Z,45.53546667,7.87173333,1290.00,81.399
5395,2,2410,2434.310749891655,-1629.119066591989,2020-08-06T12:10:41Z,45.53546667,7.87183333,1297.00,81.393
5396,2,2411,2435.310749891655,-1628.119066591989,2020-08-06T12:10:42Z,45.53546667,7.87193333,1305.00,81.387
5397,2,2412,2436.310749891655,-1627.119066591989,2020-08-06T12:10:43Z,45.53546667,7.87203333,1296.00,81.381
5398,2,2413,2437.310749891655,-1626.119066591989,2020-08-06T12:10:44Z,45.53545000,7.87213333,1297.00,81.377
5399,2,2414,2438.310749891655,-1625.119066591989,2020-08-06T12:10:45Z,45.53543333,7.87221667,1303.00,81.373
5400,2,2415,2439.310749891655,-1624.119066591989,2020-08-06T12:10:46Z,45.53540000,7.87228333,1295.00,81.371
5401,2,2416,2440.310749891655,-1623.119066591989,2020-08-06T12:10:47Z,45.53535000,7.87228333,1290.00,81.375
5402,2,2417,2441.310749891655,-1622.119066591989,2020-08-06T12:10:48Z,45.53530000,7.87225000,1304.00,81.381
5403,2,2418,2442.310749891655,-1621.119066591989,2020-08-06T12:10:49Z,45.53528333,7.87216667,1296.00,81.387
5404,2,2419,2443.310749891655,-1620.119066591989,2020-08-06T12:10:50Z,45.53528333,7.87205000,1309.00,81.394
5405,2,2420,2444.310749891655,-1619.119066591989,2020-08-06T12:10:51Z,45.53530000,7.87191667,1306.00,81.4
5406,2,2421,2445.310749891655,-1618.119066591989,2020-08-06T12:10:52Z,45.53533333,7.87178333,1302.00,81.406
5407,2,2422,2446.310749891655,-1617.119066591989,2020-08-06T12:10:53Z,45.53538333,7.87166667,1303.00,81.409
5408,2,2423,2447.310749891655,-1616.119066591989,2020-08-06T12:10:54Z,45.53546667,7.87155000,1303.00,81.409
5409,2,2424,2448.310749891655,-1615.119066591989,2020-08-06T12:10:55Z,45.53558333,7.87148333,1302.00,81.405
5410,2,2425,2449.310749891655,-1614.119066591989,2020-08-06T12:10:56Z,45.53570000,7.87143333,1309.00,81.399
5411,2,2426,2450.310749891655,-1613.119066591989,2020-08-06T12:10:57Z,45.53583333,7.87143333,1304.00,81.389
5412,2,2427,2451.310749891655,-1612.119066591989,2020-08-06T12:10:58Z,45.53596667,7.87146667,1310.00,81.378
5413,2,2428,2452.310749891655,-1611.119066591989,2020-08-06T12:10:59Z,45.53608333,7.87151667,1310.00,81.366
5414,2,2429,2453.310749891655,-1610.119066591989,2020-08-06T12:11:00Z,45.53618333,7.87160000,1311.00,81.354
5415,2,2430,2454.310749891655,-1609.119066591989,2020-08-06T12:11:01Z,45.53626667,7.87171667,1309.00,81.341
5416,2,2431,2455.310749891655,-1608.119066591989,2020-08-06T12:11:02Z,45.53631667,7.87183333,1316.00,81.331
5417,2,2432,2456.310749891655,-1607.119066591989,2020-08-06T12:11:03Z,45.53636667,7.87196667,1315.00,81.319
5418,2,2433,2457.310749891655,-1606.119066591989,2020-08-06T12:11:04Z,45.53638333,7.87210000,1319.00,81.31
5419,2,2434,2458.310749891655,-1605.119066591989,2020-08-06T12:11:05Z,45.53641667,7.87223333,1316.00,81.3
5420,2,2435,2459.310749891655,-1604.119066591989,2020-08-06T12:11:06Z,45.53643333,7.87235000,1316.00,81.292
5421,2,2436,2460.310749891655,-1603.119066591989,2020-08-06T12:11:07Z,45.53645000,7.87248333,1325.00,81.283
5422,2,2437,2461.310749891655,-1602.119066591989,2020-08-06T12:11:08Z,45.53645000,7.87260000,1319.00,81.276
5423,2,2438,2462.310749891655,-1601.119066591989,2020-08-06T12:11:09Z,45.53643333,7.87270000,1325.00,81.271
5424,2,2439,2463.310749891655,-1600.119066591989,2020-08-06T12:11:10Z,45.53640000,7.87280000,1327.00,81.268
5425,2,2440,2464.310749891655,-1599.119066591989,2020-08-06T12:11:11Z,45.53636667,7.87286667,1328.00,81.266
5426,2,2441,2465.310749891655,-1598.119066591989,2020-08-06T12:11:12Z,45.53633333,7.87293333,1324.00,81.265
5427,2,2442,2466.310749891655,-1597.119066591989,2020-08-06T12:11:13Z,45.53628333,7.87295000,1316.00,81.268
5428,2,2443,2467.310749891655,-1596.119066591989,2020-08-06T12:11:14Z,45.53623333,7.87295000,1327.00,81.271
5429,2,2444,2468.310749891655,-1595.119066591989,2020-08-06T12:11:15Z,45.53618333,7.87291667,1332.00,81.277
5430,2,2445,2469.310749891655,-1594.119066591989,2020-08-06T12:11:16Z,45.53613333,7.87285000,1330.00,81.284
5431,2,2446,2470.310749891655,-1593.119066591989,2020-08-06T12:11:17Z,45.53610000,7.87276667,1334.00,81.292
5432,2,2447,2471.310749891655,-1592.119066591989,2020-08-06T12:11:18Z,45.53608333,7.87266667,1318.00,81.299
5433,2,2448,2472.310749891655,-1591.119066591989,2020-08-06T12:11:19Z,45.53608333,7.87253333,1338.00,81.307
5434,2,2449,2473.310749891655,-1590.119066591989,2020-08-06T12:11:20Z,45.53613333,7.87240000,1323.00,81.311
5435,2,2450,2474.310749891655,-1589.119066591989,2020-08-06T12:11:21Z,45.53621667,7.87228333,1327.00,81.311
5436,2,2451,2475.310749891655,-1588.119066591989,2020-08-06T12:11:22Z,45.53633333,7.87220000,1335.00,81.308
5437,2,2452,2476.310749891655,-1587.119066591989,2020-08-06T12:11:23Z,45.53645000,7.87216667,1320.00,81.301
5438,2,2453,2477.310749891655,-1586.119066591989,2020-08-06T12:11:24Z,45.53658333,7.87218333,1328.00,81.291
5439,2,2454,2478.310749891655,-1585.119066591989,2020-08-06T12:11:25Z,45.53671667,7.87225000,1327.00,81.277
5440,2,2455,2479.310749891655,-1584.119066591989,2020-08-06T12:11:26Z,45.53681667,7.87236667,1325.00,81.263
5441,2,2456,2480.310749891655,-1583.119066591989,2020-08-06T12:11:27Z,45.53691667,7.87248333,1332.00,81.249
5442,2,2457,2481.310749891655,-1582.119066591989,2020-08-06T12:11:28Z,45.53700000,7.87261667,1328.00,81.235
5443,2,2458,2482.310749891655,-1581.119066591989,2020-08-06T12:11:29Z,45.53705000,7.87275000,1331.00,81.223
5444,2,2459,2483.310749891655,-1580.119066591989,2020-08-06T12:11:30Z,45.53710000,7.87290000,1330.00,81.211
5445,2,2460,2484.310749891655,-1579.119066591989,2020-08-06T12:11:31Z,45.53715000,7.87305000,1339.00,81.198
5446,2,2461,2485.310749891655,-1578.119066591989,2020-08-06T12:11:32Z,45.53720000,7.87320000,1338.00,81.186
5447,2,2462,2486.310749891655,-1577.119066591989,2020-08-06T12:11:33Z,45.53725000,7.87335000,1340.00,81.173
5448,2,2463,2487.310749891655,-1576.119066591989,2020-08-06T12:11:34Z,45.53728333,7.87350000,1341.00,81.162
5449,2,2464,2488.310749891655,-1575.119066591989,2020-08-06T12:11:35Z,45.53731667,7.87365000,1334.00,81.151
5450,2,2465,2489.310749891655,-1574.119066591989,2020-08-06T12:11:36Z,45.53733333,7.87378333,1334.00,81.142
5451,2,2466,2490.310749891655,-1573.119066591989,2020-08-06T12:11:37Z,45.53736667,7.87390000,1343.00,81.132
5452,2,2467,2491.310749891655,-1572.119066591989,2020-08-06T12:11:38Z,45.53738333,7.87403333,1328.00,81.123
5453,2,2468,2492.310749891655,-1571.119066591989,2020-08-06T12:11:39Z,45.53741667,7.87416667,1331.00,81.113
5454,2,2469,2493.310749891655,-1570.119066591989,2020-08-06T12:11:40Z,45.53743333,7.87428333,1344.00,81.105
5455,2,2470,2494.310749891655,-1569.119066591989,2020-08-06T12:11:41Z,45.53746667,7.87440000,1332.00,81.096
5456,2,2471,2495.310749891655,-1568.119066591989,2020-08-06T12:11:42Z,45.53748333,7.87451667,1335.00,81.088
5457,2,2472,2496.310749891655,-1567.119066591989,2020-08-06T12:11:43Z,45.53748333,7.87465000,1331.00,81.08
5458,2,2473,2497.310749891655,-1566.119066591989,2020-08-06T12:11:44Z,45.53750000,7.87480000,1331.00,81.07
5459,2,2474,2498.310749891655,-1565.119066591989,2020-08-06T12:11:45Z,45.53751667,7.87496667,1327.00,81.059
5460,2,2475,2499.310749891655,-1564.119066591989,2020-08-06T12:11:46Z,45.53751667,7.87513333,1320.00,81.049
5461,2,2476,2500.310749891655,-1563.119066591989,2020-08-06T12:11:47Z,45.53751667,7.87530000,1321.00,81.04
5462,2,2477,2501.310749891655,-1562.119066591989,2020-08-06T12:11:48Z,45.53753333,7.87543333,1325.00,81.031
5463,2,2478,2502.310749891655,-1561.119066591989,2020-08-06T12:11:49Z,45.53755000,7.87558333,1324.00,81.021
5464,2,2479,2503.310749891655,-1560.119066591989,2020-08-06T12:11:50Z,45.53756667,7.87571667,1321.00,81.012
5465,2,2480,2504.310749891655,-1559.119066591989,2020-08-06T12:11:51Z,45.53758333,7.87586667,1318.00,81.002
5466,2,2481,2505.310749891655,-1558.119066591989,2020-08-06T12:11:52Z,45.53760000,7.87603333,1317.00,80.991
5467,2,2482,2506.310749891655,-1557.119066591989,2020-08-06T12:11:53Z,45.53761667,7.87621667,1316.00,80.979
5468,2,2483,2507.310749891655,-1556.119066591989,2020-08-06T12:11:54Z,45.53763333,7.87640000,1315.00,80.967
5469,2,2484,2508.310749891655,-1555.119066591989,2020-08-06T12:11:55Z,45.53765000,7.87656667,1314.00,80.956
5470,2,2485,2509.310749891655,-1554.119066591989,2020-08-06T12:11:56Z,45.53765000,7.87673333,1317.00,80.946
5471,2,2486,2510.310749891655,-1553.119066591989,2020-08-06T12:11:57Z,45.53766667,7.87688333,1310.00,80.936
5472,2,2487,2511.310749891655,-1552.119066591989,2020-08-06T12:11:58Z,45.53766667,7.87705000,1314.00,80.926
5473,2,2488,2512.310749891655,-1551.119066591989,2020-08-06T12:11:59Z,45.53768333,7.87720000,1313.00,80.917
5474,2,2489,2513.310749891655,-1550.119066591989,2020-08-06T12:12:00Z,45.53770000,7.87735000,1315.00,80.907
5475,2,2490,2514.310749891655,-1549.119066591989,2020-08-06T12:12:01Z,45.53771667,7.87751667,1316.00,80.896
5476,2,2491,2515.310749891655,-1548.119066591989,2020-08-06T12:12:02Z,45.53773333,7.87768333,1313.00,80.885
5477,2,2492,2516.310749891655,-1547.119066591989,2020-08-06T12:12:03Z,45.53773333,7.87783333,1309.00,80.876
5478,2,2493,2517.310749891655,-1546.119066591989,2020-08-06T12:12:04Z,45.53775000,7.87796667,1322.00,80.867
5479,2,2494,2518.310749891655,-1545.119066591989,2020-08-06T12:12:05Z,45.53776667,7.87811667,1304.00,80.857
5480,2,2495,2519.310749891655,-1544.119066591989,2020-08-06T12:12:06Z,45.53778333,7.87825000,1309.00,80.848
5481,2,2496,2520.310749891655,-1543.119066591989,2020-08-06T12:12:07Z,45.53778333,7.87840000,1309.00,80.839
5482,2,2497,2521.310749891655,-1542.119066591989,2020-08-06T12:12:08Z,45.53780000,7.87853333,1311.00,80.83
5483,2,2498,2522.310749891655,-1541.119066591989,2020-08-06T12:12:09Z,45.53781667,7.87868333,1316.00,80.821
5484,2,2499,2523.310749891655,-1540.119066591989,2020-08-06T12:12:10Z,45.53785000,7.87880000,1309.00,80.811
5485,2,2500,2524.310749891655,-1539.119066591989,2020-08-06T12:12:11Z,45.53786667,7.87891667,1316.00,80.803
5486,2,2501,2525.310749891655,-1538.119066591989,2020-08-06T12:12:12Z,45.53790000,7.87903333,1310.00,80.794
5487,2,2502,2526.310749891655,-1537.119066591989,2020-08-06T12:12:13Z,45.53791667,7.87915000,1312.00,80.786
5488,2,2503,2527.310749891655,-1536.119066591989,2020-08-06T12:12:14Z,45.53795000,7.87926667,1312.00,80.777
5489,2,2504,2528.310749891655,-1535.119066591989,2020-08-06T12:12:15Z,45.53796667,7.87940000,1301.00,80.768
5490,2,2505,2529.310749891655,-1534.119066591989,2020-08-06T12:12:16Z,45.53798333,7.87955000,1304.00,80.758
5491,2,2506,2530.310749891655,-1533.119066591989,2020-08-06T12:12:17Z,45.53798333,7.87970000,1306.00,80.749
5492,2,2507,2531.310749891655,-1532.119066591989,2020-08-06T12:12:18Z,45.53798333,7.87985000,1304.00,80.741
5493,2,2508,2532.310749891655,-1531.119066591989,2020-08-06T12:12:19Z,45.53796667,7.88000000,1303.00,80.733
5494,2,2509,2533.310749891655,-1530.119066591989,2020-08-06T12:12:20Z,45.53796667,7.88013333,1303.00,80.726
5495,2,2510,2534.310749891655,-1529.119066591989,2020-08-06T12:12:21Z,45.53796667,7.88026667,1300.00,80.718
5496,2,2511,2535.310749891655,-1528.119066591989,2020-08-06T12:12:22Z,45.53796667,7.88040000,1307.00,80.71
5497,2,2512,2536.310749891655,-1527.119066591989,2020-08-06T12:12:23Z,45.53798333,7.88055000,1288.00,80.7
5498,2,2513,2537.310749891655,-1526.119066591989,2020-08-06T12:12:24Z,45.53798333,7.88071667,1290.00,80.691
5499,2,2514,2538.310749891655,-1525.119066591989,2020-08-06T12:12:25Z,45.53796667,7.88086667,1297.00,80.683
5500,2,2515,2539.310749891655,-1524.119066591989,2020-08-06T12:12:26Z,45.53796667,7.88100000,1289.00,80.676
5501,2,2516,2540.310749891655,-1523.119066591989,2020-08-06T12:12:27Z,45.53798333,7.88113333,1292.00,80.667
5502,2,2517,2541.310749891655,-1522.119066591989,2020-08-06T12:12:28Z,45.53800000,7.88123333,1295.00,80.66
5503,2,2518,2542.310749891655,-1521.119066591989,2020-08-06T12:12:29Z,45.53801667,7.88135000,1284.00,80.652
5504,2,2519,2543.310749891655,-1520.119066591989,2020-08-06T12:12:30Z,45.53801667,7.88146667,1280.00,80.645
5505,2,2520,2544.310749891655,-1519.119066591989,2020-08-06T12:12:31Z,45.53803333,7.88160000,1296.00,80.636
5506,2,2521,2545.310749891655,-1518.119066591989,2020-08-06T12:12:32Z,45.53803333,7.88173333,1281.00,80.629
5507,2,2522,2546.310749891655,-1517.119066591989,2020-08-06T12:12:33Z,45.53803333,7.88186667,1277.00,80.621
5508,2,2523,2547.310749891655,-1516.119066591989,2020-08-06T12:12:34Z,45.53803333,7.88200000,1277.00,80.613
5509,2,2524,2548.310749891655,-1515.119066591989,2020-08-06T12:12:35Z,45.53803333,7.88211667,1278.00,80.607
5510,2,2525,2549.310749891655,-1514.119066591989,2020-08-06T12:12:36Z,45.53803333,7.88225000,1267.00,80.599
5511,2,2526,2550.310749891655,-1513.119066591989,2020-08-06T12:12:37Z,45.53803333,7.88240000,1269.00,80.59
5512,2,2527,2551.310749891655,-1512.119066591989,2020-08-06T12:12:38Z,45.53805000,7.88253333,1266.00,80.582
5513,2,2528,2552.310749891655,-1511.119066591989,2020-08-06T12:12:39Z,45.53806667,7.88270000,1268.00,80.571
5514,2,2529,2553.310749891655,-1510.119066591989,2020-08-06T12:12:40Z,45.53806667,7.88285000,1267.00,80.562
5515,2,2530,2554.310749891655,-1509.119066591989,2020-08-06T12:12:41Z,45.53808333,7.88301667,1263.00,80.551
5516,2,2531,2555.310749891655,-1508.119066591989,2020-08-06T12:12:42Z,45.53810000,7.88316667,1264.00,80.542
5517,2,2532,2556.310749891655,-1507.119066591989,2020-08-06T12:12:43Z,45.53811667,7.88331667,1269.00,80.532
5518,2,2533,2557.310749891655,-1506.119066591989,2020-08-06T12:12:44Z,45.53813333,7.88346667,1265.00,80.522
5519,2,2534,2558.310749891655,-1505.119066591989,2020-08-06T12:12:45Z,45.53816667,7.88361667,1264.00,80.511
5520,2,2535,2559.310749891655,-1504.119066591989,2020-08-06T12:12:46Z,45.53818333,7.88378333,1260.00,80.5
5521,2,2536,2560.310749891655,-1503.119066591989,2020-08-06T12:12:47Z,45.53820000,7.88395000,1255.00,80.489
5522,2,2537,2561.310749891655,-1502.119066591989,2020-08-06T12:12:48Z,45.53820000,7.88410000,1264.00,80.48
5523,2,2538,2562.310749891655,-1501.119066591989,2020-08-06T12:12:49Z,45.53821667,7.88426667,1264.00,80.469
5524,2,2539,2563.310749891655,-1500.119066591989,2020-08-06T12:12:50Z,45.53823333,7.88443333,1256.00,80.458
5525,2,2540,2564.310749891655,-1499.119066591989,2020-08-06T12:12:51Z,45.53823333,7.88458333,1259.00,80.45
5526,2,2541,2565.310749891655,-1498.119066591989,2020-08-06T12:12:52Z,45.53825000,7.88476667,1252.00,80.438
5527,2,2542,2566.310749891655,-1497.119066591989,2020-08-06T12:12:53Z,45.53825000,7.88493333,1255.00,80.428
5528,2,2543,2567.310749891655,-1496.119066591989,2020-08-06T12:12:54Z,45.53826667,7.88510000,1262.00,80.417
5529,2,2544,2568.310749891655,-1495.119066591989,2020-08-06T12:12:55Z,45.53828333,7.88526667,1258.00,80.406
5530,2,2545,2569.310749891655,-1494.119066591989,2020-08-06T12:12:56Z,45.53830000,7.88540000,1242.00,80.397
5531,2,2546,2570.310749891655,-1493.119066591989,2020-08-06T12:12:57Z,45.53831667,7.88550000,1244.00,80.39
5532,2,2547,2571.310749891655,-1492.119066591989,2020-08-06T12:12:58Z,45.53833333,7.88558333,1266.00,80.384
5533,2,2548,2572.310749891655,-1491.119066591989,2020-08-06T12:12:59Z,45.53836667,7.88566667,1255.00,80.377
5534,2,2549,2573.310749891655,-1490.119066591989,2020-08-06T12:13:00Z,45.53840000,7.88576667,1257.00,80.368
5535,2,2550,2574.310749891655,-1489.119066591989,2020-08-06T12:13:01Z,45.53840000,7.88586667,1293.00,80.363
5536,2,2551,2575.310749891655,-1488.119066591989,2020-08-06T12:13:02Z,45.53838333,7.88595000,1273.00,80.359
5537,2,2552,2576.310749891655,-1487.119066591989,2020-08-06T12:13:03Z,45.53835000,7.88600000,1276.00,80.358
5538,2,2553,2577.310749891655,-1486.119066591989,2020-08-06T12:13:04Z,45.53828333,7.88603333,1278.00,80.361
5539,2,2554,2578.310749891655,-1485.119066591989,2020-08-06T12:13:05Z,45.53820000,7.88603333,1273.00,80.368
5540,2,2555,2579.310749891655,-1484.119066591989,2020-08-06T12:13:06Z,45.53811667,7.88598333,1269.00,80.377
5541,2,2556,2580.310749891655,-1483.119066591989,2020-08-06T12:13:07Z,45.53806667,7.88590000,1276.00,80.385
5542,2,2557,2581.310749891655,-1482.119066591989,2020-08-06T12:13:08Z,45.53808333,7.88576667,1276.00,80.392
5543,2,2558,2582.310749891655,-1481.119066591989,2020-08-06T12:13:09Z,45.53811667,7.88561667,1279.00,80.398
5544,2,2559,2583.310749891655,-1480.119066591989,2020-08-06T12:13:10Z,45.53818333,7.88548333,1271.00,80.401
5545,2,2560,2584.310749891655,-1479.119066591989,2020-08-06T12:13:11Z,45.53828333,7.88536667,1281.00,80.4
5546,2,2561,2585.310749891655,-1478.119066591989,2020-08-06T12:13:12Z,45.53840000,7.88533333,1278.00,80.394
5547,2,2562,2586.310749891655,-1477.119066591989,2020-08-06T12:13:13Z,45.53851667,7.88535000,1276.00,80.384
5548,2,2563,2587.310749891655,-1476.119066591989,2020-08-06T12:13:14Z,45.53860000,7.88543333,1278.00,80.373
5549,2,2564,2588.310749891655,-1475.119066591989,2020-08-06T12:13:15Z,45.53866667,7.88553333,1298.00,80.362
5550,2,2565,2589.310749891655,-1474.119066591989,2020-08-06T12:13:16Z,45.53871667,7.88565000,1278.00,80.352
5551,2,2566,2590.310749891655,-1473.119066591989,2020-08-06T12:13:17Z,45.53873333,7.88576667,1271.00,80.344
5552,2,2567,2591.310749891655,-1472.119066591989,2020-08-06T12:13:18Z,45.53871667,7.88585000,1295.00,80.34
5553,2,2568,2592.310749891655,-1471.119066591989,2020-08-06T12:13:19Z,45.53868333,7.88593333,1288.00,80.338
5554,2,2569,2593.310749891655,-1470.119066591989,2020-08-06T12:13:20Z,45.53861667,7.88596667,1286.00,80.341
5555,2,2570,2594.310749891655,-1469.119066591989,2020-08-06T12:13:21Z,45.53855000,7.88596667,1294.00,80.346
5556,2,2571,2595.310749891655,-1468.119066591989,2020-08-06T12:13:22Z,45.53848333,7.88591667,1282.00,80.353
5557,2,2572,2596.310749891655,-1467.119066591989,2020-08-06T12:13:23Z,45.53845000,7.88581667,1292.00,80.362
5558,2,2573,2597.310749891655,-1466.119066591989,2020-08-06T12:13:24Z,45.53845000,7.88566667,1296.00,80.371
5559,2,2574,2598.310749891655,-1465.119066591989,2020-08-06T12:13:25Z,45.53848333,7.88551667,1293.00,80.377
5560,2,2575,2599.310749891655,-1464.119066591989,2020-08-06T12:13:26Z,45.53855000,7.88538333,1302.00,80.38
5561,2,2576,2600.310749891655,-1463.119066591989,2020-08-06T12:13:27Z,45.53863333,7.88526667,1292.00,80.38
5562,2,2577,2601.310749891655,-1462.119066591989,2020-08-06T12:13:28Z,45.53875000,7.88521667,1295.00,80.375
5563,2,2578,2602.310749891655,-1461.119066591989,2020-08-06T12:13:29Z,45.53886667,7.88523333,1304.00,80.365
5564,2,2579,2603.310749891655,-1460.119066591989,2020-08-06T12:13:30Z,45.53896667,7.88528333,1299.00,80.355
5565,2,2580,2604.310749891655,-1459.119066591989,2020-08-06T12:13:31Z,45.53906667,7.88535000,1306.00,80.344
5566,2,2581,2605.310749891655,-1458.119066591989,2020-08-06T12:13:32Z,45.53911667,7.88545000,1315.00,80.334
5567,2,2582,2606.310749891655,-1457.119066591989,2020-08-06T12:13:33Z,45.53915000,7.88558333,1293.00,80.324
5568,2,2583,2607.310749891655,-1456.119066591989,2020-08-06T12:13:34Z,45.53913333,7.88568333,1304.00,80.319
5569,2,2584,2608.310749891655,-1455.119066591989,2020-08-06T12:13:35Z,45.53908333,7.88576667,1303.00,80.318
5570,2,2585,2609.310749891655,-1454.119066591989,2020-08-06T12:13:36Z,45.53900000,7.88581667,1313.00,80.321
5571,2,2586,2610.310749891655,-1453.119066591989,2020-08-06T12:13:37Z,45.53893333,7.88581667,1318.00,80.326
5572,2,2587,2611.310749891655,-1452.119066591989,2020-08-06T12:13:38Z,45.53886667,7.88576667,1309.00,80.334
5573,2,2588,2612.310749891655,-1451.119066591989,2020-08-06T12:13:39Z,45.53881667,7.88568333,1309.00,80.343
5574,2,2589,2613.310749891655,-1450.119066591989,2020-08-06T12:13:40Z,45.53878333,7.88558333,1320.00,80.351
5575,2,2590,2614.310749891655,-1449.119066591989,2020-08-06T12:13:41Z,45.53876667,7.88545000,1320.00,80.36
5576,2,2591,2615.310749891655,-1448.119066591989,2020-08-06T12:13:42Z,45.53878333,7.88531667,1313.00,80.366
5577,2,2592,2616.310749891655,-1447.119066591989,2020-08-06T12:13:43Z,45.53881667,7.88516667,1320.00,80.373
5578,2,2593,2617.310749891655,-1446.119066591989,2020-08-06T12:13:44Z,45.53888333,7.88505000,1312.00,80.375
5579,2,2594,2618.310749891655,-1445.119066591989,2020-08-06T12:13:45Z,45.53896667,7.88496667,1320.00,80.373
5580,2,2595,2619.310749891655,-1444.119066591989,2020-08-06T12:13:46Z,45.53906667,7.88491667,1327.00,80.369
5581,2,2596,2620.310749891655,-1443.119066591989,2020-08-06T12:13:47Z,45.53916667,7.88490000,1328.00,80.362
5582,2,2597,2621.310749891655,-1442.119066591989,2020-08-06T12:13:48Z,45.53925000,7.88491667,1330.00,80.355
5583,2,2598,2622.310749891655,-1441.119066591989,2020-08-06T12:13:49Z,45.53935000,7.88496667,1323.00,80.344
5584,2,2599,2623.310749891655,-1440.119066591989,2020-08-06T12:13:50Z,45.53941667,7.88503333,1334.00,80.335
5585,2,2600,2624.310749891655,-1439.119066591989,2020-08-06T12:13:51Z,45.53946667,7.88513333,1338.00,80.326
5586,2,2601,2625.310749891655,-1438.119066591989,2020-08-06T12:13:52Z,45.53950000,7.88526667,1328.00,80.316
5587,2,2602,2626.310749891655,-1437.119066591989,2020-08-06T12:13:53Z,45.53948333,7.88538333,1333.00,80.31
5588,2,2603,2627.310749891655,-1436.119066591989,2020-08-06T12:13:54Z,45.53943333,7.88545000,1334.00,80.31
5589,2,2604,2628.310749891655,-1435.119066591989,2020-08-06T12:13:55Z,45.53936667,7.88548333,1333.00,80.314
5590,2,2605,2629.310749891655,-1434.119066591989,2020-08-06T12:13:56Z,45.53930000,7.88545000,1335.00,80.321
5591,2,2606,2630.310749891655,-1433.119066591989,2020-08-06T12:13:57Z,45.53923333,7.88536667,1343.00,80.33
5592,2,2607,2631.310749891655,-1432.119066591989,2020-08-06T12:13:58Z,45.53920000,7.88525000,1344.00,80.339
5593,2,2608,2632.310749891655,-1431.119066591989,2020-08-06T12:13:59Z,45.53920000,7.88510000,1342.00,80.348
5594,2,2609,2633.310749891655,-1430.119066591989,2020-08-06T12:14:00Z,45.53921667,7.88495000,1349.00,80.355
5595,2,2610,2634.310749891655,-1429.119066591989,2020-08-06T12:14:01Z,45.53926667,7.88483333,1349.00,80.358
5596,2,2611,2635.310749891655,-1428.119066591989,2020-08-06T12:14:02Z,45.53935000,7.88471667,1347.00,80.359
5597,2,2612,2636.310749891655,-1427.119066591989,2020-08-06T12:14:03Z,45.53943333,7.88463333,1347.00,80.357
5598,2,2613,2637.310749891655,-1426.119066591989,2020-08-06T12:14:04Z,45.53955000,7.88460000,1353.00,80.35
5599,2,2614,2638.310749891655,-1425.119066591989,2020-08-06T12:14:05Z,45.53965000,7.88460000,1345.00,80.343
5600,2,2615,2639.310749891655,-1424.119066591989,2020-08-06T12:14:06Z,45.53973333,7.88465000,1355.00,80.333
5601,2,2616,2640.310749891655,-1423.119066591989,2020-08-06T12:14:07Z,45.53981667,7.88471667,1357.00,80.323
5602,2,2617,2641.310749891655,-1422.119066591989,2020-08-06T12:14:08Z,45.53986667,7.88480000,1359.00,80.315
5603,2,2618,2642.310749891655,-1421.119066591989,2020-08-06T12:14:09Z,45.53988333,7.88490000,1354.00,80.308
5604,2,2619,2643.310749891655,-1420.119066591989,2020-08-06T12:14:10Z,45.53988333,7.88501667,1355.00,80.301
5605,2,2620,2644.310749891655,-1419.119066591989,2020-08-06T12:14:11Z,45.53985000,7.88510000,1363.00,80.299
5606,2,2621,2645.310749891655,-1418.119066591989,2020-08-06T12:14:12Z,45.53980000,7.88516667,1343.00,80.299
5607,2,2622,2646.310749891655,-1417.119066591989,2020-08-06T12:14:13Z,45.53973333,7.88520000,1367.00,80.302
5608,2,2623,2647.310749891655,-1416.119066591989,2020-08-06T12:14:14Z,45.53966667,7.88520000,1357.00,80.307
5609,2,2624,2648.310749891655,-1415.119066591989,2020-08-06T12:14:15Z,45.53960000,7.88515000,1372.00,80.315
5610,2,2625,2649.310749891655,-1414.119066591989,2020-08-06T12:14:16Z,45.53953333,7.88505000,1366.00,80.326
5611,2,2626,2650.310749891655,-1413.119066591989,2020-08-06T12:14:17Z,45.53950000,7.88493333,1368.00,80.335
5612,2,2627,2651.310749891655,-1412.119066591989,2020-08-06T12:14:18Z,45.53950000,7.88478333,1372.00,80.343
5613,2,2628,2652.310749891655,-1411.119066591989,2020-08-06T12:14:19Z,45.53955000,7.88461667,1369.00,80.349
5614,2,2629,2653.310749891655,-1410.119066591989,2020-08-06T12:14:20Z,45.53961667,7.88448333,1376.00,80.352
5615,2,2630,2654.310749891655,-1409.119066591989,2020-08-06T12:14:21Z,45.53971667,7.88440000,1371.00,80.349
5616,2,2631,2655.310749891655,-1408.119066591989,2020-08-06T12:14:22Z,45.53983333,7.88438333,1371.00,80.341
5617,2,2632,2656.310749891655,-1407.119066591989,2020-08-06T12:14:23Z,45.53993333,7.88441667,1369.00,80.332
5618,2,2633,2657.310749891655,-1406.119066591989,2020-08-06T12:14:24Z,45.54003333,7.88451667,1376.00,80.319
5619,2,2634,2658.310749891655,-1405.119066591989,2020-08-06T12:14:25Z,45.54008333,7.88460000,1366.00,80.31
5620,2,2635,2659.310749891655,-1404.119066591989,2020-08-06T12:14:26Z,45.54011667,7.88471667,1372.00,80.301
5621,2,2636,2660.310749891655,-1403.119066591989,2020-08-06T12:14:27Z,45.54011667,7.88481667,1379.00,80.295
5622,2,2637,2661.310749891655,-1402.119066591989,2020-08-06T12:14:28Z,45.54010000,7.88491667,1374.00,80.291
5623,2,2638,2662.310749891655,-1401.119066591989,2020-08-06T12:14:29Z,45.54005000,7.88500000,1387.00,80.29
5624,2,2639,2663.310749891655,-1400.119066591989,2020-08-06T12:14:30Z,45.54000000,7.88506667,1381.00,80.29
5625,2,2640,2664.310749891655,-1399.119066591989,2020-08-06T12:14:31Z,45.53993333,7.88508333,1389.00,80.294
5626,2,2641,2665.310749891655,-1398.119066591989,2020-08-06T12:14:32Z,45.53985000,7.88506667,1394.00,80.301
5627,2,2642,2666.310749891655,-1397.119066591989,2020-08-06T12:14:33Z,45.53978333,7.88500000,1383.00,80.31
5628,2,2643,2667.310749891655,-1396.119066591989,2020-08-06T12:14:34Z,45.53970000,7.88488333,1395.00,80.323
5629,2,2644,2668.310749891655,-1395.119066591989,2020-08-06T12:14:35Z,45.53965000,7.88475000,1390.00,80.334
5630,2,2645,2669.310749891655,-1394.119066591989,2020-08-06T12:14:36Z,45.53963333,7.88460000,1382.00,80.344
5631,2,2646,2670.310749891655,-1393.119066591989,2020-08-06T12:14:37Z,45.53966667,7.88445000,1400.00,80.35
5632,2,2647,2671.310749891655,-1392.119066591989,2020-08-06T12:14:38Z,45.53973333,7.88431667,1394.00,80.353
5633,2,2648,2672.310749891655,-1391.119066591989,2020-08-06T12:14:39Z,45.53981667,7.88425000,1400.00,80.35
5634,2,2649,2673.310749891655,-1390.119066591989,2020-08-06T12:14:40Z,45.53991667,7.88421667,1396.00,80.345
5635,2,2650,2674.310749891655,-1389.119066591989,2020-08-06T12:14:41Z,45.54001667,7.88423333,1402.00,80.336
5636,2,2651,2675.310749891655,-1388.119066591989,2020-08-06T12:14:42Z,45.54010000,7.88428333,1400.00,80.327
5637,2,2652,2676.310749891655,-1387.119066591989,2020-08-06T12:14:43Z,45.54016667,7.88435000,1391.00,80.318
5638,2,2653,2677.310749891655,-1386.119066591989,2020-08-06T12:14:44Z,45.54021667,7.88445000,1407.00,80.309
5639,2,2654,2678.310749891655,-1385.119066591989,2020-08-06T12:14:45Z,45.54026667,7.88453333,1420.00,80.3
5640,2,2655,2679.310749891655,-1384.119066591989,2020-08-06T12:14:46Z,45.54028333,7.88461667,1393.00,80.294
5641,2,2656,2680.310749891655,-1383.119066591989,2020-08-06T12:14:47Z,45.54028333,7.88471667,1417.00,80.288
5642,2,2657,2681.310749891655,-1382.119066591989,2020-08-06T12:14:48Z,45.54025000,7.88478333,1404.00,80.287
5643,2,2658,2682.310749891655,-1381.119066591989,2020-08-06T12:14:49Z,45.54018333,7.88483333,1407.00,80.289
5644,2,2659,2683.310749891655,-1380.119066591989,2020-08-06T12:14:50Z,45.54010000,7.88483333,1420.00,80.295
5645,2,2660,2684.310749891655,-1379.119066591989,2020-08-06T12:14:51Z,45.54001667,7.88478333,1407.00,80.305
5646,2,2661,2685.310749891655,-1378.119066591989,2020-08-06T12:14:52Z,45.53993333,7.88470000,1418.00,80.316
5647,2,2662,2686.310749891655,-1377.119066591989,2020-08-06T12:14:53Z,45.53986667,7.88456667,1419.00,80.328
5648,2,2663,2687.310749891655,-1376.119066591989,2020-08-06T12:14:54Z,45.53983333,7.88441667,1418.00,80.339
5649,2,2664,2688.310749891655,-1375.119066591989,2020-08-06T12:14:55Z,45.53983333,7.88426667,1411.00,80.348
5650,2,2665,2689.310749891655,-1374.119066591989,2020-08-06T12:14:56Z,45.53988333,7.88411667,1408.00,80.353
5651,2,2666,2690.310749891655,-1373.119066591989,2020-08-06T12:14:57Z,45.53995000,7.88401667,1421.00,80.354
5652,2,2667,2691.310749891655,-1372.119066591989,2020-08-06T12:14:58Z,45.54006667,7.88398333,1411.00,80.347
5653,2,2668,2692.310749891655,-1371.119066591989,2020-08-06T12:14:59Z,45.54018333,7.88400000,1418.00,80.337
5654,2,2669,2693.310749891655,-1370.119066591989,2020-08-06T12:15:00Z,45.54028333,7.88406667,1415.00,80.326
5655,2,2670,2694.310749891655,-1369.119066591989,2020-08-06T12:15:01Z,45.54036667,7.88416667,1419.00,80.314
5656,2,2671,2695.310749891655,-1368.119066591989,2020-08-06T12:15:02Z,45.54040000,7.88426667,1421.00,80.305
5657,2,2672,2696.310749891655,-1367.119066591989,2020-08-06T12:15:03Z,45.54041667,7.88436667,1420.00,80.298
5658,2,2673,2697.310749891655,-1366.119066591989,2020-08-06T12:15:04Z,45.54040000,7.88446667,1430.00,80.294
5659,2,2674,2698.310749891655,-1365.119066591989,2020-08-06T12:15:05Z,45.54038333,7.88453333,1425.00,80.291
5660,2,2675,2699.310749891655,-1364.119066591989,2020-08-06T12:15:06Z,45.54031667,7.88458333,1421.00,80.293
5661,2,2676,2700.310749891655,-1363.119066591989,2020-08-06T12:15:07Z,45.54023333,7.88458333,1424.00,80.3
5662,2,2677,2701.310749891655,-1362.119066591989,2020-08-06T12:15:08Z,45.54015000,7.88453333,1429.00,80.309
5663,2,2678,2702.310749891655,-1361.119066591989,2020-08-06T12:15:09Z,45.54006667,7.88445000,1430.00,80.32
5664,2,2679,2703.310749891655,-1360.119066591989,2020-08-06T12:15:10Z,45.54000000,7.88431667,1437.00,80.333
5665,2,2680,2704.310749891655,-1359.119066591989,2020-08-06T12:15:11Z,45.53995000,7.88416667,1428.00,80.345
5666,2,2681,2705.310749891655,-1358.119066591989,2020-08-06T12:15:12Z,45.53995000,7.88400000,1429.00,80.354
5667,2,2682,2706.310749891655,-1357.119066591989,2020-08-06T12:15:13Z,45.53996667,7.88386667,1430.00,80.361
5668,2,2683,2707.310749891655,-1356.119066591989,2020-08-06T12:15:14Z,45.54003333,7.88373333,1430.00,80.364
5669,2,2684,2708.310749891655,-1355.119066591989,2020-08-06T12:15:15Z,45.54011667,7.88363333,1435.00,80.363
5670,2,2685,2709.310749891655,-1354.119066591989,2020-08-06T12:15:16Z,45.54021667,7.88358333,1440.00,80.359
5671,2,2686,2710.310749891655,-1353.119066591989,2020-08-06T12:15:17Z,45.54033333,7.88355000,1439.00,80.352
5672,2,2687,2711.310749891655,-1352.119066591989,2020-08-06T12:15:18Z,45.54045000,7.88355000,1434.00,80.343
5673,2,2688,2712.310749891655,-1351.119066591989,2020-08-06T12:15:19Z,45.54056667,7.88358333,1442.00,80.332
5674,2,2689,2713.310749891655,-1350.119066591989,2020-08-06T12:15:20Z,45.54065000,7.88365000,1431.00,80.322
5675,2,2690,2714.310749891655,-1349.119066591989,2020-08-06T12:15:21Z,45.54071667,7.88371667,1435.00,80.313
5676,2,2691,2715.310749891655,-1348.119066591989,2020-08-06T12:15:22Z,45.54076667,7.88380000,1447.00,80.305
5677,2,2692,2716.310749891655,-1347.119066591989,2020-08-06T12:15:23Z,45.54078333,7.88390000,1429.00,80.298
5678,2,2693,2717.310749891655,-1346.119066591989,2020-08-06T12:15:24Z,45.54080000,7.88401667,1449.00,80.29
5679,2,2694,2718.310749891655,-1345.119066591989,2020-08-06T12:15:25Z,45.54078333,7.88410000,1444.00,80.286
5680,2,2695,2719.310749891655,-1344.119066591989,2020-08-06T12:15:26Z,45.54073333,7.88418333,1451.00,80.285
5681,2,2696,2720.310749891655,-1343.119066591989,2020-08-06T12:15:27Z,45.54068333,7.88425000,1447.00,80.285
5682,2,2697,2721.310749891655,-1342.119066591989,2020-08-06T12:15:28Z,45.54060000,7.88425000,1448.00,80.291
5683,2,2698,2722.310749891655,-1341.119066591989,2020-08-06T12:15:29Z,45.54051667,7.88420000,1451.00,80.301
5684,2,2699,2723.310749891655,-1340.119066591989,2020-08-06T12:15:30Z,45.54045000,7.88408333,1448.00,80.312
5685,2,2700,2724.310749891655,-1339.119066591989,2020-08-06T12:15:31Z,45.54038333,7.88393333,1449.00,80.326
5686,2,2701,2725.310749891655,-1338.119066591989,2020-08-06T12:15:32Z,45.54036667,7.88376667,1448.00,80.337
5687,2,2702,2726.310749891655,-1337.119066591989,2020-08-06T12:15:33Z,45.54038333,7.88358333,1456.00,80.346
5688,2,2703,2727.310749891655,-1336.119066591989,2020-08-06T12:15:34Z,45.54045000,7.88345000,1448.00,80.349
5689,2,2704,2728.310749891655,-1335.119066591989,2020-08-06T12:15:35Z,45.54051667,7.88333333,1448.00,80.351
5690,2,2705,2729.310749891655,-1334.119066591989,2020-08-06T12:15:36Z,45.54061667,7.88326667,1451.00,80.347
5691,2,2706,2730.310749891655,-1333.119066591989,2020-08-06T12:15:37Z,45.54075000,7.88325000,1455.00,80.338
5692,2,2707,2731.310749891655,-1332.119066591989,2020-08-06T12:15:38Z,45.54085000,7.88326667,1459.00,80.33
5693,2,2708,2732.310749891655,-1331.119066591989,2020-08-06T12:15:39Z,45.54093333,7.88328333,1450.00,80.322
5694,2,2709,2733.310749891655,-1330.119066591989,2020-08-06T12:15:40Z,45.54100000,7.88336667,1454.00,80.313
5695,2,2710,2734.310749891655,-1329.119066591989,2020-08-06T12:15:41Z,45.54105000,7.88346667,1458.00,80.303
5696,2,2711,2735.310749891655,-1328.119066591989,2020-08-06T12:15:42Z,45.54108333,7.88358333,1464.00,80.294
5697,2,2712,2736.310749891655,-1327.119066591989,2020-08-06T12:15:43Z,45.54110000,7.88371667,1463.00,80.285
5698,2,2713,2737.310749891655,-1326.119066591989,2020-08-06T12:15:44Z,45.54108333,7.88383333,1456.00,80.279
5699,2,2714,2738.310749891655,-1325.119066591989,2020-08-06T12:15:45Z,45.54105000,7.88391667,1452.00,80.277
5700,2,2715,2739.310749891655,-1324.119066591989,2020-08-06T12:15:46Z,45.54098333,7.88395000,1470.00,80.28
5701,2,2716,2740.310749891655,-1323.119066591989,2020-08-06T12:15:47Z,45.54090000,7.88395000,1452.00,80.286
5702,2,2717,2741.310749891655,-1322.119066591989,2020-08-06T12:15:48Z,45.54081667,7.88390000,1463.00,80.295
5703,2,2718,2742.310749891655,-1321.119066591989,2020-08-06T12:15:49Z,45.54073333,7.88380000,1462.00,80.307
5704,2,2719,2743.310749891655,-1320.119066591989,2020-08-06T12:15:50Z,45.54066667,7.88366667,1452.00,80.32
5705,2,2720,2744.310749891655,-1319.119066591989,2020-08-06T12:15:51Z,45.54063333,7.88350000,1469.00,80.332
5706,2,2721,2745.310749891655,-1318.119066591989,2020-08-06T12:15:52Z,45.54063333,7.88331667,1469.00,80.343
5707,2,2722,2746.310749891655,-1317.119066591989,2020-08-06T12:15:53Z,45.54066667,7.88315000,1463.00,80.35
5708,2,2723,2747.310749891655,-1316.119066591989,2020-08-06T12:15:54Z,45.54075000,7.88296667,1469.00,80.354
5709,2,2724,2748.310749891655,-1315.119066591989,2020-08-06T12:15:55Z,45.54085000,7.88283333,1471.00,80.355
5710,2,2725,2749.310749891655,-1314.119066591989,2020-08-06T12:15:56Z,45.54095000,7.88275000,1469.00,80.352
5711,2,2726,2750.310749891655,-1313.119066591989,2020-08-06T12:15:57Z,45.54103333,7.88271667,1462.00,80.348
5712,2,2727,2751.310749891655,-1312.119066591989,2020-08-06T12:15:58Z,45.54113333,7.88271667,1471.00,80.341
5713,2,2728,2752.310749891655,-1311.119066591989,2020-08-06T12:15:59Z,45.54121667,7.88275000,1467.00,80.332
5714,2,2729,2753.310749891655,-1310.119066591989,2020-08-06T12:16:00Z,45.54131667,7.88280000,1473.00,80.322
5715,2,2730,2754.310749891655,-1309.119066591989,2020-08-06T12:16:01Z,45.54140000,7.88288333,1462.00,80.311
5716,2,2731,2755.310749891655,-1308.119066591989,2020-08-06T12:16:02Z,45.54145000,7.88298333,1468.00,80.302
5717,2,2732,2756.310749891655,-1307.119066591989,2020-08-06T12:16:03Z,45.54145000,7.88310000,1470.00,80.295
5718,2,2733,2757.310749891655,-1306.119066591989,2020-08-06T12:16:04Z,45.54143333,7.88320000,1469.00,80.29
5719,2,2734,2758.310749891655,-1305.119066591989,2020-08-06T12:16:05Z,45.54138333,7.88328333,1481.00,80.289
5720,2,2735,2759.310749891655,-1304.119066591989,2020-08-06T12:16:06Z,45.54131667,7.88335000,1479.00,80.29
5721,2,2736,2760.310749891655,-1303.119066591989,2020-08-06T12:16:07Z,45.54125000,7.88335000,1470.00,80.295
5722,2,2737,2761.310749891655,-1302.119066591989,2020-08-06T12:16:08Z,45.54116667,7.88330000,1470.00,80.304
5723,2,2738,2762.310749891655,-1301.119066591989,2020-08-06T12:16:09Z,45.54110000,7.88318333,1472.00,80.316
5724,2,2739,2763.310749891655,-1300.119066591989,2020-08-06T12:16:10Z,45.54108333,7.88301667,1480.00,80.327
5725,2,2740,2764.310749891655,-1299.119066591989,2020-08-06T12:16:11Z,45.54108333,7.88283333,1479.00,80.337
5726,2,2741,2765.310749891655,-1298.119066591989,2020-08-06T12:16:12Z,45.54110000,7.88266667,1464.00,80.346
5727,2,2742,2766.310749891655,-1297.119066591989,2020-08-06T12:16:13Z,45.54116667,7.88250000,1472.00,80.351
5728,2,2743,2767.310749891655,-1296.119066591989,2020-08-06T12:16:14Z,45.54125000,7.88236667,1476.00,80.352
5729,2,2744,2768.310749891655,-1295.119066591989,2020-08-06T12:16:15Z,45.54135000,7.88230000,1482.00,80.349
5730,2,2745,2769.310749891655,-1294.119066591989,2020-08-06T12:16:16Z,45.54146667,7.88226667,1477.00,80.342
5731,2,2746,2770.310749891655,-1293.119066591989,2020-08-06T12:16:17Z,45.54156667,7.88226667,1481.00,80.335
5732,2,2747,2771.310749891655,-1292.119066591989,2020-08-06T12:16:18Z,45.54166667,7.88230000,1482.00,80.325
5733,2,2748,2772.310749891655,-1291.119066591989,2020-08-06T12:16:19Z,45.54173333,7.88235000,1478.00,80.318
5734,2,2749,2773.310749891655,-1290.119066591989,2020-08-06T12:16:20Z,45.54180000,7.88240000,1490.00,80.31
5735,2,2750,2774.310749891655,-1289.119066591989,2020-08-06T12:16:21Z,45.54186667,7.88246667,1475.00,80.301
5736,2,2751,2775.310749891655,-1288.119066591989,2020-08-06T12:16:22Z,45.54190000,7.88255000,1484.00,80.294
5737,2,2752,2776.310749891655,-1287.119066591989,2020-08-06T12:16:23Z,45.54193333,7.88265000,1495.00,80.285
5738,2,2753,2777.310749891655,-1286.119066591989,2020-08-06T12:16:24Z,45.54191667,7.88275000,1489.00,80.281
5739,2,2754,2778.310749891655,-1285.119066591989,2020-08-06T12:16:25Z,45.54186667,7.88283333,1483.00,80.28
5740,2,2755,2779.310749891655,-1284.119066591989,2020-08-06T12:16:26Z,45.54178333,7.88290000,1480.00,80.282
5741,2,2756,2780.310749891655,-1283.119066591989,2020-08-06T12:16:27Z,45.54168333,7.88291667,1493.00,80.288
5742,2,2757,2781.310749891655,-1282.119066591989,2020-08-06T12:16:28Z,45.54160000,7.88285000,1481.00,80.298
5743,2,2758,2782.310749891655,-1281.119066591989,2020-08-06T12:16:29Z,45.54155000,7.88273333,1480.00,80.309
5744,2,2759,2783.310749891655,-1280.119066591989,2020-08-06T12:16:30Z,45.54155000,7.88256667,1488.00,80.318
5745,2,2760,2784.310749891655,-1279.119066591989,2020-08-06T12:16:31Z,45.54161667,7.88240000,1488.00,80.323
5746,2,2761,2785.310749891655,-1278.119066591989,2020-08-06T12:16:32Z,45.54170000,7.88226667,1488.00,80.325
5747,2,2762,2786.310749891655,-1277.119066591989,2020-08-06T12:16:33Z,45.54181667,7.88215000,1485.00,80.323
5748,2,2763,2787.310749891655,-1276.119066591989,2020-08-06T12:16:34Z,45.54193333,7.88210000,1487.00,80.318
5749,2,2764,2788.310749891655,-1275.119066591989,2020-08-06T12:16:35Z,45.54205000,7.88210000,1497.00,80.309
5750,2,2765,2789.310749891655,-1274.119066591989,2020-08-06T12:16:36Z,45.54211667,7.88213333,1489.00,80.302
5751,2,2766,2790.310749891655,-1273.119066591989,2020-08-06T12:16:37Z,45.54218333,7.88220000,1493.00,80.293
5752,2,2767,2791.310749891655,-1272.119066591989,2020-08-06T12:16:38Z,45.54223333,7.88230000,1482.00,80.284
5753,2,2768,2792.310749891655,-1271.119066591989,2020-08-06T12:16:39Z,45.54226667,7.88238333,1494.00,80.276
5754,2,2769,2793.310749891655,-1270.119066591989,2020-08-06T12:16:40Z,45.54230000,7.88250000,1483.00,80.267
5755,2,2770,2794.310749891655,-1269.119066591989,2020-08-06T12:16:41Z,45.54233333,7.88263333,1480.00,80.257
5756,2,2771,2795.310749891655,-1268.119066591989,2020-08-06T12:16:42Z,45.54236667,7.88278333,1484.00,80.246
5757,2,2772,2796.310749891655,-1267.119066591989,2020-08-06T12:16:43Z,45.54240000,7.88291667,1474.00,80.235
5758,2,2773,2797.310749891655,-1266.119066591989,2020-08-06T12:16:44Z,45.54245000,7.88306667,1456.00,80.223
5759,2,2774,2798.310749891655,-1265.119066591989,2020-08-06T12:16:45Z,45.54250000,7.88321667,1481.00,80.211
5760,2,2775,2799.310749891655,-1264.119066591989,2020-08-06T12:16:46Z,45.54256667,7.88336667,1481.00,80.197
5761,2,2776,2800.310749891655,-1263.119066591989,2020-08-06T12:16:47Z,45.54261667,7.88351667,1482.00,80.184
5762,2,2777,2801.310749891655,-1262.119066591989,2020-08-06T12:16:48Z,45.54266667,7.88365000,1483.00,80.173
5763,2,2778,2802.310749891655,-1261.119066591989,2020-08-06T12:16:49Z,45.54271667,7.88376667,1496.00,80.163
5764,2,2779,2803.310749891655,-1260.119066591989,2020-08-06T12:16:50Z,45.54275000,7.88388333,1489.00,80.153
5765,2,2780,2804.310749891655,-1259.119066591989,2020-08-06T12:16:51Z,45.54280000,7.88400000,1485.00,80.143
5766,2,2781,2805.310749891655,-1258.119066591989,2020-08-06T12:16:52Z,45.54283333,7.88411667,1482.00,80.134
5767,2,2782,2806.310749891655,-1257.119066591989,2020-08-06T12:16:53Z,45.54288333,7.88425000,1476.00,80.122
5768,2,2783,2807.310749891655,-1256.119066591989,2020-08-06T12:16:54Z,45.54293333,7.88438333,1471.00,80.111
5769,2,2784,2808.310749891655,-1255.119066591989,2020-08-06T12:16:55Z,45.54298333,7.88455000,1483.00,80.097
5770,2,2785,2809.310749891655,-1254.119066591989,2020-08-06T12:16:56Z,45.54303333,7.88471667,1471.00,80.084
5771,2,2786,2810.310749891655,-1253.119066591989,2020-08-06T12:16:57Z,45.54308333,7.88486667,1466.00,80.071
5772,2,2787,2811.310749891655,-1252.119066591989,2020-08-06T12:16:58Z,45.54313333,7.88500000,1481.00,80.06
5773,2,2788,2812.310749891655,-1251.119066591989,2020-08-06T12:16:59Z,45.54318333,7.88511667,1472.00,80.049
5774,2,2789,2813.310749891655,-1250.119066591989,2020-08-06T12:17:00Z,45.54323333,7.88523333,1474.00,80.039
5775,2,2790,2814.310749891655,-1249.119066591989,2020-08-06T12:17:01Z,45.54328333,7.88535000,1473.00,80.028
5776,2,2791,2815.310749891655,-1248.119066591989,2020-08-06T12:17:02Z,45.54333333,7.88548333,1481.00,80.017
5777,2,2792,2816.310749891655,-1247.119066591989,2020-08-06T12:17:03Z,45.54338333,7.88563333,1476.00,80.005
5778,2,2793,2817.310749891655,-1246.119066591989,2020-08-06T12:17:04Z,45.54343333,7.88576667,1471.00,79.993
5779,2,2794,2818.310749891655,-1245.119066591989,2020-08-06T12:17:05Z,45.54348333,7.88588333,1472.00,79.983
5780,2,2795,2819.310749891655,-1244.119066591989,2020-08-06T12:17:06Z,45.54353333,7.88600000,1470.00,79.972
5781,2,2796,2820.310749891655,-1243.119066591989,2020-08-06T12:17:07Z,45.54356667,7.88610000,1475.00,79.964
5782,2,2797,2821.310749891655,-1242.119066591989,2020-08-06T12:17:08Z,45.54361667,7.88620000,1474.00,79.954
5783,2,2798,2822.310749891655,-1241.119066591989,2020-08-06T12:17:09Z,45.54366667,7.88633333,1459.00,79.943
5784,2,2799,2823.310749891655,-1240.119066591989,2020-08-06T12:17:10Z,45.54373333,7.88646667,1467.00,79.93
5785,2,2800,2824.310749891655,-1239.119066591989,2020-08-06T12:17:11Z,45.54378333,7.88660000,1466.00,79.919
5786,2,2801,2825.310749891655,-1238.119066591989,2020-08-06T12:17:12Z,45.54383333,7.88673333,1466.00,79.907
5787,2,2802,2826.310749891655,-1237.119066591989,2020-08-06T12:17:13Z,45.54388333,7.88685000,1460.00,79.897
5788,2,2803,2827.310749891655,-1236.119066591989,2020-08-06T12:17:14Z,45.54393333,7.88695000,1457.00,79.887
5789,2,2804,2828.310749891655,-1235.119066591989,2020-08-06T12:17:15Z,45.54396667,7.88705000,1462.00,79.879
5790,2,2805,2829.310749891655,-1234.119066591989,2020-08-06T12:17:16Z,45.54400000,7.88716667,1460.00,79.87
5791,2,2806,2830.310749891655,-1233.119066591989,2020-08-06T12:17:17Z,45.54403333,7.88728333,1450.00,79.86
5792,2,2807,2831.310749891655,-1232.119066591989,2020-08-06T12:17:18Z,45.54405000,7.88741667,1451.00,79.851
5793,2,2808,2832.310749891655,-1231.119066591989,2020-08-06T12:17:19Z,45.54408333,7.88753333,1454.00,79.842
5794,2,2809,2833.310749891655,-1230.119066591989,2020-08-06T12:17:20Z,45.54410000,7.88766667,1448.00,79.833
5795,2,2810,2834.310749891655,-1229.119066591989,2020-08-06T12:17:21Z,45.54411667,7.88778333,1453.00,79.825
5796,2,2811,2835.310749891655,-1228.119066591989,2020-08-06T12:17:22Z,45.54413333,7.88790000,1443.00,79.817
5797,2,2812,2836.310749891655,-1227.119066591989,2020-08-06T12:17:23Z,45.54416667,7.88801667,1446.00,79.808
5798,2,2813,2837.310749891655,-1226.119066591989,2020-08-06T12:17:24Z,45.54418333,7.88813333,1445.00,79.8
5799,2,2814,2838.310749891655,-1225.119066591989,2020-08-06T12:17:25Z,45.54420000,7.88825000,1441.00,79.792
5800,2,2815,2839.310749891655,-1224.119066591989,2020-08-06T12:17:26Z,45.54423333,7.88836667,1442.00,79.783
5801,2,2816,2840.310749891655,-1223.119066591989,2020-08-06T12:17:27Z,45.54425000,7.88850000,1440.00,79.774
5802,2,2817,2841.310749891655,-1222.119066591989,2020-08-06T12:17:28Z,45.54426667,7.88861667,1439.00,79.766
5803,2,2818,2842.310749891655,-1221.119066591989,2020-08-06T12:17:29Z,45.54430000,7.88876667,1437.00,79.755
5804,2,2819,2843.310749891655,-1220.119066591989,2020-08-06T12:17:30Z,45.54431667,7.88890000,1442.00,79.746
5805,2,2820,2844.310749891655,-1219.119066591989,2020-08-06T12:17:31Z,45.54433333,7.88903333,1435.00,79.737
5806,2,2821,2845.310749891655,-1218.119066591989,2020-08-06T12:17:32Z,45.54435000,7.88916667,1434.00,79.728
5807,2,2822,2846.310749891655,-1217.119066591989,2020-08-06T12:17:33Z,45.54436667,7.88930000,1435.00,79.719
5808,2,2823,2847.310749891655,-1216.119066591989,2020-08-06T12:17:34Z,45.54440000,7.88941667,1438.00,79.71
5809,2,2824,2848.310749891655,-1215.119066591989,2020-08-06T12:17:35Z,45.54443333,7.88953333,1437.00,79.7
5810,2,2825,2849.310749891655,-1214.119066591989,2020-08-06T12:17:36Z,45.54446667,7.88965000,1396.00,79.691
5811,2,2826,2850.310749891655,-1213.119066591989,2020-08-06T12:17:37Z,45.54448333,7.88978333,1445.00,79.682
5812,2,2827,2851.310749891655,-1212.119066591989,2020-08-06T12:17:38Z,45.54451667,7.88991667,1433.00,79.672
5813,2,2828,2852.310749891655,-1211.119066591989,2020-08-06T12:17:39Z,45.54455000,7.89005000,1440.00,79.662
5814,2,2829,2853.310749891655,-1210.119066591989,2020-08-06T12:17:40Z,45.54461667,7.89020000,1429.00,79.648
5815,2,2830,2854.310749891655,-1209.119066591989,2020-08-06T12:17:41Z,45.54466667,7.89035000,1423.00,79.636
5816,2,2831,2855.310749891655,-1208.119066591989,2020-08-06T12:17:42Z,45.54471667,7.89050000,1420.00,79.623
5817,2,2832,2856.310749891655,-1207.119066591989,2020-08-06T12:17:43Z,45.54476667,7.89065000,1417.00,79.611
5818,2,2833,2857.310749891655,-1206.119066591989,2020-08-06T12:17:44Z,45.54481667,7.89080000,1420.00,79.599
5819,2,2834,2858.310749891655,-1205.119066591989,2020-08-06T12:17:45Z,45.54485000,7.89093333,1415.00,79.588
5820,2,2835,2859.310749891655,-1204.119066591989,2020-08-06T12:17:46Z,45.54490000,7.89108333,1412.00,79.576
5821,2,2836,2860.310749891655,-1203.119066591989,2020-08-06T12:17:47Z,45.54495000,7.89121667,1405.00,79.565
5822,2,2837,2861.310749891655,-1202.119066591989,2020-08-06T12:17:48Z,45.54500000,7.89136667,1409.00,79.552
5823,2,2838,2862.310749891655,-1201.119066591989,2020-08-06T12:17:49Z,45.54505000,7.89151667,1405.00,79.54
5824,2,2839,2863.310749891655,-1200.119066591989,2020-08-06T12:17:50Z,45.54511667,7.89170000,1398.00,79.524
5825,2,2840,2864.310749891655,-1199.119066591989,2020-08-06T12:17:51Z,45.54516667,7.89186667,1410.00,79.511
5826,2,2841,2865.310749891655,-1198.119066591989,2020-08-06T12:17:52Z,45.54520000,7.89205000,1403.00,79.498
5827,2,2842,2866.310749891655,-1197.119066591989,2020-08-06T12:17:53Z,45.54525000,7.89220000,1408.00,79.486
5828,2,2843,2867.310749891655,-1196.119066591989,2020-08-06T12:17:54Z,45.54528333,7.89235000,1398.00,79.474
5829,2,2844,2868.310749891655,-1195.119066591989,2020-08-06T12:17:55Z,45.54533333,7.89250000,1399.00,79.462
5830,2,2845,2869.310749891655,-1194.119066591989,2020-08-06T12:17:56Z,45.54536667,7.89263333,1390.00,79.452
5831,2,2846,2870.310749891655,-1193.119066591989,2020-08-06T12:17:57Z,45.54540000,7.89278333,1390.00,79.441
5832,2,2847,2871.310749891655,-1192.119066591989,2020-08-06T12:17:58Z,45.54543333,7.89291667,1389.00,79.431
5833,2,2848,2872.310749891655,-1191.119066591989,2020-08-06T12:17:59Z,45.54546667,7.89305000,1398.00,79.42
5834,2,2849,2873.310749891655,-1190.119066591989,2020-08-06T12:18:00Z,45.54551667,7.89316667,1417.00,79.41
5835,2,2850,2874.310749891655,-1189.119066591989,2020-08-06T12:18:01Z,45.54555000,7.89328333,1400.00,79.401
5836,2,2851,2875.310749891655,-1188.119066591989,2020-08-06T12:18:02Z,45.54560000,7.89341667,1417.00,79.389
5837,2,2852,2876.310749891655,-1187.119066591989,2020-08-06T12:18:03Z,45.54563333,7.89355000,1404.00,79.379
5838,2,2853,2877.310749891655,-1186.119066591989,2020-08-06T12:18:04Z,45.54568333,7.89368333,1397.00,79.368
5839,2,2854,2878.310749891655,-1185.119066591989,2020-08-06T12:18:05Z,45.54571667,7.89383333,1376.00,79.357
5840,2,2855,2879.310749891655,-1184.119066591989,2020-08-06T12:18:06Z,45.54576667,7.89396667,1387.00,79.345
5841,2,2856,2880.310749891655,-1183.119066591989,2020-08-06T12:18:07Z,45.54580000,7.89410000,1410.00,79.335
5842,2,2857,2881.310749891655,-1182.119066591989,2020-08-06T12:18:08Z,45.54581667,7.89421667,1406.00,79.327
5843,2,2858,2882.310749891655,-1181.119066591989,2020-08-06T12:18:09Z,45.54583333,7.89435000,1404.00,79.318
5844,2,2859,2883.310749891655,-1180.119066591989,2020-08-06T12:18:10Z,45.54585000,7.89446667,1412.00,79.31
5845,2,2860,2884.310749891655,-1179.119066591989,2020-08-06T12:18:11Z,45.54588333,7.89458333,1413.00,79.301
5846,2,2861,2885.310749891655,-1178.119066591989,2020-08-06T12:18:12Z,45.54591667,7.89470000,1414.00,79.292
5847,2,2862,2886.310749891655,-1177.119066591989,2020-08-06T12:18:13Z,45.54595000,7.89480000,1418.00,79.284
5848,2,2863,2887.310749891655,-1176.119066591989,2020-08-06T12:18:14Z,45.54595000,7.89491667,1425.00,79.277
5849,2,2864,2888.310749891655,-1175.119066591989,2020-08-06T12:18:15Z,45.54595000,7.89500000,1431.00,79.272
5850,2,2865,2889.310749891655,-1174.119066591989,2020-08-06T12:18:16Z,45.54590000,7.89506667,1433.00,79.272
5851,2,2866,2890.310749891655,-1173.119066591989,2020-08-06T12:18:17Z,45.54585000,7.89510000,1418.00,79.274
5852,2,2867,2891.310749891655,-1172.119066591989,2020-08-06T12:18:18Z,45.54578333,7.89511667,1430.00,79.278
5853,2,2868,2892.310749891655,-1171.119066591989,2020-08-06T12:18:19Z,45.54570000,7.89508333,1424.00,79.287
5854,2,2869,2893.310749891655,-1170.119066591989,2020-08-06T12:18:20Z,45.54563333,7.89501667,1417.00,79.295
5855,2,2870,2894.310749891655,-1169.119066591989,2020-08-06T12:18:21Z,45.54558333,7.89491667,1429.00,79.305
5856,2,2871,2895.310749891655,-1168.119066591989,2020-08-06T12:18:22Z,45.54556667,7.89478333,1427.00,79.314
5857,2,2872,2896.310749891655,-1167.119066591989,2020-08-06T12:18:23Z,45.54556667,7.89465000,1417.00,79.321
5858,2,2873,2897.310749891655,-1166.119066591989,2020-08-06T12:18:24Z,45.54560000,7.89450000,1431.00,79.327
5859,2,2874,2898.310749891655,-1165.119066591989,2020-08-06T12:18:25Z,45.54566667,7.89436667,1416.00,79.33
5860,2,2875,2899.310749891655,-1164.119066591989,2020-08-06T12:18:26Z,45.54576667,7.89426667,1421.00,79.328
5861,2,2876,2900.310749891655,-1163.119066591989,2020-08-06T12:18:27Z,45.54586667,7.89420000,1423.00,79.324
5862,2,2877,2901.310749891655,-1162.119066591989,2020-08-06T12:18:28Z,45.54598333,7.89416667,1424.00,79.318
5863,2,2878,2902.310749891655,-1161.119066591989,2020-08-06T12:18:29Z,45.54610000,7.89415000,1427.00,79.31
5864,2,2879,2903.310749891655,-1160.119066591989,2020-08-06T12:18:30Z,45.54620000,7.89416667,1432.00,79.301
5865,2,2880,2904.310749891655,-1159.119066591989,2020-08-06T12:18:31Z,45.54630000,7.89421667,1420.00,79.291
5866,2,2881,2905.310749891655,-1158.119066591989,2020-08-06T12:18:32Z,45.54640000,7.89428333,1423.00,79.28
5867,2,2882,2906.310749891655,-1157.119066591989,2020-08-06T12:18:33Z,45.54650000,7.89436667,1428.00,79.267
5868,2,2883,2907.310749891655,-1156.119066591989,2020-08-06T12:18:34Z,45.54658333,7.89443333,1435.00,79.257
5869,2,2884,2908.310749891655,-1155.119066591989,2020-08-06T12:18:35Z,45.54666667,7.89448333,1442.00,79.248
5870,2,2885,2909.310749891655,-1154.119066591989,2020-08-06T12:18:36Z,45.54676667,7.89451667,1428.00,79.239
5871,2,2886,2910.310749891655,-1153.119066591989,2020-08-06T12:18:37Z,45.54685000,7.89455000,1435.00,79.23
5872,2,2887,2911.310749891655,-1152.119066591989,2020-08-06T12:18:38Z,45.54693333,7.89460000,1433.00,79.221
5873,2,2888,2912.310749891655,-1151.119066591989,2020-08-06T12:18:39Z,45.54701667,7.89468333,1437.00,79.21
5874,2,2889,2913.310749891655,-1150.119066591989,2020-08-06T12:18:40Z,45.54710000,7.89476667,1439.00,79.199
5875,2,2890,2914.310749891655,-1149.119066591989,2020-08-06T12:18:41Z,45.54716667,7.89486667,1436.00,79.188
5876,2,2891,2915.310749891655,-1148.119066591989,2020-08-06T12:18:42Z,45.54723333,7.89493333,1442.00,79.18
5877,2,2892,2916.310749891655,-1147.119066591989,2020-08-06T12:18:43Z,45.54728333,7.89500000,1448.00,79.172
5878,2,2893,2917.310749891655,-1146.119066591989,2020-08-06T12:18:44Z,45.54733333,7.89505000,1444.00,79.165
5879,2,2894,2918.310749891655,-1145.119066591989,2020-08-06T12:18:45Z,45.54736667,7.89510000,1442.00,79.16
5880,2,2895,2919.310749891655,-1144.119066591989,2020-08-06T12:18:46Z,45.54740000,7.89515000,1446.00,79.155
5881,2,2896,2920.310749891655,-1143.119066591989,2020-08-06T12:18:47Z,45.54745000,7.89523333,1440.00,79.146
5882,2,2897,2921.310749891655,-1142.119066591989,2020-08-06T12:18:48Z,45.54751667,7.89533333,1436.00,79.135
5883,2,2898,2922.310749891655,-1141.119066591989,2020-08-06T12:18:49Z,45.54756667,7.89543333,1432.00,79.126
5884,2,2899,2923.310749891655,-1140.119066591989,2020-08-06T12:18:50Z,45.54763333,7.89551667,1446.00,79.116
5885,2,2900,2924.310749891655,-1139.119066591989,2020-08-06T12:18:51Z,45.54768333,7.89561667,1416.00,79.107
5886,2,2901,2925.310749891655,-1138.119066591989,2020-08-06T12:18:52Z,45.54773333,7.89570000,1442.00,79.098
5887,2,2902,2926.310749891655,-1137.119066591989,2020-08-06T12:18:53Z,45.54778333,7.89580000,1434.00,79.089
5888,2,2903,2927.310749891655,-1136.119066591989,2020-08-06T12:18:54Z,45.54785000,7.89591667,1435.00,79.077
5889,2,2904,2928.310749891655,-1135.119066591989,2020-08-06T12:18:55Z,45.54791667,7.89603333,1439.00,79.065
5890,2,2905,2929.310749891655,-1134.119066591989,2020-08-06T12:18:56Z,45.54798333,7.89616667,1434.00,79.052
5891,2,2906,2930.310749891655,-1133.119066591989,2020-08-06T12:18:57Z,45.54805000,7.89630000,1431.00,79.04
5892,2,2907,2931.310749891655,-1132.119066591989,2020-08-06T12:18:58Z,45.54811667,7.89641667,1441.00,79.028
5893,2,2908,2932.310749891655,-1131.119066591989,2020-08-06T12:18:59Z,45.54816667,7.89653333,1440.00,79.018
5894,2,2909,2933.310749891655,-1130.119066591989,2020-08-06T12:19:00Z,45.54821667,7.89661667,1440.00,79.009
5895,2,2910,2934.310749891655,-1129.119066591989,2020-08-06T12:19:01Z,45.54828333,7.89670000,1439.00,78.999
5896,2,2911,2935.310749891655,-1128.119066591989,2020-08-06T12:19:02Z,45.54833333,7.89678333,1440.00,78.991
5897,2,2912,2936.310749891655,-1127.119066591989,2020-08-06T12:19:03Z,45.54836667,7.89688333,1440.00,78.983
5898,2,2913,2937.310749891655,-1126.119066591989,2020-08-06T12:19:04Z,45.54841667,7.89700000,1437.00,78.972
5899,2,2914,2938.310749891655,-1125.119066591989,2020-08-06T12:19:05Z,45.54846667,7.89713333,1438.00,78.961
5900,2,2915,2939.310749891655,-1124.119066591989,2020-08-06T12:19:06Z,45.54851667,7.89723333,1441.00,78.951
5901,2,2916,2940.310749891655,-1123.119066591989,2020-08-06T12:19:07Z,45.54856667,7.89733333,1442.00,78.942
5902,2,2917,2941.310749891655,-1122.119066591989,2020-08-06T12:19:08Z,45.54861667,7.89743333,1445.00,78.932
5903,2,2918,2942.310749891655,-1121.119066591989,2020-08-06T12:19:09Z,45.54866667,7.89751667,1441.00,78.924
5904,2,2919,2943.310749891655,-1120.119066591989,2020-08-06T12:19:10Z,45.54871667,7.89763333,1438.00,78.913
5905,2,2920,2944.310749891655,-1119.119066591989,2020-08-06T12:19:11Z,45.54878333,7.89775000,1436.00,78.901
5906,2,2921,2945.310749891655,-1118.119066591989,2020-08-06T12:19:12Z,45.54886667,7.89790000,1440.00,78.887
5907,2,2922,2946.310749891655,-1117.119066591989,2020-08-06T12:19:13Z,45.54893333,7.89803333,1442.00,78.874
5908,2,2923,2947.310749891655,-1116.119066591989,2020-08-06T12:19:14Z,45.54898333,7.89815000,1444.00,78.863
5909,2,2924,2948.310749891655,-1115.119066591989,2020-08-06T12:19:15Z,45.54903333,7.89823333,1442.00,78.855
5910,2,2925,2949.310749891655,-1114.119066591989,2020-08-06T12:19:16Z,45.54908333,7.89831667,1441.00,78.846
5911,2,2926,2950.310749891655,-1113.119066591989,2020-08-06T12:19:17Z,45.54911667,7.89840000,1440.00,78.839
5912,2,2927,2951.310749891655,-1112.119066591989,2020-08-06T12:19:18Z,45.54916667,7.89848333,1435.00,78.831
5913,2,2928,2952.310749891655,-1111.119066591989,2020-08-06T12:19:19Z,45.54923333,7.89858333,1434.00,78.82
5914,2,2929,2953.310749891655,-1110.119066591989,2020-08-06T12:19:20Z,45.54931667,7.89870000,1429.00,78.807
5915,2,2930,2954.310749891655,-1109.119066591989,2020-08-06T12:19:21Z,45.54940000,7.89880000,1428.00,78.795
5916,2,2931,2955.310749891655,-1108.119066591989,2020-08-06T12:19:22Z,45.54950000,7.89891667,1428.00,78.781
5917,2,2932,2956.310749891655,-1107.119066591989,2020-08-06T12:19:23Z,45.54956667,7.89900000,1431.00,78.771
5918,2,2933,2957.310749891655,-1106.119066591989,2020-08-06T12:19:24Z,45.54965000,7.89910000,1418.00,78.759
5919,2,2934,2958.310749891655,-1105.119066591989,2020-08-06T12:19:25Z,45.54971667,7.89921667,1419.00,78.747
5920,2,2935,2959.310749891655,-1104.119066591989,2020-08-06T12:19:26Z,45.54978333,7.89933333,1423.00,78.735
5921,2,2936,2960.310749891655,-1103.119066591989,2020-08-06T12:19:27Z,45.54983333,7.89945000,1415.00,78.725
5922,2,2937,2961.310749891655,-1102.119066591989,2020-08-06T12:19:28Z,45.54991667,7.89956667,1418.00,78.712
5923,2,2938,2962.310749891655,-1101.119066591989,2020-08-06T12:19:29Z,45.54998333,7.89968333,1421.00,78.7
5924,2,2939,2963.310749891655,-1100.119066591989,2020-08-06T12:19:30Z,45.55003333,7.89980000,1406.00,78.69
5925,2,2940,2964.310749891655,-1099.119066591989,2020-08-06T12:19:31Z,45.55008333,7.89990000,1410.00,78.68
5926,2,2941,2965.310749891655,-1098.119066591989,2020-08-06T12:19:32Z,45.55013333,7.90001667,1412.00,78.67
5927,2,2942,2966.310749891655,-1097.119066591989,2020-08-06T12:19:33Z,45.55020000,7.90013333,1406.00,78.658
5928,2,2943,2967.310749891655,-1096.119066591989,2020-08-06T12:19:34Z,45.55026667,7.90026667,1396.00,78.646
5929,2,2944,2968.310749891655,-1095.119066591989,2020-08-06T12:19:35Z,45.55031667,7.90038333,1400.00,78.635
5930,2,2945,2969.310749891655,-1094.119066591989,2020-08-06T12:19:36Z,45.55038333,7.90050000,1403.00,78.623
5931,2,2946,2970.310749891655,-1093.119066591989,2020-08-06T12:19:37Z,45.55045000,7.90061667,1398.00,78.612
5932,2,2947,2971.310749891655,-1092.119066591989,2020-08-06T12:19:38Z,45.55050000,7.90073333,1395.00,78.601
5933,2,2948,2972.310749891655,-1091.119066591989,2020-08-06T12:19:39Z,45.55056667,7.90085000,1388.00,78.589
5934,2,2949,2973.310749891655,-1090.119066591989,2020-08-06T12:19:40Z,45.55063333,7.90096667,1393.00,78.578
5935,2,2950,2974.310749891655,-1089.119066591989,2020-08-06T12:19:41Z,45.55070000,7.90108333,1399.00,78.566
5936,2,2951,2975.310749891655,-1088.119066591989,2020-08-06T12:19:42Z,45.55076667,7.90118333,1386.00,78.555
5937,2,2952,2976.310749891655,-1087.119066591989,2020-08-06T12:19:43Z,45.55083333,7.90128333,1388.00,78.545
5938,2,2953,2977.310749891655,-1086.119066591989,2020-08-06T12:19:44Z,45.55090000,7.90140000,1386.00,78.533
5939,2,2954,2978.310749891655,-1085.119066591989,2020-08-06T12:19:45Z,45.55096667,7.90151667,1385.00,78.521
5940,2,2955,2979.310749891655,-1084.119066591989,2020-08-06T12:19:46Z,45.55103333,7.90165000,1387.00,78.509
5941,2,2956,2980.310749891655,-1083.119066591989,2020-08-06T12:19:47Z,45.55110000,7.90178333,1379.00,78.496
5942,2,2957,2981.310749891655,-1082.119066591989,2020-08-06T12:19:48Z,45.55115000,7.90190000,1375.00,78.485
5943,2,2958,2982.310749891655,-1081.119066591989,2020-08-06T12:19:49Z,45.55120000,7.90201667,1383.00,78.475
5944,2,2959,2983.310749891655,-1080.119066591989,2020-08-06T12:19:50Z,45.55126667,7.90213333,1375.00,78.463
5945,2,2960,2984.310749891655,-1079.119066591989,2020-08-06T12:19:51Z,45.55131667,7.90223333,1375.00,78.454
5946,2,2961,2985.310749891655,-1078.119066591989,2020-08-06T12:19:52Z,45.55136667,7.90233333,1374.00,78.444
5947,2,2962,2986.310749891655,-1077.119066591989,2020-08-06T12:19:53Z,45.55141667,7.90241667,1374.00,78.436
5948,2,2963,2987.310749891655,-1076.119066591989,2020-08-06T12:19:54Z,45.55148333,7.90253333,1372.00,78.424
5949,2,2964,2988.310749891655,-1075.119066591989,2020-08-06T12:19:55Z,45.55153333,7.90265000,1371.00,78.414
5950,2,2965,2989.310749891655,-1074.119066591989,2020-08-06T12:19:56Z,45.55160000,7.90278333,1368.00,78.401
5951,2,2966,2990.310749891655,-1073.119066591989,2020-08-06T12:19:57Z,45.55165000,7.90290000,1367.00,78.39
5952,2,2967,2991.310749891655,-1072.119066591989,2020-08-06T12:19:58Z,45.55170000,7.90301667,1367.00,78.38
5953,2,2968,2992.310749891655,-1071.119066591989,2020-08-06T12:19:59Z,45.55175000,7.90313333,1366.00,78.37
5954,2,2969,2993.310749891655,-1070.119066591989,2020-08-06T12:20:00Z,45.55180000,7.90323333,1364.00,78.36
5955,2,2970,2994.310749891655,-1069.119066591989,2020-08-06T12:20:01Z,45.55183333,7.90335000,1364.00,78.351
5956,2,2971,2995.310749891655,-1068.119066591989,2020-08-06T12:20:02Z,45.55188333,7.90348333,1363.00,78.339
5957,2,2972,2996.310749891655,-1067.119066591989,2020-08-06T12:20:03Z,45.55191667,7.90360000,1361.00,78.33
5958,2,2973,2997.310749891655,-1066.119066591989,2020-08-06T12:20:04Z,45.55195000,7.90371667,1359.00,78.321
5959,2,2974,2998.310749891655,-1065.119066591989,2020-08-06T12:20:05Z,45.55198333,7.90383333,1356.00,78.312
5960,2,2975,2999.310749891655,-1064.119066591989,2020-08-06T12:20:06Z,45.55203333,7.90396667,1356.00,78.3
5961,2,2976,3000.310749891655,-1063.119066591989,2020-08-06T12:20:07Z,45.55206667,7.90408333,1353.00,78.291
5962,2,2977,3001.310749891655,-1062.119066591989,2020-08-06T12:20:08Z,45.55211667,7.90421667,1352.00,78.28
5963,2,2978,3002.310749891655,-1061.119066591989,2020-08-06T12:20:09Z,45.55215000,7.90435000,1349.00,78.27
5964,2,2979,3003.310749891655,-1060.119066591989,2020-08-06T12:20:10Z,45.55220000,7.90448333,1348.00,78.258
5965,2,2980,3004.310749891655,-1059.119066591989,2020-08-06T12:20:11Z,45.55225000,7.90463333,1348.00,78.246
5966,2,2981,3005.310749891655,-1058.119066591989,2020-08-06T12:20:12Z,45.55228333,7.90476667,1348.00,78.236
5967,2,2982,3006.310749891655,-1057.119066591989,2020-08-06T12:20:13Z,45.55231667,7.90488333,1347.00,78.227
5968,2,2983,3007.310749891655,-1056.119066591989,2020-08-06T12:20:14Z,45.55236667,7.90500000,1348.00,78.216
5969,2,2984,3008.310749891655,-1055.119066591989,2020-08-06T12:20:15Z,45.55240000,7.90513333,1346.00,78.206
5970,2,2985,3009.310749891655,-1054.119066591989,2020-08-06T12:20:16Z,45.55245000,7.90526667,1345.00,78.195
5971,2,2986,3010.310749891655,-1053.119066591989,2020-08-06T12:20:17Z,45.55250000,7.90543333,1343.00,78.181
5972,2,2987,3011.310749891655,-1052.119066591989,2020-08-06T12:20:18Z,45.55255000,7.90558333,1345.00,78.169
5973,2,2988,3012.310749891655,-1051.119066591989,2020-08-06T12:20:19Z,45.55260000,7.90571667,1346.00,78.158
5974,2,2989,3013.310749891655,-1050.119066591989,2020-08-06T12:20:20Z,45.55263333,7.90585000,1349.00,78.148
5975,2,2990,3014.310749891655,-1049.119066591989,2020-08-06T12:20:21Z,45.55266667,7.90596667,1348.00,78.138
5976,2,2991,3015.310749891655,-1048.119066591989,2020-08-06T12:20:22Z,45.55271667,7.90608333,1348.00,78.128
5977,2,2992,3016.310749891655,-1047.119066591989,2020-08-06T12:20:23Z,45.55275000,7.90620000,1349.00,78.119
5978,2,2993,3017.310749891655,-1046.119066591989,2020-08-06T12:20:24Z,45.55280000,7.90633333,1349.00,78.107
5979,2,2994,3018.310749891655,-1045.119066591989,2020-08-06T12:20:25Z,45.55285000,7.90646667,1349.00,78.096
5980,2,2995,3019.310749891655,-1044.119066591989,2020-08-06T12:20:26Z,45.55291667,7.90658333,1348.00,78.084
5981,2,2996,3020.310749891655,-1043.119066591989,2020-08-06T12:20:27Z,45.55296667,7.90668333,1351.00,78.075
5982,2,2997,3021.310749891655,-1042.119066591989,2020-08-06T12:20:28Z,45.55303333,7.90680000,1350.00,78.063
5983,2,2998,3022.310749891655,-1041.119066591989,2020-08-06T12:20:29Z,45.55310000,7.90693333,1350.00,78.05
5984,2,2999,3023.310749891655,-1040.119066591989,2020-08-06T12:20:30Z,45.55313333,7.90705000,1351.00,78.041
5985,2,3000,3024.310749891655,-1039.119066591989,2020-08-06T12:20:31Z,45.55316667,7.90718333,1353.00,78.031
5986,2,3001,3025.310749891655,-1038.119066591989,2020-08-06T12:20:32Z,45.55316667,7.90731667,1353.00,78.024
5987,2,3002,3026.310749891655,-1037.119066591989,2020-08-06T12:20:33Z,45.55316667,7.90741667,1354.00,78.018
5988,2,3003,3027.310749891655,-1036.119066591989,2020-08-06T12:20:34Z,45.55318333,7.90753333,1345.00,78.01
5989,2,3004,3028.310749891655,-1035.119066591989,2020-08-06T12:20:35Z,45.55318333,7.90765000,1343.00,78.003
5990,2,3005,3029.310749891655,-1034.119066591989,2020-08-06T12:20:36Z,45.55321667,7.90775000,1360.00,77.995
5991,2,3006,3030.310749891655,-1033.119066591989,2020-08-06T12:20:37Z,45.55321667,7.90785000,1361.00,77.989
5992,2,3007,3031.310749891655,-1032.119066591989,2020-08-06T12:20:38Z,45.55320000,7.90793333,1340.00,77.985
5993,2,3008,3032.310749891655,-1031.119066591989,2020-08-06T12:20:39Z,45.55316667,7.90798333,1370.00,77.985
5994,2,3009,3033.310749891655,-1030.119066591989,2020-08-06T12:20:40Z,45.55313333,7.90801667,1377.00,77.985
5995,2,3010,3034.310749891655,-1029.119066591989,2020-08-06T12:20:41Z,45.55306667,7.90801667,1366.00,77.99
5996,2,3011,3035.310749891655,-1028.119066591989,2020-08-06T12:20:42Z,45.55298333,7.90800000,1387.00,77.997
5997,2,3012,3036.310749891655,-1027.119066591989,2020-08-06T12:20:43Z,45.55290000,7.90795000,1361.00,78.006
5998,2,3013,3037.310749891655,-1026.119066591989,2020-08-06T12:20:44Z,45.55283333,7.90785000,1376.00,78.017
5999,2,3014,3038.310749891655,-1025.119066591989,2020-08-06T12:20:45Z,45.55283333,7.90765000,1379.00,78.029
6000,2,3015,3039.310749891655,-1024.119066591989,2020-08-06T12:20:46Z,45.55285000,7.90746667,1378.00,78.038
6001,2,3016,3040.310749891655,-1023.119066591989,2020-08-06T12:20:47Z,45.55288333,7.90730000,1384.00,78.046
6002,2,3017,3041.310749891655,-1022.119066591989,2020-08-06T12:20:48Z,45.55295000,7.90716667,1385.00,78.049
6003,2,3018,3042.310749891655,-1021.119066591989,2020-08-06T12:20:49Z,45.55301667,7.90708333,1375.00,78.048
6004,2,3019,3043.310749891655,-1020.119066591989,2020-08-06T12:20:50Z,45.55313333,7.90708333,1393.00,78.039
6005,2,3020,3044.310749891655,-1019.119066591989,2020-08-06T12:20:51Z,45.55325000,7.90708333,1383.00,78.031
6006,2,3021,3045.310749891655,-1018.119066591989,2020-08-06T12:20:52Z,45.55335000,7.90715000,1397.00,78.019
6007,2,3022,3046.310749891655,-1017.119066591989,2020-08-06T12:20:53Z,45.55343333,7.90721667,1378.00,78.009
6008,2,3023,3047.310749891655,-1016.119066591989,2020-08-06T12:20:54Z,45.55348333,7.90730000,1392.00,78.001
6009,2,3024,3048.310749891655,-1015.119066591989,2020-08-06T12:20:55Z,45.55351667,7.90735000,1405.00,77.995
6010,2,3025,3049.310749891655,-1014.119066591989,2020-08-06T12:20:56Z,45.55351667,7.90741667,1397.00,77.991
6011,2,3026,3050.310749891655,-1013.119066591989,2020-08-06T12:20:57Z,45.55351667,7.90750000,1393.00,77.987
6012,2,3027,3051.310749891655,-1012.119066591989,2020-08-06T12:20:58Z,45.55348333,7.90758333,1401.00,77.984
6013,2,3028,3052.310749891655,-1011.119066591989,2020-08-06T12:20:59Z,45.55343333,7.90768333,1410.00,77.982
6014,2,3029,3053.310749891655,-1010.119066591989,2020-08-06T12:21:00Z,45.55338333,7.90773333,1393.00,77.983
6015,2,3030,3054.310749891655,-1009.119066591989,2020-08-06T12:21:01Z,45.55331667,7.90773333,1407.00,77.989
6016,2,3031,3055.310749891655,-1008.119066591989,2020-08-06T12:21:02Z,45.55323333,7.90768333,1405.00,77.998
6017,2,3032,3056.310749891655,-1007.119066591989,2020-08-06T12:21:03Z,45.55316667,7.90760000,1417.00,78.007
6018,2,3033,3057.310749891655,-1006.119066591989,2020-08-06T12:21:04Z,45.55320000,7.90743333,1414.00,78.014
6019,2,3034,3058.310749891655,-1005.119066591989,2020-08-06T12:21:05Z,45.55321667,7.90725000,1404.00,78.024
6020,2,3035,3059.310749891655,-1004.119066591989,2020-08-06T12:21:06Z,45.55325000,7.90711667,1412.00,78.029
6021,2,3036,3060.310749891655,-1003.119066591989,2020-08-06T12:21:07Z,45.55331667,7.90701667,1419.00,78.029
6022,2,3037,3061.310749891655,-1002.119066591989,2020-08-06T12:21:08Z,45.55340000,7.90696667,1422.00,78.026
6023,2,3038,3062.310749891655,-1001.119066591989,2020-08-06T12:21:09Z,45.55350000,7.90695000,1429.00,78.019
6024,2,3039,3063.310749891655,-1000.119066591989,2020-08-06T12:21:10Z,45.55360000,7.90696667,1422.00,78.011
6025,2,3040,3064.310749891655,-999.119066591989,2020-08-06T12:21:11Z,45.55363333,7.90703333,1409.00,78.004
6026,2,3041,3065.310749891655,-998.119066591989,2020-08-06T12:21:12Z,45.55366667,7.90716667,1411.00,77.994
6027,2,3042,3066.310749891655,-997.119066591989,2020-08-06T12:21:13Z,45.55365000,7.90725000,1426.00,77.991
6028,2,3043,3067.310749891655,-996.119066591989,2020-08-06T12:21:14Z,45.55363333,7.90728333,1427.00,77.99
6029,2,3044,3068.310749891655,-995.119066591989,2020-08-06T12:21:15Z,45.55360000,7.90725000,1429.00,77.995
6030,2,3045,3069.310749891655,-994.119066591989,2020-08-06T12:21:16Z,45.55353333,7.90723333,1431.00,78.001
6031,2,3046,3070.310749891655,-993.119066591989,2020-08-06T12:21:17Z,45.55348333,7.90718333,1439.00,78.007
6032,2,3047,3071.310749891655,-992.119066591989,2020-08-06T12:21:18Z,45.55346667,7.90708333,1437.00,78.014
6033,2,3048,3072.310749891655,-991.119066591989,2020-08-06T12:21:19Z,45.55345000,7.90700000,1440.00,78.02
6034,2,3049,3073.310749891655,-990.119066591989,2020-08-06T12:21:20Z,45.55345000,7.90688333,1440.00,78.027
6035,2,3050,3074.310749891655,-989.119066591989,2020-08-06T12:21:21Z,45.55346667,7.90671667,1441.00,78.035
6036,2,3051,3075.310749891655,-988.119066591989,2020-08-06T12:21:22Z,45.55351667,7.90655000,1440.00,78.041
6037,2,3052,3076.310749891655,-987.119066591989,2020-08-06T12:21:23Z,45.55360000,7.90640000,1453.00,78.043
6038,2,3053,3077.310749891655,-986.119066591989,2020-08-06T12:21:24Z,45.55368333,7.90630000,1440.00,78.043
6039,2,3054,3078.310749891655,-985.119066591989,2020-08-06T12:21:25Z,45.55380000,7.90631667,1450.00,78.033
6040,2,3055,3079.310749891655,-984.119066591989,2020-08-06T12:21:26Z,45.55393333,7.90635000,1444.00,78.021
6041,2,3056,3080.310749891655,-983.119066591989,2020-08-06T12:21:27Z,45.55403333,7.90641667,1446.00,78.009
6042,2,3057,3081.310749891655,-982.119066591989,2020-08-06T12:21:28Z,45.55408333,7.90650000,1458.00,78.001
6043,2,3058,3082.310749891655,-981.119066591989,2020-08-06T12:21:29Z,45.55411667,7.90656667,1453.00,77.995
6044,2,3059,3083.310749891655,-980.119066591989,2020-08-06T12:21:30Z,45.55415000,7.90658333,1466.00,77.991
6045,2,3060,3084.310749891655,-979.119066591989,2020-08-06T12:21:31Z,45.55418333,7.90663333,1453.00,77.986
6046,2,3061,3085.310749891655,-978.119066591989,2020-08-06T12:21:32Z,45.55421667,7.90670000,1449.00,77.979
6047,2,3062,3086.310749891655,-977.119066591989,2020-08-06T12:21:33Z,45.55423333,7.90678333,1470.00,77.973
6048,2,3063,3087.310749891655,-976.119066591989,2020-08-06T12:21:34Z,45.55421667,7.90688333,1452.00,77.969
6049,2,3064,3088.310749891655,-975.119066591989,2020-08-06T12:21:35Z,45.55416667,7.90698333,1470.00,77.967
6050,2,3065,3089.310749891655,-974.119066591989,2020-08-06T12:21:36Z,45.55410000,7.90705000,1466.00,77.968
6051,2,3066,3090.310749891655,-973.119066591989,2020-08-06T12:21:37Z,45.55403333,7.90708333,1462.00,77.971
6052,2,3067,3091.310749891655,-972.119066591989,2020-08-06T12:21:38Z,45.55400000,7.90700000,1466.00,77.979
6053,2,3068,3092.310749891655,-971.119066591989,2020-08-06T12:21:39Z,45.55395000,7.90695000,1463.00,77.985
6054,2,3069,3093.310749891655,-970.119066591989,2020-08-06T12:21:40Z,45.55391667,7.90691667,1472.00,77.99
6055,2,3070,3094.310749891655,-969.119066591989,2020-08-06T12:21:41Z,45.55391667,7.90688333,1470.00,77.992
6056,2,3071,3095.310749891655,-968.119066591989,2020-08-06T12:21:42Z,45.55403333,7.90680000,1472.00,77.988
6057,2,3072,3096.310749891655,-967.119066591989,2020-08-06T12:21:43Z,45.55410000,7.90676667,1474.00,77.984
6058,2,3073,3097.310749891655,-966.119066591989,2020-08-06T12:21:44Z,45.55416667,7.90678333,1480.00,77.978
6059,2,3074,3098.310749891655,-965.119066591989,2020-08-06T12:21:45Z,45.55421667,7.90680000,1480.00,77.974
6060,2,3075,3099.310749891655,-964.119066591989,2020-08-06T12:21:46Z,45.55426667,7.90683333,1486.00,77.968
6061,2,3076,3100.310749891655,-963.119066591989,2020-08-06T12:21:47Z,45.55426667,7.90690000,1478.00,77.964
6062,2,3077,3101.310749891655,-962.119066591989,2020-08-06T12:21:48Z,45.55425000,7.90700000,1481.00,77.96
6063,2,3078,3102.310749891655,-961.119066591989,2020-08-06T12:21:49Z,45.55421667,7.90710000,1493.00,77.957
6064,2,3079,3103.310749891655,-960.119066591989,2020-08-06T12:21:50Z,45.55416667,7.90713333,1482.00,77.958
6065,2,3080,3104.310749891655,-959.119066591989,2020-08-06T12:21:51Z,45.55406667,7.90708333,1489.00,77.969
6066,2,3081,3105.310749891655,-958.119066591989,2020-08-06T12:21:52Z,45.55395000,7.90701667,1495.00,77.981
6067,2,3082,3106.310749891655,-957.119066591989,2020-08-06T12:21:53Z,45.55388333,7.90691667,1486.00,77.992
6068,2,3083,3107.310749891655,-956.119066591989,2020-08-06T12:21:54Z,45.55390000,7.90671667,1480.00,78.002
6069,2,3084,3108.310749891655,-955.119066591989,2020-08-06T12:21:55Z,45.55390000,7.90651667,1495.00,78.014
6070,2,3085,3109.310749891655,-954.119066591989,2020-08-06T12:21:56Z,45.55393333,7.90630000,1496.00,78.024
6071,2,3086,3110.310749891655,-953.119066591989,2020-08-06T12:21:57Z,45.55400000,7.90615000,1490.00,78.027
6072,2,3087,3111.310749891655,-952.119066591989,2020-08-06T12:21:58Z,45.55405000,7.90600000,1492.00,78.032
6073,2,3088,3112.310749891655,-951.119066591989,2020-08-06T12:21:59Z,45.55411667,7.90586667,1486.00,78.035
6074,2,3089,3113.310749891655,-950.119066591989,2020-08-06T12:22:00Z,45.55415000,7.90575000,1491.00,78.039
6075,2,3090,3114.310749891655,-949.119066591989,2020-08-06T12:22:01Z,45.55418333,7.90581667,1492.00,78.033
6076,2,3091,3115.310749891655,-948.119066591989,2020-08-06T12:22:02Z,45.55426667,7.90596667,1505.00,78.018
6077,2,3092,3116.310749891655,-947.119066591989,2020-08-06T12:22:03Z,45.55426667,7.90600000,1502.00,78.016
6078,2,3093,3117.310749891655,-946.119066591989,2020-08-06T12:22:04Z,45.55428333,7.90606667,1514.00,78.011
6079,2,3094,3118.310749891655,-945.119066591989,2020-08-06T12:22:05Z,45.55428333,7.90613333,1508.00,78.007
6080,2,3095,3119.310749891655,-944.119066591989,2020-08-06T12:22:06Z,45.55423333,7.90620000,1513.00,78.007
6081,2,3096,3120.310749891655,-943.119066591989,2020-08-06T12:22:07Z,45.55418333,7.90625000,1505.00,78.008
6082,2,3097,3121.310749891655,-942.119066591989,2020-08-06T12:22:08Z,45.55410000,7.90625000,1510.00,78.014
6083,2,3098,3122.310749891655,-941.119066591989,2020-08-06T12:22:09Z,45.55400000,7.90621667,1508.00,78.023
6084,2,3099,3123.310749891655,-940.119066591989,2020-08-06T12:22:10Z,45.55395000,7.90618333,1507.00,78.029
6085,2,3100,3124.310749891655,-939.119066591989,2020-08-06T12:22:11Z,45.55395000,7.90601667,1511.00,78.039
6086,2,3101,3125.310749891655,-938.119066591989,2020-08-06T12:22:12Z,45.55395000,7.90586667,1509.00,78.047
6087,2,3102,3126.310749891655,-937.119066591989,2020-08-06T12:22:13Z,45.55398333,7.90570000,1505.00,78.054
6088,2,3103,3127.310749891655,-936.119066591989,2020-08-06T12:22:14Z,45.55403333,7.90556667,1508.00,78.058
6089,2,3104,3128.310749891655,-935.119066591989,2020-08-06T12:22:15Z,45.55408333,7.90543333,1522.00,78.062
6090,2,3105,3129.310749891655,-934.119066591989,2020-08-06T12:22:16Z,45.55418333,7.90541667,1511.00,78.056
6091,2,3106,3130.310749891655,-933.119066591989,2020-08-06T12:22:17Z,45.55430000,7.90543333,1504.00,78.046
6092,2,3107,3131.310749891655,-932.119066591989,2020-08-06T12:22:18Z,45.55441667,7.90548333,1513.00,78.035
6093,2,3108,3132.310749891655,-931.119066591989,2020-08-06T12:22:19Z,45.55451667,7.90551667,1512.00,78.025
6094,2,3109,3133.310749891655,-930.119066591989,2020-08-06T12:22:20Z,45.55461667,7.90553333,1510.00,78.017
6095,2,3110,3134.310749891655,-929.119066591989,2020-08-06T12:22:21Z,45.55471667,7.90555000,1521.00,78.008
6096,2,3111,3135.310749891655,-928.119066591989,2020-08-06T12:22:22Z,45.55481667,7.90558333,1515.00,77.999
6097,2,3112,3136.310749891655,-927.119066591989,2020-08-06T12:22:23Z,45.55490000,7.90565000,1517.00,77.989
6098,2,3113,3137.310749891655,-926.119066591989,2020-08-06T12:22:24Z,45.55500000,7.90571667,1514.00,77.978
6099,2,3114,3138.310749891655,-925.119066591989,2020-08-06T12:22:25Z,45.55508333,7.90581667,1519.00,77.966
6100,2,3115,3139.310749891655,-924.119066591989,2020-08-06T12:22:26Z,45.55518333,7.90591667,1514.00,77.952
6101,2,3116,3140.310749891655,-923.119066591989,2020-08-06T12:22:27Z,45.55526667,7.90601667,1521.00,77.94
6102,2,3117,3141.310749891655,-922.119066591989,2020-08-06T12:22:28Z,45.55535000,7.90608333,1525.00,77.93
6103,2,3118,3142.310749891655,-921.119066591989,2020-08-06T12:22:29Z,45.55543333,7.90616667,1522.00,77.919
6104,2,3119,3143.310749891655,-920.119066591989,2020-08-06T12:22:30Z,45.55551667,7.90625000,1522.00,77.908
6105,2,3120,3144.310749891655,-919.119066591989,2020-08-06T12:22:31Z,45.55561667,7.90635000,1523.00,77.895
6106,2,3121,3145.310749891655,-918.119066591989,2020-08-06T12:22:32Z,45.55571667,7.90646667,1518.00,77.881
6107,2,3122,3146.310749891655,-917.119066591989,2020-08-06T12:22:33Z,45.55581667,7.90658333,1515.00,77.867
6108,2,3123,3147.310749891655,-916.119066591989,2020-08-06T12:22:34Z,45.55591667,7.90670000,1522.00,77.853
6109,2,3124,3148.310749891655,-915.119066591989,2020-08-06T12:22:35Z,45.55601667,7.90678333,1522.00,77.84
6110,2,3125,3149.310749891655,-914.119066591989,2020-08-06T12:22:36Z,45.55610000,7.90686667,1525.00,77.829
6111,2,3126,3150.310749891655,-913.119066591989,2020-08-06T12:22:37Z,45.55618333,7.90695000,1517.00,77.818
6112,2,3127,3151.310749891655,-912.119066591989,2020-08-06T12:22:38Z,45.55628333,7.90703333,1527.00,77.806
6113,2,3128,3152.310749891655,-911.119066591989,2020-08-06T12:22:39Z,45.55638333,7.90713333,1532.00,77.793
6114,2,3129,3153.310749891655,-910.119066591989,2020-08-06T12:22:40Z,45.55648333,7.90723333,1523.00,77.78
6115,2,3130,3154.310749891655,-909.119066591989,2020-08-06T12:22:41Z,45.55658333,7.90733333,1524.00,77.766
6116,2,3131,3155.310749891655,-908.119066591989,2020-08-06T12:22:42Z,45.55668333,7.90745000,1521.00,77.752
6117,2,3132,3156.310749891655,-907.119066591989,2020-08-06T12:22:43Z,45.55678333,7.90755000,1508.00,77.739
6118,2,3133,3157.310749891655,-906.119066591989,2020-08-06T12:22:44Z,45.55686667,7.90765000,1524.00,77.727
6119,2,3134,3158.310749891655,-905.119066591989,2020-08-06T12:22:45Z,45.55696667,7.90775000,1522.00,77.714
6120,2,3135,3159.310749891655,-904.119066591989,2020-08-06T12:22:46Z,45.55706667,7.90785000,1518.00,77.701
6121,2,3136,3160.310749891655,-903.119066591989,2020-08-06T12:22:47Z,45.55715000,7.90795000,1524.00,77.689
6122,2,3137,3161.310749891655,-902.119066591989,2020-08-06T12:22:48Z,45.55723333,7.90805000,1523.00,77.677
6123,2,3138,3162.310749891655,-901.119066591989,2020-08-06T12:22:49Z,45.55731667,7.90815000,1525.00,77.665
6124,2,3139,3163.310749891655,-900.119066591989,2020-08-06T12:22:50Z,45.55738333,7.90826667,1531.00,77.653
6125,2,3140,3164.310749891655,-899.119066591989,2020-08-06T12:22:51Z,45.55746667,7.90836667,1521.00,77.641
6126,2,3141,3165.310749891655,-898.119066591989,2020-08-06T12:22:52Z,45.55753333,7.90846667,1522.00,77.63
6127,2,3142,3166.310749891655,-897.119066591989,2020-08-06T12:22:53Z,45.55761667,7.90856667,1506.00,77.618
6128,2,3143,3167.310749891655,-896.119066591989,2020-08-06T12:22:54Z,45.55770000,7.90868333,1513.00,77.605
6129,2,3144,3168.310749891655,-895.119066591989,2020-08-06T12:22:55Z,45.55780000,7.90878333,1522.00,77.592
6130,2,3145,3169.310749891655,-894.119066591989,2020-08-06T12:22:56Z,45.55788333,7.90888333,1514.00,77.58
6131,2,3146,3170.310749891655,-893.119066591989,2020-08-06T12:22:57Z,45.55795000,7.90898333,1519.00,77.569
6132,2,3147,3171.310749891655,-892.119066591989,2020-08-06T12:22:58Z,45.55801667,7.90906667,1517.00,77.56
6133,2,3148,3172.310749891655,-891.119066591989,2020-08-06T12:22:59Z,45.55806667,7.90916667,1524.00,77.55
6134,2,3149,3173.310749891655,-890.119066591989,2020-08-06T12:23:00Z,45.55811667,7.90926667,1519.00,77.541
6135,2,3150,3174.310749891655,-889.119066591989,2020-08-06T12:23:01Z,45.55816667,7.90938333,1517.00,77.53
6136,2,3151,3175.310749891655,-888.119066591989,2020-08-06T12:23:02Z,45.55821667,7.90950000,1523.00,77.52
6137,2,3152,3176.310749891655,-887.119066591989,2020-08-06T12:23:03Z,45.55826667,7.90961667,1515.00,77.509
6138,2,3153,3177.310749891655,-886.119066591989,2020-08-06T12:23:04Z,45.55831667,7.90973333,1508.00,77.499
6139,2,3154,3178.310749891655,-885.119066591989,2020-08-06T12:23:05Z,45.55836667,7.90983333,1512.00,77.489
6140,2,3155,3179.310749891655,-884.119066591989,2020-08-06T12:23:06Z,45.55841667,7.90995000,1513.00,77.479
6141,2,3156,3180.310749891655,-883.119066591989,2020-08-06T12:23:07Z,45.55848333,7.91005000,1502.00,77.468
6142,2,3157,3181.310749891655,-882.119066591989,2020-08-06T12:23:08Z,45.55853333,7.91016667,1509.00,77.458
6143,2,3158,3182.310749891655,-881.119066591989,2020-08-06T12:23:09Z,45.55858333,7.91028333,1512.00,77.447
6144,2,3159,3183.310749891655,-880.119066591989,2020-08-06T12:23:10Z,45.55863333,7.91040000,1510.00,77.437
6145,2,3160,3184.310749891655,-879.119066591989,2020-08-06T12:23:11Z,45.55868333,7.91051667,1502.00,77.426
6146,2,3161,3185.310749891655,-878.119066591989,2020-08-06T12:23:12Z,45.55873333,7.91065000,1505.00,77.415
6147,2,3162,3186.310749891655,-877.119066591989,2020-08-06T12:23:13Z,45.55878333,7.91078333,1517.00,77.403
6148,2,3163,3187.310749891655,-876.119066591989,2020-08-06T12:23:14Z,45.55883333,7.91090000,1510.00,77.393
6149,2,3164,3188.310749891655,-875.119066591989,2020-08-06T12:23:15Z,45.55888333,7.91100000,1510.00,77.383
6150,2,3165,3189.310749891655,-874.119066591989,2020-08-06T12:23:16Z,45.55893333,7.91111667,1517.00,77.373
6151,2,3166,3190.310749891655,-873.119066591989,2020-08-06T12:23:17Z,45.55898333,7.91120000,1510.00,77.364
6152,2,3167,3191.310749891655,-872.119066591989,2020-08-06T12:23:18Z,45.55903333,7.91130000,1509.00,77.355
6153,2,3168,3192.310749891655,-871.119066591989,2020-08-06T12:23:19Z,45.55910000,7.91140000,1518.00,77.344
6154,2,3169,3193.310749891655,-870.119066591989,2020-08-06T12:23:20Z,45.55915000,7.91151667,1518.00,77.333
6155,2,3170,3194.310749891655,-869.119066591989,2020-08-06T12:23:21Z,45.55920000,7.91161667,1512.00,77.324
6156,2,3171,3195.310749891655,-868.119066591989,2020-08-06T12:23:22Z,45.55925000,7.91171667,1517.00,77.314
6157,2,3172,3196.310749891655,-867.119066591989,2020-08-06T12:23:23Z,45.55928333,7.91181667,1510.00,77.306
6158,2,3173,3197.310749891655,-866.119066591989,2020-08-06T12:23:24Z,45.55933333,7.91191667,1512.00,77.297
6159,2,3174,3198.310749891655,-865.119066591989,2020-08-06T12:23:25Z,45.55938333,7.91201667,1515.00,77.287
6160,2,3175,3199.310749891655,-864.119066591989,2020-08-06T12:23:26Z,45.55941667,7.91213333,1504.00,77.278
6161,2,3176,3200.310749891655,-863.119066591989,2020-08-06T12:23:27Z,45.55946667,7.91225000,1516.00,77.267
6162,2,3177,3201.310749891655,-862.119066591989,2020-08-06T12:23:28Z,45.55951667,7.91238333,1502.00,77.256
6163,2,3178,3202.310749891655,-861.119066591989,2020-08-06T12:23:29Z,45.55956667,7.91250000,1504.00,77.245
6164,2,3179,3203.310749891655,-860.119066591989,2020-08-06T12:23:30Z,45.55961667,7.91265000,1504.00,77.233
6165,2,3180,3204.310749891655,-859.119066591989,2020-08-06T12:23:31Z,45.55966667,7.91278333,1502.00,77.222
6166,2,3181,3205.310749891655,-858.119066591989,2020-08-06T12:23:32Z,45.55971667,7.91293333,1496.00,77.209
6167,2,3182,3206.310749891655,-857.119066591989,2020-08-06T12:23:33Z,45.55976667,7.91305000,1497.00,77.199
6168,2,3183,3207.310749891655,-856.119066591989,2020-08-06T12:23:34Z,45.55981667,7.91316667,1499.00,77.188
6169,2,3184,3208.310749891655,-855.119066591989,2020-08-06T12:23:35Z,45.55988333,7.91328333,1497.00,77.176
6170,2,3185,3209.310749891655,-854.119066591989,2020-08-06T12:23:36Z,45.55993333,7.91340000,1488.00,77.166
6171,2,3186,3210.310749891655,-853.119066591989,2020-08-06T12:23:37Z,45.56000000,7.91351667,1494.00,77.154
6172,2,3187,3211.310749891655,-852.119066591989,2020-08-06T12:23:38Z,45.56005000,7.91365000,1488.00,77.143
6173,2,3188,3212.310749891655,-851.119066591989,2020-08-06T12:23:39Z,45.56010000,7.91378333,1492.00,77.131
6174,2,3189,3213.310749891655,-850.119066591989,2020-08-06T12:23:40Z,45.56015000,7.91390000,1484.00,77.121
6175,2,3190,3214.310749891655,-849.119066591989,2020-08-06T12:23:41Z,45.56018333,7.91401667,1489.00,77.112
6176,2,3191,3215.310749891655,-848.119066591989,2020-08-06T12:23:42Z,45.56021667,7.91415000,1484.00,77.102
6177,2,3192,3216.310749891655,-847.119066591989,2020-08-06T12:23:43Z,45.56025000,7.91430000,1466.00,77.09
6178,2,3193,3217.310749891655,-846.119066591989,2020-08-06T12:23:44Z,45.56030000,7.91445000,1487.00,77.078
6179,2,3194,3218.310749891655,-845.119066591989,2020-08-06T12:23:45Z,45.56035000,7.91460000,1479.00,77.066
6180,2,3195,3219.310749891655,-844.119066591989,2020-08-06T12:23:46Z,45.56038333,7.91473333,1483.00,77.055
6181,2,3196,3220.310749891655,-843.119066591989,2020-08-06T12:23:47Z,45.56043333,7.91486667,1493.00,77.044
6182,2,3197,3221.310749891655,-842.119066591989,2020-08-06T12:23:48Z,45.56048333,7.91496667,1488.00,77.034
6183,2,3198,3222.310749891655,-841.119066591989,2020-08-06T12:23:49Z,45.56053333,7.91508333,1467.00,77.024
6184,2,3199,3223.310749891655,-840.119066591989,2020-08-06T12:23:50Z,45.56055000,7.91520000,1484.00,77.016
6185,2,3200,3224.310749891655,-839.119066591989,2020-08-06T12:23:51Z,45.56058333,7.91531667,1484.00,77.007
6186,2,3201,3225.310749891655,-838.119066591989,2020-08-06T12:23:52Z,45.56060000,7.91543333,1483.00,76.999
6187,2,3202,3226.310749891655,-837.119066591989,2020-08-06T12:23:53Z,45.56065000,7.91556667,1489.00,76.987
6188,2,3203,3227.310749891655,-836.119066591989,2020-08-06T12:23:54Z,45.56068333,7.91568333,1490.00,76.978
6189,2,3204,3228.310749891655,-835.119066591989,2020-08-06T12:23:55Z,45.56073333,7.91581667,1491.00,76.967
6190,2,3205,3229.310749891655,-834.119066591989,2020-08-06T12:23:56Z,45.56076667,7.91593333,1491.00,76.957
6191,2,3206,3230.310749891655,-833.119066591989,2020-08-06T12:23:57Z,45.56078333,7.91605000,1481.00,76.95
6192,2,3207,3231.310749891655,-832.119066591989,2020-08-06T12:23:58Z,45.56080000,7.91615000,1481.00,76.943
6193,2,3208,3232.310749891655,-831.119066591989,2020-08-06T12:23:59Z,45.56080000,7.91626667,1484.00,76.936
6194,2,3209,3233.310749891655,-830.119066591989,2020-08-06T12:24:00Z,45.56081667,7.91640000,1485.00,76.927
6195,2,3210,3234.310749891655,-829.119066591989,2020-08-06T12:24:01Z,45.56085000,7.91653333,1480.00,76.917
6196,2,3211,3235.310749891655,-828.119066591989,2020-08-06T12:24:02Z,45.56088333,7.91666667,1485.00,76.907
6197,2,3212,3236.310749891655,-827.119066591989,2020-08-06T12:24:03Z,45.56091667,7.91680000,1484.00,76.896
6198,2,3213,3237.310749891655,-826.119066591989,2020-08-06T12:24:04Z,45.56095000,7.91691667,1487.00,76.887
6199,2,3214,3238.310749891655,-825.119066591989,2020-08-06T12:24:05Z,45.56100000,7.91701667,1479.00,76.878
6200,2,3215,3239.310749891655,-824.119066591989,2020-08-06T12:24:06Z,45.56106667,7.91713333,1490.00,76.866
6201,2,3216,3240.310749891655,-823.119066591989,2020-08-06T12:24:07Z,45.56111667,7.91725000,1462.00,76.856
6202,2,3217,3241.310749891655,-822.119066591989,2020-08-06T12:24:08Z,45.56115000,7.91738333,1481.00,76.845
6203,2,3218,3242.310749891655,-821.119066591989,2020-08-06T12:24:09Z,45.56118333,7.91750000,1465.00,76.836
6204,2,3219,3243.310749891655,-820.119066591989,2020-08-06T12:24:10Z,45.56121667,7.91760000,1480.00,76.828
6205,2,3220,3244.310749891655,-819.119066591989,2020-08-06T12:24:11Z,45.56125000,7.91770000,1474.00,76.82
6206,2,3221,3245.310749891655,-818.119066591989,2020-08-06T12:24:12Z,45.56128333,7.91780000,1472.00,76.811
6207,2,3222,3246.310749891655,-817.119066591989,2020-08-06T12:24:13Z,45.56131667,7.91791667,1469.00,76.802
6208,2,3223,3247.310749891655,-816.119066591989,2020-08-06T12:24:14Z,45.56136667,7.91801667,1482.00,76.793
6209,2,3224,3248.310749891655,-815.119066591989,2020-08-06T12:24:15Z,45.56140000,7.91813333,1474.00,76.784
6210,2,3225,3249.310749891655,-814.119066591989,2020-08-06T12:24:16Z,45.56141667,7.91823333,1481.00,76.777
6211,2,3226,3250.310749891655,-813.119066591989,2020-08-06T12:24:17Z,45.56145000,7.91835000,1473.00,76.767
6212,2,3227,3251.310749891655,-812.119066591989,2020-08-06T12:24:18Z,45.56145000,7.91845000,1473.00,76.762
6213,2,3228,3252.310749891655,-811.119066591989,2020-08-06T12:24:19Z,45.56146667,7.91856667,1472.00,76.754
6214,2,3229,3253.310749891655,-810.119066591989,2020-08-06T12:24:20Z,45.56150000,7.91868333,1473.00,76.745
6215,2,3230,3254.310749891655,-809.119066591989,2020-08-06T12:24:21Z,45.56151667,7.91880000,1478.00,76.737
6216,2,3231,3255.310749891655,-808.119066591989,2020-08-06T12:24:22Z,45.56153333,7.91891667,1471.00,76.729
6217,2,3232,3256.310749891655,-807.119066591989,2020-08-06T12:24:23Z,45.56156667,7.91905000,1478.00,76.719
6218,2,3233,3257.310749891655,-806.119066591989,2020-08-06T12:24:24Z,45.56160000,7.91916667,1474.00,76.709
6219,2,3234,3258.310749891655,-805.119066591989,2020-08-06T12:24:25Z,45.56165000,7.91928333,1471.00,76.699
6220,2,3235,3259.310749891655,-804.119066591989,2020-08-06T12:24:26Z,45.56170000,7.91940000,1479.00,76.688
6221,2,3236,3260.310749891655,-803.119066591989,2020-08-06T12:24:27Z,45.56175000,7.91951667,1473.00,76.678
6222,2,3237,3261.310749891655,-802.119066591989,2020-08-06T12:24:28Z,45.56180000,7.91961667,1470.00,76.669
6223,2,3238,3262.310749891655,-801.119066591989,2020-08-06T12:24:29Z,45.56186667,7.91971667,1482.00,76.658
6224,2,3239,3263.310749891655,-800.119066591989,2020-08-06T12:24:30Z,45.56191667,7.91981667,1477.00,76.648
6225,2,3240,3264.310749891655,-799.119066591989,2020-08-06T12:24:31Z,45.56198333,7.91991667,1476.00,76.638
6226,2,3241,3265.310749891655,-798.119066591989,2020-08-06T12:24:32Z,45.56203333,7.92001667,1484.00,76.628
6227,2,3242,3266.310749891655,-797.119066591989,2020-08-06T12:24:33Z,45.56206667,7.92011667,1470.00,76.62
6228,2,3243,3267.310749891655,-796.119066591989,2020-08-06T12:24:34Z,45.56211667,7.92023333,1481.00,76.609
6229,2,3244,3268.310749891655,-795.119066591989,2020-08-06T12:24:35Z,45.56216667,7.92035000,1482.00,76.599
6230,2,3245,3269.310749891655,-794.119066591989,2020-08-06T12:24:36Z,45.56221667,7.92046667,1481.00,76.589
6231,2,3246,3270.310749891655,-793.119066591989,2020-08-06T12:24:37Z,45.56226667,7.92056667,1477.00,76.579
6232,2,3247,3271.310749891655,-792.119066591989,2020-08-06T12:24:38Z,45.56231667,7.92066667,1494.00,76.57
6233,2,3248,3272.310749891655,-791.119066591989,2020-08-06T12:24:39Z,45.56238333,7.92076667,1483.00,76.559
6234,2,3249,3273.310749891655,-790.119066591989,2020-08-06T12:24:40Z,45.56241667,7.92086667,1483.00,76.551
6235,2,3250,3274.310749891655,-789.119066591989,2020-08-06T12:24:41Z,45.56246667,7.92095000,1480.00,76.542
6236,2,3251,3275.310749891655,-788.119066591989,2020-08-06T12:24:42Z,45.56253333,7.92103333,1485.00,76.532
6237,2,3252,3276.310749891655,-787.119066591989,2020-08-06T12:24:43Z,45.56260000,7.92111667,1485.00,76.522
6238,2,3253,3277.310749891655,-786.119066591989,2020-08-06T12:24:44Z,45.56266667,7.92121667,1479.00,76.512
6239,2,3254,3278.310749891655,-785.119066591989,2020-08-06T12:24:45Z,45.56273333,7.92130000,1490.00,76.502
6240,2,3255,3279.310749891655,-784.119066591989,2020-08-06T12:24:46Z,45.56280000,7.92138333,1501.00,76.492
6241,2,3256,3280.310749891655,-783.119066591989,2020-08-06T12:24:47Z,45.56285000,7.92145000,1481.00,76.484
6242,2,3257,3281.310749891655,-782.119066591989,2020-08-06T12:24:48Z,45.56288333,7.92151667,1482.00,76.478
6243,2,3258,3282.310749891655,-781.119066591989,2020-08-06T12:24:49Z,45.56288333,7.92158333,1494.00,76.474
6244,2,3259,3283.310749891655,-780.119066591989,2020-08-06T12:24:50Z,45.56286667,7.92165000,1487.00,76.472
6245,2,3260,3284.310749891655,-779.119066591989,2020-08-06T12:24:51Z,45.56281667,7.92170000,1500.00,76.473
6246,2,3261,3285.310749891655,-778.119066591989,2020-08-06T12:24:52Z,45.56275000,7.92173333,1492.00,76.476
6247,2,3262,3286.310749891655,-777.119066591989,2020-08-06T12:24:53Z,45.56268333,7.92173333,1493.00,76.481
6248,2,3263,3287.310749891655,-776.119066591989,2020-08-06T12:24:54Z,45.56260000,7.92168333,1490.00,76.49
6249,2,3264,3288.310749891655,-775.119066591989,2020-08-06T12:24:55Z,45.56251667,7.92160000,1491.00,76.501
6250,2,3265,3289.310749891655,-774.119066591989,2020-08-06T12:24:56Z,45.56246667,7.92146667,1499.00,76.513
6251,2,3266,3290.310749891655,-773.119066591989,2020-08-06T12:24:57Z,45.56241667,7.92130000,1488.00,76.526
6252,2,3267,3291.310749891655,-772.119066591989,2020-08-06T12:24:58Z,45.56241667,7.92113333,1496.00,76.535
6253,2,3268,3292.310749891655,-771.119066591989,2020-08-06T12:24:59Z,45.56245000,7.92098333,1493.00,76.541
6254,2,3269,3293.310749891655,-770.119066591989,2020-08-06T12:25:00Z,45.56250000,7.92086667,1496.00,76.544
6255,2,3270,3294.310749891655,-769.119066591989,2020-08-06T12:25:01Z,45.56256667,7.92076667,1496.00,76.545
6256,2,3271,3295.310749891655,-768.119066591989,2020-08-06T12:25:02Z,45.56266667,7.92070000,1492.00,76.541
6257,2,3272,3296.310749891655,-767.119066591989,2020-08-06T12:25:03Z,45.56276667,7.92066667,1487.00,76.536
6258,2,3273,3297.310749891655,-766.119066591989,2020-08-06T12:25:04Z,45.56286667,7.92065000,1494.00,76.529
6259,2,3274,3298.310749891655,-765.119066591989,2020-08-06T12:25:05Z,45.56296667,7.92066667,1499.00,76.52
6260,2,3275,3299.310749891655,-764.119066591989,2020-08-06T12:25:06Z,45.56305000,7.92068333,1499.00,76.513
6261,2,3276,3300.310749891655,-763.119066591989,2020-08-06T12:25:07Z,45.56311667,7.92073333,1493.00,76.505
6262,2,3277,3301.310749891655,-762.119066591989,2020-08-06T12:25:08Z,45.56316667,7.92081667,1498.00,76.497
6263,2,3278,3302.310749891655,-761.119066591989,2020-08-06T12:25:09Z,45.56318333,7.92090000,1492.00,76.491
6264,2,3279,3303.310749891655,-760.119066591989,2020-08-06T12:25:10Z,45.56316667,7.92098333,1499.00,76.487
6265,2,3280,3304.310749891655,-759.119066591989,2020-08-06T12:25:11Z,45.56315000,7.92105000,1500.00,76.485
6266,2,3281,3305.310749891655,-758.119066591989,2020-08-06T12:25:12Z,45.56315000,7.92113333,1503.00,76.48
6267,2,3282,3306.310749891655,-757.119066591989,2020-08-06T12:25:13Z,45.56315000,7.92121667,1499.00,76.475
6268,2,3283,3307.310749891655,-756.119066591989,2020-08-06T12:25:14Z,45.56316667,7.92131667,1493.00,76.468
6269,2,3284,3308.310749891655,-755.119066591989,2020-08-06T12:25:15Z,45.56316667,7.92140000,1500.00,76.463
6270,2,3285,3309.310749891655,-754.119066591989,2020-08-06T12:25:16Z,45.56318333,7.92150000,1455.00,76.456
6271,2,3286,3310.310749891655,-753.119066591989,2020-08-06T12:25:17Z,45.56318333,7.92158333,1481.00,76.452
6272,2,3287,3311.310749891655,-752.119066591989,2020-08-06T12:25:18Z,45.56316667,7.92166667,1499.00,76.448
6273,2,3288,3312.310749891655,-751.119066591989,2020-08-06T12:25:19Z,45.56316667,7.92175000,1497.00,76.443
6274,2,3289,3313.310749891655,-750.119066591989,2020-08-06T12:25:20Z,45.56315000,7.92185000,1530.00,76.439
6275,2,3290,3314.310749891655,-749.119066591989,2020-08-06T12:25:21Z,45.56315000,7.92195000,1514.00,76.433
6276,2,3291,3315.310749891655,-748.119066591989,2020-08-06T12:25:22Z,45.56313333,7.92205000,1493.00,76.429
6277,2,3292,3316.310749891655,-747.119066591989,2020-08-06T12:25:23Z,45.56313333,7.92216667,1492.00,76.422
6278,2,3293,3317.310749891655,-746.119066591989,2020-08-06T12:25:24Z,45.56311667,7.92230000,1489.00,76.416
6279,2,3294,3318.310749891655,-745.119066591989,2020-08-06T12:25:25Z,45.56313333,7.92243333,1499.00,76.407
6280,2,3295,3319.310749891655,-744.119066591989,2020-08-06T12:25:26Z,45.56313333,7.92260000,1492.00,76.398
6281,2,3296,3320.310749891655,-743.119066591989,2020-08-06T12:25:27Z,45.56313333,7.92275000,1478.00,76.389
6282,2,3297,3321.310749891655,-742.119066591989,2020-08-06T12:25:28Z,45.56313333,7.92286667,1499.00,76.382
6283,2,3298,3322.310749891655,-741.119066591989,2020-08-06T12:25:29Z,45.56313333,7.92298333,1505.00,76.376
6284,2,3299,3323.310749891655,-740.119066591989,2020-08-06T12:25:30Z,45.56315000,7.92306667,1498.00,76.37
6285,2,3300,3324.310749891655,-739.119066591989,2020-08-06T12:25:31Z,45.56315000,7.92315000,1489.00,76.365
6286,2,3301,3325.310749891655,-738.119066591989,2020-08-06T12:25:32Z,45.56313333,7.92321667,1489.00,76.363
6287,2,3302,3326.310749891655,-737.119066591989,2020-08-06T12:25:33Z,45.56310000,7.92326667,1516.00,76.362
6288,2,3303,3327.310749891655,-736.119066591989,2020-08-06T12:25:34Z,45.56305000,7.92331667,1505.00,76.363
6289,2,3304,3328.310749891655,-735.119066591989,2020-08-06T12:25:35Z,45.56298333,7.92331667,1495.00,76.368
6290,2,3305,3329.310749891655,-734.119066591989,2020-08-06T12:25:36Z,45.56288333,7.92330000,1507.00,76.376
6291,2,3306,3330.310749891655,-733.119066591989,2020-08-06T12:25:37Z,45.56281667,7.92323333,1503.00,76.385
6292,2,3307,3331.310749891655,-732.119066591989,2020-08-06T12:25:38Z,45.56278333,7.92310000,1512.00,76.395
6293,2,3308,3332.310749891655,-731.119066591989,2020-08-06T12:25:39Z,45.56280000,7.92293333,1509.00,76.404
6294,2,3309,3333.310749891655,-730.119066591989,2020-08-06T12:25:40Z,45.56283333,7.92280000,1513.00,76.409
6295,2,3310,3334.310749891655,-729.119066591989,2020-08-06T12:25:41Z,45.56288333,7.92270000,1506.00,76.411
6296,2,3311,3335.310749891655,-728.119066591989,2020-08-06T12:25:42Z,45.56296667,7.92261667,1499.00,76.409
6297,2,3312,3336.310749891655,-727.119066591989,2020-08-06T12:25:43Z,45.56306667,7.92258333,1506.00,76.404
6298,2,3313,3337.310749891655,-726.119066591989,2020-08-06T12:25:44Z,45.56316667,7.92260000,1512.00,76.395
6299,2,3314,3338.310749891655,-725.119066591989,2020-08-06T12:25:45Z,45.56325000,7.92265000,1512.00,76.386
6300,2,3315,3339.310749891655,-724.119066591989,2020-08-06T12:25:46Z,45.56330000,7.92273333,1520.00,76.377
6301,2,3316,3340.310749891655,-723.119066591989,2020-08-06T12:25:47Z,45.56335000,7.92283333,1512.00,76.368
6302,2,3317,3341.310749891655,-722.119066591989,2020-08-06T12:25:48Z,45.56335000,7.92295000,1515.00,76.361
6303,2,3318,3342.310749891655,-721.119066591989,2020-08-06T12:25:49Z,45.56335000,7.92303333,1502.00,76.356
6304,2,3319,3343.310749891655,-720.119066591989,2020-08-06T12:25:50Z,45.56331667,7.92311667,1520.00,76.354
6305,2,3320,3344.310749891655,-719.119066591989,2020-08-06T12:25:51Z,45.56326667,7.92318333,1508.00,76.354
6306,2,3321,3345.310749891655,-718.119066591989,2020-08-06T12:25:52Z,45.56315000,7.92320000,1519.00,76.362
6307,2,3322,3346.310749891655,-717.119066591989,2020-08-06T12:25:53Z,45.56306667,7.92316667,1520.00,76.37
6308,2,3323,3347.310749891655,-716.119066591989,2020-08-06T12:25:54Z,45.56300000,7.92308333,1521.00,76.38
6309,2,3324,3348.310749891655,-715.119066591989,2020-08-06T12:25:55Z,45.56296667,7.92296667,1523.00,76.389
6310,2,3325,3349.310749891655,-714.119066591989,2020-08-06T12:25:56Z,45.56295000,7.92283333,1524.00,76.398
6311,2,3326,3350.310749891655,-713.119066591989,2020-08-06T12:25:57Z,45.56300000,7.92271667,1532.00,76.401
6312,2,3327,3351.310749891655,-712.119066591989,2020-08-06T12:25:58Z,45.56305000,7.92260000,1519.00,76.404
6313,2,3328,3352.310749891655,-711.119066591989,2020-08-06T12:25:59Z,45.56311667,7.92255000,1519.00,76.402
6314,2,3329,3353.310749891655,-710.119066591989,2020-08-06T12:26:00Z,45.56316667,7.92251667,1530.00,76.4
6315,2,3330,3354.310749891655,-709.119066591989,2020-08-06T12:26:01Z,45.56325000,7.92250000,1532.00,76.394
6316,2,3331,3355.310749891655,-708.119066591989,2020-08-06T12:26:02Z,45.56330000,7.92251667,1520.00,76.39
6317,2,3332,3356.310749891655,-707.119066591989,2020-08-06T12:26:03Z,45.56336667,7.92253333,1534.00,76.384
6318,2,3333,3357.310749891655,-706.119066591989,2020-08-06T12:26:04Z,45.56343333,7.92261667,1536.00,76.374
6319,2,3334,3358.310749891655,-705.119066591989,2020-08-06T12:26:05Z,45.56346667,7.92271667,1543.00,76.366
6320,2,3335,3359.310749891655,-704.119066591989,2020-08-06T12:26:06Z,45.56350000,7.92283333,1537.00,76.356
6321,2,3336,3360.310749891655,-703.119066591989,2020-08-06T12:26:07Z,45.56350000,7.92293333,1534.00,76.351
6322,2,3337,3361.310749891655,-702.119066591989,2020-08-06T12:26:08Z,45.56346667,7.92305000,1537.00,76.347
6323,2,3338,3362.310749891655,-701.119066591989,2020-08-06T12:26:09Z,45.56341667,7.92313333,1539.00,76.346
6324,2,3339,3363.310749891655,-700.119066591989,2020-08-06T12:26:10Z,45.56336667,7.92316667,1531.00,76.348
6325,2,3340,3364.310749891655,-699.119066591989,2020-08-06T12:26:11Z,45.56330000,7.92315000,1546.00,76.354
6326,2,3341,3365.310749891655,-698.119066591989,2020-08-06T12:26:12Z,45.56325000,7.92305000,1550.00,76.363
6327,2,3342,3366.310749891655,-697.119066591989,2020-08-06T12:26:13Z,45.56320000,7.92293333,1545.00,76.374
6328,2,3343,3367.310749891655,-696.119066591989,2020-08-06T12:26:14Z,45.56315000,7.92276667,1543.00,76.387
6329,2,3344,3368.310749891655,-695.119066591989,2020-08-06T12:26:15Z,45.56311667,7.92263333,1539.00,76.397
6330,2,3345,3369.310749891655,-694.119066591989,2020-08-06T12:26:16Z,45.56311667,7.92250000,1546.00,76.404
6331,2,3346,3370.310749891655,-693.119066591989,2020-08-06T12:26:17Z,45.56315000,7.92240000,1541.00,76.408
6332,2,3347,3371.310749891655,-692.119066591989,2020-08-06T12:26:18Z,45.56320000,7.92228333,1547.00,76.41
6333,2,3348,3372.310749891655,-691.119066591989,2020-08-06T12:26:19Z,45.56330000,7.92220000,1552.00,76.408
6334,2,3349,3373.310749891655,-690.119066591989,2020-08-06T12:26:20Z,45.56338333,7.92215000,1547.00,76.404
6335,2,3350,3374.310749891655,-689.119066591989,2020-08-06T12:26:21Z,45.56346667,7.92211667,1548.00,76.4
6336,2,3351,3375.310749891655,-688.119066591989,2020-08-06T12:26:22Z,45.56353333,7.92211667,1555.00,76.395
6337,2,3352,3376.310749891655,-687.119066591989,2020-08-06T12:26:23Z,45.56358333,7.92211667,1544.00,76.391
6338,2,3353,3377.310749891655,-686.119066591989,2020-08-06T12:26:24Z,45.56363333,7.92216667,1549.00,76.384
6339,2,3354,3378.310749891655,-685.119066591989,2020-08-06T12:26:25Z,45.56368333,7.92226667,1555.00,76.375
6340,2,3355,3379.310749891655,-684.119066591989,2020-08-06T12:26:26Z,45.56371667,7.92236667,1564.00,76.367
6341,2,3356,3380.310749891655,-683.119066591989,2020-08-06T12:26:27Z,45.56373333,7.92248333,1549.00,76.359
6342,2,3357,3381.310749891655,-682.119066591989,2020-08-06T12:26:28Z,45.56373333,7.92260000,1564.00,76.352
6343,2,3358,3382.310749891655,-681.119066591989,2020-08-06T12:26:29Z,45.56370000,7.92271667,1560.00,76.348
6344,2,3359,3383.310749891655,-680.119066591989,2020-08-06T12:26:30Z,45.56366667,7.92286667,1566.00,76.342
6345,2,3360,3384.310749891655,-679.119066591989,2020-08-06T12:26:31Z,45.56365000,7.92301667,1552.00,76.335
6346,2,3361,3385.310749891655,-678.119066591989,2020-08-06T12:26:32Z,45.56365000,7.92316667,1550.00,76.326
6347,2,3362,3386.310749891655,-677.119066591989,2020-08-06T12:26:33Z,45.56365000,7.92330000,1561.00,76.318
6348,2,3363,3387.310749891655,-676.119066591989,2020-08-06T12:26:34Z,45.56366667,7.92343333,1551.00,76.31
6349,2,3364,3388.310749891655,-675.119066591989,2020-08-06T12:26:35Z,45.56368333,7.92356667,1566.00,76.301
6350,2,3365,3389.310749891655,-674.119066591989,2020-08-06T12:26:36Z,45.56368333,7.92370000,1563.00,76.293
6351,2,3366,3390.310749891655,-673.119066591989,2020-08-06T12:26:37Z,45.56368333,7.92385000,1560.00,76.285
6352,2,3367,3391.310749891655,-672.119066591989,2020-08-06T12:26:38Z,45.56368333,7.92398333,1563.00,76.277
6353,2,3368,3392.310749891655,-671.119066591989,2020-08-06T12:26:39Z,45.56368333,7.92411667,1567.00,76.27
6354,2,3369,3393.310749891655,-670.119066591989,2020-08-06T12:26:40Z,45.56368333,7.92425000,1584.00,76.262
6355,2,3370,3394.310749891655,-669.119066591989,2020-08-06T12:26:41Z,45.56368333,7.92438333,1577.00,76.254
6356,2,3371,3395.310749891655,-668.119066591989,2020-08-06T12:26:42Z,45.56368333,7.92450000,1572.00,76.247
6357,2,3372,3396.310749891655,-667.119066591989,2020-08-06T12:26:43Z,45.56366667,7.92461667,1574.00,76.241
6358,2,3373,3397.310749891655,-666.119066591989,2020-08-06T12:26:44Z,45.56365000,7.92471667,1579.00,76.237
6359,2,3374,3398.310749891655,-665.119066591989,2020-08-06T12:26:45Z,45.56363333,7.92481667,1578.00,76.232
6360,2,3375,3399.310749891655,-664.119066591989,2020-08-06T12:26:46Z,45.56360000,7.92491667,1580.00,76.229
6361,2,3376,3400.310749891655,-663.119066591989,2020-08-06T12:26:47Z,45.56356667,7.92501667,1580.00,76.225
6362,2,3377,3401.310749891655,-662.119066591989,2020-08-06T12:26:48Z,45.56351667,7.92510000,1584.00,76.224
6363,2,3378,3402.310749891655,-661.119066591989,2020-08-06T12:26:49Z,45.56346667,7.92516667,1582.00,76.224
6364,2,3379,3403.310749891655,-660.119066591989,2020-08-06T12:26:50Z,45.56338333,7.92515000,1586.00,76.231
6365,2,3380,3404.310749891655,-659.119066591989,2020-08-06T12:26:51Z,45.56331667,7.92501667,1585.00,76.244
6366,2,3381,3405.310749891655,-658.119066591989,2020-08-06T12:26:52Z,45.56326667,7.92488333,1586.00,76.255
6367,2,3382,3406.310749891655,-657.119066591989,2020-08-06T12:26:53Z,45.56330000,7.92470000,1587.00,76.263
6368,2,3383,3407.310749891655,-656.119066591989,2020-08-06T12:26:54Z,45.56338333,7.92455000,1582.00,76.266
6369,2,3384,3408.310749891655,-655.119066591989,2020-08-06T12:26:55Z,45.56346667,7.92446667,1585.00,76.265
6370,2,3385,3409.310749891655,-654.119066591989,2020-08-06T12:26:56Z,45.56353333,7.92441667,1588.00,76.263
6371,2,3386,3410.310749891655,-653.119066591989,2020-08-06T12:26:57Z,45.56356667,7.92436667,1589.00,76.263
6372,2,3387,3411.310749891655,-652.119066591989,2020-08-06T12:26:58Z,45.56360000,7.92435000,1592.00,76.262
6373,2,3388,3412.310749891655,-651.119066591989,2020-08-06T12:26:59Z,45.56361667,7.92436667,1596.00,76.26
6374,2,3389,3413.310749891655,-650.119066591989,2020-08-06T12:27:00Z,45.56361667,7.92448333,1593.00,76.253
6375,2,3390,3414.310749891655,-649.119066591989,2020-08-06T12:27:01Z,45.56363333,7.92455000,1598.00,76.248
6376,2,3391,3415.310749891655,-648.119066591989,2020-08-06T12:27:02Z,45.56361667,7.92461667,1597.00,76.245
6377,2,3392,3416.310749891655,-647.119066591989,2020-08-06T12:27:03Z,45.56358333,7.92470000,1600.00,76.243
6378,2,3393,3417.310749891655,-646.119066591989,2020-08-06T12:27:04Z,45.56351667,7.92478333,1596.00,76.243
6379,2,3394,3418.310749891655,-645.119066591989,2020-08-06T12:27:05Z,45.56341667,7.92481667,1605.00,76.248
6380,2,3395,3419.310749891655,-644.119066591989,2020-08-06T12:27:06Z,45.56333333,7.92485000,1607.00,76.252
6381,2,3396,3420.310749891655,-643.119066591989,2020-08-06T12:27:07Z,45.56325000,7.92486667,1608.00,76.257
6382,2,3397,3421.310749891655,-642.119066591989,2020-08-06T12:27:08Z,45.56316667,7.92485000,1608.00,76.264
6383,2,3398,3422.310749891655,-641.119066591989,2020-08-06T12:27:09Z,45.56310000,7.92480000,1608.00,76.272
6384,2,3399,3423.310749891655,-640.119066591989,2020-08-06T12:27:10Z,45.56305000,7.92471667,1612.00,76.281
6385,2,3400,3424.310749891655,-639.119066591989,2020-08-06T12:27:11Z,45.56308333,7.92460000,1612.00,76.285
6386,2,3401,3425.310749891655,-638.119066591989,2020-08-06T12:27:12Z,45.56308333,7.92450000,1613.00,76.291
6387,2,3402,3426.310749891655,-637.119066591989,2020-08-06T12:27:13Z,45.56311667,7.92441667,1615.00,76.293
6388,2,3403,3427.310749891655,-636.119066591989,2020-08-06T12:27:14Z,45.56316667,7.92436667,1617.00,76.293
6389,2,3404,3428.310749891655,-635.119066591989,2020-08-06T12:27:15Z,45.56326667,7.92441667,1616.00,76.282
6390,2,3405,3429.310749891655,-634.119066591989,2020-08-06T12:27:16Z,45.56336667,7.92445000,1616.00,76.273
6391,2,3406,3430.310749891655,-633.119066591989,2020-08-06T12:27:17Z,45.56345000,7.92451667,1615.00,76.263
6392,2,3407,3431.310749891655,-632.119066591989,2020-08-06T12:27:18Z,45.56350000,7.92461667,1618.00,76.254
6393,2,3408,3432.310749891655,-631.119066591989,2020-08-06T12:27:19Z,45.56353333,7.92470000,1618.00,76.246
6394,2,3409,3433.310749891655,-630.119066591989,2020-08-06T12:27:20Z,45.56356667,7.92480000,1617.00,76.238
6395,2,3410,3434.310749891655,-629.119066591989,2020-08-06T12:27:21Z,45.56358333,7.92490000,1621.00,76.231
6396,2,3411,3435.310749891655,-628.119066591989,2020-08-06T12:27:22Z,45.56356667,7.92501667,1621.00,76.225
6397,2,3412,3436.310749891655,-627.119066591989,2020-08-06T12:27:23Z,45.56355000,7.92510000,1625.00,76.222
6398,2,3413,3437.310749891655,-626.119066591989,2020-08-06T12:27:24Z,45.56350000,7.92518333,1624.00,76.22
6399,2,3414,3438.310749891655,-625.119066591989,2020-08-06T12:27:25Z,45.56341667,7.92523333,1630.00,76.224
6400,2,3415,3439.310749891655,-624.119066591989,2020-08-06T12:27:26Z,45.56331667,7.92523333,1632.00,76.231
6401,2,3416,3440.310749891655,-623.119066591989,2020-08-06T12:27:27Z,45.56323333,7.92521667,1634.00,76.238
6402,2,3417,3441.310749891655,-622.119066591989,2020-08-06T12:27:28Z,45.56313333,7.92513333,1634.00,76.25
6403,2,3418,3442.310749891655,-621.119066591989,2020-08-06T12:27:29Z,45.56305000,7.92505000,1635.00,76.261
6404,2,3419,3443.310749891655,-620.119066591989,2020-08-06T12:27:30Z,45.56303333,7.92490000,1638.00,76.271
6405,2,3420,3444.310749891655,-619.119066591989,2020-08-06T12:27:31Z,45.56303333,7.92473333,1637.00,76.281
6406,2,3421,3445.310749891655,-618.119066591989,2020-08-06T12:27:32Z,45.56306667,7.92456667,1639.00,76.288
6407,2,3422,3446.310749891655,-617.119066591989,2020-08-06T12:27:33Z,45.56310000,7.92441667,1638.00,76.295
6408,2,3423,3447.310749891655,-616.119066591989,2020-08-06T12:27:34Z,45.56315000,7.92430000,1640.00,76.298
6409,2,3424,3448.310749891655,-615.119066591989,2020-08-06T12:27:35Z,45.56325000,7.92431667,1640.00,76.289
6410,2,3425,3449.310749891655,-614.119066591989,2020-08-06T12:27:36Z,45.56333333,7.92433333,1645.00,76.282
6411,2,3426,3450.310749891655,-613.119066591989,2020-08-06T12:27:37Z,45.56338333,7.92436667,1642.00,76.277
6412,2,3427,3451.310749891655,-612.119066591989,2020-08-06T12:27:38Z,45.56345000,7.92441667,1650.00,76.269
6413,2,3428,3452.310749891655,-611.119066591989,2020-08-06T12:27:39Z,45.56350000,7.92448333,1643.00,76.261
6414,2,3429,3453.310749891655,-610.119066591989,2020-08-06T12:27:40Z,45.56353333,7.92456667,1648.00,76.254
6415,2,3430,3454.310749891655,-609.119066591989,2020-08-06T12:27:41Z,45.56353333,7.92466667,1646.00,76.248
6416,2,3431,3455.310749891655,-608.119066591989,2020-08-06T12:27:42Z,45.56350000,7.92473333,1651.00,76.247
6417,2,3432,3456.310749891655,-607.119066591989,2020-08-06T12:27:43Z,45.56343333,7.92480000,1652.00,76.248
6418,2,3433,3457.310749891655,-606.119066591989,2020-08-06T12:27:44Z,45.56335000,7.92481667,1655.00,76.253
6419,2,3434,3458.310749891655,-605.119066591989,2020-08-06T12:27:45Z,45.56323333,7.92475000,1652.00,76.265
6420,2,3435,3459.310749891655,-604.119066591989,2020-08-06T12:27:46Z,45.56313333,7.92465000,1652.00,76.278
6421,2,3436,3460.310749891655,-603.119066591989,2020-08-06T12:27:47Z,45.56310000,7.92448333,1661.00,76.291
6422,2,3437,3461.310749891655,-602.119066591989,2020-08-06T12:27:48Z,45.56311667,7.92430000,1662.00,76.3
6423,2,3438,3462.310749891655,-601.119066591989,2020-08-06T12:27:49Z,45.56311667,7.92413333,1665.00,76.31
6424,2,3439,3463.310749891655,-600.119066591989,2020-08-06T12:27:50Z,45.56315000,7.92401667,1665.00,76.314
6425,2,3440,3464.310749891655,-599.119066591989,2020-08-06T12:27:51Z,45.56323333,7.92398333,1664.00,76.31
6426,2,3441,3465.310749891655,-598.119066591989,2020-08-06T12:27:52Z,45.56330000,7.92391667,1665.00,76.309
6427,2,3442,3466.310749891655,-597.119066591989,2020-08-06T12:27:53Z,45.56336667,7.92390000,1666.00,76.305
6428,2,3443,3467.310749891655,-596.119066591989,2020-08-06T12:27:54Z,45.56345000,7.92388333,1663.00,76.3
6429,2,3444,3468.310749891655,-595.119066591989,2020-08-06T12:27:55Z,45.56353333,7.92388333,1666.00,76.294
6430,2,3445,3469.310749891655,-594.119066591989,2020-08-06T12:27:56Z,45.56358333,7.92393333,1668.00,76.288
6431,2,3446,3470.310749891655,-593.119066591989,2020-08-06T12:27:57Z,45.56361667,7.92400000,1661.00,76.281
6432,2,3447,3471.310749891655,-592.119066591989,2020-08-06T12:27:58Z,45.56365000,7.92408333,1667.00,76.274
6433,2,3448,3472.310749891655,-591.119066591989,2020-08-06T12:27:59Z,45.56366667,7.92418333,1667.00,76.267
6434,2,3449,3473.310749891655,-590.119066591989,2020-08-06T12:28:00Z,45.56366667,7.92428333,1668.00,76.261
6435,2,3450,3474.310749891655,-589.119066591989,2020-08-06T12:28:01Z,45.56365000,7.92438333,1670.00,76.256
6436,2,3451,3475.310749891655,-588.119066591989,2020-08-06T12:28:02Z,45.56360000,7.92448333,1678.00,76.254
6437,2,3452,3476.310749891655,-587.119066591989,2020-08-06T12:28:03Z,45.56355000,7.92455000,1674.00,76.254
6438,2,3453,3477.310749891655,-586.119066591989,2020-08-06T12:28:04Z,45.56346667,7.92460000,1674.00,76.257
6439,2,3454,3478.310749891655,-585.119066591989,2020-08-06T12:28:05Z,45.56338333,7.92463333,1681.00,76.261
6440,2,3455,3479.310749891655,-584.119066591989,2020-08-06T12:28:06Z,45.56328333,7.92461667,1681.00,76.269
6441,2,3456,3480.310749891655,-583.119066591989,2020-08-06T12:28:07Z,45.56318333,7.92455000,1679.00,76.281
6442,2,3457,3481.310749891655,-582.119066591989,2020-08-06T12:28:08Z,45.56308333,7.92443333,1682.00,76.295
6443,2,3458,3482.310749891655,-581.119066591989,2020-08-06T12:28:09Z,45.56306667,7.92426667,1690.00,76.306
6444,2,3459,3483.310749891655,-580.119066591989,2020-08-06T12:28:10Z,45.56306667,7.92411667,1686.00,76.315
6445,2,3460,3484.310749891655,-579.119066591989,2020-08-06T12:28:11Z,45.56308333,7.92396667,1689.00,76.322
6446,2,3461,3485.310749891655,-578.119066591989,2020-08-06T12:28:12Z,45.56313333,7.92381667,1692.00,76.327
6447,2,3462,3486.310749891655,-577.119066591989,2020-08-06T12:28:13Z,45.56320000,7.92378333,1694.00,76.324
6448,2,3463,3487.310749891655,-576.119066591989,2020-08-06T12:28:14Z,45.56328333,7.92375000,1693.00,76.32
6449,2,3464,3488.310749891655,-575.119066591989,2020-08-06T12:28:15Z,45.56335000,7.92373333,1696.00,76.317
6450,2,3465,3489.310749891655,-574.119066591989,2020-08-06T12:28:16Z,45.56338333,7.92375000,1696.00,76.313
6451,2,3466,3490.310749891655,-573.119066591989,2020-08-06T12:28:17Z,45.56345000,7.92380000,1696.00,76.305
6452,2,3467,3491.310749891655,-572.119066591989,2020-08-06T12:28:18Z,45.56350000,7.92388333,1700.00,76.297
6453,2,3468,3492.310749891655,-571.119066591989,2020-08-06T12:28:19Z,45.56351667,7.92398333,1700.00,76.29
6454,2,3469,3493.310749891655,-570.119066591989,2020-08-06T12:28:20Z,45.56353333,7.92408333,1699.00,76.283
6455,2,3470,3494.310749891655,-569.119066591989,2020-08-06T12:28:21Z,45.56350000,7.92416667,1699.00,76.28
6456,2,3471,3495.310749891655,-568.119066591989,2020-08-06T12:28:22Z,45.56341667,7.92423333,1701.00,76.282
6457,2,3472,3496.310749891655,-567.119066591989,2020-08-06T12:28:23Z,45.56331667,7.92423333,1708.00,76.29
6458,2,3473,3497.310749891655,-566.119066591989,2020-08-06T12:28:24Z,45.56321667,7.92415000,1704.00,76.302
6459,2,3474,3498.310749891655,-565.119066591989,2020-08-06T12:28:25Z,45.56310000,7.92403333,1704.00,76.317
6460,2,3475,3499.310749891655,-564.119066591989,2020-08-06T12:28:26Z,45.56306667,7.92388333,1712.00,76.328
6461,2,3476,3500.310749891655,-563.119066591989,2020-08-06T12:28:27Z,45.56305000,7.92371667,1712.00,76.339
6462,2,3477,3501.310749891655,-562.119066591989,2020-08-06T12:28:28Z,45.56305000,7.92356667,1711.00,76.348
6463,2,3478,3502.310749891655,-561.119066591989,2020-08-06T12:28:29Z,45.56306667,7.92340000,1714.00,76.357
6464,2,3479,3503.310749891655,-560.119066591989,2020-08-06T12:28:30Z,45.56308333,7.92331667,1715.00,76.36
6465,2,3480,3504.310749891655,-559.119066591989,2020-08-06T12:28:31Z,45.56313333,7.92326667,1717.00,76.36
6466,2,3481,3505.310749891655,-558.119066591989,2020-08-06T12:28:32Z,45.56318333,7.92328333,1715.00,76.355
6467,2,3482,3506.310749891655,-557.119066591989,2020-08-06T12:28:33Z,45.56326667,7.92335000,1714.00,76.345
6468,2,3483,3507.310749891655,-556.119066591989,2020-08-06T12:28:34Z,45.56331667,7.92341667,1716.00,76.337
6469,2,3484,3508.310749891655,-555.119066591989,2020-08-06T12:28:35Z,45.56335000,7.92348333,1723.00,76.331
6470,2,3485,3509.310749891655,-554.119066591989,2020-08-06T12:28:36Z,45.56336667,7.92355000,1720.00,76.326
6471,2,3486,3510.310749891655,-553.119066591989,2020-08-06T12:28:37Z,45.56333333,7.92361667,1722.00,76.325
6472,2,3487,3511.310749891655,-552.119066591989,2020-08-06T12:28:38Z,45.56328333,7.92370000,1720.00,76.323
6473,2,3488,3512.310749891655,-551.119066591989,2020-08-06T12:28:39Z,45.56320000,7.92376667,1731.00,76.325
6474,2,3489,3513.310749891655,-550.119066591989,2020-08-06T12:28:40Z,45.56311667,7.92383333,1723.00,76.328
6475,2,3490,3514.310749891655,-549.119066591989,2020-08-06T12:28:41Z,45.56300000,7.92381667,1724.00,76.337
6476,2,3491,3515.310749891655,-548.119066591989,2020-08-06T12:28:42Z,45.56290000,7.92378333,1729.00,76.346
6477,2,3492,3516.310749891655,-547.119066591989,2020-08-06T12:28:43Z,45.56281667,7.92368333,1727.00,76.358
6478,2,3493,3517.310749891655,-546.119066591989,2020-08-06T12:28:44Z,45.56278333,7.92355000,1724.00,76.369
6479,2,3494,3518.310749891655,-545.119066591989,2020-08-06T12:28:45Z,45.56276667,7.92338333,1731.00,76.38
6480,2,3495,3519.310749891655,-544.119066591989,2020-08-06T12:28:46Z,45.56278333,7.92323333,1726.00,76.387
6481,2,3496,3520.310749891655,-543.119066591989,2020-08-06T12:28:47Z,45.56281667,7.92311667,1732.00,76.392
6482,2,3497,3521.310749891655,-542.119066591989,2020-08-06T12:28:48Z,45.56290000,7.92308333,1733.00,76.388
6483,2,3498,3522.310749891655,-541.119066591989,2020-08-06T12:28:49Z,45.56295000,7.92305000,1734.00,76.386
6484,2,3499,3523.310749891655,-540.119066591989,2020-08-06T12:28:50Z,45.56301667,7.92303333,1738.00,76.382
6485,2,3500,3524.310749891655,-539.119066591989,2020-08-06T12:28:51Z,45.56306667,7.92303333,1739.00,76.378
6486,2,3501,3525.310749891655,-538.119066591989,2020-08-06T12:28:52Z,45.56315000,7.92308333,1733.00,76.369
6487,2,3502,3526.310749891655,-537.119066591989,2020-08-06T12:28:53Z,45.56320000,7.92316667,1735.00,76.36
6488,2,3503,3527.310749891655,-536.119066591989,2020-08-06T12:28:54Z,45.56325000,7.92328333,1737.00,76.35
6489,2,3504,3528.310749891655,-535.119066591989,2020-08-06T12:28:55Z,45.56330000,7.92341667,1735.00,76.339
6490,2,3505,3529.310749891655,-534.119066591989,2020-08-06T12:28:56Z,45.56333333,7.92353333,1738.00,76.329
6491,2,3506,3530.310749891655,-533.119066591989,2020-08-06T12:28:57Z,45.56338333,7.92365000,1741.00,76.319
6492,2,3507,3531.310749891655,-532.119066591989,2020-08-06T12:28:58Z,45.56343333,7.92375000,1740.00,76.309
6493,2,3508,3532.310749891655,-531.119066591989,2020-08-06T12:28:59Z,45.56345000,7.92386667,1746.00,76.301
6494,2,3509,3533.310749891655,-530.119066591989,2020-08-06T12:29:00Z,45.56348333,7.92396667,1748.00,76.293
6495,2,3510,3534.310749891655,-529.119066591989,2020-08-06T12:29:01Z,45.56348333,7.92405000,1755.00,76.288
6496,2,3511,3535.310749891655,-528.119066591989,2020-08-06T12:29:02Z,45.56346667,7.92415000,1752.00,76.284
6497,2,3512,3536.310749891655,-527.119066591989,2020-08-06T12:29:03Z,45.56343333,7.92421667,1750.00,76.282
6498,2,3513,3537.310749891655,-526.119066591989,2020-08-06T12:29:04Z,45.56336667,7.92428333,1754.00,76.283
6499,2,3514,3538.310749891655,-525.119066591989,2020-08-06T12:29:05Z,45.56328333,7.92428333,1750.00,76.289
6500,2,3515,3539.310749891655,-524.119066591989,2020-08-06T12:29:06Z,45.56318333,7.92428333,1756.00,76.296
6501,2,3516,3540.310749891655,-523.119066591989,2020-08-06T12:29:07Z,45.56306667,7.92425000,1754.00,76.307
6502,2,3517,3541.310749891655,-522.119066591989,2020-08-06T12:29:08Z,45.56296667,7.92416667,1748.00,76.319
6503,2,3518,3542.310749891655,-521.119066591989,2020-08-06T12:29:09Z,45.56293333,7.92401667,1755.00,76.33
6504,2,3519,3543.310749891655,-520.119066591989,2020-08-06T12:29:10Z,45.56296667,7.92385000,1754.00,76.338
6505,2,3520,3544.310749891655,-519.119066591989,2020-08-06T12:29:11Z,45.56298333,7.92368333,1755.00,76.346
6506,2,3521,3545.310749891655,-518.119066591989,2020-08-06T12:29:12Z,45.56301667,7.92356667,1758.00,76.351
6507,2,3522,3546.310749891655,-517.119066591989,2020-08-06T12:29:13Z,45.56311667,7.92353333,1760.00,76.345
6508,2,3523,3547.310749891655,-516.119066591989,2020-08-06T12:29:14Z,45.56318333,7.92353333,1762.00,76.34
6509,2,3524,3548.310749891655,-515.119066591989,2020-08-06T12:29:15Z,45.56323333,7.92355000,1764.00,76.336
6510,2,3525,3549.310749891655,-514.119066591989,2020-08-06T12:29:16Z,45.56326667,7.92358333,1763.00,76.331
6511,2,3526,3550.310749891655,-513.119066591989,2020-08-06T12:29:17Z,45.56330000,7.92366667,1761.00,76.324
6512,2,3527,3551.310749891655,-512.119066591989,2020-08-06T12:29:18Z,45.56331667,7.92376667,1764.00,76.317
6513,2,3528,3552.310749891655,-511.119066591989,2020-08-06T12:29:19Z,45.56331667,7.92388333,1758.00,76.31
6514,2,3529,3553.310749891655,-510.119066591989,2020-08-06T12:29:20Z,45.56326667,7.92400000,1765.00,76.307
6515,2,3530,3554.310749891655,-509.119066591989,2020-08-06T12:29:21Z,45.56320000,7.92408333,1767.00,76.307
6516,2,3531,3555.310749891655,-508.119066591989,2020-08-06T12:29:22Z,45.56313333,7.92415000,1767.00,76.308
6517,2,3532,3556.310749891655,-507.119066591989,2020-08-06T12:29:23Z,45.56303333,7.92413333,1767.00,76.316
6518,2,3533,3557.310749891655,-506.119066591989,2020-08-06T12:29:24Z,45.56291667,7.92411667,1766.00,76.326
6519,2,3534,3558.310749891655,-505.119066591989,2020-08-06T12:29:25Z,45.56280000,7.92405000,1772.00,76.338
6520,2,3535,3559.310749891655,-504.119066591989,2020-08-06T12:29:26Z,45.56271667,7.92396667,1771.00,76.349
6521,2,3536,3560.310749891655,-503.119066591989,2020-08-06T12:29:27Z,45.56265000,7.92383333,1771.00,76.362
6522,2,3537,3561.310749891655,-502.119066591989,2020-08-06T12:29:28Z,45.56265000,7.92368333,1773.00,76.371
6523,2,3538,3562.310749891655,-501.119066591989,2020-08-06T12:29:29Z,45.56266667,7.92353333,1771.00,76.378
6524,2,3539,3563.310749891655,-500.119066591989,2020-08-06T12:29:30Z,45.56270000,7.92340000,1775.00,76.383
6525,2,3540,3564.310749891655,-499.119066591989,2020-08-06T12:29:31Z,45.56273333,7.92326667,1774.00,76.389
6526,2,3541,3565.310749891655,-498.119066591989,2020-08-06T12:29:32Z,45.56280000,7.92315000,1777.00,76.391
6527,2,3542,3566.310749891655,-497.119066591989,2020-08-06T12:29:33Z,45.56285000,7.92308333,1779.00,76.391
6528,2,3543,3567.310749891655,-496.119066591989,2020-08-06T12:29:34Z,45.56290000,7.92298333,1781.00,76.393
6529,2,3544,3568.310749891655,-495.119066591989,2020-08-06T12:29:35Z,45.56296667,7.92291667,1782.00,76.392
6530,2,3545,3569.310749891655,-494.119066591989,2020-08-06T12:29:36Z,45.56303333,7.92288333,1782.00,76.389
6531,2,3546,3570.310749891655,-493.119066591989,2020-08-06T12:29:37Z,45.56310000,7.92288333,1786.00,76.384
6532,2,3547,3571.310749891655,-492.119066591989,2020-08-06T12:29:38Z,45.56316667,7.92293333,1789.00,76.376
6533,2,3548,3572.310749891655,-491.119066591989,2020-08-06T12:29:39Z,45.56320000,7.92301667,1790.00,76.369
6534,2,3549,3573.310749891655,-490.119066591989,2020-08-06T12:29:40Z,45.56321667,7.92311667,1788.00,76.362
6535,2,3550,3574.310749891655,-489.119066591989,2020-08-06T12:29:41Z,45.56321667,7.92323333,1793.00,76.355
6536,2,3551,3575.310749891655,-488.119066591989,2020-08-06T12:29:42Z,45.56316667,7.92333333,1781.00,76.353
6537,2,3552,3576.310749891655,-487.119066591989,2020-08-06T12:29:43Z,45.56306667,7.92338333,1799.00,76.358
6538,2,3553,3577.310749891655,-486.119066591989,2020-08-06T12:29:44Z,45.56298333,7.92340000,1798.00,76.363
6539,2,3554,3578.310749891655,-485.119066591989,2020-08-06T12:29:45Z,45.56290000,7.92343333,1799.00,76.367
6540,2,3555,3579.310749891655,-484.119066591989,2020-08-06T12:29:46Z,45.56281667,7.92341667,1801.00,76.374
6541,2,3556,3580.310749891655,-483.119066591989,2020-08-06T12:29:47Z,45.56271667,7.92336667,1801.00,76.384
6542,2,3557,3581.310749891655,-482.119066591989,2020-08-06T12:29:48Z,45.56261667,7.92328333,1801.00,76.396
6543,2,3558,3582.310749891655,-481.119066591989,2020-08-06T12:29:49Z,45.56258333,7.92313333,1800.00,76.408
6544,2,3559,3583.310749891655,-480.119066591989,2020-08-06T12:29:50Z,45.56255000,7.92298333,1801.00,76.419
6545,2,3560,3584.310749891655,-479.119066591989,2020-08-06T12:29:51Z,45.56253333,7.92285000,1802.00,76.428
6546,2,3561,3585.310749891655,-478.119066591989,2020-08-06T12:29:52Z,45.56251667,7.92270000,1801.00,76.438
6547,2,3562,3586.310749891655,-477.119066591989,2020-08-06T12:29:53Z,45.56251667,7.92256667,1803.00,76.446
6548,2,3563,3587.310749891655,-476.119066591989,2020-08-06T12:29:54Z,45.56255000,7.92245000,1806.00,76.45
6549,2,3564,3588.310749891655,-475.119066591989,2020-08-06T12:29:55Z,45.56258333,7.92236667,1806.00,76.453
6550,2,3565,3589.310749891655,-474.119066591989,2020-08-06T12:29:56Z,45.56265000,7.92233333,1812.00,76.449
6551,2,3566,3590.310749891655,-473.119066591989,2020-08-06T12:29:57Z,45.56270000,7.92228333,1814.00,76.448
6552,2,3567,3591.310749891655,-472.119066591989,2020-08-06T12:29:58Z,45.56276667,7.92226667,1809.00,76.444
6553,2,3568,3592.310749891655,-471.119066591989,2020-08-06T12:29:59Z,45.56281667,7.92228333,1810.00,76.44
6554,2,3569,3593.310749891655,-470.119066591989,2020-08-06T12:30:00Z,45.56286667,7.92236667,1813.00,76.431
6555,2,3570,3594.310749891655,-469.119066591989,2020-08-06T12:30:01Z,45.56290000,7.92246667,1815.00,76.423
6556,2,3571,3595.310749891655,-468.119066591989,2020-08-06T12:30:02Z,45.56293333,7.92258333,1817.00,76.414
6557,2,3572,3596.310749891655,-467.119066591989,2020-08-06T12:30:03Z,45.56291667,7.92266667,1820.00,76.41
6558,2,3573,3597.310749891655,-466.119066591989,2020-08-06T12:30:04Z,45.56288333,7.92275000,1815.00,76.408
6559,2,3574,3598.310749891655,-465.119066591989,2020-08-06T12:30:05Z,45.56281667,7.92280000,1822.00,76.41
6560,2,3575,3599.310749891655,-464.119066591989,2020-08-06T12:30:06Z,45.56273333,7.92283333,1822.00,76.414
6561,2,3576,3600.310749891655,-463.119066591989,2020-08-06T12:30:07Z,45.56261667,7.92286667,1823.00,76.421
6562,2,3577,3601.310749891655,-462.119066591989,2020-08-06T12:30:08Z,45.56251667,7.92285000,1824.00,76.429
6563,2,3578,3602.310749891655,-461.119066591989,2020-08-06T12:30:09Z,45.56240000,7.92278333,1824.00,76.442
6564,2,3579,3603.310749891655,-460.119066591989,2020-08-06T12:30:10Z,45.56231667,7.92268333,1822.00,76.454
6565,2,3580,3604.310749891655,-459.119066591989,2020-08-06T12:30:11Z,45.56230000,7.92251667,1825.00,76.465
6566,2,3581,3605.310749891655,-458.119066591989,2020-08-06T12:30:12Z,45.56230000,7.92235000,1823.00,76.474
6567,2,3582,3606.310749891655,-457.119066591989,2020-08-06T12:30:13Z,45.56233333,7.92220000,1824.00,76.481
6568,2,3583,3607.310749891655,-456.119066591989,2020-08-06T12:30:14Z,45.56236667,7.92208333,1828.00,76.485
6569,2,3584,3608.310749891655,-455.119066591989,2020-08-06T12:30:15Z,45.56241667,7.92201667,1826.00,76.485
6570,2,3585,3609.310749891655,-454.119066591989,2020-08-06T12:30:16Z,45.56248333,7.92196667,1830.00,76.483
6571,2,3586,3610.310749891655,-453.119066591989,2020-08-06T12:30:17Z,45.56255000,7.92190000,1828.00,76.482
6572,2,3587,3611.310749891655,-452.119066591989,2020-08-06T12:30:18Z,45.56261667,7.92183333,1830.00,76.48
6573,2,3588,3612.310749891655,-451.119066591989,2020-08-06T12:30:19Z,45.56268333,7.92178333,1825.00,76.478
6574,2,3589,3613.310749891655,-450.119066591989,2020-08-06T12:30:20Z,45.56273333,7.92176667,1825.00,76.475
6575,2,3590,3614.310749891655,-449.119066591989,2020-08-06T12:30:21Z,45.56280000,7.92173333,1827.00,76.472
6576,2,3591,3615.310749891655,-448.119066591989,2020-08-06T12:30:22Z,45.56286667,7.92171667,1822.00,76.468
6577,2,3592,3616.310749891655,-447.119066591989,2020-08-06T12:30:23Z,45.56291667,7.92171667,1822.00,76.464
6578,2,3593,3617.310749891655,-446.119066591989,2020-08-06T12:30:24Z,45.56298333,7.92170000,1823.00,76.46
6579,2,3594,3618.310749891655,-445.119066591989,2020-08-06T12:30:25Z,45.56303333,7.92170000,1827.00,76.456
6580,2,3595,3619.310749891655,-444.119066591989,2020-08-06T12:30:26Z,45.56311667,7.92171667,1817.00,76.449
6581,2,3596,3620.310749891655,-443.119066591989,2020-08-06T12:30:27Z,45.56320000,7.92176667,1813.00,76.44
6582,2,3597,3621.310749891655,-442.119066591989,2020-08-06T12:30:28Z,45.56330000,7.92180000,1793.00,76.43
6583,2,3598,3622.310749891655,-441.119066591989,2020-08-06T12:30:29Z,45.56340000,7.92185000,1808.00,76.42
6584,2,3599,3623.310749891655,-440.119066591989,2020-08-06T12:30:30Z,45.56348333,7.92191667,1810.00,76.41
6585,2,3600,3624.310749891655,-439.119066591989,2020-08-06T12:30:31Z,45.56356667,7.92198333,1815.00,76.4
6586,2,3601,3625.310749891655,-438.119066591989,2020-08-06T12:30:32Z,45.56361667,7.92206667,1805.00,76.391
6587,2,3602,3626.310749891655,-437.119066591989,2020-08-06T12:30:33Z,45.56366667,7.92211667,1816.00,76.385
6588,2,3603,3627.310749891655,-436.119066591989,2020-08-06T12:30:34Z,45.56373333,7.92220000,1808.00,76.375
6589,2,3604,3628.310749891655,-435.119066591989,2020-08-06T12:30:35Z,45.56378333,7.92228333,1800.00,76.366
6590,2,3605,3629.310749891655,-434.119066591989,2020-08-06T12:30:36Z,45.56386667,7.92240000,1790.00,76.353
6591,2,3606,3630.310749891655,-433.119066591989,2020-08-06T12:30:37Z,45.56393333,7.92251667,1801.00,76.342
6592,2,3607,3631.310749891655,-432.119066591989,2020-08-06T12:30:38Z,45.56401667,7.92263333,1801.00,76.329
6593,2,3608,3632.310749891655,-431.119066591989,2020-08-06T12:30:39Z,45.56406667,7.92273333,1804.00,76.319
6594,2,3609,3633.310749891655,-430.119066591989,2020-08-06T12:30:40Z,45.56411667,7.92283333,1815.00,76.31
6595,2,3610,3634.310749891655,-429.119066591989,2020-08-06T12:30:41Z,45.56415000,7.92291667,1805.00,76.302
6596,2,3611,3635.310749891655,-428.119066591989,2020-08-06T12:30:42Z,45.56420000,7.92303333,1800.00,76.292
6597,2,3612,3636.310749891655,-427.119066591989,2020-08-06T12:30:43Z,45.56425000,7.92315000,1801.00,76.282
6598,2,3613,3637.310749891655,-426.119066591989,2020-08-06T12:30:44Z,45.56431667,7.92328333,1806.00,76.269
6599,2,3614,3638.310749891655,-425.119066591989,2020-08-06T12:30:45Z,45.56438333,7.92341667,1801.00,76.256
6600,2,3615,3639.310749891655,-424.119066591989,2020-08-06T12:30:46Z,45.56446667,7.92356667,1801.00,76.241
6601,2,3616,3640.310749891655,-423.119066591989,2020-08-06T12:30:47Z,45.56455000,7.92368333,1800.00,76.228
6602,2,3617,3641.310749891655,-422.119066591989,2020-08-06T12:30:48Z,45.56461667,7.92380000,1818.00,76.217
6603,2,3618,3642.310749891655,-421.119066591989,2020-08-06T12:30:49Z,45.56468333,7.92390000,1811.00,76.206
6604,2,3619,3643.310749891655,-420.119066591989,2020-08-06T12:30:50Z,45.56475000,7.92398333,1811.00,76.196
6605,2,3620,3644.310749891655,-419.119066591989,2020-08-06T12:30:51Z,45.56480000,7.92408333,1812.00,76.187
6606,2,3621,3645.310749891655,-418.119066591989,2020-08-06T12:30:52Z,45.56485000,7.92418333,1810.00,76.177
6607,2,3622,3646.310749891655,-417.119066591989,2020-08-06T12:30:53Z,45.56490000,7.92430000,1809.00,76.167
6608,2,3623,3647.310749891655,-416.119066591989,2020-08-06T12:30:54Z,45.56496667,7.92441667,1792.00,76.155
6609,2,3624,3648.310749891655,-415.119066591989,2020-08-06T12:30:55Z,45.56505000,7.92456667,1800.00,76.14
6610,2,3625,3649.310749891655,-414.119066591989,2020-08-06T12:30:56Z,45.56513333,7.92470000,1796.00,76.126
6611,2,3626,3650.310749891655,-413.119066591989,2020-08-06T12:30:57Z,45.56521667,7.92483333,1797.00,76.112
6612,2,3627,3651.310749891655,-412.119066591989,2020-08-06T12:30:58Z,45.56526667,7.92496667,1802.00,76.101
6613,2,3628,3652.310749891655,-411.119066591989,2020-08-06T12:30:59Z,45.56531667,7.92508333,1800.00,76.091
6614,2,3629,3653.310749891655,-410.119066591989,2020-08-06T12:31:00Z,45.56536667,7.92521667,1800.00,76.079
6615,2,3630,3654.310749891655,-409.119066591989,2020-08-06T12:31:01Z,45.56541667,7.92535000,1800.00,76.068
6616,2,3631,3655.310749891655,-408.119066591989,2020-08-06T12:31:02Z,45.56546667,7.92550000,1798.00,76.055
6617,2,3632,3656.310749891655,-407.119066591989,2020-08-06T12:31:03Z,45.56551667,7.92565000,1793.00,76.043
6618,2,3633,3657.310749891655,-406.119066591989,2020-08-06T12:31:04Z,45.56558333,7.92578333,1791.00,76.03
6619,2,3634,3658.310749891655,-405.119066591989,2020-08-06T12:31:05Z,45.56563333,7.92593333,1795.00,76.018
6620,2,3635,3659.310749891655,-404.119066591989,2020-08-06T12:31:06Z,45.56570000,7.92605000,1791.00,76.006
6621,2,3636,3660.310749891655,-403.119066591989,2020-08-06T12:31:07Z,45.56575000,7.92616667,1790.00,75.996
6622,2,3637,3661.310749891655,-402.119066591989,2020-08-06T12:31:08Z,45.56580000,7.92630000,1790.00,75.985
6623,2,3638,3662.310749891655,-401.119066591989,2020-08-06T12:31:09Z,45.56585000,7.92641667,1789.00,75.974
6624,2,3639,3663.310749891655,-400.119066591989,2020-08-06T12:31:10Z,45.56591667,7.92655000,1788.00,75.962
6625,2,3640,3664.310749891655,-399.119066591989,2020-08-06T12:31:11Z,45.56596667,7.92668333,1787.00,75.95
6626,2,3641,3665.310749891655,-398.119066591989,2020-08-06T12:31:12Z,45.56603333,7.92681667,1786.00,75.938
6627,2,3642,3666.310749891655,-397.119066591989,2020-08-06T12:31:13Z,45.56610000,7.92695000,1784.00,75.925
6628,2,3643,3667.310749891655,-396.119066591989,2020-08-06T12:31:14Z,45.56615000,7.92706667,1784.00,75.914
6629,2,3644,3668.310749891655,-395.119066591989,2020-08-06T12:31:15Z,45.56621667,7.92720000,1783.00,75.902
6630,2,3645,3669.310749891655,-394.119066591989,2020-08-06T12:31:16Z,45.56626667,7.92733333,1782.00,75.89
6631,2,3646,3670.310749891655,-393.119066591989,2020-08-06T12:31:17Z,45.56633333,7.92745000,1781.00,75.879
6632,2,3647,3671.310749891655,-392.119066591989,2020-08-06T12:31:18Z,45.56640000,7.92758333,1780.00,75.866
6633,2,3648,3672.310749891655,-391.119066591989,2020-08-06T12:31:19Z,45.56646667,7.92770000,1779.00,75.854
6634,2,3649,3673.310749891655,-390.119066591989,2020-08-06T12:31:20Z,45.56653333,7.92783333,1777.00,75.842
6635,2,3650,3674.310749891655,-389.119066591989,2020-08-06T12:31:21Z,45.56660000,7.92796667,1775.00,75.829
6636,2,3651,3675.310749891655,-388.119066591989,2020-08-06T12:31:22Z,45.56666667,7.92810000,1775.00,75.816
6637,2,3652,3676.310749891655,-387.119066591989,2020-08-06T12:31:23Z,45.56671667,7.92823333,1777.00,75.805
6638,2,3653,3677.310749891655,-386.119066591989,2020-08-06T12:31:24Z,45.56678333,7.92836667,1773.00,75.792
6639,2,3654,3678.310749891655,-385.119066591989,2020-08-06T12:31:25Z,45.56683333,7.92851667,1772.00,75.78
6640,2,3655,3679.310749891655,-384.119066591989,2020-08-06T12:31:26Z,45.56690000,7.92865000,1775.00,75.768
6641,2,3656,3680.310749891655,-383.119066591989,2020-08-06T12:31:27Z,45.56696667,7.92876667,1775.00,75.756
6642,2,3657,3681.310749891655,-382.119066591989,2020-08-06T12:31:28Z,45.56701667,7.92890000,1770.00,75.744
6643,2,3658,3682.310749891655,-381.119066591989,2020-08-06T12:31:29Z,45.56708333,7.92903333,1770.00,75.732
6644,2,3659,3683.310749891655,-380.119066591989,2020-08-06T12:31:30Z,45.56715000,7.92916667,1769.00,75.719
6645,2,3660,3684.310749891655,-379.119066591989,2020-08-06T12:31:31Z,45.56721667,7.92928333,1765.00,75.707
6646,2,3661,3685.310749891655,-378.119066591989,2020-08-06T12:31:32Z,45.56728333,7.92941667,1771.00,75.695
6647,2,3662,3686.310749891655,-377.119066591989,2020-08-06T12:31:33Z,45.56735000,7.92953333,1767.00,75.683
6648,2,3663,3687.310749891655,-376.119066591989,2020-08-06T12:31:34Z,45.56743333,7.92966667,1764.00,75.669
6649,2,3664,3688.310749891655,-375.119066591989,2020-08-06T12:31:35Z,45.56748333,7.92978333,1762.00,75.659
6650,2,3665,3689.310749891655,-374.119066591989,2020-08-06T12:31:36Z,45.56755000,7.92991667,1762.00,75.646
6651,2,3666,3690.310749891655,-373.119066591989,2020-08-06T12:31:37Z,45.56760000,7.93001667,1760.00,75.637
6652,2,3667,3691.310749891655,-372.119066591989,2020-08-06T12:31:38Z,45.56766667,7.93013333,1758.00,75.625
6653,2,3668,3692.310749891655,-371.119066591989,2020-08-06T12:31:39Z,45.56773333,7.93025000,1762.00,75.613
6654,2,3669,3693.310749891655,-370.119066591989,2020-08-06T12:31:40Z,45.56781667,7.93036667,1755.00,75.6
6655,2,3670,3694.310749891655,-369.119066591989,2020-08-06T12:31:41Z,45.56790000,7.93048333,1752.00,75.587
6656,2,3671,3695.310749891655,-368.119066591989,2020-08-06T12:31:42Z,45.56796667,7.93058333,1753.00,75.577
6657,2,3672,3696.310749891655,-367.119066591989,2020-08-06T12:31:43Z,45.56805000,7.93070000,1753.00,75.564
6658,2,3673,3697.310749891655,-366.119066591989,2020-08-06T12:31:44Z,45.56813333,7.93081667,1746.00,75.551
6659,2,3674,3698.310749891655,-365.119066591989,2020-08-06T12:31:45Z,45.56821667,7.93091667,1748.00,75.539
6660,2,3675,3699.310749891655,-364.119066591989,2020-08-06T12:31:46Z,45.56830000,7.93103333,1744.00,75.526
6661,2,3676,3700.310749891655,-363.119066591989,2020-08-06T12:31:47Z,45.56838333,7.93115000,1746.00,75.513
6662,2,3677,3701.310749891655,-362.119066591989,2020-08-06T12:31:48Z,45.56846667,7.93126667,1748.00,75.5
6663,2,3678,3702.310749891655,-361.119066591989,2020-08-06T12:31:49Z,45.56856667,7.93140000,1747.00,75.485
6664,2,3679,3703.310749891655,-360.119066591989,2020-08-06T12:31:50Z,45.56865000,7.93151667,1749.00,75.472
6665,2,3680,3704.310749891655,-359.119066591989,2020-08-06T12:31:51Z,45.56873333,7.93163333,1740.00,75.459
6666,2,3681,3705.310749891655,-358.119066591989,2020-08-06T12:31:52Z,45.56881667,7.93175000,1748.00,75.446
6667,2,3682,3706.310749891655,-357.119066591989,2020-08-06T12:31:53Z,45.56888333,7.93186667,1742.00,75.434
6668,2,3683,3707.310749891655,-356.119066591989,2020-08-06T12:31:54Z,45.56896667,7.93198333,1743.00,75.421
6669,2,3684,3708.310749891655,-355.119066591989,2020-08-06T12:31:55Z,45.56905000,7.93210000,1740.00,75.408
6670,2,3685,3709.310749891655,-354.119066591989,2020-08-06T12:31:56Z,45.56913333,7.93223333,1741.00,75.394
6671,2,3686,3710.310749891655,-353.119066591989,2020-08-06T12:31:57Z,45.56920000,7.93235000,1739.00,75.382
6672,2,3687,3711.310749891655,-352.119066591989,2020-08-06T12:31:58Z,45.56926667,7.93246667,1739.00,75.371
6673,2,3688,3712.310749891655,-351.119066591989,2020-08-06T12:31:59Z,45.56933333,7.93258333,1744.00,75.359
6674,2,3689,3713.310749891655,-350.119066591989,2020-08-06T12:32:00Z,45.56938333,7.93270000,1738.00,75.349
6675,2,3690,3714.310749891655,-349.119066591989,2020-08-06T12:32:01Z,45.56945000,7.93280000,1737.00,75.338
6676,2,3691,3715.310749891655,-348.119066591989,2020-08-06T12:32:02Z,45.56951667,7.93291667,1741.00,75.326
6677,2,3692,3716.310749891655,-347.119066591989,2020-08-06T12:32:03Z,45.56958333,7.93303333,1731.00,75.315
6678,2,3693,3717.310749891655,-346.119066591989,2020-08-06T12:32:04Z,45.56965000,7.93315000,1732.00,75.303
6679,2,3694,3718.310749891655,-345.119066591989,2020-08-06T12:32:05Z,45.56971667,7.93328333,1731.00,75.29
6680,2,3695,3719.310749891655,-344.119066591989,2020-08-06T12:32:06Z,45.56978333,7.93340000,1733.00,75.279
6681,2,3696,3720.310749891655,-343.119066591989,2020-08-06T12:32:07Z,45.56985000,7.93351667,1727.00,75.267
6682,2,3697,3721.310749891655,-342.119066591989,2020-08-06T12:32:08Z,45.56991667,7.93363333,1730.00,75.255
6683,2,3698,3722.310749891655,-341.119066591989,2020-08-06T12:32:09Z,45.56996667,7.93376667,1722.00,75.244
6684,2,3699,3723.310749891655,-340.119066591989,2020-08-06T12:32:10Z,45.57003333,7.93388333,1722.00,75.232
6685,2,3700,3724.310749891655,-339.119066591989,2020-08-06T12:32:11Z,45.57010000,7.93401667,1723.00,75.219
6686,2,3701,3725.310749891655,-338.119066591989,2020-08-06T12:32:12Z,45.57015000,7.93415000,1718.00,75.208
6687,2,3702,3726.310749891655,-337.119066591989,2020-08-06T12:32:13Z,45.57020000,7.93428333,1715.00,75.197
6688,2,3703,3727.310749891655,-336.119066591989,2020-08-06T12:32:14Z,45.57025000,7.93441667,1715.00,75.185
6689,2,3704,3728.310749891655,-335.119066591989,2020-08-06T12:32:15Z,45.57031667,7.93455000,1713.00,75.173
6690,2,3705,3729.310749891655,-334.119066591989,2020-08-06T12:32:16Z,45.57036667,7.93466667,1709.00,75.162
6691,2,3706,3730.310749891655,-333.119066591989,2020-08-06T12:32:17Z,45.57045000,7.93480000,1706.00,75.148
6692,2,3707,3731.310749891655,-332.119066591989,2020-08-06T12:32:18Z,45.57051667,7.93491667,1709.00,75.137
6693,2,3708,3732.310749891655,-331.119066591989,2020-08-06T12:32:19Z,45.57060000,7.93503333,1706.00,75.124
6694,2,3709,3733.310749891655,-330.119066591989,2020-08-06T12:32:20Z,45.57066667,7.93515000,1707.00,75.112
6695,2,3710,3734.310749891655,-329.119066591989,2020-08-06T12:32:21Z,45.57073333,7.93526667,1704.00,75.1
6696,2,3711,3735.310749891655,-328.119066591989,2020-08-06T12:32:22Z,45.57081667,7.93538333,1701.00,75.087
6697,2,3712,3736.310749891655,-327.119066591989,2020-08-06T12:32:23Z,45.57088333,7.93548333,1700.00,75.077
6698,2,3713,3737.310749891655,-326.119066591989,2020-08-06T12:32:24Z,45.57096667,7.93560000,1701.00,75.064
6699,2,3714,3738.310749891655,-325.119066591989,2020-08-06T12:32:25Z,45.57105000,7.93573333,1696.00,75.05
6700,2,3715,3739.310749891655,-324.119066591989,2020-08-06T12:32:26Z,45.57113333,7.93586667,1699.00,75.036
6701,2,3716,3740.310749891655,-323.119066591989,2020-08-06T12:32:27Z,45.57120000,7.93600000,1692.00,75.023
6702,2,3717,3741.310749891655,-322.119066591989,2020-08-06T12:32:28Z,45.57126667,7.93613333,1687.00,75.011
6703,2,3718,3742.310749891655,-321.119066591989,2020-08-06T12:32:29Z,45.57135000,7.93625000,1696.00,74.998
6704,2,3719,3743.310749891655,-320.119066591989,2020-08-06T12:32:30Z,45.57141667,7.93638333,1691.00,74.985
6705,2,3720,3744.310749891655,-319.119066591989,2020-08-06T12:32:31Z,45.57148333,7.93650000,1688.00,74.973
6706,2,3721,3745.310749891655,-318.119066591989,2020-08-06T12:32:32Z,45.57156667,7.93663333,1685.00,74.959
6707,2,3722,3746.310749891655,-317.119066591989,2020-08-06T12:32:33Z,45.57161667,7.93678333,1685.00,74.947
6708,2,3723,3747.310749891655,-316.119066591989,2020-08-06T12:32:34Z,45.57168333,7.93691667,1682.00,74.934
6709,2,3724,3748.310749891655,-315.119066591989,2020-08-06T12:32:35Z,45.57175000,7.93705000,1682.00,74.922
6710,2,3725,3749.310749891655,-314.119066591989,2020-08-06T12:32:36Z,45.57183333,7.93718333,1682.00,74.908
6711,2,3726,3750.310749891655,-313.119066591989,2020-08-06T12:32:37Z,45.57191667,7.93730000,1679.00,74.895
6712,2,3727,3751.310749891655,-312.119066591989,2020-08-06T12:32:38Z,45.57198333,7.93743333,1675.00,74.882
6713,2,3728,3752.310749891655,-311.119066591989,2020-08-06T12:32:39Z,45.57205000,7.93758333,1674.00,74.868
6714,2,3729,3753.310749891655,-310.119066591989,2020-08-06T12:32:40Z,45.57211667,7.93771667,1674.00,74.856
6715,2,3730,3754.310749891655,-309.119066591989,2020-08-06T12:32:41Z,45.57220000,7.93786667,1670.00,74.841
6716,2,3731,3755.310749891655,-308.119066591989,2020-08-06T12:32:42Z,45.57228333,7.93800000,1673.00,74.827
6717,2,3732,3756.310749891655,-307.119066591989,2020-08-06T12:32:43Z,45.57236667,7.93813333,1667.00,74.813
6718,2,3733,3757.310749891655,-306.119066591989,2020-08-06T12:32:44Z,45.57243333,7.93828333,1665.00,74.799
6719,2,3734,3758.310749891655,-305.119066591989,2020-08-06T12:32:45Z,45.57248333,7.93843333,1664.00,74.787
6720,2,3735,3759.310749891655,-304.119066591989,2020-08-06T12:32:46Z,45.57253333,7.93856667,1668.00,74.775
6721,2,3736,3760.310749891655,-303.119066591989,2020-08-06T12:32:47Z,45.57258333,7.93870000,1667.00,74.764
6722,2,3737,3761.310749891655,-302.119066591989,2020-08-06T12:32:48Z,45.57263333,7.93881667,1668.00,74.753
6723,2,3738,3762.310749891655,-301.119066591989,2020-08-06T12:32:49Z,45.57268333,7.93895000,1665.00,74.742
6724,2,3739,3763.310749891655,-300.119066591989,2020-08-06T12:32:50Z,45.57275000,7.93910000,1664.00,74.728
6725,2,3740,3764.310749891655,-299.119066591989,2020-08-06T12:32:51Z,45.57280000,7.93923333,1664.00,74.717
6726,2,3741,3765.310749891655,-298.119066591989,2020-08-06T12:32:52Z,45.57286667,7.93938333,1665.00,74.703
6727,2,3742,3766.310749891655,-297.119066591989,2020-08-06T12:32:53Z,45.57293333,7.93951667,1658.00,74.69
6728,2,3743,3767.310749891655,-296.119066591989,2020-08-06T12:32:54Z,45.57300000,7.93966667,1659.00,74.676
6729,2,3744,3768.310749891655,-295.119066591989,2020-08-06T12:32:55Z,45.57305000,7.93978333,1662.00,74.666
6730,2,3745,3769.310749891655,-294.119066591989,2020-08-06T12:32:56Z,45.57311667,7.93990000,1662.00,74.654
6731,2,3746,3770.310749891655,-293.119066591989,2020-08-06T12:32:57Z,45.57316667,7.94001667,1659.00,74.644
6732,2,3747,3771.310749891655,-292.119066591989,2020-08-06T12:32:58Z,45.57323333,7.94011667,1659.00,74.633
6733,2,3748,3772.310749891655,-291.119066591989,2020-08-06T12:32:59Z,45.57330000,7.94023333,1656.00,74.621
6734,2,3749,3773.310749891655,-290.119066591989,2020-08-06T12:33:00Z,45.57338333,7.94036667,1655.00,74.607
6735,2,3750,3774.310749891655,-289.119066591989,2020-08-06T12:33:01Z,45.57345000,7.94050000,1645.00,74.595
6736,2,3751,3775.310749891655,-288.119066591989,2020-08-06T12:33:02Z,45.57353333,7.94065000,1653.00,74.58
6737,2,3752,3776.310749891655,-287.119066591989,2020-08-06T12:33:03Z,45.57360000,7.94080000,1648.00,74.566
6738,2,3753,3777.310749891655,-286.119066591989,2020-08-06T12:33:04Z,45.57368333,7.94091667,1662.00,74.553
6739,2,3754,3778.310749891655,-285.119066591989,2020-08-06T12:33:05Z,45.57375000,7.94101667,1658.00,74.542
6740,2,3755,3779.310749891655,-284.119066591989,2020-08-06T12:33:06Z,45.57381667,7.94110000,1655.00,74.533
6741,2,3756,3780.310749891655,-283.119066591989,2020-08-06T12:33:07Z,45.57386667,7.94118333,1654.00,74.524
6742,2,3757,3781.310749891655,-282.119066591989,2020-08-06T12:33:08Z,45.57391667,7.94128333,1652.00,74.515
6743,2,3758,3782.310749891655,-281.119066591989,2020-08-06T12:33:09Z,45.57400000,7.94140000,1631.00,74.502
6744,2,3759,3783.310749891655,-280.119066591989,2020-08-06T12:33:10Z,45.57408333,7.94151667,1651.00,74.489
6745,2,3760,3784.310749891655,-279.119066591989,2020-08-06T12:33:11Z,45.57416667,7.94165000,1645.00,74.475
6746,2,3761,3785.310749891655,-278.119066591989,2020-08-06T12:33:12Z,45.57425000,7.94178333,1637.00,74.461
6747,2,3762,3786.310749891655,-277.119066591989,2020-08-06T12:33:13Z,45.57431667,7.94191667,1643.00,74.448
6748,2,3763,3787.310749891655,-276.119066591989,2020-08-06T12:33:14Z,45.57438333,7.94201667,1637.00,74.438
6749,2,3764,3788.310749891655,-275.119066591989,2020-08-06T12:33:15Z,45.57445000,7.94213333,1639.00,74.426
6750,2,3765,3789.310749891655,-274.119066591989,2020-08-06T12:33:16Z,45.57451667,7.94225000,1641.00,74.414
6751,2,3766,3790.310749891655,-273.119066591989,2020-08-06T12:33:17Z,45.57458333,7.94236667,1625.00,74.402
6752,2,3767,3791.310749891655,-272.119066591989,2020-08-06T12:33:18Z,45.57465000,7.94250000,1629.00,74.39
6753,2,3768,3792.310749891655,-271.119066591989,2020-08-06T12:33:19Z,45.57471667,7.94263333,1632.00,74.377
6754,2,3769,3793.310749891655,-270.119066591989,2020-08-06T12:33:20Z,45.57480000,7.94275000,1631.00,74.364
6755,2,3770,3794.310749891655,-269.119066591989,2020-08-06T12:33:21Z,45.57486667,7.94286667,1630.00,74.352
6756,2,3771,3795.310749891655,-268.119066591989,2020-08-06T12:33:22Z,45.57493333,7.94298333,1626.00,74.341
6757,2,3772,3796.310749891655,-267.119066591989,2020-08-06T12:33:23Z,45.57501667,7.94311667,1623.00,74.327
6758,2,3773,3797.310749891655,-266.119066591989,2020-08-06T12:33:24Z,45.57508333,7.94323333,1617.00,74.315
6759,2,3774,3798.310749891655,-265.119066591989,2020-08-06T12:33:25Z,45.57516667,7.94338333,1613.00,74.3
6760,2,3775,3799.310749891655,-264.119066591989,2020-08-06T12:33:26Z,45.57525000,7.94351667,1616.00,74.286
6761,2,3776,3800.310749891655,-263.119066591989,2020-08-06T12:33:27Z,45.57533333,7.94366667,1612.00,74.271
6762,2,3777,3801.310749891655,-262.119066591989,2020-08-06T12:33:28Z,45.57540000,7.94380000,1617.00,74.259
6763,2,3778,3802.310749891655,-261.119066591989,2020-08-06T12:33:29Z,45.57548333,7.94393333,1608.00,74.245
6764,2,3779,3803.310749891655,-260.119066591989,2020-08-06T12:33:30Z,45.57556667,7.94406667,1612.00,74.231
6765,2,3780,3804.310749891655,-259.119066591989,2020-08-06T12:33:31Z,45.57563333,7.94418333,1609.00,74.219
6766,2,3781,3805.310749891655,-258.119066591989,2020-08-06T12:33:32Z,45.57571667,7.94431667,1610.00,74.205
6767,2,3782,3806.310749891655,-257.119066591989,2020-08-06T12:33:33Z,45.57580000,7.94445000,1608.00,74.191
6768,2,3783,3807.310749891655,-256.119066591989,2020-08-06T12:33:34Z,45.57586667,7.94460000,1602.00,74.178
6769,2,3784,3808.310749891655,-255.119066591989,2020-08-06T12:33:35Z,45.57595000,7.94473333,1599.00,74.164
6770,2,3785,3809.310749891655,-254.119066591989,2020-08-06T12:33:36Z,45.57601667,7.94486667,1604.00,74.151
6771,2,3786,3810.310749891655,-253.119066591989,2020-08-06T12:33:37Z,45.57608333,7.94500000,1600.00,74.138
6772,2,3787,3811.310749891655,-252.119066591989,2020-08-06T12:33:38Z,45.57616667,7.94513333,1596.00,74.124
6773,2,3788,3812.310749891655,-251.119066591989,2020-08-06T12:33:39Z,45.57623333,7.94525000,1597.00,74.113
6774,2,3789,3813.310749891655,-250.119066591989,2020-08-06T12:33:40Z,45.57630000,7.94538333,1595.00,74.1
6775,2,3790,3814.310749891655,-249.119066591989,2020-08-06T12:33:41Z,45.57636667,7.94551667,1594.00,74.087
6776,2,3791,3815.310749891655,-248.119066591989,2020-08-06T12:33:42Z,45.57645000,7.94565000,1592.00,74.073
6777,2,3792,3816.310749891655,-247.119066591989,2020-08-06T12:33:43Z,45.57651667,7.94578333,1589.00,74.061
6778,2,3793,3817.310749891655,-246.119066591989,2020-08-06T12:33:44Z,45.57658333,7.94590000,1593.00,74.049
6779,2,3794,3818.310749891655,-245.119066591989,2020-08-06T12:33:45Z,45.57666667,7.94601667,1591.00,74.036
6780,2,3795,3819.310749891655,-244.119066591989,2020-08-06T12:33:46Z,45.57675000,7.94613333,1586.00,74.023
6781,2,3796,3820.310749891655,-243.119066591989,2020-08-06T12:33:47Z,45.57683333,7.94625000,1584.00,74.01
6782,2,3797,3821.310749891655,-242.119066591989,2020-08-06T12:33:48Z,45.57690000,7.94636667,1590.00,73.998
6783,2,3798,3822.310749891655,-241.119066591989,2020-08-06T12:33:49Z,45.57698333,7.94650000,1579.00,73.984
6784,2,3799,3823.310749891655,-240.119066591989,2020-08-06T12:33:50Z,45.57705000,7.94661667,1583.00,73.973
6785,2,3800,3824.310749891655,-239.119066591989,2020-08-06T12:33:51Z,45.57713333,7.94675000,1584.00,73.959
6786,2,3801,3825.310749891655,-238.119066591989,2020-08-06T12:33:52Z,45.57721667,7.94688333,1582.00,73.945
6787,2,3802,3826.310749891655,-237.119066591989,2020-08-06T12:33:53Z,45.57728333,7.94700000,1586.00,73.933
6788,2,3803,3827.310749891655,-236.119066591989,2020-08-06T12:33:54Z,45.57735000,7.94711667,1580.00,73.921
6789,2,3804,3828.310749891655,-235.119066591989,2020-08-06T12:33:55Z,45.57741667,7.94723333,1579.00,73.91
6790,2,3805,3829.310749891655,-234.119066591989,2020-08-06T12:33:56Z,45.57748333,7.94735000,1580.00,73.898
6791,2,3806,3830.310749891655,-233.119066591989,2020-08-06T12:33:57Z,45.57756667,7.94746667,1581.00,73.885
6792,2,3807,3831.310749891655,-232.119066591989,2020-08-06T12:33:58Z,45.57765000,7.94758333,1574.00,73.872
6793,2,3808,3832.310749891655,-231.119066591989,2020-08-06T12:33:59Z,45.57771667,7.94770000,1574.00,73.86
6794,2,3809,3833.310749891655,-230.119066591989,2020-08-06T12:34:00Z,45.57780000,7.94781667,1572.00,73.848
6795,2,3810,3834.310749891655,-229.119066591989,2020-08-06T12:34:01Z,45.57786667,7.94793333,1572.00,73.836
6796,2,3811,3835.310749891655,-228.119066591989,2020-08-06T12:34:02Z,45.57793333,7.94805000,1570.00,73.824
6797,2,3812,3836.310749891655,-227.119066591989,2020-08-06T12:34:03Z,45.57801667,7.94818333,1567.00,73.81
6798,2,3813,3837.310749891655,-226.119066591989,2020-08-06T12:34:04Z,45.57808333,7.94830000,1564.00,73.798
6799,2,3814,3838.310749891655,-225.119066591989,2020-08-06T12:34:05Z,45.57816667,7.94845000,1563.00,73.784
6800,2,3815,3839.310749891655,-224.119066591989,2020-08-06T12:34:06Z,45.57823333,7.94858333,1563.00,73.771
6801,2,3816,3840.310749891655,-223.119066591989,2020-08-06T12:34:07Z,45.57831667,7.94870000,1560.00,73.758
6802,2,3817,3841.310749891655,-222.119066591989,2020-08-06T12:34:08Z,45.57838333,7.94883333,1560.00,73.745
6803,2,3818,3842.310749891655,-221.119066591989,2020-08-06T12:34:09Z,45.57845000,7.94895000,1559.00,73.734
6804,2,3819,3843.310749891655,-220.119066591989,2020-08-06T12:34:10Z,45.57853333,7.94908333,1556.00,73.72
6805,2,3820,3844.310749891655,-219.119066591989,2020-08-06T12:34:11Z,45.57860000,7.94920000,1554.00,73.708
6806,2,3821,3845.310749891655,-218.119066591989,2020-08-06T12:34:12Z,45.57868333,7.94933333,1546.00,73.694
6807,2,3822,3846.310749891655,-217.119066591989,2020-08-06T12:34:13Z,45.57876667,7.94945000,1557.00,73.681
6808,2,3823,3847.310749891655,-216.119066591989,2020-08-06T12:34:14Z,45.57883333,7.94956667,1554.00,73.669
6809,2,3824,3848.310749891655,-215.119066591989,2020-08-06T12:34:15Z,45.57891667,7.94968333,1546.00,73.656
6810,2,3825,3849.310749891655,-214.119066591989,2020-08-06T12:34:16Z,45.57898333,7.94980000,1548.00,73.645
6811,2,3826,3850.310749891655,-213.119066591989,2020-08-06T12:34:17Z,45.57906667,7.94990000,1546.00,73.633
6812,2,3827,3851.310749891655,-212.119066591989,2020-08-06T12:34:18Z,45.57913333,7.95001667,1545.00,73.621
6813,2,3828,3852.310749891655,-211.119066591989,2020-08-06T12:34:19Z,45.57921667,7.95013333,1547.00,73.608
6814,2,3829,3853.310749891655,-210.119066591989,2020-08-06T12:34:20Z,45.57930000,7.95023333,1546.00,73.596
6815,2,3830,3854.310749891655,-209.119066591989,2020-08-06T12:34:21Z,45.57936667,7.95031667,1547.00,73.586
6816,2,3831,3855.310749891655,-208.119066591989,2020-08-06T12:34:22Z,45.57945000,7.95041667,1542.00,73.574
6817,2,3832,3856.310749891655,-207.119066591989,2020-08-06T12:34:23Z,45.57951667,7.95051667,1548.00,73.564
6818,2,3833,3857.310749891655,-206.119066591989,2020-08-06T12:34:24Z,45.57958333,7.95061667,1542.00,73.553
6819,2,3834,3858.310749891655,-205.119066591989,2020-08-06T12:34:25Z,45.57965000,7.95071667,1537.00,73.542
6820,2,3835,3859.310749891655,-204.119066591989,2020-08-06T12:34:26Z,45.57973333,7.95081667,1542.00,73.53
6821,2,3836,3860.310749891655,-203.119066591989,2020-08-06T12:34:27Z,45.57981667,7.95091667,1540.00,73.518
6822,2,3837,3861.310749891655,-202.119066591989,2020-08-06T12:34:28Z,45.57990000,7.95101667,1536.00,73.506
6823,2,3838,3862.310749891655,-201.119066591989,2020-08-06T12:34:29Z,45.57996667,7.95111667,1535.00,73.496
6824,2,3839,3863.310749891655,-200.119066591989,2020-08-06T12:34:30Z,45.58005000,7.95121667,1534.00,73.484
6825,2,3840,3864.310749891655,-199.119066591989,2020-08-06T12:34:31Z,45.58011667,7.95131667,1531.00,73.473
6826,2,3841,3865.310749891655,-198.119066591989,2020-08-06T12:34:32Z,45.58020000,7.95141667,1534.00,73.461
6827,2,3842,3866.310749891655,-197.119066591989,2020-08-06T12:34:33Z,45.58030000,7.95151667,1530.00,73.448
6828,2,3843,3867.310749891655,-196.119066591989,2020-08-06T12:34:34Z,45.58038333,7.95163333,1526.00,73.435
6829,2,3844,3868.310749891655,-195.119066591989,2020-08-06T12:34:35Z,45.58046667,7.95175000,1524.00,73.422
6830,2,3845,3869.310749891655,-194.119066591989,2020-08-06T12:34:36Z,45.58055000,7.95186667,1522.00,73.409
6831,2,3846,3870.310749891655,-193.119066591989,2020-08-06T12:34:37Z,45.58063333,7.95196667,1530.00,73.397
6832,2,3847,3871.310749891655,-192.119066591989,2020-08-06T12:34:38Z,45.58073333,7.95208333,1528.00,73.383
6833,2,3848,3872.310749891655,-191.119066591989,2020-08-06T12:34:39Z,45.58080000,7.95220000,1523.00,73.371
6834,2,3849,3873.310749891655,-190.119066591989,2020-08-06T12:34:40Z,45.58088333,7.95231667,1522.00,73.358
6835,2,3850,3874.310749891655,-189.119066591989,2020-08-06T12:34:41Z,45.58096667,7.95243333,1520.00,73.346
6836,2,3851,3875.310749891655,-188.119066591989,2020-08-06T12:34:42Z,45.58105000,7.95253333,1523.00,73.334
6837,2,3852,3876.310749891655,-187.119066591989,2020-08-06T12:34:43Z,45.58113333,7.95265000,1523.00,73.321
6838,2,3853,3877.310749891655,-186.119066591989,2020-08-06T12:34:44Z,45.58123333,7.95276667,1523.00,73.307
6839,2,3854,3878.310749891655,-185.119066591989,2020-08-06T12:34:45Z,45.58131667,7.95288333,1519.00,73.294
6840,2,3855,3879.310749891655,-184.119066591989,2020-08-06T12:34:46Z,45.58140000,7.95300000,1520.00,73.281
6841,2,3856,3880.310749891655,-183.119066591989,2020-08-06T12:34:47Z,45.58146667,7.95311667,1521.00,73.269
6842,2,3857,3881.310749891655,-182.119066591989,2020-08-06T12:34:48Z,45.58153333,7.95321667,1517.00,73.258
6843,2,3858,3882.310749891655,-181.119066591989,2020-08-06T12:34:49Z,45.58161667,7.95333333,1519.00,73.245
6844,2,3859,3883.310749891655,-180.119066591989,2020-08-06T12:34:50Z,45.58168333,7.95343333,1517.00,73.235
6845,2,3860,3884.310749891655,-179.119066591989,2020-08-06T12:34:51Z,45.58175000,7.95353333,1519.00,73.224
6846,2,3861,3885.310749891655,-178.119066591989,2020-08-06T12:34:52Z,45.58181667,7.95361667,1513.00,73.214
6847,2,3862,3886.310749891655,-177.119066591989,2020-08-06T12:34:53Z,45.58190000,7.95373333,1512.00,73.201
6848,2,3863,3887.310749891655,-176.119066591989,2020-08-06T12:34:54Z,45.58198333,7.95385000,1511.00,73.188
6849,2,3864,3888.310749891655,-175.119066591989,2020-08-06T12:34:55Z,45.58208333,7.95396667,1509.00,73.174
6850,2,3865,3889.310749891655,-174.119066591989,2020-08-06T12:34:56Z,45.58218333,7.95406667,1509.00,73.161
6851,2,3866,3890.310749891655,-173.119066591989,2020-08-06T12:34:57Z,45.58228333,7.95415000,1526.00,73.149
6852,2,3867,3891.310749891655,-172.119066591989,2020-08-06T12:34:58Z,45.58236667,7.95421667,1518.00,73.139
6853,2,3868,3892.310749891655,-171.119066591989,2020-08-06T12:34:59Z,45.58243333,7.95426667,1519.00,73.131
6854,2,3869,3893.310749891655,-170.119066591989,2020-08-06T12:35:00Z,45.58248333,7.95433333,1520.00,73.124
6855,2,3870,3894.310749891655,-169.119066591989,2020-08-06T12:35:01Z,45.58255000,7.95443333,1521.00,73.113
6856,2,3871,3895.310749891655,-168.119066591989,2020-08-06T12:35:02Z,45.58261667,7.95455000,1502.00,73.101
6857,2,3872,3896.310749891655,-167.119066591989,2020-08-06T12:35:03Z,45.58268333,7.95466667,1523.00,73.089
6858,2,3873,3897.310749891655,-166.119066591989,2020-08-06T12:35:04Z,45.58275000,7.95478333,1525.00,73.078
6859,2,3874,3898.310749891655,-165.119066591989,2020-08-06T12:35:05Z,45.58283333,7.95490000,1524.00,73.065
6860,2,3875,3899.310749891655,-164.119066591989,2020-08-06T12:35:06Z,45.58290000,7.95500000,1526.00,73.054
6861,2,3876,3900.310749891655,-163.119066591989,2020-08-06T12:35:07Z,45.58296667,7.95508333,1526.00,73.044
6862,2,3877,3901.310749891655,-162.119066591989,2020-08-06T12:35:08Z,45.58303333,7.95516667,1527.00,73.035
6863,2,3878,3902.310749891655,-161.119066591989,2020-08-06T12:35:09Z,45.58310000,7.95525000,1526.00,73.025
6864,2,3879,3903.310749891655,-160.119066591989,2020-08-06T12:35:10Z,45.58318333,7.95533333,1526.00,73.014
6865,2,3880,3904.310749891655,-159.119066591989,2020-08-06T12:35:11Z,45.58326667,7.95543333,1529.00,73.002
6866,2,3881,3905.310749891655,-158.119066591989,2020-08-06T12:35:12Z,45.58335000,7.95551667,1534.00,72.991
6867,2,3882,3906.310749891655,-157.119066591989,2020-08-06T12:35:13Z,45.58343333,7.95560000,1534.00,72.98
6868,2,3883,3907.310749891655,-156.119066591989,2020-08-06T12:35:14Z,45.58350000,7.95566667,1537.00,72.971
6869,2,3884,3908.310749891655,-155.119066591989,2020-08-06T12:35:15Z,45.58356667,7.95571667,1535.00,72.964
6870,2,3885,3909.310749891655,-154.119066591989,2020-08-06T12:35:16Z,45.58365000,7.95578333,1533.00,72.954
6871,2,3886,3910.310749891655,-153.119066591989,2020-08-06T12:35:17Z,45.58375000,7.95586667,1530.00,72.941
6872,2,3887,3911.310749891655,-152.119066591989,2020-08-06T12:35:18Z,45.58385000,7.95598333,1525.00,72.927
6873,2,3888,3912.310749891655,-151.119066591989,2020-08-06T12:35:19Z,45.58393333,7.95610000,1526.00,72.914
6874,2,3889,3913.310749891655,-150.119066591989,2020-08-06T12:35:20Z,45.58403333,7.95621667,1532.00,72.9
6875,2,3890,3914.310749891655,-149.119066591989,2020-08-06T12:35:21Z,45.58410000,7.95631667,1533.00,72.889
6876,2,3891,3915.310749891655,-148.119066591989,2020-08-06T12:35:22Z,45.58418333,7.95638333,1535.00,72.879
6877,2,3892,3916.310749891655,-147.119066591989,2020-08-06T12:35:23Z,45.58425000,7.95645000,1535.00,72.87
6878,2,3893,3917.310749891655,-146.119066591989,2020-08-06T12:35:24Z,45.58433333,7.95653333,1536.00,72.859
6879,2,3894,3918.310749891655,-145.119066591989,2020-08-06T12:35:25Z,45.58441667,7.95663333,1536.00,72.847
6880,2,3895,3919.310749891655,-144.119066591989,2020-08-06T12:35:26Z,45.58451667,7.95675000,1535.00,72.833
6881,2,3896,3920.310749891655,-143.119066591989,2020-08-06T12:35:27Z,45.58461667,7.95686667,1536.00,72.818
6882,2,3897,3921.310749891655,-142.119066591989,2020-08-06T12:35:28Z,45.58470000,7.95696667,1538.00,72.806
6883,2,3898,3922.310749891655,-141.119066591989,2020-08-06T12:35:29Z,45.58478333,7.95706667,1537.00,72.794
6884,2,3899,3923.310749891655,-140.119066591989,2020-08-06T12:35:30Z,45.58486667,7.95715000,1540.00,72.783
6885,2,3900,3924.310749891655,-139.119066591989,2020-08-06T12:35:31Z,45.58493333,7.95725000,1538.00,72.773
6886,2,3901,3925.310749891655,-138.119066591989,2020-08-06T12:35:32Z,45.58501667,7.95736667,1532.00,72.76
6887,2,3902,3926.310749891655,-137.119066591989,2020-08-06T12:35:33Z,45.58510000,7.95750000,1536.00,72.746
6888,2,3903,3927.310749891655,-136.119066591989,2020-08-06T12:35:34Z,45.58518333,7.95763333,1515.00,72.732
6889,2,3904,3928.310749891655,-135.119066591989,2020-08-06T12:35:35Z,45.58526667,7.95776667,1525.00,72.718
6890,2,3905,3929.310749891655,-134.119066591989,2020-08-06T12:35:36Z,45.58535000,7.95790000,1522.00,72.704
6891,2,3906,3930.310749891655,-133.119066591989,2020-08-06T12:35:37Z,45.58543333,7.95805000,1521.00,72.689
6892,2,3907,3931.310749891655,-132.119066591989,2020-08-06T12:35:38Z,45.58550000,7.95818333,1521.00,72.677
6893,2,3908,3932.310749891655,-131.119066591989,2020-08-06T12:35:39Z,45.58556667,7.95830000,1521.00,72.665
6894,2,3909,3933.310749891655,-130.119066591989,2020-08-06T12:35:40Z,45.58563333,7.95840000,1519.00,72.654
6895,2,3910,3934.310749891655,-129.119066591989,2020-08-06T12:35:41Z,45.58571667,7.95851667,1516.00,72.641
6896,2,3911,3935.310749891655,-128.119066591989,2020-08-06T12:35:42Z,45.58578333,7.95861667,1516.00,72.63
6897,2,3912,3936.310749891655,-127.119066591989,2020-08-06T12:35:43Z,45.58586667,7.95871667,1513.00,72.618
6898,2,3913,3937.310749891655,-126.119066591989,2020-08-06T12:35:44Z,45.58593333,7.95883333,1511.00,72.607
6899,2,3914,3938.310749891655,-125.119066591989,2020-08-06T12:35:45Z,45.58600000,7.95895000,1508.00,72.595
6900,2,3915,3939.310749891655,-124.119066591989,2020-08-06T12:35:46Z,45.58606667,7.95905000,1509.00,72.584
6901,2,3916,3940.310749891655,-123.119066591989,2020-08-06T12:35:47Z,45.58615000,7.95915000,1507.00,72.572
6902,2,3917,3941.310749891655,-122.119066591989,2020-08-06T12:35:48Z,45.58621667,7.95926667,1505.00,72.561
6903,2,3918,3942.310749891655,-121.119066591989,2020-08-06T12:35:49Z,45.58630000,7.95935000,1504.00,72.549
6904,2,3919,3943.310749891655,-120.119066591989,2020-08-06T12:35:50Z,45.58636667,7.95946667,1502.00,72.538
6905,2,3920,3944.310749891655,-119.119066591989,2020-08-06T12:35:51Z,45.58645000,7.95956667,1502.00,72.526
6906,2,3921,3945.310749891655,-118.119066591989,2020-08-06T12:35:52Z,45.58651667,7.95966667,1500.00,72.515
6907,2,3922,3946.310749891655,-117.119066591989,2020-08-06T12:35:53Z,45.58658333,7.95976667,1500.00,72.504
6908,2,3923,3947.310749891655,-116.119066591989,2020-08-06T12:35:54Z,45.58665000,7.95985000,1501.00,72.494
6909,2,3924,3948.310749891655,-115.119066591989,2020-08-06T12:35:55Z,45.58673333,7.95995000,1499.00,72.482
6910,2,3925,3949.310749891655,-114.119066591989,2020-08-06T12:35:56Z,45.58680000,7.96003333,1499.00,72.473
6911,2,3926,3950.310749891655,-113.119066591989,2020-08-06T12:35:57Z,45.58686667,7.96013333,1497.00,72.462
6912,2,3927,3951.310749891655,-112.119066591989,2020-08-06T12:35:58Z,45.58693333,7.96021667,1493.00,72.452
6913,2,3928,3952.310749891655,-111.119066591989,2020-08-06T12:35:59Z,45.58700000,7.96031667,1492.00,72.441
6914,2,3929,3953.310749891655,-110.119066591989,2020-08-06T12:36:00Z,45.58706667,7.96041667,1492.00,72.43
6915,2,3930,3954.310749891655,-109.119066591989,2020-08-06T12:36:01Z,45.58715000,7.96051667,1490.00,72.418
6916,2,3931,3955.310749891655,-108.119066591989,2020-08-06T12:36:02Z,45.58721667,7.96061667,1490.00,72.408
6917,2,3932,3956.310749891655,-107.119066591989,2020-08-06T12:36:03Z,45.58728333,7.96071667,1490.00,72.397
6918,2,3933,3957.310749891655,-106.119066591989,2020-08-06T12:36:04Z,45.58735000,7.96083333,1487.00,72.385
6919,2,3934,3958.310749891655,-105.119066591989,2020-08-06T12:36:05Z,45.58741667,7.96093333,1485.00,72.375
6920,2,3935,3959.310749891655,-104.119066591989,2020-08-06T12:36:06Z,45.58748333,7.96105000,1482.00,72.363
6921,2,3936,3960.310749891655,-103.119066591989,2020-08-06T12:36:07Z,45.58756667,7.96115000,1484.00,72.351
6922,2,3937,3961.310749891655,-102.119066591989,2020-08-06T12:36:08Z,45.58765000,7.96125000,1482.00,72.339
6923,2,3938,3962.310749891655,-101.119066591989,2020-08-06T12:36:09Z,45.58773333,7.96135000,1482.00,72.327
6924,2,3939,3963.310749891655,-100.119066591989,2020-08-06T12:36:10Z,45.58781667,7.96145000,1478.00,72.315
6925,2,3940,3964.310749891655,-99.119066591989,2020-08-06T12:36:11Z,45.58790000,7.96156667,1487.00,72.302
6926,2,3941,3965.310749891655,-98.119066591989,2020-08-06T12:36:12Z,45.58796667,7.96166667,1477.00,72.291
6927,2,3942,3966.310749891655,-97.119066591989,2020-08-06T12:36:13Z,45.58805000,7.96176667,1480.00,72.279
6928,2,3943,3967.310749891655,-96.119066591989,2020-08-06T12:36:14Z,45.58811667,7.96188333,1477.00,72.267
6929,2,3944,3968.310749891655,-95.119066591989,2020-08-06T12:36:15Z,45.58820000,7.96198333,1471.00,72.255
6930,2,3945,3969.310749891655,-94.119066591989,2020-08-06T12:36:16Z,45.58828333,7.96210000,1472.00,72.242
6931,2,3946,3970.310749891655,-93.119066591989,2020-08-06T12:36:17Z,45.58836667,7.96221667,1468.00,72.229
6932,2,3947,3971.310749891655,-92.119066591989,2020-08-06T12:36:18Z,45.58845000,7.96231667,1467.00,72.217
6933,2,3948,3972.310749891655,-91.119066591989,2020-08-06T12:36:19Z,45.58853333,7.96241667,1468.00,72.205
6934,2,3949,3973.310749891655,-90.119066591989,2020-08-06T12:36:20Z,45.58860000,7.96250000,1471.00,72.195
6935,2,3950,3974.310749891655,-89.119066591989,2020-08-06T12:36:21Z,45.58868333,7.96258333,1469.00,72.184
6936,2,3951,3975.310749891655,-88.119066591989,2020-08-06T12:36:22Z,45.58875000,7.96266667,1468.00,72.175
6937,2,3952,3976.310749891655,-87.119066591989,2020-08-06T12:36:23Z,45.58883333,7.96275000,1468.00,72.163
6938,2,3953,3977.310749891655,-86.119066591989,2020-08-06T12:36:24Z,45.58890000,7.96283333,1467.00,72.154
6939,2,3954,3978.310749891655,-85.119066591989,2020-08-06T12:36:25Z,45.58898333,7.96293333,1463.00,72.142
6940,2,3955,3979.310749891655,-84.119066591989,2020-08-06T12:36:26Z,45.58906667,7.96301667,1468.00,72.131
6941,2,3956,3980.310749891655,-83.119066591989,2020-08-06T12:36:27Z,45.58913333,7.96310000,1466.00,72.121
6942,2,3957,3981.310749891655,-82.119066591989,2020-08-06T12:36:28Z,45.58921667,7.96320000,1463.00,72.109
6943,2,3958,3982.310749891655,-81.119066591989,2020-08-06T12:36:29Z,45.58928333,7.96328333,1460.00,72.099
6944,2,3959,3983.310749891655,-80.119066591989,2020-08-06T12:36:30Z,45.58936667,7.96336667,1466.00,72.088
6945,2,3960,3984.310749891655,-79.119066591989,2020-08-06T12:36:31Z,45.58943333,7.96346667,1456.00,72.077
6946,2,3961,3985.310749891655,-78.119066591989,2020-08-06T12:36:32Z,45.58951667,7.96358333,1464.00,72.064
6947,2,3962,3986.310749891655,-77.119066591989,2020-08-06T12:36:33Z,45.58960000,7.96368333,1457.00,72.052
6948,2,3963,3987.310749891655,-76.119066591989,2020-08-06T12:36:34Z,45.58966667,7.96378333,1460.00,72.041
6949,2,3964,3988.310749891655,-75.119066591989,2020-08-06T12:36:35Z,45.58975000,7.96386667,1456.00,72.03
6950,2,3965,3989.310749891655,-74.119066591989,2020-08-06T12:36:36Z,45.58981667,7.96395000,1456.00,72.02
6951,2,3966,3990.310749891655,-73.119066591989,2020-08-06T12:36:37Z,45.58990000,7.96403333,1456.00,72.009
6952,2,3967,3991.310749891655,-72.119066591989,2020-08-06T12:36:38Z,45.58998333,7.96411667,1454.00,71.998
6953,2,3968,3992.310749891655,-71.119066591989,2020-08-06T12:36:39Z,45.59008333,7.96420000,1453.00,71.986
6954,2,3969,3993.310749891655,-70.119066591989,2020-08-06T12:36:40Z,45.59018333,7.96430000,1451.00,71.973
6955,2,3970,3994.310749891655,-69.119066591989,2020-08-06T12:36:41Z,45.59026667,7.96438333,1454.00,71.962
6956,2,3971,3995.310749891655,-68.119066591989,2020-08-06T12:36:42Z,45.59036667,7.96446667,1453.00,71.949
6957,2,3972,3996.310749891655,-67.119066591989,2020-08-06T12:36:43Z,45.59045000,7.96455000,1450.00,71.938
6958,2,3973,3997.310749891655,-66.119066591989,2020-08-06T12:36:44Z,45.59053333,7.96461667,1457.00,71.928
6959,2,3974,3998.310749891655,-65.119066591989,2020-08-06T12:36:45Z,45.59061667,7.96470000,1451.00,71.917
6960,2,3975,3999.310749891655,-64.119066591989,2020-08-06T12:36:46Z,45.59071667,7.96478333,1447.00,71.905
6961,2,3976,4000.310749891655,-63.119066591989,2020-08-06T12:36:47Z,45.59080000,7.96486667,1444.00,71.894
6962,2,3977,4001.310749891655,-62.119066591989,2020-08-06T12:36:48Z,45.59090000,7.96495000,1449.00,71.881
6963,2,3978,4002.310749891655,-61.119066591989,2020-08-06T12:36:49Z,45.59098333,7.96501667,1454.00,71.871
6964,2,3979,4003.310749891655,-60.119066591989,2020-08-06T12:36:50Z,45.59106667,7.96508333,1450.00,71.861
6965,2,3980,4004.310749891655,-59.119066591989,2020-08-06T12:36:51Z,45.59115000,7.96515000,1446.00,71.851
6966,2,3981,4005.310749891655,-58.119066591989,2020-08-06T12:36:52Z,45.59123333,7.96523333,1444.00,71.84
6967,2,3982,4006.310749891655,-57.119066591989,2020-08-06T12:36:53Z,45.59131667,7.96531667,1442.00,71.829
6968,2,3983,4007.310749891655,-56.119066591989,2020-08-06T12:36:54Z,45.59140000,7.96540000,1442.00,71.818
6969,2,3984,4008.310749891655,-55.119066591989,2020-08-06T12:36:55Z,45.59150000,7.96548333,1439.00,71.805
6970,2,3985,4009.310749891655,-54.119066591989,2020-08-06T12:36:56Z,45.59160000,7.96556667,1436.00,71.793
6971,2,3986,4010.310749891655,-53.119066591989,2020-08-06T12:36:57Z,45.59168333,7.96565000,1437.00,71.782
6972,2,3987,4011.310749891655,-52.119066591989,2020-08-06T12:36:58Z,45.59176667,7.96573333,1435.00,71.771
6973,2,3988,4012.310749891655,-51.119066591989,2020-08-06T12:36:59Z,45.59186667,7.96581667,1433.00,71.759
6974,2,3989,4013.310749891655,-50.119066591989,2020-08-06T12:37:00Z,45.59195000,7.96590000,1431.00,71.748
6975,2,3990,4014.310749891655,-49.119066591989,2020-08-06T12:37:01Z,45.59203333,7.96596667,1433.00,71.737
6976,2,3991,4015.310749891655,-48.119066591989,2020-08-06T12:37:02Z,45.59213333,7.96603333,1434.00,71.726
6977,2,3992,4016.310749891655,-47.119066591989,2020-08-06T12:37:03Z,45.59221667,7.96610000,1428.00,71.716
6978,2,3993,4017.310749891655,-46.119066591989,2020-08-06T12:37:04Z,45.59231667,7.96618333,1427.00,71.704
6979,2,3994,4018.310749891655,-45.119066591989,2020-08-06T12:37:05Z,45.59241667,7.96626667,1424.00,71.691
6980,2,3995,4019.310749891655,-44.119066591989,2020-08-06T12:37:06Z,45.59253333,7.96635000,1430.00,71.678
6981,2,3996,4020.310749891655,-43.119066591989,2020-08-06T12:37:07Z,45.59263333,7.96643333,1420.00,71.666
6982,2,3997,4021.310749891655,-42.119066591989,2020-08-06T12:37:08Z,45.59271667,7.96650000,1418.00,71.656
6983,2,3998,4022.310749891655,-41.119066591989,2020-08-06T12:37:09Z,45.59281667,7.96658333,1426.00,71.643
6984,2,3999,4023.310749891655,-40.119066591989,2020-08-06T12:37:10Z,45.59291667,7.96665000,1426.00,71.632
6985,2,4000,4024.310749891655,-39.119066591989,2020-08-06T12:37:11Z,45.59301667,7.96671667,1425.00,71.621
6986,2,4001,4025.310749891655,-38.119066591989,2020-08-06T12:37:12Z,45.59310000,7.96678333,1413.00,71.611
6987,2,4002,4026.310749891655,-37.119066591989,2020-08-06T12:37:13Z,45.59320000,7.96683333,1430.00,71.6
6988,2,4003,4027.310749891655,-36.119066591989,2020-08-06T12:37:14Z,45.59330000,7.96690000,1418.00,71.589
6989,2,4004,4028.310749891655,-35.119066591989,2020-08-06T12:37:15Z,45.59340000,7.96696667,1418.00,71.578
6990,2,4005,4029.310749891655,-34.119066591989,2020-08-06T12:37:16Z,45.59348333,7.96705000,1421.00,71.567
6991,2,4006,4030.310749891655,-33.119066591989,2020-08-06T12:37:17Z,45.59358333,7.96711667,1417.00,71.555
6992,2,4007,4031.310749891655,-32.119066591989,2020-08-06T12:37:18Z,45.59368333,7.96720000,1415.00,71.543
6993,2,4008,4032.310749891655,-31.119066591989,2020-08-06T12:37:19Z,45.59378333,7.96726667,1419.00,71.532
6994,2,4009,4033.310749891655,-30.119066591989,2020-08-06T12:37:20Z,45.59386667,7.96733333,1409.00,71.522
6995,2,4010,4034.310749891655,-29.119066591989,2020-08-06T12:37:21Z,45.59396667,7.96740000,1409.00,71.511
6996,2,4011,4035.310749891655,-28.119066591989,2020-08-06T12:37:22Z,45.59405000,7.96746667,1415.00,71.5
6997,2,4012,4036.310749891655,-27.119066591989,2020-08-06T12:37:23Z,45.59415000,7.96753333,1407.00,71.489
6998,2,4013,4037.310749891655,-26.119066591989,2020-08-06T12:37:24Z,45.59425000,7.96760000,1405.00,71.478
6999,2,4014,4038.310749891655,-25.119066591989,2020-08-06T12:37:25Z,45.59435000,7.96766667,1402.00,71.467
7000,2,4015,4039.310749891655,-24.119066591989,2020-08-06T12:37:26Z,45.59445000,7.96775000,1405.00,71.455
7001,2,4016,4040.310749891655,-23.119066591989,2020-08-06T12:37:27Z,45.59456667,7.96783333,1398.00,71.441
7002,2,4017,4041.310749891655,-22.119066591989,2020-08-06T12:37:28Z,45.59466667,7.96791667,1404.00,71.429
7003,2,4018,4042.310749891655,-21.119066591989,2020-08-06T12:37:29Z,45.59476667,7.96801667,1392.00,71.416
7004,2,4019,4043.310749891655,-20.119066591989,2020-08-06T12:37:30Z,45.59485000,7.96811667,1398.00,71.404
7005,2,4020,4044.310749891655,-19.119066591989,2020-08-06T12:37:31Z,45.59495000,7.96818333,1393.00,71.393
7006,2,4021,4045.310749891655,-18.119066591989,2020-08-06T12:37:32Z,45.59506667,7.96825000,1403.00,71.38
7007,2,4022,4046.310749891655,-17.119066591989,2020-08-06T12:37:33Z,45.59520000,7.96831667,1403.00,71.366
7008,2,4023,4047.310749891655,-16.119066591989,2020-08-06T12:37:34Z,45.59531667,7.96841667,1396.00,71.352
7009,2,4024,4048.310749891655,-15.119066591989,2020-08-06T12:37:35Z,45.59541667,7.96851667,1397.00,71.339
7010,2,4025,4049.310749891655,-14.119066591989,2020-08-06T12:37:36Z,45.59550000,7.96860000,1399.00,71.328
7011,2,4026,4050.310749891655,-13.119066591989,2020-08-06T12:37:37Z,45.59560000,7.96868333,1409.00,71.316
7012,2,4027,4051.310749891655,-12.119066591989,2020-08-06T12:37:38Z,45.59568333,7.96876667,1406.00,71.305
7013,2,4028,4052.310749891655,-11.119066591989,2020-08-06T12:37:39Z,45.59578333,7.96885000,1401.00,71.293
7014,2,4029,4053.310749891655,-10.119066591989,2020-08-06T12:37:40Z,45.59586667,7.96895000,1405.00,71.281
7015,2,4030,4054.310749891655,-9.119066591989,2020-08-06T12:37:41Z,45.59595000,7.96903333,1405.00,71.27
7016,2,4031,4055.310749891655,-8.119066591989,2020-08-06T12:37:42Z,45.59603333,7.96911667,1416.00,71.259
7017,2,4032,4056.310749891655,-7.119066591989,2020-08-06T12:37:43Z,45.59613333,7.96918333,1409.00,71.248
7018,2,4033,4057.310749891655,-6.119066591989,2020-08-06T12:37:44Z,45.59621667,7.96926667,1402.00,71.237
7019,2,4034,4058.310749891655,-5.119066591989,2020-08-06T12:37:45Z,45.59630000,7.96933333,1401.00,71.227
7020,2,4035,4059.310749891655,-4.119066591989,2020-08-06T12:37:46Z,45.59636667,7.96941667,1409.00,71.217
7021,2,4036,4060.310749891655,-3.119066591989,2020-08-06T12:37:47Z,45.59645000,7.96951667,1406.00,71.205
7022,2,4037,4061.310749891655,-2.119066591989,2020-08-06T12:37:48Z,45.59650000,7.96961667,1413.00,71.196
7023,2,4038,4062.310749891655,-1.119066591989,2020-08-06T12:37:49Z,45.59655000,7.96971667,1390.00,71.186
7024,2,4039,4063.310749891655,-0.119066591989,2020-08-06T12:37:50Z,45.59655000,7.96981667,1418.00,71.18
7025,2,4040,4064.310749891655,0.880933408011,2020-08-06T12:37:51Z,45.59653333,7.96993333,1407.00,71.174
7026,2,4041,4065.310749891655,1.880933408011,2020-08-06T12:37:52Z,45.59648333,7.97001667,1417.00,71.173
7027,2,4042,4066.310749891655,2.880933408011,2020-08-06T12:37:53Z,45.59641667,7.97003333,1421.00,71.177
7028,2,4043,4067.310749891655,3.880933408011,2020-08-06T12:37:54Z,45.59635000,7.97000000,1417.00,71.184
7029,2,4044,4068.310749891655,4.880933408011,2020-08-06T12:37:55Z,45.59630000,7.96993333,1425.00,71.191
7030,2,4045,4069.310749891655,5.880933408011,2020-08-06T12:37:56Z,45.59626667,7.96980000,1435.00,71.202
7031,2,4046,4070.310749891655,6.880933408011,2020-08-06T12:37:57Z,45.59626667,7.96966667,1430.00,71.209
7032,2,4047,4071.310749891655,7.880933408011,2020-08-06T12:37:58Z,45.59628333,7.96951667,1425.00,71.217
7033,2,4048,4072.310749891655,8.880933408011,2020-08-06T12:37:59Z,45.59635000,7.96938333,1429.00,71.22
7034,2,4049,4073.310749891655,9.880933408011,2020-08-06T12:38:00Z,45.59643333,7.96928333,1425.00,71.22
7035,2,4050,4074.310749891655,10.880933408011,2020-08-06T12:38:01Z,45.59653333,7.96921667,1427.00,71.217
7036,2,4051,4075.310749891655,11.880933408011,2020-08-06T12:38:02Z,45.59665000,7.96920000,1429.00,71.21
7037,2,4052,4076.310749891655,12.880933408011,2020-08-06T12:38:03Z,45.59675000,7.96921667,1437.00,71.201
7038,2,4053,4077.310749891655,13.880933408011,2020-08-06T12:38:04Z,45.59685000,7.96926667,1432.00,71.191
7039,2,4054,4078.310749891655,14.880933408011,2020-08-06T12:38:05Z,45.59691667,7.96936667,1439.00,71.181
7040,2,4055,4079.310749891655,15.880933408011,2020-08-06T12:38:06Z,45.59700000,7.96948333,1442.00,71.168
7041,2,4056,4080.310749891655,16.880933408011,2020-08-06T12:38:07Z,45.59703333,7.96960000,1440.00,71.158
7042,2,4057,4081.310749891655,17.880933408011,2020-08-06T12:38:08Z,45.59705000,7.96970000,1440.00,71.151
7043,2,4058,4082.310749891655,18.880933408011,2020-08-06T12:38:09Z,45.59703333,7.96981667,1438.00,71.145
7044,2,4059,4083.310749891655,19.880933408011,2020-08-06T12:38:10Z,45.59700000,7.96988333,1453.00,71.144
7045,2,4060,4084.310749891655,20.880933408011,2020-08-06T12:38:11Z,45.59696667,7.96995000,1448.00,71.142
7046,2,4061,4085.310749891655,21.880933408011,2020-08-06T12:38:12Z,45.59691667,7.96998333,1436.00,71.144
7047,2,4062,4086.310749891655,22.880933408011,2020-08-06T12:38:13Z,45.59686667,7.96996667,1450.00,71.148
7048,2,4063,4087.310749891655,23.880933408011,2020-08-06T12:38:14Z,45.59680000,7.96991667,1451.00,71.156
7049,2,4064,4088.310749891655,24.880933408011,2020-08-06T12:38:15Z,45.59675000,7.96983333,1452.00,71.165
7050,2,4065,4089.310749891655,25.880933408011,2020-08-06T12:38:16Z,45.59676667,7.96970000,1457.00,71.171
7051,2,4066,4090.310749891655,26.880933408011,2020-08-06T12:38:17Z,45.59678333,7.96955000,1448.00,71.179
7052,2,4067,4091.310749891655,27.880933408011,2020-08-06T12:38:18Z,45.59680000,7.96941667,1456.00,71.186
7053,2,4068,4092.310749891655,28.880933408011,2020-08-06T12:38:19Z,45.59685000,7.96928333,1458.00,71.19
7054,2,4069,4093.310749891655,29.880933408011,2020-08-06T12:38:20Z,45.59691667,7.96920000,1458.00,71.191
7055,2,4070,4094.310749891655,30.880933408011,2020-08-06T12:38:21Z,45.59700000,7.96915000,1465.00,71.188
7056,2,4071,4095.310749891655,31.880933408011,2020-08-06T12:38:22Z,45.59708333,7.96910000,1458.00,71.185
7057,2,4072,4096.310749891655,32.880933408011,2020-08-06T12:38:23Z,45.59716667,7.96910000,1470.00,71.179
7058,2,4073,4097.310749891655,33.880933408011,2020-08-06T12:38:24Z,45.59726667,7.96913333,1468.00,71.17
7059,2,4074,4098.310749891655,34.880933408011,2020-08-06T12:38:25Z,45.59735000,7.96918333,1463.00,71.161
7060,2,4075,4099.310749891655,35.880933408011,2020-08-06T12:38:26Z,45.59741667,7.96926667,1471.00,71.151
7061,2,4076,4100.310749891655,36.880933408011,2020-08-06T12:38:27Z,45.59745000,7.96938333,1472.00,71.142
7062,2,4077,4101.310749891655,37.880933408011,2020-08-06T12:38:28Z,45.59746667,7.96950000,1467.00,71.134
7063,2,4078,4102.310749891655,38.880933408011,2020-08-06T12:38:29Z,45.59745000,7.96961667,1470.00,71.128
7064,2,4079,4103.310749891655,39.880933408011,2020-08-06T12:38:30Z,45.59741667,7.96968333,1475.00,71.126
7065,2,4080,4104.310749891655,40.880933408011,2020-08-06T12:38:31Z,45.59738333,7.96971667,1478.00,71.127
7066,2,4081,4105.310749891655,41.880933408011,2020-08-06T12:38:32Z,45.59733333,7.96971667,1477.00,71.13
7067,2,4082,4106.310749891655,42.880933408011,2020-08-06T12:38:33Z,45.59726667,7.96968333,1481.00,71.137
7068,2,4083,4107.310749891655,43.880933408011,2020-08-06T12:38:34Z,45.59721667,7.96961667,1482.00,71.144
7069,2,4084,4108.310749891655,44.880933408011,2020-08-06T12:38:35Z,45.59726667,7.96945000,1486.00,71.151
7070,2,4085,4109.310749891655,45.880933408011,2020-08-06T12:38:36Z,45.59726667,7.96928333,1465.00,71.161
7071,2,4086,4110.310749891655,46.880933408011,2020-08-06T12:38:37Z,45.59730000,7.96915000,1495.00,71.167
7072,2,4087,4111.310749891655,47.880933408011,2020-08-06T12:38:38Z,45.59736667,7.96905000,1481.00,71.168
7073,2,4088,4112.310749891655,48.880933408011,2020-08-06T12:38:39Z,45.59745000,7.96900000,1490.00,71.165
7074,2,4089,4113.310749891655,49.880933408011,2020-08-06T12:38:40Z,45.59753333,7.96896667,1494.00,71.161
7075,2,4090,4114.310749891655,50.880933408011,2020-08-06T12:38:41Z,45.59761667,7.96895000,1491.00,71.157
7076,2,4091,4115.310749891655,51.880933408011,2020-08-06T12:38:42Z,45.59771667,7.96896667,1481.00,71.149
7077,2,4092,4116.310749891655,52.880933408011,2020-08-06T12:38:43Z,45.59781667,7.96901667,1500.00,71.139
7078,2,4093,4117.310749891655,53.880933408011,2020-08-06T12:38:44Z,45.59788333,7.96908333,1498.00,71.13
7079,2,4094,4118.310749891655,54.880933408011,2020-08-06T12:38:45Z,45.59793333,7.96918333,1494.00,71.12
7080,2,4095,4119.310749891655,55.880933408011,2020-08-06T12:38:46Z,45.59795000,7.96923333,1508.00,71.116
7081,2,4096,4120.310749891655,56.880933408011,2020-08-06T12:38:47Z,45.59793333,7.96928333,1497.00,71.114
7082,2,4097,4121.310749891655,57.880933408011,2020-08-06T12:38:48Z,45.59790000,7.96930000,1508.00,71.116
7083,2,4098,4122.310749891655,58.880933408011,2020-08-06T12:38:49Z,45.59786667,7.96931667,1503.00,71.117
7084,2,4099,4123.310749891655,59.880933408011,2020-08-06T12:38:50Z,45.59780000,7.96931667,1501.00,71.122
7085,2,4100,4124.310749891655,60.880933408011,2020-08-06T12:38:51Z,45.59773333,7.96926667,1518.00,71.129
7086,2,4101,4125.310749891655,61.880933408011,2020-08-06T12:38:52Z,45.59771667,7.96918333,1511.00,71.135
7087,2,4102,4126.310749891655,62.880933408011,2020-08-06T12:38:53Z,45.59770000,7.96908333,1516.00,71.143
7088,2,4103,4127.310749891655,63.880933408011,2020-08-06T12:38:54Z,45.59768333,7.96895000,1514.00,71.152
7089,2,4104,4128.310749891655,64.880933408011,2020-08-06T12:38:55Z,45.59770000,7.96883333,1520.00,71.158
7090,2,4105,4129.310749891655,65.880933408011,2020-08-06T12:38:56Z,45.59773333,7.96871667,1515.00,71.163
7091,2,4106,4130.310749891655,66.880933408011,2020-08-06T12:38:57Z,45.59778333,7.96863333,1517.00,71.164
7092,2,4107,4131.310749891655,67.880933408011,2020-08-06T12:38:58Z,45.59785000,7.96856667,1528.00,71.164
7093,2,4108,4132.310749891655,68.880933408011,2020-08-06T12:38:59Z,45.59791667,7.96848333,1524.00,71.164
7094,2,4109,4133.310749891655,69.880933408011,2020-08-06T12:39:00Z,45.59800000,7.96841667,1514.00,71.163
7095,2,4110,4134.310749891655,70.880933408011,2020-08-06T12:39:01Z,45.59810000,7.96836667,1518.00,71.159
7096,2,4111,4135.310749891655,71.880933408011,2020-08-06T12:39:02Z,45.59821667,7.96836667,1530.00,71.151
7097,2,4112,4136.310749891655,72.880933408011,2020-08-06T12:39:03Z,45.59831667,7.96838333,1532.00,71.143
7098,2,4113,4137.310749891655,73.880933408011,2020-08-06T12:39:04Z,45.59840000,7.96845000,1525.00,71.134
7099,2,4114,4138.310749891655,74.880933408011,2020-08-06T12:39:05Z,45.59848333,7.96856667,1530.00,71.121
7100,2,4115,4139.310749891655,75.880933408011,2020-08-06T12:39:06Z,45.59853333,7.96868333,1528.00,71.11
7101,2,4116,4140.310749891655,76.880933408011,2020-08-06T12:39:07Z,45.59856667,7.96876667,1522.00,71.103
7102,2,4117,4141.310749891655,77.880933408011,2020-08-06T12:39:08Z,45.59858333,7.96886667,1544.00,71.095
7103,2,4118,4142.310749891655,78.880933408011,2020-08-06T12:39:09Z,45.59856667,7.96895000,1534.00,71.091
7104,2,4119,4143.310749891655,79.880933408011,2020-08-06T12:39:10Z,45.59855000,7.96903333,1538.00,71.087
7105,2,4120,4144.310749891655,80.880933408011,2020-08-06T12:39:11Z,45.59850000,7.96911667,1531.00,71.086
7106,2,4121,4145.310749891655,81.880933408011,2020-08-06T12:39:12Z,45.59843333,7.96915000,1544.00,71.088
7107,2,4122,4146.310749891655,82.880933408011,2020-08-06T12:39:13Z,45.59836667,7.96915000,1540.00,71.093
7108,2,4123,4147.310749891655,83.880933408011,2020-08-06T12:39:14Z,45.59828333,7.96911667,1551.00,71.1
7109,2,4124,4148.310749891655,84.880933408011,2020-08-06T12:39:15Z,45.59825000,7.96905000,1541.00,71.107
7110,2,4125,4149.310749891655,85.880933408011,2020-08-06T12:39:16Z,45.59825000,7.96893333,1547.00,71.114
7111,2,4126,4150.310749891655,86.880933408011,2020-08-06T12:39:17Z,45.59823333,7.96880000,1546.00,71.123
7112,2,4127,4151.310749891655,87.880933408011,2020-08-06T12:39:18Z,45.59826667,7.96868333,1545.00,71.128
7113,2,4128,4152.310749891655,88.880933408011,2020-08-06T12:39:19Z,45.59831667,7.96858333,1553.00,71.131
7114,2,4129,4153.310749891655,89.880933408011,2020-08-06T12:39:20Z,45.59840000,7.96855000,1542.00,71.127
7115,2,4130,4154.310749891655,90.880933408011,2020-08-06T12:39:21Z,45.59851667,7.96850000,1549.00,71.123
7116,2,4131,4155.310749891655,91.880933408011,2020-08-06T12:39:22Z,45.59861667,7.96845000,1555.00,71.119
7117,2,4132,4156.310749891655,92.880933408011,2020-08-06T12:39:23Z,45.59870000,7.96845000,1561.00,71.113
7118,2,4133,4157.310749891655,93.880933408011,2020-08-06T12:39:24Z,45.59880000,7.96846667,1541.00,71.106
7119,2,4134,4158.310749891655,94.880933408011,2020-08-06T12:39:25Z,45.59886667,7.96855000,1541.00,71.096
7120,2,4135,4159.310749891655,95.880933408011,2020-08-06T12:39:26Z,45.59891667,7.96868333,1572.00,71.084
7121,2,4136,4160.310749891655,96.880933408011,2020-08-06T12:39:27Z,45.59893333,7.96880000,1551.00,71.076
7122,2,4137,4161.310749891655,97.880933408011,2020-08-06T12:39:28Z,45.59893333,7.96888333,1558.00,71.071
7123,2,4138,4162.310749891655,98.880933408011,2020-08-06T12:39:29Z,45.59890000,7.96896667,1548.00,71.068
7124,2,4139,4163.310749891655,99.880933408011,2020-08-06T12:39:30Z,45.59886667,7.96901667,1567.00,71.067
7125,2,4140,4164.310749891655,100.880933408011,2020-08-06T12:39:31Z,45.59880000,7.96906667,1571.00,71.068
7126,2,4141,4165.310749891655,101.880933408011,2020-08-06T12:39:32Z,45.59873333,7.96908333,1566.00,71.072
7127,2,4142,4166.310749891655,102.880933408011,2020-08-06T12:39:33Z,45.59865000,7.96906667,1575.00,71.079
7128,2,4143,4167.310749891655,103.880933408011,2020-08-06T12:39:34Z,45.59858333,7.96903333,1563.00,71.085
7129,2,4144,4168.310749891655,104.880933408011,2020-08-06T12:39:35Z,45.59853333,7.96895000,1573.00,71.094
7130,2,4145,4169.310749891655,105.880933408011,2020-08-06T12:39:36Z,45.59856667,7.96880000,1570.00,71.101
7131,2,4146,4170.310749891655,106.880933408011,2020-08-06T12:39:37Z,45.59858333,7.96865000,1576.00,71.109
7132,2,4147,4171.310749891655,107.880933408011,2020-08-06T12:39:38Z,45.59861667,7.96851667,1573.00,71.115
7133,2,4148,4172.310749891655,108.880933408011,2020-08-06T12:39:39Z,45.59865000,7.96840000,1576.00,71.12
7134,2,4149,4173.310749891655,109.880933408011,2020-08-06T12:39:40Z,45.59871667,7.96828333,1580.00,71.123
7135,2,4150,4174.310749891655,110.880933408011,2020-08-06T12:39:41Z,45.59880000,7.96818333,1579.00,71.123
7136,2,4151,4175.310749891655,111.880933408011,2020-08-06T12:39:42Z,45.59888333,7.96811667,1576.00,71.122
7137,2,4152,4176.310749891655,112.880933408011,2020-08-06T12:39:43Z,45.59898333,7.96806667,1583.00,71.119
7138,2,4153,4177.310749891655,113.880933408011,2020-08-06T12:39:44Z,45.59908333,7.96801667,1591.00,71.115
7139,2,4154,4178.310749891655,114.880933408011,2020-08-06T12:39:45Z,45.59916667,7.96795000,1591.00,71.114
7140,2,4155,4179.310749891655,115.880933408011,2020-08-06T12:39:46Z,45.59925000,7.96790000,1574.00,71.111
7141,2,4156,4180.310749891655,116.880933408011,2020-08-06T12:39:47Z,45.59935000,7.96786667,1596.00,71.107
7142,2,4157,4181.310749891655,117.880933408011,2020-08-06T12:39:48Z,45.59943333,7.96785000,1591.00,71.103
7143,2,4158,4182.310749891655,118.880933408011,2020-08-06T12:39:49Z,45.59953333,7.96788333,1592.00,71.094
7144,2,4159,4183.310749891655,119.880933408011,2020-08-06T12:39:50Z,45.59963333,7.96793333,1595.00,71.084
7145,2,4160,4184.310749891655,120.880933408011,2020-08-06T12:39:51Z,45.59971667,7.96801667,1589.00,71.074
7146,2,4161,4185.310749891655,121.880933408011,2020-08-06T12:39:52Z,45.59978333,7.96810000,1588.00,71.064
7147,2,4162,4186.310749891655,122.880933408011,2020-08-06T12:39:53Z,45.59981667,7.96818333,1593.00,71.057
7148,2,4163,4187.310749891655,123.880933408011,2020-08-06T12:39:54Z,45.59983333,7.96828333,1594.00,71.049
7149,2,4164,4188.310749891655,124.880933408011,2020-08-06T12:39:55Z,45.59981667,7.96838333,1588.00,71.044
7150,2,4165,4189.310749891655,125.880933408011,2020-08-06T12:39:56Z,45.59978333,7.96846667,1600.00,71.041
7151,2,4166,4190.310749891655,126.880933408011,2020-08-06T12:39:57Z,45.59973333,7.96856667,1596.00,71.038
7152,2,4167,4191.310749891655,127.880933408011,2020-08-06T12:39:58Z,45.59968333,7.96863333,1601.00,71.037
7153,2,4168,4192.310749891655,128.880933408011,2020-08-06T12:39:59Z,45.59963333,7.96866667,1605.00,71.038
7154,2,4169,4193.310749891655,129.880933408011,2020-08-06T12:40:00Z,45.59956667,7.96866667,1599.00,71.043
7155,2,4170,4194.310749891655,130.880933408011,2020-08-06T12:40:01Z,45.59950000,7.96863333,1605.00,71.049
7156,2,4171,4195.310749891655,131.880933408011,2020-08-06T12:40:02Z,45.59945000,7.96856667,1600.00,71.056
7157,2,4172,4196.310749891655,132.880933408011,2020-08-06T12:40:03Z,45.59946667,7.96845000,1609.00,71.063
7158,2,4173,4197.310749891655,133.880933408011,2020-08-06T12:40:04Z,45.59951667,7.96828333,1614.00,71.07
7159,2,4174,4198.310749891655,134.880933408011,2020-08-06T12:40:05Z,45.59960000,7.96816667,1605.00,71.072
7160,2,4175,4199.310749891655,135.880933408011,2020-08-06T12:40:06Z,45.59973333,7.96816667,1613.00,71.063
7161,2,4176,4200.310749891655,136.880933408011,2020-08-06T12:40:07Z,45.59985000,7.96816667,1613.00,71.056
7162,2,4177,4201.310749891655,137.880933408011,2020-08-06T12:40:08Z,45.59995000,7.96820000,1605.00,71.047
7163,2,4178,4202.310749891655,138.880933408011,2020-08-06T12:40:09Z,45.60003333,7.96826667,1623.00,71.038
7164,2,4179,4203.310749891655,139.880933408011,2020-08-06T12:40:10Z,45.60008333,7.96838333,1619.00,71.027
7165,2,4180,4204.310749891655,140.880933408011,2020-08-06T12:40:11Z,45.60010000,7.96850000,1605.00,71.018
7166,2,4181,4205.310749891655,141.880933408011,2020-08-06T12:40:12Z,45.60010000,7.96861667,1626.00,71.011
7167,2,4182,4206.310749891655,142.880933408011,2020-08-06T12:40:13Z,45.60008333,7.96873333,1628.00,71.005
7168,2,4183,4207.310749891655,143.880933408011,2020-08-06T12:40:14Z,45.60003333,7.96881667,1613.00,71.003
7169,2,4184,4208.310749891655,144.880933408011,2020-08-06T12:40:15Z,45.59998333,7.96885000,1633.00,71.004
7170,2,4185,4209.310749891655,145.880933408011,2020-08-06T12:40:16Z,45.59990000,7.96888333,1623.00,71.007
7171,2,4186,4210.310749891655,146.880933408011,2020-08-06T12:40:17Z,45.59981667,7.96888333,1626.00,71.013
7172,2,4187,4211.310749891655,147.880933408011,2020-08-06T12:40:18Z,45.59975000,7.96883333,1632.00,71.02
7173,2,4188,4212.310749891655,148.880933408011,2020-08-06T12:40:19Z,45.59973333,7.96871667,1633.00,71.028
7174,2,4189,4213.310749891655,149.880933408011,2020-08-06T12:40:20Z,45.59973333,7.96858333,1630.00,71.037
7175,2,4190,4214.310749891655,150.880933408011,2020-08-06T12:40:21Z,45.59978333,7.96846667,1630.00,71.041
7176,2,4191,4215.310749891655,151.880933408011,2020-08-06T12:40:22Z,45.59986667,7.96840000,1636.00,71.04
7177,2,4192,4216.310749891655,152.880933408011,2020-08-06T12:40:23Z,45.59995000,7.96835000,1639.00,71.038
7178,2,4193,4217.310749891655,153.880933408011,2020-08-06T12:40:24Z,45.60005000,7.96833333,1624.00,71.032
7179,2,4194,4218.310749891655,154.880933408011,2020-08-06T12:40:25Z,45.60016667,7.96833333,1637.00,71.025
7180,2,4195,4219.310749891655,155.880933408011,2020-08-06T12:40:26Z,45.60025000,7.96835000,1639.00,71.018
7181,2,4196,4220.310749891655,156.880933408011,2020-08-06T12:40:27Z,45.60033333,7.96841667,1642.00,71.009
7182,2,4197,4221.310749891655,157.880933408011,2020-08-06T12:40:28Z,45.60040000,7.96850000,1640.00,70.999
7183,2,4198,4222.310749891655,158.880933408011,2020-08-06T12:40:29Z,45.60046667,7.96861667,1650.00,70.988
7184,2,4199,4223.310749891655,159.880933408011,2020-08-06T12:40:30Z,45.60050000,7.96875000,1643.00,70.977
7185,2,4200,4224.310749891655,160.880933408011,2020-08-06T12:40:31Z,45.60051667,7.96886667,1641.00,70.968
7186,2,4201,4225.310749891655,161.880933408011,2020-08-06T12:40:32Z,45.60050000,7.96898333,1647.00,70.962
7187,2,4202,4226.310749891655,162.880933408011,2020-08-06T12:40:33Z,45.60046667,7.96908333,1645.00,70.958
7188,2,4203,4227.310749891655,163.880933408011,2020-08-06T12:40:34Z,45.60043333,7.96915000,1654.00,70.956
7189,2,4204,4228.310749891655,164.880933408011,2020-08-06T12:40:35Z,45.60036667,7.96921667,1645.00,70.956
7190,2,4205,4229.310749891655,165.880933408011,2020-08-06T12:40:36Z,45.60030000,7.96921667,1644.00,70.96
7191,2,4206,4230.310749891655,166.880933408011,2020-08-06T12:40:37Z,45.60021667,7.96920000,1641.00,70.967
7192,2,4207,4231.310749891655,167.880933408011,2020-08-06T12:40:38Z,45.60013333,7.96915000,1643.00,70.975
7193,2,4208,4232.310749891655,168.880933408011,2020-08-06T12:40:39Z,45.60011667,7.96903333,1646.00,70.984
7194,2,4209,4233.310749891655,169.880933408011,2020-08-06T12:40:40Z,45.60011667,7.96888333,1643.00,70.993
7195,2,4210,4234.310749891655,170.880933408011,2020-08-06T12:40:41Z,45.60011667,7.96873333,1634.00,71.003
7196,2,4211,4235.310749891655,171.880933408011,2020-08-06T12:40:42Z,45.60013333,7.96861667,1655.00,71.009
7197,2,4212,4236.310749891655,172.880933408011,2020-08-06T12:40:43Z,45.60016667,7.96853333,1640.00,71.012
7198,2,4213,4237.310749891655,173.880933408011,2020-08-06T12:40:44Z,45.60021667,7.96843333,1645.00,71.015
7199,2,4214,4238.310749891655,174.880933408011,2020-08-06T12:40:45Z,45.60028333,7.96835000,1652.00,71.016
7200,2,4215,4239.310749891655,175.880933408011,2020-08-06T12:40:46Z,45.60035000,7.96828333,1639.00,71.016
7201,2,4216,4240.310749891655,176.880933408011,2020-08-06T12:40:47Z,45.60043333,7.96823333,1661.00,71.014
7202,2,4217,4241.310749891655,177.880933408011,2020-08-06T12:40:48Z,45.60053333,7.96823333,1653.00,71.008
7203,2,4218,4242.310749891655,178.880933408011,2020-08-06T12:40:49Z,45.60063333,7.96826667,1654.00,70.999
7204,2,4219,4243.310749891655,179.880933408011,2020-08-06T12:40:50Z,45.60075000,7.96831667,1659.00,70.989
7205,2,4220,4244.310749891655,180.880933408011,2020-08-06T12:40:51Z,45.60083333,7.96840000,1654.00,70.978
7206,2,4221,4245.310749891655,181.880933408011,2020-08-06T12:40:52Z,45.60091667,7.96851667,1663.00,70.966
7207,2,4222,4246.310749891655,182.880933408011,2020-08-06T12:40:53Z,45.60095000,7.96863333,1654.00,70.956
7208,2,4223,4247.310749891655,183.880933408011,2020-08-06T12:40:54Z,45.60098333,7.96880000,1657.00,70.943
7209,2,4224,4248.310749891655,184.880933408011,2020-08-06T12:40:55Z,45.60098333,7.96893333,1673.00,70.935
7210,2,4225,4249.310749891655,185.880933408011,2020-08-06T12:40:56Z,45.60096667,7.96906667,1641.00,70.927
7211,2,4226,4250.310749891655,186.880933408011,2020-08-06T12:40:57Z,45.60093333,7.96913333,1661.00,70.925
7212,2,4227,4251.310749891655,187.880933408011,2020-08-06T12:40:58Z,45.60086667,7.96916667,1650.00,70.927
7213,2,4228,4252.310749891655,188.880933408011,2020-08-06T12:40:59Z,45.60078333,7.96915000,1660.00,70.933
7214,2,4229,4253.310749891655,189.880933408011,2020-08-06T12:41:00Z,45.60073333,7.96908333,1656.00,70.941
7215,2,4230,4254.310749891655,190.880933408011,2020-08-06T12:41:01Z,45.60068333,7.96901667,1648.00,70.948
7216,2,4231,4255.310749891655,191.880933408011,2020-08-06T12:41:02Z,45.60075000,7.96888333,1655.00,70.953
7217,2,4232,4256.310749891655,192.880933408011,2020-08-06T12:41:03Z,45.60075000,7.96875000,1649.00,70.961
7218,2,4233,4257.310749891655,193.880933408011,2020-08-06T12:41:04Z,45.60075000,7.96861667,1648.00,70.97
7219,2,4234,4258.310749891655,194.880933408011,2020-08-06T12:41:05Z,45.60078333,7.96848333,1667.00,70.976
7220,2,4235,4259.310749891655,195.880933408011,2020-08-06T12:41:06Z,45.60081667,7.96838333,1641.00,70.98
7221,2,4236,4260.310749891655,196.880933408011,2020-08-06T12:41:07Z,45.60086667,7.96828333,1660.00,70.984
7222,2,4237,4261.310749891655,197.880933408011,2020-08-06T12:41:08Z,45.60093333,7.96820000,1653.00,70.985
7223,2,4238,4262.310749891655,198.880933408011,2020-08-06T12:41:09Z,45.60101667,7.96815000,1667.00,70.983
7224,2,4239,4263.310749891655,199.880933408011,2020-08-06T12:41:10Z,45.60111667,7.96811667,1659.00,70.979
7225,2,4240,4264.310749891655,200.880933408011,2020-08-06T12:41:11Z,45.60123333,7.96808333,1661.00,70.974
7226,2,4241,4265.310749891655,201.880933408011,2020-08-06T12:41:12Z,45.60133333,7.96805000,1663.00,70.97
7227,2,4242,4266.310749891655,202.880933408011,2020-08-06T12:41:13Z,45.60146667,7.96803333,1659.00,70.963
7228,2,4243,4267.310749891655,203.880933408011,2020-08-06T12:41:14Z,45.60160000,7.96803333,1660.00,70.955
7229,2,4244,4268.310749891655,204.880933408011,2020-08-06T12:41:15Z,45.60171667,7.96803333,1661.00,70.948
7230,2,4245,4269.310749891655,205.880933408011,2020-08-06T12:41:16Z,45.60181667,7.96806667,1661.00,70.939
7231,2,4246,4270.310749891655,206.880933408011,2020-08-06T12:41:17Z,45.60193333,7.96810000,1660.00,70.93
7232,2,4247,4271.310749891655,207.880933408011,2020-08-06T12:41:18Z,45.60205000,7.96813333,1654.00,70.921
7233,2,4248,4272.310749891655,208.880933408011,2020-08-06T12:41:19Z,45.60216667,7.96816667,1664.00,70.912
7234,2,4249,4273.310749891655,209.880933408011,2020-08-06T12:41:20Z,45.60228333,7.96821667,1663.00,70.902
7235,2,4250,4274.310749891655,210.880933408011,2020-08-06T12:41:21Z,45.60240000,7.96826667,1658.00,70.891
7236,2,4251,4275.310749891655,211.880933408011,2020-08-06T12:41:22Z,45.60253333,7.96835000,1663.00,70.878
7237,2,4252,4276.310749891655,212.880933408011,2020-08-06T12:41:23Z,45.60265000,7.96843333,1644.00,70.866
7238,2,4253,4277.310749891655,213.880933408011,2020-08-06T12:41:24Z,45.60275000,7.96851667,1666.00,70.854
7239,2,4254,4278.310749891655,214.880933408011,2020-08-06T12:41:25Z,45.60283333,7.96860000,1661.00,70.844
7240,2,4255,4279.310749891655,215.880933408011,2020-08-06T12:41:26Z,45.60293333,7.96868333,1664.00,70.833
7241,2,4256,4280.310749891655,216.880933408011,2020-08-06T12:41:27Z,45.60301667,7.96876667,1649.00,70.822
7242,2,4257,4281.310749891655,217.880933408011,2020-08-06T12:41:28Z,45.60310000,7.96883333,1663.00,70.813
7243,2,4258,4282.310749891655,218.880933408011,2020-08-06T12:41:29Z,45.60316667,7.96891667,1650.00,70.804
7244,2,4259,4283.310749891655,219.880933408011,2020-08-06T12:41:30Z,45.60325000,7.96901667,1656.00,70.792
7245,2,4260,4284.310749891655,220.880933408011,2020-08-06T12:41:31Z,45.60331667,7.96910000,1649.00,70.783
7246,2,4261,4285.310749891655,221.880933408011,2020-08-06T12:41:32Z,45.60341667,7.96916667,1657.00,70.772
7247,2,4262,4286.310749891655,222.880933408011,2020-08-06T12:41:33Z,45.60351667,7.96926667,1648.00,70.76
7248,2,4263,4287.310749891655,223.880933408011,2020-08-06T12:41:34Z,45.60361667,7.96936667,1654.00,70.748
7249,2,4264,4288.310749891655,224.880933408011,2020-08-06T12:41:35Z,45.60373333,7.96950000,1624.00,70.732
7250,2,4265,4289.310749891655,225.880933408011,2020-08-06T12:41:36Z,45.60383333,7.96963333,1641.00,70.717
7251,2,4266,4290.310749891655,226.880933408011,2020-08-06T12:41:37Z,45.60391667,7.96976667,1637.00,70.704
7252,2,4267,4291.310749891655,227.880933408011,2020-08-06T12:41:38Z,45.60401667,7.96990000,1633.00,70.689
7253,2,4268,4292.310749891655,228.880933408011,2020-08-06T12:41:39Z,45.60411667,7.97005000,1634.00,70.673
7254,2,4269,4293.310749891655,229.880933408011,2020-08-06T12:41:40Z,45.60420000,7.97020000,1627.00,70.659
7255,2,4270,4294.310749891655,230.880933408011,2020-08-06T12:41:41Z,45.60428333,7.97033333,1619.00,70.645
7256,2,4271,4295.310749891655,231.880933408011,2020-08-06T12:41:42Z,45.60436667,7.97046667,1628.00,70.631
7257,2,4272,4296.310749891655,232.880933408011,2020-08-06T12:41:43Z,45.60445000,7.97058333,1617.00,70.618
7258,2,4273,4297.310749891655,233.880933408011,2020-08-06T12:41:44Z,45.60451667,7.97071667,1624.00,70.606
7259,2,4274,4298.310749891655,234.880933408011,2020-08-06T12:41:45Z,45.60460000,7.97083333,1613.00,70.593
7260,2,4275,4299.310749891655,235.880933408011,2020-08-06T12:41:46Z,45.60468333,7.97096667,1611.00,70.579
7261,2,4276,4300.310749891655,236.880933408011,2020-08-06T12:41:47Z,45.60476667,7.97110000,1614.00,70.565
7262,2,4277,4301.310749891655,237.880933408011,2020-08-06T12:41:48Z,45.60485000,7.97123333,1608.00,70.551
7263,2,4278,4302.310749891655,238.880933408011,2020-08-06T12:41:49Z,45.60491667,7.97136667,1609.00,70.538
7264,2,4279,4303.310749891655,239.880933408011,2020-08-06T12:41:50Z,45.60498333,7.97148333,1600.00,70.527
7265,2,4280,4304.310749891655,240.880933408011,2020-08-06T12:41:51Z,45.60505000,7.97160000,1603.00,70.515
7266,2,4281,4305.310749891655,241.880933408011,2020-08-06T12:41:52Z,45.60511667,7.97171667,1602.00,70.503
7267,2,4282,4306.310749891655,242.880933408011,2020-08-06T12:41:53Z,45.60520000,7.97185000,1600.00,70.489
7268,2,4283,4307.310749891655,243.880933408011,2020-08-06T12:41:54Z,45.60528333,7.97198333,1595.00,70.476
7269,2,4284,4308.310749891655,244.880933408011,2020-08-06T12:41:55Z,45.60536667,7.97213333,1588.00,70.461
7270,2,4285,4309.310749891655,245.880933408011,2020-08-06T12:41:56Z,45.60545000,7.97226667,1593.00,70.447
7271,2,4286,4310.310749891655,246.880933408011,2020-08-06T12:41:57Z,45.60553333,7.97240000,1591.00,70.433
7272,2,4287,4311.310749891655,247.880933408011,2020-08-06T12:41:58Z,45.60561667,7.97251667,1600.00,70.42
7273,2,4288,4312.310749891655,248.880933408011,2020-08-06T12:41:59Z,45.60568333,7.97263333,1594.00,70.408
7274,2,4289,4313.310749891655,249.880933408011,2020-08-06T12:42:00Z,45.60575000,7.97273333,1592.00,70.398
7275,2,4290,4314.310749891655,250.880933408011,2020-08-06T12:42:01Z,45.60581667,7.97283333,1589.00,70.387
7276,2,4291,4315.310749891655,251.880933408011,2020-08-06T12:42:02Z,45.60588333,7.97293333,1574.00,70.376
7277,2,4292,4316.310749891655,252.880933408011,2020-08-06T12:42:03Z,45.60595000,7.97305000,1583.00,70.365
7278,2,4293,4317.310749891655,253.880933408011,2020-08-06T12:42:04Z,45.60603333,7.97316667,1582.00,70.352
7279,2,4294,4318.310749891655,254.880933408011,2020-08-06T12:42:05Z,45.60613333,7.97331667,1574.00,70.336
7280,2,4295,4319.310749891655,255.880933408011,2020-08-06T12:42:06Z,45.60623333,7.97343333,1577.00,70.322
7281,2,4296,4320.310749891655,256.880933408011,2020-08-06T12:42:07Z,45.60631667,7.97356667,1575.00,70.308
7282,2,4297,4321.310749891655,257.880933408011,2020-08-06T12:42:08Z,45.60640000,7.97370000,1569.00,70.294
7283,2,4298,4322.310749891655,258.880933408011,2020-08-06T12:42:09Z,45.60648333,7.97381667,1568.00,70.281
7284,2,4299,4323.310749891655,259.880933408011,2020-08-06T12:42:10Z,45.60656667,7.97393333,1568.00,70.269
7285,2,4300,4324.310749891655,260.880933408011,2020-08-06T12:42:11Z,45.60666667,7.97405000,1569.00,70.255
7286,2,4301,4325.310749891655,261.880933408011,2020-08-06T12:42:12Z,45.60676667,7.97418333,1563.00,70.24
7287,2,4302,4326.310749891655,262.880933408011,2020-08-06T12:42:13Z,45.60686667,7.97431667,1570.00,70.225
7288,2,4303,4327.310749891655,263.880933408011,2020-08-06T12:42:14Z,45.60695000,7.97445000,1562.00,70.211
7289,2,4304,4328.310749891655,264.880933408011,2020-08-06T12:42:15Z,45.60701667,7.97456667,1563.00,70.199
7290,2,4305,4329.310749891655,265.880933408011,2020-08-06T12:42:16Z,45.60708333,7.97468333,1562.00,70.187
7291,2,4306,4330.310749891655,266.880933408011,2020-08-06T12:42:17Z,45.60716667,7.97480000,1560.00,70.175
7292,2,4307,4331.310749891655,267.880933408011,2020-08-06T12:42:18Z,45.60723333,7.97491667,1559.00,70.163
7293,2,4308,4332.310749891655,268.880933408011,2020-08-06T12:42:19Z,45.60730000,7.97503333,1558.00,70.151
7294,2,4309,4333.310749891655,269.880933408011,2020-08-06T12:42:20Z,45.60738333,7.97516667,1553.00,70.137
7295,2,4310,4334.310749891655,270.880933408011,2020-08-06T12:42:21Z,45.60745000,7.97531667,1545.00,70.124
7296,2,4311,4335.310749891655,271.880933408011,2020-08-06T12:42:22Z,45.60751667,7.97545000,1549.00,70.111
7297,2,4312,4336.310749891655,272.880933408011,2020-08-06T12:42:23Z,45.60758333,7.97558333,1548.00,70.098
7298,2,4313,4337.310749891655,273.880933408011,2020-08-06T12:42:24Z,45.60766667,7.97570000,1545.00,70.085
7299,2,4314,4338.310749891655,274.880933408011,2020-08-06T12:42:25Z,45.60773333,7.97581667,1528.00,70.074
7300,2,4315,4339.310749891655,275.880933408011,2020-08-06T12:42:26Z,45.60781667,7.97595000,1531.00,70.06
7301,2,4316,4340.310749891655,276.880933408011,2020-08-06T12:42:27Z,45.60790000,7.97608333,1543.00,70.046
7302,2,4317,4341.310749891655,277.880933408011,2020-08-06T12:42:28Z,45.60798333,7.97621667,1537.00,70.032
7303,2,4318,4342.310749891655,278.880933408011,2020-08-06T12:42:29Z,45.60805000,7.97636667,1532.00,70.018
7304,2,4319,4343.310749891655,279.880933408011,2020-08-06T12:42:30Z,45.60813333,7.97653333,1529.00,70.002
7305,2,4320,4344.310749891655,280.880933408011,2020-08-06T12:42:31Z,45.60821667,7.97666667,1522.00,69.988
7306,2,4321,4345.310749891655,281.880933408011,2020-08-06T12:42:32Z,45.60831667,7.97681667,1524.00,69.972
7307,2,4322,4346.310749891655,282.880933408011,2020-08-06T12:42:33Z,45.60840000,7.97696667,1533.00,69.958
7308,2,4323,4347.310749891655,283.880933408011,2020-08-06T12:42:34Z,45.60848333,7.97710000,1524.00,69.944
7309,2,4324,4348.310749891655,284.880933408011,2020-08-06T12:42:35Z,45.60855000,7.97721667,1521.00,69.932
7310,2,4325,4349.310749891655,285.880933408011,2020-08-06T12:42:36Z,45.60861667,7.97733333,1525.00,69.92
7311,2,4326,4350.310749891655,286.880933408011,2020-08-06T12:42:37Z,45.60870000,7.97743333,1521.00,69.909
7312,2,4327,4351.310749891655,287.880933408011,2020-08-06T12:42:38Z,45.60876667,7.97753333,1524.00,69.898
7313,2,4328,4352.310749891655,288.880933408011,2020-08-06T12:42:39Z,45.60885000,7.97765000,1517.00,69.885
7314,2,4329,4353.310749891655,289.880933408011,2020-08-06T12:42:40Z,45.60893333,7.97776667,1519.00,69.872
7315,2,4330,4354.310749891655,290.880933408011,2020-08-06T12:42:41Z,45.60901667,7.97790000,1527.00,69.858
7316,2,4331,4355.310749891655,291.880933408011,2020-08-06T12:42:42Z,45.60910000,7.97803333,1512.00,69.845
7317,2,4332,4356.310749891655,292.880933408011,2020-08-06T12:42:43Z,45.60918333,7.97820000,1511.00,69.829
7318,2,4333,4357.310749891655,293.880933408011,2020-08-06T12:42:44Z,45.60928333,7.97833333,1512.00,69.814
7319,2,4334,4358.310749891655,294.880933408011,2020-08-06T12:42:45Z,45.60936667,7.97848333,1510.00,69.799
7320,2,4335,4359.310749891655,295.880933408011,2020-08-06T12:42:46Z,45.60946667,7.97861667,1509.00,69.784
7321,2,4336,4360.310749891655,296.880933408011,2020-08-06T12:42:47Z,45.60956667,7.97876667,1508.00,69.768
7322,2,4337,4361.310749891655,297.880933408011,2020-08-06T12:42:48Z,45.60966667,7.97890000,1507.00,69.753
7323,2,4338,4362.310749891655,298.880933408011,2020-08-06T12:42:49Z,45.60978333,7.97903333,1509.00,69.737
7324,2,4339,4363.310749891655,299.880933408011,2020-08-06T12:42:50Z,45.60988333,7.97916667,1510.00,69.722
7325,2,4340,4364.310749891655,300.880933408011,2020-08-06T12:42:51Z,45.60998333,7.97928333,1509.00,69.708
7326,2,4341,4365.310749891655,301.880933408011,2020-08-06T12:42:52Z,45.61008333,7.97941667,1512.00,69.693
7327,2,4342,4366.310749891655,302.880933408011,2020-08-06T12:42:53Z,45.61016667,7.97953333,1513.00,69.681
7328,2,4343,4367.310749891655,303.880933408011,2020-08-06T12:42:54Z,45.61026667,7.97965000,1510.00,69.667
7329,2,4344,4368.310749891655,304.880933408011,2020-08-06T12:42:55Z,45.61035000,7.97975000,1514.00,69.655
7330,2,4345,4369.310749891655,305.880933408011,2020-08-06T12:42:56Z,45.61045000,7.97986667,1512.00,69.641
7331,2,4346,4370.310749891655,306.880933408011,2020-08-06T12:42:57Z,45.61053333,7.97996667,1514.00,69.63
7332,2,4347,4371.310749891655,307.880933408011,2020-08-06T12:42:58Z,45.61061667,7.98008333,1517.00,69.617
7333,2,4348,4372.310749891655,308.880933408011,2020-08-06T12:42:59Z,45.61071667,7.98020000,1517.00,69.603
7334,2,4349,4373.310749891655,309.880933408011,2020-08-06T12:43:00Z,45.61080000,7.98030000,1517.00,69.591
7335,2,4350,4374.310749891655,310.880933408011,2020-08-06T12:43:01Z,45.61088333,7.98041667,1520.00,69.579
7336,2,4351,4375.310749891655,311.880933408011,2020-08-06T12:43:02Z,45.61096667,7.98053333,1519.00,69.566
7337,2,4352,4376.310749891655,312.880933408011,2020-08-06T12:43:03Z,45.61105000,7.98065000,1520.00,69.553
7338,2,4353,4377.310749891655,313.880933408011,2020-08-06T12:43:04Z,45.61113333,7.98076667,1505.00,69.54
7339,2,4354,4378.310749891655,314.880933408011,2020-08-06T12:43:05Z,45.61123333,7.98088333,1516.00,69.527
7340,2,4355,4379.310749891655,315.880933408011,2020-08-06T12:43:06Z,45.61133333,7.98101667,1516.00,69.512
7341,2,4356,4380.310749891655,316.880933408011,2020-08-06T12:43:07Z,45.61141667,7.98115000,1510.00,69.498
7342,2,4357,4381.310749891655,317.880933408011,2020-08-06T12:43:08Z,45.61151667,7.98131667,1503.00,69.481
7343,2,4358,4382.310749891655,318.880933408011,2020-08-06T12:43:09Z,45.61161667,7.98146667,1505.00,69.465
7344,2,4359,4383.310749891655,319.880933408011,2020-08-06T12:43:10Z,45.61171667,7.98161667,1511.00,69.449
7345,2,4360,4384.310749891655,320.880933408011,2020-08-06T12:43:11Z,45.61180000,7.98176667,1505.00,69.434
7346,2,4361,4385.310749891655,321.880933408011,2020-08-06T12:43:12Z,45.61186667,7.98190000,1507.00,69.421
7347,2,4362,4386.310749891655,322.880933408011,2020-08-06T12:43:13Z,45.61195000,7.98201667,1496.00,69.409
7348,2,4363,4387.310749891655,323.880933408011,2020-08-06T12:43:14Z,45.61201667,7.98215000,1505.00,69.396
7349,2,4364,4388.310749891655,324.880933408011,2020-08-06T12:43:15Z,45.61208333,7.98230000,1501.00,69.382
7350,2,4365,4389.310749891655,325.880933408011,2020-08-06T12:43:16Z,45.61216667,7.98243333,1490.00,69.368
7351,2,4366,4390.310749891655,326.880933408011,2020-08-06T12:43:17Z,45.61223333,7.98260000,1502.00,69.354
7352,2,4367,4391.310749891655,327.880933408011,2020-08-06T12:43:18Z,45.61231667,7.98275000,1492.00,69.339
7353,2,4368,4392.310749891655,328.880933408011,2020-08-06T12:43:19Z,45.61238333,7.98291667,1487.00,69.324
7354,2,4369,4393.310749891655,329.880933408011,2020-08-06T12:43:20Z,45.61246667,7.98306667,1497.00,69.309
7355,2,4370,4394.310749891655,330.880933408011,2020-08-06T12:43:21Z,45.61255000,7.98320000,1495.00,69.295
7356,2,4371,4395.310749891655,331.880933408011,2020-08-06T12:43:22Z,45.61261667,7.98333333,1495.00,69.282
7357,2,4372,4396.310749891655,332.880933408011,2020-08-06T12:43:23Z,45.61270000,7.98346667,1487.00,69.269
7358,2,4373,4397.310749891655,333.880933408011,2020-08-06T12:43:24Z,45.61276667,7.98358333,1491.00,69.257
7359,2,4374,4398.310749891655,334.880933408011,2020-08-06T12:43:25Z,45.61283333,7.98368333,1493.00,69.246
7360,2,4375,4399.310749891655,335.880933408011,2020-08-06T12:43:26Z,45.61291667,7.98380000,1500.00,69.234
7361,2,4376,4400.310749891655,336.880933408011,2020-08-06T12:43:27Z,45.61300000,7.98391667,1492.00,69.221
7362,2,4377,4401.310749891655,337.880933408011,2020-08-06T12:43:28Z,45.61308333,7.98405000,1492.00,69.207
7363,2,4378,4402.310749891655,338.880933408011,2020-08-06T12:43:29Z,45.61316667,7.98418333,1487.00,69.193
7364,2,4379,4403.310749891655,339.880933408011,2020-08-06T12:43:30Z,45.61323333,7.98430000,1491.00,69.182
7365,2,4380,4404.310749891655,340.880933408011,2020-08-06T12:43:31Z,45.61330000,7.98443333,1483.00,69.169
7366,2,4381,4405.310749891655,341.880933408011,2020-08-06T12:43:32Z,45.61338333,7.98456667,1486.00,69.155
7367,2,4382,4406.310749891655,342.880933408011,2020-08-06T12:43:33Z,45.61345000,7.98468333,1472.00,69.143
7368,2,4383,4407.310749891655,343.880933408011,2020-08-06T12:43:34Z,45.61353333,7.98483333,1483.00,69.129
7369,2,4384,4408.310749891655,344.880933408011,2020-08-06T12:43:35Z,45.61363333,7.98496667,1481.00,69.114
7370,2,4385,4409.310749891655,345.880933408011,2020-08-06T12:43:36Z,45.61371667,7.98513333,1474.00,69.098
7371,2,4386,4410.310749891655,346.880933408011,2020-08-06T12:43:37Z,45.61378333,7.98528333,1473.00,69.084
7372,2,4387,4411.310749891655,347.880933408011,2020-08-06T12:43:38Z,45.61386667,7.98541667,1472.00,69.07
7373,2,4388,4412.310749891655,348.880933408011,2020-08-06T12:43:39Z,45.61393333,7.98553333,1472.00,69.059
7374,2,4389,4413.310749891655,349.880933408011,2020-08-06T12:43:40Z,45.61400000,7.98565000,1476.00,69.047
7375,2,4390,4414.310749891655,350.880933408011,2020-08-06T12:43:41Z,45.61408333,7.98575000,1473.00,69.035
7376,2,4391,4415.310749891655,351.880933408011,2020-08-06T12:43:42Z,45.61415000,7.98588333,1472.00,69.023
7377,2,4392,4416.310749891655,352.880933408011,2020-08-06T12:43:43Z,45.61423333,7.98600000,1474.00,69.01
7378,2,4393,4417.310749891655,353.880933408011,2020-08-06T12:43:44Z,45.61430000,7.98613333,1474.00,68.997
7379,2,4394,4418.310749891655,354.880933408011,2020-08-06T12:43:45Z,45.61438333,7.98626667,1473.00,68.983
7380,2,4395,4419.310749891655,355.880933408011,2020-08-06T12:43:46Z,45.61446667,7.98638333,1471.00,68.971
7381,2,4396,4420.310749891655,356.880933408011,2020-08-06T12:43:47Z,45.61455000,7.98651667,1471.00,68.957
7382,2,4397,4421.310749891655,357.880933408011,2020-08-06T12:43:48Z,45.61463333,7.98663333,1472.00,68.944
7383,2,4398,4422.310749891655,358.880933408011,2020-08-06T12:43:49Z,45.61471667,7.98673333,1475.00,68.933
7384,2,4399,4423.310749891655,359.880933408011,2020-08-06T12:43:50Z,45.61480000,7.98685000,1472.00,68.92
7385,2,4400,4424.310749891655,360.880933408011,2020-08-06T12:43:51Z,45.61488333,7.98698333,1468.00,68.906
7386,2,4401,4425.310749891655,361.880933408011,2020-08-06T12:43:52Z,45.61496667,7.98710000,1468.00,68.894
7387,2,4402,4426.310749891655,362.880933408011,2020-08-06T12:43:53Z,45.61505000,7.98721667,1472.00,68.881
7388,2,4403,4427.310749891655,363.880933408011,2020-08-06T12:43:54Z,45.61513333,7.98733333,1467.00,68.869
7389,2,4404,4428.310749891655,364.880933408011,2020-08-06T12:43:55Z,45.61521667,7.98745000,1470.00,68.856
7390,2,4405,4429.310749891655,365.880933408011,2020-08-06T12:43:56Z,45.61530000,7.98758333,1464.00,68.842
7391,2,4406,4430.310749891655,366.880933408011,2020-08-06T12:43:57Z,45.61540000,7.98768333,1466.00,68.83
7392,2,4407,4431.310749891655,367.880933408011,2020-08-06T12:43:58Z,45.61548333,7.98781667,1466.00,68.816
7393,2,4408,4432.310749891655,368.880933408011,2020-08-06T12:43:59Z,45.61556667,7.98793333,1461.00,68.803
7394,2,4409,4433.310749891655,369.880933408011,2020-08-06T12:44:00Z,45.61565000,7.98805000,1460.00,68.791
7395,2,4410,4434.310749891655,370.880933408011,2020-08-06T12:44:01Z,45.61571667,7.98818333,1455.00,68.778
7396,2,4411,4435.310749891655,371.880933408011,2020-08-06T12:44:02Z,45.61580000,7.98831667,1456.00,68.764
7397,2,4412,4436.310749891655,372.880933408011,2020-08-06T12:44:03Z,45.61590000,7.98845000,1462.00,68.75
7398,2,4413,4437.310749891655,373.880933408011,2020-08-06T12:44:04Z,45.61598333,7.98861667,1451.00,68.734
7399,2,4414,4438.310749891655,374.880933408011,2020-08-06T12:44:05Z,45.61606667,7.98878333,1443.00,68.718
7400,2,4415,4439.310749891655,375.880933408011,2020-08-06T12:44:06Z,45.61613333,7.98895000,1445.00,68.703
7401,2,4416,4440.310749891655,376.880933408011,2020-08-06T12:44:07Z,45.61621667,7.98910000,1450.00,68.688
7402,2,4417,4441.310749891655,377.880933408011,2020-08-06T12:44:08Z,45.61628333,7.98923333,1444.00,68.675
7403,2,4418,4442.310749891655,378.880933408011,2020-08-06T12:44:09Z,45.61635000,7.98936667,1445.00,68.663
7404,2,4419,4443.310749891655,379.880933408011,2020-08-06T12:44:10Z,45.61640000,7.98950000,1440.00,68.651
7405,2,4420,4444.310749891655,380.880933408011,2020-08-06T12:44:11Z,45.61645000,7.98963333,1435.00,68.639
7406,2,4421,4445.310749891655,381.880933408011,2020-08-06T12:44:12Z,45.61650000,7.98976667,1444.00,68.627
7407,2,4422,4446.310749891655,382.880933408011,2020-08-06T12:44:13Z,45.61655000,7.98990000,1424.00,68.616
7408,2,4423,4447.310749891655,383.880933408011,2020-08-06T12:44:14Z,45.61661667,7.99003333,1433.00,68.603
7409,2,4424,4448.310749891655,384.880933408011,2020-08-06T12:44:15Z,45.61668333,7.99016667,1430.00,68.59
7410,2,4425,4449.310749891655,385.880933408011,2020-08-06T12:44:16Z,45.61676667,7.99030000,1432.00,68.577
7411,2,4426,4450.310749891655,386.880933408011,2020-08-06T12:44:17Z,45.61683333,7.99041667,1432.00,68.565
7412,2,4427,4451.310749891655,387.880933408011,2020-08-06T12:44:18Z,45.61690000,7.99053333,1425.00,68.553
7413,2,4428,4452.310749891655,388.880933408011,2020-08-06T12:44:19Z,45.61698333,7.99065000,1426.00,68.541
7414,2,4429,4453.310749891655,389.880933408011,2020-08-06T12:44:20Z,45.61705000,7.99075000,1425.00,68.53
7415,2,4430,4454.310749891655,390.880933408011,2020-08-06T12:44:21Z,45.61713333,7.99086667,1425.00,68.518
7416,2,4431,4455.310749891655,391.880933408011,2020-08-06T12:44:22Z,45.61721667,7.99100000,1425.00,68.504
7417,2,4432,4456.310749891655,392.880933408011,2020-08-06T12:44:23Z,45.61730000,7.99113333,1418.00,68.49
7418,2,4433,4457.310749891655,393.880933408011,2020-08-06T12:44:24Z,45.61738333,7.99125000,1415.00,68.478
7419,2,4434,4458.310749891655,394.880933408011,2020-08-06T12:44:25Z,45.61748333,7.99138333,1417.00,68.463
7420,2,4435,4459.310749891655,395.880933408011,2020-08-06T12:44:26Z,45.61756667,7.99150000,1418.00,68.451
7421,2,4436,4460.310749891655,396.880933408011,2020-08-06T12:44:27Z,45.61766667,7.99161667,1410.00,68.437
7422,2,4437,4461.310749891655,397.880933408011,2020-08-06T12:44:28Z,45.61775000,7.99173333,1412.00,68.425
7423,2,4438,4462.310749891655,398.880933408011,2020-08-06T12:44:29Z,45.61783333,7.99185000,1408.00,68.412
7424,2,4439,4463.310749891655,399.880933408011,2020-08-06T12:44:30Z,45.61793333,7.99198333,1406.00,68.398
7425,2,4440,4464.310749891655,400.880933408011,2020-08-06T12:44:31Z,45.61803333,7.99211667,1409.00,68.383
7426,2,4441,4465.310749891655,401.880933408011,2020-08-06T12:44:32Z,45.61813333,7.99225000,1408.00,68.369
7427,2,4442,4466.310749891655,402.880933408011,2020-08-06T12:44:33Z,45.61823333,7.99238333,1399.00,68.354
7428,2,4443,4467.310749891655,403.880933408011,2020-08-06T12:44:34Z,45.61831667,7.99251667,1398.00,68.341
7429,2,4444,4468.310749891655,404.880933408011,2020-08-06T12:44:35Z,45.61841667,7.99265000,1402.00,68.326
7430,2,4445,4469.310749891655,405.880933408011,2020-08-06T12:44:36Z,45.61851667,7.99276667,1398.00,68.313
7431,2,4446,4470.310749891655,406.880933408011,2020-08-06T12:44:37Z,45.61860000,7.99288333,1395.00,68.3
7432,2,4447,4471.310749891655,407.880933408011,2020-08-06T12:44:38Z,45.61868333,7.99298333,1397.00,68.289
7433,2,4448,4472.310749891655,408.880933408011,2020-08-06T12:44:39Z,45.61875000,7.99308333,1394.00,68.279
7434,2,4449,4473.310749891655,409.880933408011,2020-08-06T12:44:40Z,45.61883333,7.99320000,1402.00,68.266
7435,2,4450,4474.310749891655,410.880933408011,2020-08-06T12:44:41Z,45.61891667,7.99331667,1392.00,68.254
7436,2,4451,4475.310749891655,411.880933408011,2020-08-06T12:44:42Z,45.61900000,7.99343333,1388.00,68.242
7437,2,4452,4476.310749891655,412.880933408011,2020-08-06T12:44:43Z,45.61908333,7.99356667,1390.00,68.228
7438,2,4453,4477.310749891655,413.880933408011,2020-08-06T12:44:44Z,45.61916667,7.99368333,1387.00,68.216
7439,2,4454,4478.310749891655,414.880933408011,2020-08-06T12:44:45Z,45.61925000,7.99380000,1380.00,68.204
7440,2,4455,4479.310749891655,415.880933408011,2020-08-06T12:44:46Z,45.61935000,7.99393333,1378.00,68.189
7441,2,4456,4480.310749891655,416.880933408011,2020-08-06T12:44:47Z,45.61943333,7.99405000,1375.00,68.177
7442,2,4457,4481.310749891655,417.880933408011,2020-08-06T12:44:48Z,45.61951667,7.99416667,1375.00,68.165
7443,2,4458,4482.310749891655,418.880933408011,2020-08-06T12:44:49Z,45.61960000,7.99428333,1375.00,68.152
7444,2,4459,4483.310749891655,419.880933408011,2020-08-06T12:44:50Z,45.61968333,7.99440000,1369.00,68.14
7445,2,4460,4484.310749891655,420.880933408011,2020-08-06T12:44:51Z,45.61976667,7.99451667,1373.00,68.128
7446,2,4461,4485.310749891655,421.880933408011,2020-08-06T12:44:52Z,45.61986667,7.99463333,1365.00,68.115
7447,2,4462,4486.310749891655,422.880933408011,2020-08-06T12:44:53Z,45.61995000,7.99476667,1362.00,68.102
7448,2,4463,4487.310749891655,423.880933408011,2020-08-06T12:44:54Z,45.62003333,7.99490000,1365.00,68.088
7449,2,4464,4488.310749891655,424.880933408011,2020-08-06T12:44:55Z,45.62011667,7.99505000,1357.00,68.074
7450,2,4465,4489.310749891655,425.880933408011,2020-08-06T12:44:56Z,45.62018333,7.99520000,1360.00,68.06
7451,2,4466,4490.310749891655,426.880933408011,2020-08-06T12:44:57Z,45.62026667,7.99535000,1352.00,68.046
7452,2,4467,4491.310749891655,427.880933408011,2020-08-06T12:44:58Z,45.62035000,7.99548333,1356.00,68.032
7453,2,4468,4492.310749891655,428.880933408011,2020-08-06T12:44:59Z,45.62043333,7.99561667,1352.00,68.019
7454,2,4469,4493.310749891655,429.880933408011,2020-08-06T12:45:00Z,45.62051667,7.99576667,1348.00,68.004
7455,2,4470,4494.310749891655,430.880933408011,2020-08-06T12:45:01Z,45.62060000,7.99591667,1355.00,67.99
7456,2,4471,4495.310749891655,431.880933408011,2020-08-06T12:45:02Z,45.62068333,7.99606667,1351.00,67.976
7457,2,4472,4496.310749891655,432.880933408011,2020-08-06T12:45:03Z,45.62076667,7.99623333,1347.00,67.96
7458,2,4473,4497.310749891655,433.880933408011,2020-08-06T12:45:04Z,45.62083333,7.99638333,1362.00,67.946
7459,2,4474,4498.310749891655,434.880933408011,2020-08-06T12:45:05Z,45.62091667,7.99653333,1321.00,67.932
7460,2,4475,4499.310749891655,435.880933408011,2020-08-06T12:45:06Z,45.62098333,7.99665000,1371.00,67.921
7461,2,4476,4500.310749891655,436.880933408011,2020-08-06T12:45:07Z,45.62103333,7.99675000,1358.00,67.911
7462,2,4477,4501.310749891655,437.880933408011,2020-08-06T12:45:08Z,45.62110000,7.99685000,1324.00,67.901
7463,2,4478,4502.310749891655,438.880933408011,2020-08-06T12:45:09Z,45.62116667,7.99696667,1353.00,67.89
7464,2,4479,4503.310749891655,439.880933408011,2020-08-06T12:45:10Z,45.62125000,7.99710000,1365.00,67.877
7465,2,4480,4504.310749891655,440.880933408011,2020-08-06T12:45:11Z,45.62131667,7.99725000,1353.00,67.863
7466,2,4481,4505.310749891655,441.880933408011,2020-08-06T12:45:12Z,45.62138333,7.99741667,1344.00,67.849
7467,2,4482,4506.310749891655,442.880933408011,2020-08-06T12:45:13Z,45.62141667,7.99758333,1345.00,67.835
7468,2,4483,4507.310749891655,443.880933408011,2020-08-06T12:45:14Z,45.62146667,7.99773333,1346.00,67.822
7469,2,4484,4508.310749891655,444.880933408011,2020-08-06T12:45:15Z,45.62151667,7.99786667,1343.00,67.811
7470,2,4485,4509.310749891655,445.880933408011,2020-08-06T12:45:16Z,45.62156667,7.99800000,1344.00,67.799
7471,2,4486,4510.310749891655,446.880933408011,2020-08-06T12:45:17Z,45.62163333,7.99815000,1340.00,67.785
7472,2,4487,4511.310749891655,447.880933408011,2020-08-06T12:45:18Z,45.62170000,7.99831667,1335.00,67.77
7473,2,4488,4512.310749891655,448.880933408011,2020-08-06T12:45:19Z,45.62176667,7.99850000,1339.00,67.754
7474,2,4489,4513.310749891655,449.880933408011,2020-08-06T12:45:20Z,45.62181667,7.99868333,1329.00,67.739
7475,2,4490,4514.310749891655,450.880933408011,2020-08-06T12:45:21Z,45.62186667,7.99885000,1340.00,67.725
7476,2,4491,4515.310749891655,451.880933408011,2020-08-06T12:45:22Z,45.62193333,7.99900000,1341.00,67.712
7477,2,4492,4516.310749891655,452.880933408011,2020-08-06T12:45:23Z,45.62200000,7.99913333,1318.00,67.699
7478,2,4493,4517.310749891655,453.880933408011,2020-08-06T12:45:24Z,45.62205000,7.99925000,1316.00,67.689
7479,2,4494,4518.310749891655,454.880933408011,2020-08-06T12:45:25Z,45.62210000,7.99936667,1299.00,67.678
7480,2,4495,4519.310749891655,455.880933408011,2020-08-06T12:45:26Z,45.62211667,7.99948333,1327.00,67.669
7481,2,4496,4520.310749891655,456.880933408011,2020-08-06T12:45:27Z,45.62215000,7.99960000,1377.00,67.659
7482,2,4497,4521.310749891655,457.880933408011,2020-08-06T12:45:28Z,45.62218333,7.99971667,1355.00,67.65
7483,2,4498,4522.310749891655,458.880933408011,2020-08-06T12:45:29Z,45.62221667,7.99985000,1325.00,67.639
7484,2,4499,4523.310749891655,459.880933408011,2020-08-06T12:45:30Z,45.62225000,7.99998333,1343.00,67.627
7485,2,4500,4524.310749891655,460.880933408011,2020-08-06T12:45:31Z,45.62228333,8.00010000,1312.00,67.618
7486,2,4501,4525.310749891655,461.880933408011,2020-08-06T12:45:32Z,45.62230000,8.00023333,1333.00,67.607
7487,2,4502,4526.310749891655,462.880933408011,2020-08-06T12:45:33Z,45.62231667,8.00036667,1329.00,67.597
7488,2,4503,4527.310749891655,463.880933408011,2020-08-06T12:45:34Z,45.62231667,8.00051667,1324.00,67.586
7489,2,4504,4528.310749891655,464.880933408011,2020-08-06T12:45:35Z,45.62231667,8.00065000,1317.00,67.577
7490,2,4505,4529.310749891655,465.880933408011,2020-08-06T12:45:36Z,45.62233333,8.00076667,1338.00,67.567
7491,2,4506,4530.310749891655,466.880933408011,2020-08-06T12:45:37Z,45.62233333,8.00086667,1298.00,67.56
7492,2,4507,4531.310749891655,467.880933408011,2020-08-06T12:45:38Z,45.62233333,8.00095000,1343.00,67.554
7493,2,4508,4532.310749891655,468.880933408011,2020-08-06T12:45:39Z,45.62233333,8.00103333,1337.00,67.548
7494,2,4509,4533.310749891655,469.880933408011,2020-08-06T12:45:40Z,45.62233333,8.00113333,1345.00,67.541
7495,2,4510,4534.310749891655,470.880933408011,2020-08-06T12:45:41Z,45.62236667,8.00125000,1337.00,67.531
7496,2,4511,4535.310749891655,471.880933408011,2020-08-06T12:45:42Z,45.62240000,8.00135000,1343.00,67.523
7497,2,4512,4536.310749891655,472.880933408011,2020-08-06T12:45:43Z,45.62245000,8.00146667,1348.00,67.512
7498,2,4513,4537.310749891655,473.880933408011,2020-08-06T12:45:44Z,45.62250000,8.00158333,1348.00,67.502
7499,2,4514,4538.310749891655,474.880933408011,2020-08-06T12:45:45Z,45.62251667,8.00168333,1353.00,67.494
7500,2,4515,4539.310749891655,475.880933408011,2020-08-06T12:45:46Z,45.62250000,8.00176667,1339.00,67.489
7501,2,4516,4540.310749891655,476.880933408011,2020-08-06T12:45:47Z,45.62246667,8.00181667,1356.00,67.486
7502,2,4517,4541.310749891655,477.880933408011,2020-08-06T12:45:48Z,45.62240000,8.00185000,1360.00,67.487
7503,2,4518,4542.310749891655,478.880933408011,2020-08-06T12:45:49Z,45.62233333,8.00185000,1353.00,67.49
7504,2,4519,4543.310749891655,479.880933408011,2020-08-06T12:45:50Z,45.62225000,8.00180000,1355.00,67.498
7505,2,4520,4544.310749891655,480.880933408011,2020-08-06T12:45:51Z,45.62218333,8.00170000,1361.00,67.508
7506,2,4521,4545.310749891655,481.880933408011,2020-08-06T12:45:52Z,45.62215000,8.00160000,1355.00,67.517
7507,2,4522,4546.310749891655,482.880933408011,2020-08-06T12:45:53Z,45.62211667,8.00148333,1365.00,67.526
7508,2,4523,4547.310749891655,483.880933408011,2020-08-06T12:45:54Z,45.62210000,8.00135000,1365.00,67.537
7509,2,4524,4548.310749891655,484.880933408011,2020-08-06T12:45:55Z,45.62211667,8.00120000,1365.00,67.546
7510,2,4525,4549.310749891655,485.880933408011,2020-08-06T12:45:56Z,45.62215000,8.00105000,1369.00,67.555
7511,2,4526,4550.310749891655,486.880933408011,2020-08-06T12:45:57Z,45.62221667,8.00093333,1367.00,67.561
7512,2,4527,4551.310749891655,487.880933408011,2020-08-06T12:45:58Z,45.62231667,8.00086667,1371.00,67.561
7513,2,4528,4552.310749891655,488.880933408011,2020-08-06T12:45:59Z,45.62243333,8.00081667,1382.00,67.56
7514,2,4529,4553.310749891655,489.880933408011,2020-08-06T12:46:00Z,45.62255000,8.00081667,1370.00,67.555
7515,2,4530,4554.310749891655,490.880933408011,2020-08-06T12:46:01Z,45.62265000,8.00085000,1372.00,67.549
7516,2,4531,4555.310749891655,491.880933408011,2020-08-06T12:46:02Z,45.62273333,8.00088333,1386.00,67.543
7517,2,4532,4556.310749891655,492.880933408011,2020-08-06T12:46:03Z,45.62285000,8.00095000,1380.00,67.535
7518,2,4533,4557.310749891655,493.880933408011,2020-08-06T12:46:04Z,45.62295000,8.00100000,1390.00,67.528
7519,2,4534,4558.310749891655,494.880933408011,2020-08-06T12:46:05Z,45.62306667,8.00103333,1376.00,67.522
7520,2,4535,4559.310749891655,495.880933408011,2020-08-06T12:46:06Z,45.62315000,8.00105000,1419.00,67.518
7521,2,4536,4560.310749891655,496.880933408011,2020-08-06T12:46:07Z,45.62325000,8.00106667,1401.00,67.514
7522,2,4537,4561.310749891655,497.880933408011,2020-08-06T12:46:08Z,45.62335000,8.00105000,1404.00,67.513
7523,2,4538,4562.310749891655,498.880933408011,2020-08-06T12:46:09Z,45.62345000,8.00101667,1404.00,67.513
7524,2,4539,4563.310749891655,499.880933408011,2020-08-06T12:46:10Z,45.62355000,8.00096667,1403.00,67.515
7525,2,4540,4564.310749891655,500.880933408011,2020-08-06T12:46:11Z,45.62365000,8.00088333,1401.00,67.52
7526,2,4541,4565.310749891655,501.880933408011,2020-08-06T12:46:12Z,45.62373333,8.00076667,1405.00,67.527
7527,2,4542,4566.310749891655,502.880933408011,2020-08-06T12:46:13Z,45.62378333,8.00063333,1411.00,67.537
7528,2,4543,4567.310749891655,503.880933408011,2020-08-06T12:46:14Z,45.62378333,8.00048333,1404.00,67.548
7529,2,4544,4568.310749891655,504.880933408011,2020-08-06T12:46:15Z,45.62378333,8.00035000,1409.00,67.559
7530,2,4545,4569.310749891655,505.880933408011,2020-08-06T12:46:16Z,45.62375000,8.00025000,1421.00,67.567
7531,2,4546,4570.310749891655,506.880933408011,2020-08-06T12:46:17Z,45.62371667,8.00018333,1415.00,67.572
7532,2,4547,4571.310749891655,507.880933408011,2020-08-06T12:46:18Z,45.62366667,8.00011667,1417.00,67.578
7533,2,4548,4572.310749891655,508.880933408011,2020-08-06T12:46:19Z,45.62365000,8.00008333,1424.00,67.581
7534,2,4549,4573.310749891655,509.880933408011,2020-08-06T12:46:20Z,45.62361667,8.00008333,1422.00,67.582
7535,2,4550,4574.310749891655,510.880933408011,2020-08-06T12:46:21Z,45.62360000,8.00013333,1425.00,67.578
7536,2,4551,4575.310749891655,511.880933408011,2020-08-06T12:46:22Z,45.62356667,8.00020000,1425.00,67.574
7537,2,4552,4576.310749891655,512.880933408011,2020-08-06T12:46:23Z,45.62356667,8.00030000,1424.00,67.566
7538,2,4553,4577.310749891655,513.880933408011,2020-08-06T12:46:24Z,45.62358333,8.00040000,1434.00,67.558
7539,2,4554,4578.310749891655,514.880933408011,2020-08-06T12:46:25Z,45.62363333,8.00048333,1431.00,67.551
7540,2,4555,4579.310749891655,515.880933408011,2020-08-06T12:46:26Z,45.62370000,8.00056667,1437.00,67.543
7541,2,4556,4580.310749891655,516.880933408011,2020-08-06T12:46:27Z,45.62376667,8.00063333,1437.00,67.537
7542,2,4557,4581.310749891655,517.880933408011,2020-08-06T12:46:28Z,45.62386667,8.00070000,1442.00,67.531
7543,2,4558,4582.310749891655,518.880933408011,2020-08-06T12:46:29Z,45.62395000,8.00075000,1441.00,67.526
7544,2,4559,4583.310749891655,519.880933408011,2020-08-06T12:46:30Z,45.62406667,8.00075000,1441.00,67.525
7545,2,4560,4584.310749891655,520.880933408011,2020-08-06T12:46:31Z,45.62416667,8.00073333,1447.00,67.519
7546,2,4561,4585.310749891655,521.880933408011,2020-08-06T12:46:32Z,45.62428333,8.00066667,1450.00,67.513
7547,2,4562,4586.310749891655,522.880933408011,2020-08-06T12:46:33Z,45.62438333,8.00056667,1449.00,67.51
7548,2,4563,4587.310749891655,523.880933408011,2020-08-06T12:46:34Z,45.62445000,8.00043333,1452.00,67.512
7549,2,4564,4588.310749891655,524.880933408011,2020-08-06T12:46:35Z,45.62448333,8.00028333,1455.00,67.518
7550,2,4565,4589.310749891655,525.880933408011,2020-08-06T12:46:36Z,45.62450000,8.00013333,1454.00,67.525
7551,2,4566,4590.310749891655,526.880933408011,2020-08-06T12:46:37Z,45.62448333,8.00000000,1458.00,67.534
7552,2,4567,4591.310749891655,527.880933408011,2020-08-06T12:46:38Z,45.62448333,7.99986667,1454.00,67.542
7553,2,4568,4592.310749891655,528.880933408011,2020-08-06T12:46:39Z,45.62445000,7.99976667,1458.00,67.55
7554,2,4569,4593.310749891655,529.880933408011,2020-08-06T12:46:40Z,45.62443333,7.99966667,1462.00,67.557
7555,2,4570,4594.310749891655,530.880933408011,2020-08-06T12:46:41Z,45.62438333,7.99963333,1460.00,67.563
7556,2,4571,4595.310749891655,531.880933408011,2020-08-06T12:46:42Z,45.62433333,7.99961667,1461.00,67.567
7557,2,4572,4596.310749891655,532.880933408011,2020-08-06T12:46:43Z,45.62430000,7.99966667,1470.00,67.567
7558,2,4573,4597.310749891655,533.880933408011,2020-08-06T12:46:44Z,45.62426667,7.99976667,1463.00,67.563
7559,2,4574,4598.310749891655,534.880933408011,2020-08-06T12:46:45Z,45.62426667,7.99986667,1467.00,67.558
7560,2,4575,4599.310749891655,535.880933408011,2020-08-06T12:46:46Z,45.62426667,7.99996667,1472.00,67.552
7561,2,4576,4600.310749891655,536.880933408011,2020-08-06T12:46:47Z,45.62430000,8.00006667,1470.00,67.544
7562,2,4577,4601.310749891655,537.880933408011,2020-08-06T12:46:48Z,45.62433333,8.00016667,1478.00,67.536
7563,2,4578,4602.310749891655,538.880933408011,2020-08-06T12:46:49Z,45.62440000,8.00026667,1460.00,67.525
7564,2,4579,4603.310749891655,539.880933408011,2020-08-06T12:46:50Z,45.62445000,8.00036667,1473.00,67.515
7565,2,4580,4604.310749891655,540.880933408011,2020-08-06T12:46:51Z,45.62451667,8.00045000,1464.00,67.506
7566,2,4581,4605.310749891655,541.880933408011,2020-08-06T12:46:52Z,45.62455000,8.00053333,1485.00,67.498
7567,2,4582,4606.310749891655,542.880933408011,2020-08-06T12:46:53Z,45.62458333,8.00065000,1473.00,67.489
7568,2,4583,4607.310749891655,543.880933408011,2020-08-06T12:46:54Z,45.62458333,8.00075000,1484.00,67.484
7569,2,4584,4608.310749891655,544.880933408011,2020-08-06T12:46:55Z,45.62455000,8.00081667,1481.00,67.483
7570,2,4585,4609.310749891655,545.880933408011,2020-08-06T12:46:56Z,45.62451667,8.00086667,1486.00,67.483
7571,2,4586,4610.310749891655,546.880933408011,2020-08-06T12:46:57Z,45.62445000,8.00086667,1492.00,67.488
7572,2,4587,4611.310749891655,547.880933408011,2020-08-06T12:46:58Z,45.62440000,8.00081667,1485.00,67.495
7573,2,4588,4612.310749891655,548.880933408011,2020-08-06T12:46:59Z,45.62433333,8.00071667,1492.00,67.506
7574,2,4589,4613.310749891655,549.880933408011,2020-08-06T12:47:00Z,45.62428333,8.00061667,1495.00,67.515
7575,2,4590,4614.310749891655,550.880933408011,2020-08-06T12:47:01Z,45.62420000,8.00051667,1492.00,67.527
7576,2,4591,4615.310749891655,551.880933408011,2020-08-06T12:47:02Z,45.62411667,8.00043333,1494.00,67.538
7577,2,4592,4616.310749891655,552.880933408011,2020-08-06T12:47:03Z,45.62403333,8.00036667,1498.00,67.549
7578,2,4593,4617.310749891655,553.880933408011,2020-08-06T12:47:04Z,45.62395000,8.00028333,1497.00,67.56
7579,2,4594,4618.310749891655,554.880933408011,2020-08-06T12:47:05Z,45.62388333,8.00018333,1501.00,67.57
7580,2,4595,4619.310749891655,555.880933408011,2020-08-06T12:47:06Z,45.62383333,8.00010000,1501.00,67.577
7581,2,4596,4620.310749891655,556.880933408011,2020-08-06T12:47:07Z,45.62376667,8.00005000,1511.00,67.582
7582,2,4597,4621.310749891655,557.880933408011,2020-08-06T12:47:08Z,45.62368333,8.00001667,1492.00,67.586
7583,2,4598,4622.310749891655,558.880933408011,2020-08-06T12:47:09Z,45.62360000,7.99998333,1494.00,67.59
7584,2,4599,4623.310749891655,559.880933408011,2020-08-06T12:47:10Z,45.62351667,7.99993333,1501.00,67.595
7585,2,4600,4624.310749891655,560.880933408011,2020-08-06T12:47:11Z,45.62345000,7.99983333,1514.00,67.604
7586,2,4601,4625.310749891655,561.880933408011,2020-08-06T12:47:12Z,45.62345000,7.99968333,1504.00,67.615
7587,2,4602,4626.310749891655,562.880933408011,2020-08-06T12:47:13Z,45.62346667,7.99948333,1507.00,67.63
7588,2,4603,4627.310749891655,563.880933408011,2020-08-06T12:47:14Z,45.62351667,7.99933333,1513.00,67.641
7589,2,4604,4628.310749891655,564.880933408011,2020-08-06T12:47:15Z,45.62360000,7.99921667,1514.00,67.646
7590,2,4605,4629.310749891655,565.880933408011,2020-08-06T12:47:16Z,45.62368333,7.99915000,1525.00,67.643
7591,2,4606,4630.310749891655,566.880933408011,2020-08-06T12:47:17Z,45.62375000,7.99910000,1523.00,67.64
7592,2,4607,4631.310749891655,567.880933408011,2020-08-06T12:47:18Z,45.62383333,7.99905000,1519.00,67.637
7593,2,4608,4632.310749891655,568.880933408011,2020-08-06T12:47:19Z,45.62393333,7.99900000,1519.00,67.633
7594,2,4609,4633.310749891655,569.880933408011,2020-08-06T12:47:20Z,45.62403333,7.99896667,1523.00,67.627
7595,2,4610,4634.310749891655,570.880933408011,2020-08-06T12:47:21Z,45.62418333,7.99893333,1506.00,67.619
7596,2,4611,4635.310749891655,571.880933408011,2020-08-06T12:47:22Z,45.62430000,7.99895000,1517.00,67.61
7597,2,4612,4636.310749891655,572.880933408011,2020-08-06T12:47:23Z,45.62441667,7.99901667,1524.00,67.598
7598,2,4613,4637.310749891655,573.880933408011,2020-08-06T12:47:24Z,45.62450000,7.99911667,1514.00,67.586
7599,2,4614,4638.310749891655,574.880933408011,2020-08-06T12:47:25Z,45.62456667,7.99923333,1527.00,67.574
7600,2,4615,4639.310749891655,575.880933408011,2020-08-06T12:47:26Z,45.62456667,7.99931667,1524.00,67.569
7601,2,4616,4640.310749891655,576.880933408011,2020-08-06T12:47:27Z,45.62451667,7.99941667,1520.00,67.566
7602,2,4617,4641.310749891655,577.880933408011,2020-08-06T12:47:28Z,45.62450000,7.99951667,1527.00,67.561
7603,2,4618,4642.310749891655,578.880933408011,2020-08-06T12:47:29Z,45.62448333,7.99958333,1533.00,67.558
7604,2,4619,4643.310749891655,579.880933408011,2020-08-06T12:47:30Z,45.62445000,7.99965000,1538.00,67.557
7605,2,4620,4644.310749891655,580.880933408011,2020-08-06T12:47:31Z,45.62440000,7.99971667,1522.00,67.557
7606,2,4621,4645.310749891655,581.880933408011,2020-08-06T12:47:32Z,45.62431667,7.99975000,1523.00,67.561
7607,2,4622,4646.310749891655,582.880933408011,2020-08-06T12:47:33Z,45.62425000,7.99975000,1536.00,67.566
7608,2,4623,4647.310749891655,583.880933408011,2020-08-06T12:47:34Z,45.62418333,7.99971667,1540.00,67.573
7609,2,4624,4648.310749891655,584.880933408011,2020-08-06T12:47:35Z,45.62411667,7.99966667,1524.00,67.58
7610,2,4625,4649.310749891655,585.880933408011,2020-08-06T12:47:36Z,45.62408333,7.99958333,1549.00,67.588
7611,2,4626,4650.310749891655,586.880933408011,2020-08-06T12:47:37Z,45.62406667,7.99945000,1542.00,67.597
7612,2,4627,4651.310749891655,587.880933408011,2020-08-06T12:47:38Z,45.62405000,7.99928333,1533.00,67.607
7613,2,4628,4652.310749891655,588.880933408011,2020-08-06T12:47:39Z,45.62408333,7.99913333,1554.00,67.614
7614,2,4629,4653.310749891655,589.880933408011,2020-08-06T12:47:40Z,45.62413333,7.99900000,1535.00,67.618
7615,2,4630,4654.310749891655,590.880933408011,2020-08-06T12:47:41Z,45.62420000,7.99890000,1549.00,67.62
7616,2,4631,4655.310749891655,591.880933408011,2020-08-06T12:47:42Z,45.62430000,7.99883333,1541.00,67.617
7617,2,4632,4656.310749891655,592.880933408011,2020-08-06T12:47:43Z,45.62440000,7.99878333,1545.00,67.613
7618,2,4633,4657.310749891655,593.880933408011,2020-08-06T12:47:44Z,45.62450000,7.99875000,1549.00,67.609
7619,2,4634,4658.310749891655,594.880933408011,2020-08-06T12:47:45Z,45.62460000,7.99876667,1534.00,67.602
7620,2,4635,4659.310749891655,595.880933408011,2020-08-06T12:47:46Z,45.62471667,7.99880000,1540.00,67.592
7621,2,4636,4660.310749891655,596.880933408011,2020-08-06T12:47:47Z,45.62481667,7.99885000,1533.00,67.583
7622,2,4637,4661.310749891655,597.880933408011,2020-08-06T12:47:48Z,45.62490000,7.99893333,1546.00,67.572
7623,2,4638,4662.310749891655,598.880933408011,2020-08-06T12:47:49Z,45.62498333,7.99901667,1543.00,67.562
7624,2,4639,4663.310749891655,599.880933408011,2020-08-06T12:47:50Z,45.62505000,7.99911667,1545.00,67.551
7625,2,4640,4664.310749891655,600.880933408011,2020-08-06T12:47:51Z,45.62511667,7.99921667,1542.00,67.541
7626,2,4641,4665.310749891655,601.880933408011,2020-08-06T12:47:52Z,45.62518333,7.99933333,1548.00,67.529
7627,2,4642,4666.310749891655,602.880933408011,2020-08-06T12:47:53Z,45.62526667,7.99943333,1550.00,67.518
7628,2,4643,4667.310749891655,603.880933408011,2020-08-06T12:47:54Z,45.62533333,7.99955000,1547.00,67.506
7629,2,4644,4668.310749891655,604.880933408011,2020-08-06T12:47:55Z,45.62538333,7.99966667,1552.00,67.496
7630,2,4645,4669.310749891655,605.880933408011,2020-08-06T12:47:56Z,45.62543333,7.99978333,1553.00,67.485
7631,2,4646,4670.310749891655,606.880933408011,2020-08-06T12:47:57Z,45.62548333,7.99990000,1555.00,67.474
7632,2,4647,4671.310749891655,607.880933408011,2020-08-06T12:47:58Z,45.62551667,8.00001667,1558.00,67.465
7633,2,4648,4672.310749891655,608.880933408011,2020-08-06T12:47:59Z,45.62556667,8.00011667,1547.00,67.455
7634,2,4649,4673.310749891655,609.880933408011,2020-08-06T12:48:00Z,45.62561667,8.00023333,1558.00,67.445
7635,2,4650,4674.310749891655,610.880933408011,2020-08-06T12:48:01Z,45.62566667,8.00035000,1557.00,67.434
7636,2,4651,4675.310749891655,611.880933408011,2020-08-06T12:48:02Z,45.62571667,8.00046667,1569.00,67.423
7637,2,4652,4676.310749891655,612.880933408011,2020-08-06T12:48:03Z,45.62575000,8.00056667,1538.00,67.415
7638,2,4653,4677.310749891655,613.880933408011,2020-08-06T12:48:04Z,45.62575000,8.00066667,1557.00,67.408
7639,2,4654,4678.310749891655,614.880933408011,2020-08-06T12:48:05Z,45.62570000,8.00071667,1566.00,67.408
7640,2,4655,4679.310749891655,615.880933408011,2020-08-06T12:48:06Z,45.62563333,8.00075000,1564.00,67.409
7641,2,4656,4680.310749891655,616.880933408011,2020-08-06T12:48:07Z,45.62555000,8.00075000,1567.00,67.415
7642,2,4657,4681.310749891655,617.880933408011,2020-08-06T12:48:08Z,45.62548333,8.00071667,1569.00,67.421
7643,2,4658,4682.310749891655,618.880933408011,2020-08-06T12:48:09Z,45.62541667,8.00063333,1565.00,67.431
7644,2,4659,4683.310749891655,619.880933408011,2020-08-06T12:48:10Z,45.62538333,8.00053333,1576.00,67.439
7645,2,4660,4684.310749891655,620.880933408011,2020-08-06T12:48:11Z,45.62538333,8.00041667,1576.00,67.446
7646,2,4661,4685.310749891655,621.880933408011,2020-08-06T12:48:12Z,45.62541667,8.00030000,1578.00,67.452
7647,2,4662,4686.310749891655,622.880933408011,2020-08-06T12:48:13Z,45.62545000,8.00018333,1586.00,67.458
7648,2,4663,4687.310749891655,623.880933408011,2020-08-06T12:48:14Z,45.62551667,8.00008333,1580.00,67.46
7649,2,4664,4688.310749891655,624.880933408011,2020-08-06T12:48:15Z,45.62558333,8.00000000,1583.00,67.462
7650,2,4665,4689.310749891655,625.880933408011,2020-08-06T12:48:16Z,45.62570000,8.00000000,1581.00,67.456
7651,2,4666,4690.310749891655,626.880933408011,2020-08-06T12:48:17Z,45.62581667,8.00003333,1587.00,67.448
7652,2,4667,4691.310749891655,627.880933408011,2020-08-06T12:48:18Z,45.62591667,8.00006667,1589.00,67.44
7653,2,4668,4692.310749891655,628.880933408011,2020-08-06T12:48:19Z,45.62598333,8.00015000,1592.00,67.431
7654,2,4669,4693.310749891655,629.880933408011,2020-08-06T12:48:20Z,45.62605000,8.00023333,1590.00,67.422
7655,2,4670,4694.310749891655,630.880933408011,2020-08-06T12:48:21Z,45.62606667,8.00033333,1591.00,67.414
7656,2,4671,4695.310749891655,631.880933408011,2020-08-06T12:48:22Z,45.62606667,8.00043333,1598.00,67.407
7657,2,4672,4696.310749891655,632.880933408011,2020-08-06T12:48:23Z,45.62603333,8.00051667,1593.00,67.403
7658,2,4673,4697.310749891655,633.880933408011,2020-08-06T12:48:24Z,45.62598333,8.00056667,1594.00,67.402
7659,2,4674,4698.310749891655,634.880933408011,2020-08-06T12:48:25Z,45.62591667,8.00058333,1592.00,67.404
7660,2,4675,4699.310749891655,635.880933408011,2020-08-06T12:48:26Z,45.62583333,8.00055000,1593.00,67.411
7661,2,4676,4700.310749891655,636.880933408011,2020-08-06T12:48:27Z,45.62576667,8.00046667,1598.00,67.42
7662,2,4677,4701.310749891655,637.880933408011,2020-08-06T12:48:28Z,45.62571667,8.00033333,1593.00,67.432
7663,2,4678,4702.310749891655,638.880933408011,2020-08-06T12:48:29Z,45.62571667,8.00016667,1589.00,67.444
7664,2,4679,4703.310749891655,639.880933408011,2020-08-06T12:48:30Z,45.62575000,8.00000000,1606.00,67.453
7665,2,4680,4704.310749891655,640.880933408011,2020-08-06T12:48:31Z,45.62580000,7.99995000,1594.00,67.454
7666,2,4681,4705.310749891655,641.880933408011,2020-08-06T12:48:32Z,45.62590000,7.99990000,1607.00,67.453
7667,2,4682,4706.310749891655,642.880933408011,2020-08-06T12:48:33Z,45.62601667,7.99990000,1609.00,67.447
7668,2,4683,4707.310749891655,643.880933408011,2020-08-06T12:48:34Z,45.62611667,7.99993333,1615.00,67.441
7669,2,4684,4708.310749891655,644.880933408011,2020-08-06T12:48:35Z,45.62618333,7.99998333,1602.00,67.434
7670,2,4685,4709.310749891655,645.880933408011,2020-08-06T12:48:36Z,45.62625000,8.00008333,1604.00,67.424
7671,2,4686,4710.310749891655,646.880933408011,2020-08-06T12:48:37Z,45.62626667,8.00018333,1614.00,67.417
7672,2,4687,4711.310749891655,647.880933408011,2020-08-06T12:48:38Z,45.62628333,8.00031667,1618.00,67.406
7673,2,4688,4712.310749891655,648.880933408011,2020-08-06T12:48:39Z,45.62626667,8.00041667,1621.00,67.4
7674,2,4689,4713.310749891655,649.880933408011,2020-08-06T12:48:40Z,45.62623333,8.00046667,1605.00,67.397
7675,2,4690,4714.310749891655,650.880933408011,2020-08-06T12:48:41Z,45.62616667,8.00046667,1618.00,67.4
7676,2,4691,4715.310749891655,651.880933408011,2020-08-06T12:48:42Z,45.62610000,8.00041667,1619.00,67.407
7677,2,4692,4716.310749891655,652.880933408011,2020-08-06T12:48:43Z,45.62603333,8.00031667,1618.00,67.417
7678,2,4693,4717.310749891655,653.880933408011,2020-08-06T12:48:44Z,45.62598333,8.00018333,1611.00,67.429
7679,2,4694,4718.310749891655,654.880933408011,2020-08-06T12:48:45Z,45.62593333,8.00006667,1622.00,67.44
7680,2,4695,4719.310749891655,655.880933408011,2020-08-06T12:48:46Z,45.62595000,7.99993333,1619.00,67.448
7681,2,4696,4720.310749891655,656.880933408011,2020-08-06T12:48:47Z,45.62600000,7.99983333,1621.00,67.453
7682,2,4697,4721.310749891655,657.880933408011,2020-08-06T12:48:48Z,45.62608333,7.99973333,1631.00,67.457
7683,2,4698,4722.310749891655,658.880933408011,2020-08-06T12:48:49Z,45.62618333,7.99966667,1621.00,67.457
7684,2,4699,4723.310749891655,659.880933408011,2020-08-06T12:48:50Z,45.62628333,7.99963333,1622.00,67.456
7685,2,4700,4724.310749891655,660.880933408011,2020-08-06T12:48:51Z,45.62638333,7.99963333,1636.00,67.453
7686,2,4701,4725.310749891655,661.880933408011,2020-08-06T12:48:52Z,45.62646667,7.99968333,1628.00,67.446
7687,2,4702,4726.310749891655,662.880933408011,2020-08-06T12:48:53Z,45.62651667,7.99976667,1629.00,67.438
7688,2,4703,4727.310749891655,663.880933408011,2020-08-06T12:48:54Z,45.62658333,7.99988333,1638.00,67.428
7689,2,4704,4728.310749891655,664.880933408011,2020-08-06T12:48:55Z,45.62661667,8.00000000,1638.00,67.418
7690,2,4705,4729.310749891655,665.880933408011,2020-08-06T12:48:56Z,45.62661667,8.00011667,1641.00,67.409
7691,2,4706,4730.310749891655,666.880933408011,2020-08-06T12:48:57Z,45.62658333,8.00018333,1620.00,67.405
7692,2,4707,4731.310749891655,667.880933408011,2020-08-06T12:48:58Z,45.62653333,8.00020000,1637.00,67.406
7693,2,4708,4732.310749891655,668.880933408011,2020-08-06T12:48:59Z,45.62648333,8.00011667,1635.00,67.413
7694,2,4709,4733.310749891655,669.880933408011,2020-08-06T12:49:00Z,45.62643333,8.00001667,1630.00,67.423
7695,2,4710,4734.310749891655,670.880933408011,2020-08-06T12:49:01Z,45.62641667,7.99990000,1635.00,67.432
7696,2,4711,4735.310749891655,671.880933408011,2020-08-06T12:49:02Z,45.62636667,7.99976667,1635.00,67.443
7697,2,4712,4736.310749891655,672.880933408011,2020-08-06T12:49:03Z,45.62635000,7.99963333,1644.00,67.454
7698,2,4713,4737.310749891655,673.880933408011,2020-08-06T12:49:04Z,45.62636667,7.99950000,1639.00,67.463
7699,2,4714,4738.310749891655,674.880933408011,2020-08-06T12:49:05Z,45.62638333,7.99938333,1635.00,67.471
7700,2,4715,4739.310749891655,675.880933408011,2020-08-06T12:49:06Z,45.62651667,7.99930000,1651.00,67.473
7701,2,4716,4740.310749891655,676.880933408011,2020-08-06T12:49:07Z,45.62661667,7.99923333,1652.00,67.476
7702,2,4717,4741.310749891655,677.880933408011,2020-08-06T12:49:08Z,45.62671667,7.99921667,1652.00,67.475
7703,2,4718,4742.310749891655,678.880933408011,2020-08-06T12:49:09Z,45.62683333,7.99920000,1656.00,67.474
7704,2,4719,4743.310749891655,679.880933408011,2020-08-06T12:49:10Z,45.62691667,7.99923333,1651.00,67.469
7705,2,4720,4744.310749891655,680.880933408011,2020-08-06T12:49:11Z,45.62700000,7.99928333,1658.00,67.464
7706,2,4721,4745.310749891655,681.880933408011,2020-08-06T12:49:12Z,45.62706667,7.99938333,1657.00,67.456
7707,2,4722,4746.310749891655,682.880933408011,2020-08-06T12:49:13Z,45.62713333,7.99950000,1655.00,67.446
7708,2,4723,4747.310749891655,683.880933408011,2020-08-06T12:49:14Z,45.62716667,7.99963333,1659.00,67.435
7709,2,4724,4748.310749891655,684.880933408011,2020-08-06T12:49:15Z,45.62716667,7.99976667,1659.00,67.425
7710,2,4725,4749.310749891655,685.880933408011,2020-08-06T12:49:16Z,45.62713333,7.99988333,1660.00,67.416
7711,2,4726,4750.310749891655,686.880933408011,2020-08-06T12:49:17Z,45.62706667,7.99998333,1654.00,67.409
7712,2,4727,4751.310749891655,687.880933408011,2020-08-06T12:49:18Z,45.62696667,7.99998333,1661.00,67.411
7713,2,4728,4752.310749891655,688.880933408011,2020-08-06T12:49:19Z,45.62690000,7.99996667,1653.00,67.414
7714,2,4729,4753.310749891655,689.880933408011,2020-08-06T12:49:20Z,45.62683333,7.99988333,1647.00,67.421
7715,2,4730,4754.310749891655,690.880933408011,2020-08-06T12:49:21Z,45.62688333,7.99973333,1666.00,67.432
7716,2,4731,4755.310749891655,691.880933408011,2020-08-06T12:49:22Z,45.62690000,7.99960000,1664.00,67.442
7717,2,4732,4756.310749891655,692.880933408011,2020-08-06T12:49:23Z,45.62690000,7.99948333,1669.00,67.451
7718,2,4733,4757.310749891655,693.880933408011,2020-08-06T12:49:24Z,45.62690000,7.99936667,1670.00,67.46
7719,2,4734,4758.310749891655,694.880933408011,2020-08-06T12:49:25Z,45.62690000,7.99925000,1654.00,67.469
7720,2,4735,4759.310749891655,695.880933408011,2020-08-06T12:49:26Z,45.62690000,7.99911667,1656.00,67.479
7721,2,4736,4760.310749891655,696.880933408011,2020-08-06T12:49:27Z,45.62693333,7.99898333,1659.00,67.488
7722,2,4737,4761.310749891655,697.880933408011,2020-08-06T12:49:28Z,45.62700000,7.99883333,1669.00,67.499
7723,2,4738,4762.310749891655,698.880933408011,2020-08-06T12:49:29Z,45.62711667,7.99868333,1670.00,67.509
7724,2,4739,4763.310749891655,699.880933408011,2020-08-06T12:49:30Z,45.62723333,7.99860000,1655.00,67.515
7725,2,4740,4764.310749891655,700.880933408011,2020-08-06T12:49:31Z,45.62736667,7.99855000,1666.00,67.518
7726,2,4741,4765.310749891655,701.880933408011,2020-08-06T12:49:32Z,45.62748333,7.99855000,1662.00,67.517
7727,2,4742,4766.310749891655,702.880933408011,2020-08-06T12:49:33Z,45.62758333,7.99858333,1675.00,67.515
7728,2,4743,4767.310749891655,703.880933408011,2020-08-06T12:49:34Z,45.62768333,7.99863333,1667.00,67.511
7729,2,4744,4768.310749891655,704.880933408011,2020-08-06T12:49:35Z,45.62776667,7.99871667,1671.00,67.505
7730,2,4745,4769.310749891655,705.880933408011,2020-08-06T12:49:36Z,45.62783333,7.99883333,1667.00,67.496
7731,2,4746,4770.310749891655,706.880933408011,2020-08-06T12:49:37Z,45.62788333,7.99898333,1661.00,67.485
7732,2,4747,4771.310749891655,707.880933408011,2020-08-06T12:49:38Z,45.62788333,7.99910000,1662.00,67.476
7733,2,4748,4772.310749891655,708.880933408011,2020-08-06T12:49:39Z,45.62785000,7.99918333,1664.00,67.469
7734,2,4749,4773.310749891655,709.880933408011,2020-08-06T12:49:40Z,45.62780000,7.99923333,1671.00,67.465
7735,2,4750,4774.310749891655,710.880933408011,2020-08-06T12:49:41Z,45.62773333,7.99926667,1668.00,67.462
7736,2,4751,4775.310749891655,711.880933408011,2020-08-06T12:49:42Z,45.62768333,7.99923333,1678.00,67.464
7737,2,4752,4776.310749891655,712.880933408011,2020-08-06T12:49:43Z,45.62765000,7.99915000,1660.00,67.471
7738,2,4753,4777.310749891655,713.880933408011,2020-08-06T12:49:44Z,45.62766667,7.99903333,1673.00,67.48
7739,2,4754,4778.310749891655,714.880933408011,2020-08-06T12:49:45Z,45.62770000,7.99886667,1675.00,67.493
7740,2,4755,4779.310749891655,715.880933408011,2020-08-06T12:49:46Z,45.62773333,7.99875000,1679.00,67.502
7741,2,4756,4780.310749891655,716.880933408011,2020-08-06T12:49:47Z,45.62781667,7.99866667,1671.00,67.509
7742,2,4757,4781.310749891655,717.880933408011,2020-08-06T12:49:48Z,45.62793333,7.99866667,1678.00,67.51
7743,2,4758,4782.310749891655,718.880933408011,2020-08-06T12:49:49Z,45.62803333,7.99870000,1673.00,67.509
7744,2,4759,4783.310749891655,719.880933408011,2020-08-06T12:49:50Z,45.62811667,7.99876667,1672.00,67.505
7745,2,4760,4784.310749891655,720.880933408011,2020-08-06T12:49:51Z,45.62815000,7.99883333,1675.00,67.5
7746,2,4761,4785.310749891655,721.880933408011,2020-08-06T12:49:52Z,45.62816667,7.99891667,1675.00,67.494
7747,2,4762,4786.310749891655,722.880933408011,2020-08-06T12:49:53Z,45.62815000,7.99901667,1676.00,67.486
7748,2,4763,4787.310749891655,723.880933408011,2020-08-06T12:49:54Z,45.62811667,7.99915000,1683.00,67.475
7749,2,4764,4788.310749891655,724.880933408011,2020-08-06T12:49:55Z,45.62806667,7.99923333,1676.00,67.468
7750,2,4765,4789.310749891655,725.880933408011,2020-08-06T12:49:56Z,45.62801667,7.99923333,1680.00,67.467
7751,2,4766,4790.310749891655,726.880933408011,2020-08-06T12:49:57Z,45.62793333,7.99921667,1675.00,67.468
7752,2,4767,4791.310749891655,727.880933408011,2020-08-06T12:49:58Z,45.62788333,7.99915000,1679.00,67.472
7753,2,4768,4792.310749891655,728.880933408011,2020-08-06T12:49:59Z,45.62788333,7.99905000,1684.00,67.48
7754,2,4769,4793.310749891655,729.880933408011,2020-08-06T12:50:00Z,45.62788333,7.99891667,1685.00,67.49
7755,2,4770,4794.310749891655,730.880933408011,2020-08-06T12:50:01Z,45.62793333,7.99880000,1691.00,67.5
7756,2,4771,4795.310749891655,731.880933408011,2020-08-06T12:50:02Z,45.62803333,7.99873333,1680.00,67.506
7757,2,4772,4796.310749891655,732.880933408011,2020-08-06T12:50:03Z,45.62813333,7.99868333,1681.00,67.511
7758,2,4773,4797.310749891655,733.880933408011,2020-08-06T12:50:04Z,45.62823333,7.99868333,1694.00,67.511
7759,2,4774,4798.310749891655,734.880933408011,2020-08-06T12:50:05Z,45.62833333,7.99870000,1688.00,67.502
7760,2,4775,4799.310749891655,735.880933408011,2020-08-06T12:50:06Z,45.62843333,7.99873333,1698.00,67.492
7761,2,4776,4800.310749891655,736.880933408011,2020-08-06T12:50:07Z,45.62851667,7.99881667,1683.00,67.481
7762,2,4777,4801.310749891655,737.880933408011,2020-08-06T12:50:08Z,45.62860000,7.99891667,1692.00,67.469
7763,2,4778,4802.310749891655,738.880933408011,2020-08-06T12:50:09Z,45.62866667,7.99901667,1686.00,67.458
7764,2,4779,4803.310749891655,739.880933408011,2020-08-06T12:50:10Z,45.62870000,7.99913333,1687.00,67.449
7765,2,4780,4804.310749891655,740.880933408011,2020-08-06T12:50:11Z,45.62871667,7.99926667,1695.00,67.44
7766,2,4781,4805.310749891655,741.880933408011,2020-08-06T12:50:12Z,45.62870000,7.99938333,1692.00,67.436
7767,2,4782,4806.310749891655,742.880933408011,2020-08-06T12:50:13Z,45.62866667,7.99948333,1703.00,67.434
7768,2,4783,4807.310749891655,743.880933408011,2020-08-06T12:50:14Z,45.62863333,7.99955000,1695.00,67.433
7769,2,4784,4808.310749891655,744.880933408011,2020-08-06T12:50:15Z,45.62856667,7.99958333,1701.00,67.437
7770,2,4785,4809.310749891655,745.880933408011,2020-08-06T12:50:16Z,45.62850000,7.99958333,1690.00,67.443
7771,2,4786,4810.310749891655,746.880933408011,2020-08-06T12:50:17Z,45.62843333,7.99955000,1699.00,67.451
7772,2,4787,4811.310749891655,747.880933408011,2020-08-06T12:50:18Z,45.62838333,7.99948333,1694.00,67.455
7773,2,4788,4812.310749891655,748.880933408011,2020-08-06T12:50:19Z,45.62836667,7.99940000,1692.00,67.461
7774,2,4789,4813.310749891655,749.880933408011,2020-08-06T12:50:20Z,45.62836667,7.99928333,1698.00,67.469
7775,2,4790,4814.310749891655,750.880933408011,2020-08-06T12:50:21Z,45.62840000,7.99916667,1698.00,67.472
7776,2,4791,4815.310749891655,751.880933408011,2020-08-06T12:50:22Z,45.62848333,7.99906667,1708.00,67.47
7777,2,4792,4816.310749891655,752.880933408011,2020-08-06T12:50:23Z,45.62858333,7.99898333,1704.00,67.466
7778,2,4793,4817.310749891655,753.880933408011,2020-08-06T12:50:24Z,45.62868333,7.99896667,1692.00,67.459
7779,2,4794,4818.310749891655,754.880933408011,2020-08-06T12:50:25Z,45.62880000,7.99898333,1708.00,67.449
7780,2,4795,4819.310749891655,755.880933408011,2020-08-06T12:50:26Z,45.62890000,7.99901667,1706.00,67.44
7781,2,4796,4820.310749891655,756.880933408011,2020-08-06T12:50:27Z,45.62900000,7.99908333,1703.00,67.429
7782,2,4797,4821.310749891655,757.880933408011,2020-08-06T12:50:28Z,45.62908333,7.99918333,1703.00,67.417
7783,2,4798,4822.310749891655,758.880933408011,2020-08-06T12:50:29Z,45.62915000,7.99930000,1700.00,67.405
7784,2,4799,4823.310749891655,759.880933408011,2020-08-06T12:50:30Z,45.62918333,7.99941667,1706.00,67.396
7785,2,4800,4824.310749891655,760.880933408011,2020-08-06T12:50:31Z,45.62916667,7.99955000,1711.00,67.389
7786,2,4801,4825.310749891655,761.880933408011,2020-08-06T12:50:32Z,45.62915000,7.99966667,1693.00,67.384
7787,2,4802,4826.310749891655,762.880933408011,2020-08-06T12:50:33Z,45.62911667,7.99975000,1706.00,67.382
7788,2,4803,4827.310749891655,763.880933408011,2020-08-06T12:50:34Z,45.62905000,7.99983333,1701.00,67.383
7789,2,4804,4828.310749891655,764.880933408011,2020-08-06T12:50:35Z,45.62898333,7.99990000,1701.00,67.386
7790,2,4805,4829.310749891655,765.880933408011,2020-08-06T12:50:36Z,45.62890000,7.99993333,1706.00,67.391
7791,2,4806,4830.310749891655,766.880933408011,2020-08-06T12:50:37Z,45.62883333,7.99991667,1704.00,67.398
7792,2,4807,4831.310749891655,767.880933408011,2020-08-06T12:50:38Z,45.62878333,7.99986667,1708.00,67.405
7793,2,4808,4832.310749891655,768.880933408011,2020-08-06T12:50:39Z,45.62875000,7.99976667,1707.00,67.413
7794,2,4809,4833.310749891655,769.880933408011,2020-08-06T12:50:40Z,45.62875000,7.99963333,1698.00,67.419
7795,2,4810,4834.310749891655,770.880933408011,2020-08-06T12:50:41Z,45.62878333,7.99950000,1709.00,67.423
7796,2,4811,4835.310749891655,771.880933408011,2020-08-06T12:50:42Z,45.62886667,7.99938333,1707.00,67.422
7797,2,4812,4836.310749891655,772.880933408011,2020-08-06T12:50:43Z,45.62895000,7.99933333,1706.00,67.418
7798,2,4813,4837.310749891655,773.880933408011,2020-08-06T12:50:44Z,45.62906667,7.99933333,1707.00,67.409
7799,2,4814,4838.310749891655,774.880933408011,2020-08-06T12:50:45Z,45.62913333,7.99941667,1706.00,67.399
7800,2,4815,4839.310749891655,775.880933408011,2020-08-06T12:50:46Z,45.62918333,7.99951667,1708.00,67.39
7801,2,4816,4840.310749891655,776.880933408011,2020-08-06T12:50:47Z,45.62918333,7.99966667,1704.00,67.381
7802,2,4817,4841.310749891655,777.880933408011,2020-08-06T12:50:48Z,45.62920000,7.99980000,1713.00,67.373
7803,2,4818,4842.310749891655,778.880933408011,2020-08-06T12:50:49Z,45.62916667,7.99991667,1712.00,67.369
7804,2,4819,4843.310749891655,779.880933408011,2020-08-06T12:50:50Z,45.62913333,8.00001667,1715.00,67.367
7805,2,4820,4844.310749891655,780.880933408011,2020-08-06T12:50:51Z,45.62910000,8.00008333,1713.00,67.367
7806,2,4821,4845.310749891655,781.880933408011,2020-08-06T12:50:52Z,45.62905000,8.00013333,1721.00,67.369
7807,2,4822,4846.310749891655,782.880933408011,2020-08-06T12:50:53Z,45.62898333,8.00015000,1710.00,67.374
7808,2,4823,4847.310749891655,783.880933408011,2020-08-06T12:50:54Z,45.62891667,8.00011667,1707.00,67.382
7809,2,4824,4848.310749891655,784.880933408011,2020-08-06T12:50:55Z,45.62885000,8.00003333,1710.00,67.391
7810,2,4825,4849.310749891655,785.880933408011,2020-08-06T12:50:56Z,45.62880000,7.99993333,1714.00,67.4
7811,2,4826,4850.310749891655,786.880933408011,2020-08-06T12:50:57Z,45.62883333,7.99978333,1712.00,67.404
7812,2,4827,4851.310749891655,787.880933408011,2020-08-06T12:50:58Z,45.62890000,7.99963333,1707.00,67.406
7813,2,4828,4852.310749891655,788.880933408011,2020-08-06T12:50:59Z,45.62893333,7.99950000,1708.00,67.41
7814,2,4829,4853.310749891655,789.880933408011,2020-08-06T12:51:00Z,45.62898333,7.99940000,1712.00,67.412
7815,2,4830,4854.310749891655,790.880933408011,2020-08-06T12:51:01Z,45.62903333,7.99928333,1719.00,67.414
7816,2,4831,4855.310749891655,791.880933408011,2020-08-06T12:51:02Z,45.62906667,7.99920000,1719.00,67.417
7817,2,4832,4856.310749891655,792.880933408011,2020-08-06T12:51:03Z,45.62910000,7.99911667,1716.00,67.419
7818,2,4833,4857.310749891655,793.880933408011,2020-08-06T12:51:04Z,45.62916667,7.99905000,1716.00,67.419
7819,2,4834,4858.310749891655,794.880933408011,2020-08-06T12:51:05Z,45.62923333,7.99900000,1721.00,67.417
7820,2,4835,4859.310749891655,795.880933408011,2020-08-06T12:51:06Z,45.62933333,7.99900000,1707.00,67.411
7821,2,4836,4860.310749891655,796.880933408011,2020-08-06T12:51:07Z,45.62941667,7.99905000,1726.00,67.402
7822,2,4837,4861.310749891655,797.880933408011,2020-08-06T12:51:08Z,45.62948333,7.99915000,1715.00,67.392
7823,2,4838,4862.310749891655,798.880933408011,2020-08-06T12:51:09Z,45.62950000,7.99931667,1718.00,67.38
7824,2,4839,4863.310749891655,799.880933408011,2020-08-06T12:51:10Z,45.62945000,7.99945000,1718.00,67.375
7825,2,4840,4864.310749891655,800.880933408011,2020-08-06T12:51:11Z,45.62940000,7.99958333,1716.00,67.37
7826,2,4841,4865.310749891655,801.880933408011,2020-08-06T12:51:12Z,45.62935000,7.99966667,1713.00,67.369
7827,2,4842,4866.310749891655,802.880933408011,2020-08-06T12:51:13Z,45.62930000,7.99968333,1719.00,67.372
7828,2,4843,4867.310749891655,803.880933408011,2020-08-06T12:51:14Z,45.62925000,7.99965000,1719.00,67.377
7829,2,4844,4868.310749891655,804.880933408011,2020-08-06T12:51:15Z,45.62920000,7.99958333,1719.00,67.385
7830,2,4845,4869.310749891655,805.880933408011,2020-08-06T12:51:16Z,45.62916667,7.99948333,1714.00,67.393
7831,2,4846,4870.310749891655,806.880933408011,2020-08-06T12:51:17Z,45.62916667,7.99933333,1716.00,67.402
7832,2,4847,4871.310749891655,807.880933408011,2020-08-06T12:51:18Z,45.62920000,7.99920000,1712.00,67.407
7833,2,4848,4872.310749891655,808.880933408011,2020-08-06T12:51:19Z,45.62925000,7.99910000,1721.00,67.41
7834,2,4849,4873.310749891655,809.880933408011,2020-08-06T12:51:20Z,45.62933333,7.99905000,1716.00,67.407
7835,2,4850,4874.310749891655,810.880933408011,2020-08-06T12:51:21Z,45.62943333,7.99905000,1722.00,67.401
7836,2,4851,4875.310749891655,811.880933408011,2020-08-06T12:51:22Z,45.62951667,7.99908333,1723.00,67.394
7837,2,4852,4876.310749891655,812.880933408011,2020-08-06T12:51:23Z,45.62961667,7.99913333,1725.00,67.385
7838,2,4853,4877.310749891655,813.880933408011,2020-08-06T12:51:24Z,45.62968333,7.99920000,1724.00,67.377
7839,2,4854,4878.310749891655,814.880933408011,2020-08-06T12:51:25Z,45.62975000,7.99930000,1720.00,67.366
7840,2,4855,4879.310749891655,815.880933408011,2020-08-06T12:51:26Z,45.62981667,7.99940000,1730.00,67.356
7841,2,4856,4880.310749891655,816.880933408011,2020-08-06T12:51:27Z,45.62988333,7.99953333,1722.00,67.343
7842,2,4857,4881.310749891655,817.880933408011,2020-08-06T12:51:28Z,45.62996667,7.99968333,1720.00,67.329
7843,2,4858,4882.310749891655,818.880933408011,2020-08-06T12:51:29Z,45.63005000,7.99980000,1720.00,67.316
7844,2,4859,4883.310749891655,819.880933408011,2020-08-06T12:51:30Z,45.63010000,7.99993333,1717.00,67.305
7845,2,4860,4884.310749891655,820.880933408011,2020-08-06T12:51:31Z,45.63016667,8.00005000,1721.00,67.293
7846,2,4861,4885.310749891655,821.880933408011,2020-08-06T12:51:32Z,45.63021667,8.00018333,1719.00,67.281
7847,2,4862,4886.310749891655,822.880933408011,2020-08-06T12:51:33Z,45.63028333,8.00031667,1720.00,67.269
7848,2,4863,4887.310749891655,823.880933408011,2020-08-06T12:51:34Z,45.63035000,8.00045000,1717.00,67.256
7849,2,4864,4888.310749891655,824.880933408011,2020-08-06T12:51:35Z,45.63041667,8.00058333,1717.00,67.244
7850,2,4865,4889.310749891655,825.880933408011,2020-08-06T12:51:36Z,45.63046667,8.00073333,1713.00,67.231
7851,2,4866,4890.310749891655,826.880933408011,2020-08-06T12:51:37Z,45.63051667,8.00086667,1712.00,67.22
7852,2,4867,4891.310749891655,827.880933408011,2020-08-06T12:51:38Z,45.63056667,8.00100000,1707.00,67.208
7853,2,4868,4892.310749891655,828.880933408011,2020-08-06T12:51:39Z,45.63061667,8.00115000,1704.00,67.195
7854,2,4869,4893.310749891655,829.880933408011,2020-08-06T12:51:40Z,45.63068333,8.00130000,1707.00,67.182
7855,2,4870,4894.310749891655,830.880933408011,2020-08-06T12:51:41Z,45.63075000,8.00145000,1702.00,67.169
7856,2,4871,4895.310749891655,831.880933408011,2020-08-06T12:51:42Z,45.63081667,8.00161667,1699.00,67.156
7857,2,4872,4896.310749891655,832.880933408011,2020-08-06T12:51:43Z,45.63086667,8.00175000,1697.00,67.147
7858,3,1,4897.310749891655,833.880933408011,2020-08-06T12:51:44Z,45.63093333,8.00190000,1700.00,67.131
7859,3,2,4898.310749891655,834.880933408011,2020-08-06T12:51:45Z,45.63100000,8.00201667,1701.00,67.142
7860,3,3,4899.310749891655,835.880933408011,2020-08-06T12:51:46Z,45.63108333,8.00211667,1697.00,67.154
7861,3,4,4900.310749891655,836.880933408011,2020-08-06T12:51:47Z,45.63115000,8.00223333,1694.00,67.166
7862,3,5,4901.310749891655,837.880933408011,2020-08-06T12:51:48Z,45.63121667,8.00231667,1698.00,67.176
7863,3,6,4902.310749891655,838.880933408011,2020-08-06T12:51:49Z,45.63128333,8.00241667,1697.00,67.186
7864,3,7,4903.310749891655,839.880933408011,2020-08-06T12:51:50Z,45.63135000,8.00251667,1697.00,67.197
7865,3,8,4904.310749891655,840.880933408011,2020-08-06T12:51:51Z,45.63141667,8.00263333,1691.00,67.209
7866,3,9,4905.310749891655,841.880933408011,2020-08-06T12:51:52Z,45.63148333,8.00275000,1677.00,67.22
7867,3,10,4906.310749891655,842.880933408011,2020-08-06T12:51:53Z,45.63155000,8.00286667,1693.00,67.232
7868,3,11,4907.310749891655,843.880933408011,2020-08-06T12:51:54Z,45.63156667,8.00301667,1686.00,67.241
7869,3,12,4908.310749891655,844.880933408011,2020-08-06T12:51:55Z,45.63153333,8.00315000,1684.00,67.246
7870,3,13,4909.310749891655,845.880933408011,2020-08-06T12:51:56Z,45.63148333,8.00325000,1682.00,67.247
7871,3,14,4910.310749891655,846.880933408011,2020-08-06T12:51:57Z,45.63140000,8.00330000,1679.00,67.243
7872,3,15,4911.310749891655,847.880933408011,2020-08-06T12:51:58Z,45.63131667,8.00333333,1681.00,67.239
7873,3,16,4912.310749891655,848.880933408011,2020-08-06T12:51:59Z,45.63125000,8.00333333,1688.00,67.233
7874,3,17,4913.310749891655,849.880933408011,2020-08-06T12:52:00Z,45.63118333,8.00330000,1676.00,67.226
7875,3,18,4914.310749891655,850.880933408011,2020-08-06T12:52:01Z,45.63111667,8.00323333,1680.00,67.217
7876,3,19,4915.310749891655,851.880933408011,2020-08-06T12:52:02Z,45.63105000,8.00315000,1684.00,67.207
7877,3,20,4916.310749891655,852.880933408011,2020-08-06T12:52:03Z,45.63098333,8.00303333,1671.00,67.196
7878,3,21,4917.310749891655,853.880933408011,2020-08-06T12:52:04Z,45.63093333,8.00290000,1668.00,67.184
7879,3,22,4918.310749891655,854.880933408011,2020-08-06T12:52:05Z,45.63086667,8.00278333,1668.00,67.173
7880,3,23,4919.310749891655,855.880933408011,2020-08-06T12:52:06Z,45.63081667,8.00268333,1672.00,67.163
7881,3,24,4920.310749891655,856.880933408011,2020-08-06T12:52:07Z,45.63078333,8.00260000,1672.00,67.156
7882,3,25,4921.310749891655,857.880933408011,2020-08-06T12:52:08Z,45.63073333,8.00251667,1666.00,67.148
7883,3,26,4922.310749891655,858.880933408011,2020-08-06T12:52:09Z,45.63068333,8.00243333,1680.00,67.139
7884,3,27,4923.310749891655,859.880933408011,2020-08-06T12:52:10Z,45.63063333,8.00233333,1675.00,67.13
7885,3,28,4924.310749891655,860.880933408011,2020-08-06T12:52:11Z,45.63056667,8.00223333,1647.00,67.119
7886,3,29,4925.310749891655,861.880933408011,2020-08-06T12:52:12Z,45.63050000,8.00215000,1665.00,67.109
7887,3,30,4926.310749891655,862.880933408011,2020-08-06T12:52:13Z,45.63043333,8.00206667,1651.00,67.099
7888,3,31,4927.310749891655,863.880933408011,2020-08-06T12:52:14Z,45.63038333,8.00200000,1672.00,67.092
7889,3,32,4928.310749891655,864.880933408011,2020-08-06T12:52:15Z,45.63031667,8.00193333,1669.00,67.083
7890,3,33,4929.310749891655,865.880933408011,2020-08-06T12:52:16Z,45.63026667,8.00186667,1664.00,67.075
7891,3,34,4930.310749891655,866.880933408011,2020-08-06T12:52:17Z,45.63020000,8.00176667,1649.00,67.065
7892,3,35,4931.310749891655,867.880933408011,2020-08-06T12:52:18Z,45.63011667,8.00166667,1660.00,67.053
7893,3,36,4932.310749891655,868.880933408011,2020-08-06T12:52:19Z,45.63003333,8.00156667,1659.00,67.04
7894,3,37,4933.310749891655,869.880933408011,2020-08-06T12:52:20Z,45.62996667,8.00146667,1656.00,67.03
7895,3,38,4934.310749891655,870.880933408011,2020-08-06T12:52:21Z,45.62990000,8.00138333,1656.00,67.02
7896,3,39,4935.310749891655,871.880933408011,2020-08-06T12:52:22Z,45.62985000,8.00131667,1659.00,67.012
7897,3,40,4936.310749891655,872.880933408011,2020-08-06T12:52:23Z,45.62980000,8.00121667,1659.00,67.003
7898,3,41,4937.310749891655,873.880933408011,2020-08-06T12:52:24Z,45.62976667,8.00113333,1649.00,66.996
7899,3,42,4938.310749891655,874.880933408011,2020-08-06T12:52:25Z,45.62970000,8.00101667,1644.00,66.984
7900,3,43,4939.310749891655,875.880933408011,2020-08-06T12:52:26Z,45.62963333,8.00090000,1652.00,66.972
7901,3,44,4940.310749891655,876.880933408011,2020-08-06T12:52:27Z,45.62955000,8.00076667,1648.00,66.959
7902,3,45,4941.310749891655,877.880933408011,2020-08-06T12:52:28Z,45.62948333,8.00065000,1641.00,66.947
7903,3,46,4942.310749891655,878.880933408011,2020-08-06T12:52:29Z,45.62941667,8.00053333,1657.00,66.935
7904,3,47,4943.310749891655,879.880933408011,2020-08-06T12:52:30Z,45.62936667,8.00043333,1651.00,66.926
7905,3,48,4944.310749891655,880.880933408011,2020-08-06T12:52:31Z,45.62931667,8.00033333,1650.00,66.917
7906,3,49,4945.310749891655,881.880933408011,2020-08-06T12:52:32Z,45.62926667,8.00025000,1651.00,66.908
7907,3,50,4946.310749891655,882.880933408011,2020-08-06T12:52:33Z,45.62921667,8.00015000,1651.00,66.899
7908,3,51,4947.310749891655,883.880933408011,2020-08-06T12:52:34Z,45.62918333,8.00006667,1633.00,66.891
7909,3,52,4948.310749891655,884.880933408011,2020-08-06T12:52:35Z,45.62911667,7.99996667,1640.00,66.881
7910,3,53,4949.310749891655,885.880933408011,2020-08-06T12:52:36Z,45.62905000,7.99986667,1648.00,66.87
7911,3,54,4950.310749891655,886.880933408011,2020-08-06T12:52:37Z,45.62896667,7.99976667,1640.00,66.858
7912,3,55,4951.310749891655,887.880933408011,2020-08-06T12:52:38Z,45.62890000,7.99966667,1642.00,66.847
7913,3,56,4952.310749891655,888.880933408011,2020-08-06T12:52:39Z,45.62883333,7.99956667,1643.00,66.836
7914,3,57,4953.310749891655,889.880933408011,2020-08-06T12:52:40Z,45.62878333,7.99946667,1643.00,66.827
7915,3,58,4954.310749891655,890.880933408011,2020-08-06T12:52:41Z,45.62871667,7.99938333,1644.00,66.817
7916,3,59,4955.310749891655,891.880933408011,2020-08-06T12:52:42Z,45.62865000,7.99928333,1641.00,66.807
7917,3,60,4956.310749891655,892.880933408011,2020-08-06T12:52:43Z,45.62858333,7.99918333,1642.00,66.796
7918,3,61,4957.310749891655,893.880933408011,2020-08-06T12:52:44Z,45.62851667,7.99906667,1650.00,66.784
7919,3,62,4958.310749891655,894.880933408011,2020-08-06T12:52:45Z,45.62843333,7.99896667,1649.00,66.772
7920,3,63,4959.310749891655,895.880933408011,2020-08-06T12:52:46Z,45.62835000,7.99886667,1644.00,66.76
7921,3,64,4960.310749891655,896.880933408011,2020-08-06T12:52:47Z,45.62830000,7.99876667,1653.00,66.751
7922,3,65,4961.310749891655,897.880933408011,2020-08-06T12:52:48Z,45.62825000,7.99866667,1645.00,66.741
7923,3,66,4962.310749891655,898.880933408011,2020-08-06T12:52:49Z,45.62821667,7.99855000,1645.00,66.732
7924,3,67,4963.310749891655,899.880933408011,2020-08-06T12:52:50Z,45.62816667,7.99845000,1648.00,66.723
7925,3,68,4964.310749891655,900.880933408011,2020-08-06T12:52:51Z,45.62811667,7.99835000,1646.00,66.713
7926,3,69,4965.310749891655,901.880933408011,2020-08-06T12:52:52Z,45.62805000,7.99823333,1646.00,66.702
7927,3,70,4966.310749891655,902.880933408011,2020-08-06T12:52:53Z,45.62798333,7.99813333,1652.00,66.691
7928,3,71,4967.310749891655,903.880933408011,2020-08-06T12:52:54Z,45.62793333,7.99801667,1643.00,66.681
7929,3,72,4968.310749891655,904.880933408011,2020-08-06T12:52:55Z,45.62786667,7.99788333,1643.00,66.668
7930,3,73,4969.310749891655,905.880933408011,2020-08-06T12:52:56Z,45.62781667,7.99776667,1641.00,66.658
7931,3,74,4970.310749891655,906.880933408011,2020-08-06T12:52:57Z,45.62775000,7.99765000,1636.00,66.646
7932,3,75,4971.310749891655,907.880933408011,2020-08-06T12:52:58Z,45.62768333,7.99755000,1640.00,66.636
7933,3,76,4972.310749891655,908.880933408011,2020-08-06T12:52:59Z,45.62761667,7.99743333,1637.00,66.624
7934,3,77,4973.310749891655,909.880933408011,2020-08-06T12:53:00Z,45.62755000,7.99733333,1640.00,66.613
7935,3,78,4974.310749891655,910.880933408011,2020-08-06T12:53:01Z,45.62748333,7.99723333,1641.00,66.603
7936,3,79,4975.310749891655,911.880933408011,2020-08-06T12:53:02Z,45.62741667,7.99711667,1634.00,66.591
7937,3,80,4976.310749891655,912.880933408011,2020-08-06T12:53:03Z,45.62735000,7.99701667,1636.00,66.58
7938,3,81,4977.310749891655,913.880933408011,2020-08-06T12:53:04Z,45.62730000,7.99691667,1636.00,66.571
7939,3,82,4978.310749891655,914.880933408011,2020-08-06T12:53:05Z,45.62721667,7.99681667,1633.00,66.559
7940,3,83,4979.310749891655,915.880933408011,2020-08-06T12:53:06Z,45.62715000,7.99671667,1629.00,66.548
7941,3,84,4980.310749891655,916.880933408011,2020-08-06T12:53:07Z,45.62708333,7.99660000,1631.00,66.536
7942,3,85,4981.310749891655,917.880933408011,2020-08-06T12:53:08Z,45.62701667,7.99650000,1620.00,66.526
7943,3,86,4982.310749891655,918.880933408011,2020-08-06T12:53:09Z,45.62695000,7.99638333,1623.00,66.514
7944,3,87,4983.310749891655,919.880933408011,2020-08-06T12:53:10Z,45.62686667,7.99626667,1620.00,66.501
7945,3,88,4984.310749891655,920.880933408011,2020-08-06T12:53:11Z,45.62680000,7.99616667,1618.00,66.49
7946,3,89,4985.310749891655,921.880933408011,2020-08-06T12:53:12Z,45.62673333,7.99606667,1621.00,66.48
7947,3,90,4986.310749891655,922.880933408011,2020-08-06T12:53:13Z,45.62666667,7.99595000,1613.00,66.468
7948,3,91,4987.310749891655,923.880933408011,2020-08-06T12:53:14Z,45.62660000,7.99585000,1614.00,66.457
7949,3,92,4988.310749891655,924.880933408011,2020-08-06T12:53:15Z,45.62653333,7.99573333,1612.00,66.446
7950,3,93,4989.310749891655,925.880933408011,2020-08-06T12:53:16Z,45.62645000,7.99561667,1609.00,66.433
7951,3,94,4990.310749891655,926.880933408011,2020-08-06T12:53:17Z,45.62636667,7.99550000,1615.00,66.42
7952,3,95,4991.310749891655,927.880933408011,2020-08-06T12:53:18Z,45.62628333,7.99538333,1608.00,66.407
7953,3,96,4992.310749891655,928.880933408011,2020-08-06T12:53:19Z,45.62620000,7.99526667,1605.00,66.394
7954,3,97,4993.310749891655,929.880933408011,2020-08-06T12:53:20Z,45.62611667,7.99516667,1611.00,66.382
7955,3,98,4994.310749891655,930.880933408011,2020-08-06T12:53:21Z,45.62605000,7.99508333,1606.00,66.372
7956,3,99,4995.310749891655,931.880933408011,2020-08-06T12:53:22Z,45.62598333,7.99498333,1610.00,66.361
7957,3,100,4996.310749891655,932.880933408011,2020-08-06T12:53:23Z,45.62591667,7.99488333,1608.00,66.35
7958,3,101,4997.310749891655,933.880933408011,2020-08-06T12:53:24Z,45.62583333,7.99478333,1603.00,66.338
7959,3,102,4998.310749891655,934.880933408011,2020-08-06T12:53:25Z,45.62576667,7.99468333,1602.00,66.327
7960,3,103,4999.310749891655,935.880933408011,2020-08-06T12:53:26Z,45.62568333,7.99460000,1615.00,66.316
7961,3,104,5000.310749891655,936.880933408011,2020-08-06T12:53:27Z,45.62561667,7.99451667,1609.00,66.306
7962,3,105,5001.310749891655,937.880933408011,2020-08-06T12:53:28Z,45.62555000,7.99441667,1598.00,66.296
7963,3,106,5002.310749891655,938.880933408011,2020-08-06T12:53:29Z,45.62546667,7.99431667,1604.00,66.284
7964,3,107,5003.310749891655,939.880933408011,2020-08-06T12:53:30Z,45.62540000,7.99421667,1596.00,66.273
7965,3,108,5004.310749891655,940.880933408011,2020-08-06T12:53:31Z,45.62533333,7.99410000,1593.00,66.261
7966,3,109,5005.310749891655,941.880933408011,2020-08-06T12:53:32Z,45.62525000,7.99400000,1595.00,66.249
7967,3,110,5006.310749891655,942.880933408011,2020-08-06T12:53:33Z,45.62518333,7.99390000,1601.00,66.239
7968,3,111,5007.310749891655,943.880933408011,2020-08-06T12:53:34Z,45.62510000,7.99380000,1593.00,66.226
7969,3,112,5008.310749891655,944.880933408011,2020-08-06T12:53:35Z,45.62503333,7.99370000,1591.00,66.216
7970,3,113,5009.310749891655,945.880933408011,2020-08-06T12:53:36Z,45.62495000,7.99360000,1598.00,66.204
7971,3,114,5010.310749891655,946.880933408011,2020-08-06T12:53:37Z,45.62486667,7.99350000,1587.00,66.192
7972,3,115,5011.310749891655,947.880933408011,2020-08-06T12:53:38Z,45.62476667,7.99340000,1587.00,66.178
7973,3,116,5012.310749891655,948.880933408011,2020-08-06T12:53:39Z,45.62468333,7.99330000,1589.00,66.166
7974,3,117,5013.310749891655,949.880933408011,2020-08-06T12:53:40Z,45.62460000,7.99318333,1591.00,66.153
7975,3,118,5014.310749891655,950.880933408011,2020-08-06T12:53:41Z,45.62453333,7.99306667,1575.00,66.141
7976,3,119,5015.310749891655,951.880933408011,2020-08-06T12:53:42Z,45.62445000,7.99295000,1579.00,66.129
7977,3,120,5016.310749891655,952.880933408011,2020-08-06T12:53:43Z,45.62435000,7.99285000,1588.00,66.115
7978,3,121,5017.310749891655,953.880933408011,2020-08-06T12:53:44Z,45.62426667,7.99275000,1578.00,66.103
7979,3,122,5018.310749891655,954.880933408011,2020-08-06T12:53:45Z,45.62418333,7.99266667,1580.00,66.092
7980,3,123,5019.310749891655,955.880933408011,2020-08-06T12:53:46Z,45.62410000,7.99256667,1580.00,66.08
7981,3,124,5020.310749891655,956.880933408011,2020-08-06T12:53:47Z,45.62401667,7.99248333,1575.00,66.069
7982,3,125,5021.310749891655,957.880933408011,2020-08-06T12:53:48Z,45.62391667,7.99238333,1572.00,66.055
7983,3,126,5022.310749891655,958.880933408011,2020-08-06T12:53:49Z,45.62381667,7.99228333,1570.00,66.042
7984,3,127,5023.310749891655,959.880933408011,2020-08-06T12:53:50Z,45.62370000,7.99216667,1567.00,66.026
7985,3,128,5024.310749891655,960.880933408011,2020-08-06T12:53:51Z,45.62360000,7.99205000,1566.00,66.012
7986,3,129,5025.310749891655,961.880933408011,2020-08-06T12:53:52Z,45.62351667,7.99195000,1572.00,66.0
7987,3,130,5026.310749891655,962.880933408011,2020-08-06T12:53:53Z,45.62343333,7.99186667,1569.00,65.989
7988,3,131,5027.310749891655,963.880933408011,2020-08-06T12:53:54Z,45.62335000,7.99178333,1565.00,65.977
7989,3,132,5028.310749891655,964.880933408011,2020-08-06T12:53:55Z,45.62326667,7.99170000,1564.00,65.966
7990,3,133,5029.310749891655,965.880933408011,2020-08-06T12:53:56Z,45.62316667,7.99161667,1564.00,65.954
7991,3,134,5030.310749891655,966.880933408011,2020-08-06T12:53:57Z,45.62306667,7.99153333,1563.00,65.941
7992,3,135,5031.310749891655,967.880933408011,2020-08-06T12:53:58Z,45.62298333,7.99145000,1561.00,65.93
7993,3,136,5032.310749891655,968.880933408011,2020-08-06T12:53:59Z,45.62288333,7.99135000,1557.00,65.917
7994,3,137,5033.310749891655,969.880933408011,2020-08-06T12:54:00Z,45.62278333,7.99126667,1558.00,65.904
7995,3,138,5034.310749891655,970.880933408011,2020-08-06T12:54:01Z,45.62270000,7.99118333,1558.00,65.893
7996,3,139,5035.310749891655,971.880933408011,2020-08-06T12:54:02Z,45.62260000,7.99110000,1557.00,65.881
7997,3,140,5036.310749891655,972.880933408011,2020-08-06T12:54:03Z,45.62251667,7.99101667,1556.00,65.869
7998,3,141,5037.310749891655,973.880933408011,2020-08-06T12:54:04Z,45.62241667,7.99093333,1554.00,65.857
7999,3,142,5038.310749891655,974.880933408011,2020-08-06T12:54:05Z,45.62233333,7.99083333,1550.00,65.845
8000,3,143,5039.310749891655,975.880933408011,2020-08-06T12:54:06Z,45.62223333,7.99075000,1551.00,65.832
8001,3,144,5040.310749891655,976.880933408011,2020-08-06T12:54:07Z,45.62213333,7.99066667,1551.00,65.82
8002,3,145,5041.310749891655,977.880933408011,2020-08-06T12:54:08Z,45.62203333,7.99058333,1550.00,65.807
8003,3,146,5042.310749891655,978.880933408011,2020-08-06T12:54:09Z,45.62193333,7.99048333,1544.00,65.794
8004,3,147,5043.310749891655,979.880933408011,2020-08-06T12:54:10Z,45.62185000,7.99040000,1545.00,65.783
8005,3,148,5044.310749891655,980.880933408011,2020-08-06T12:54:11Z,45.62176667,7.99031667,1545.00,65.772
8006,3,149,5045.310749891655,981.880933408011,2020-08-06T12:54:12Z,45.62168333,7.99021667,1544.00,65.759
8007,3,150,5046.310749891655,982.880933408011,2020-08-06T12:54:13Z,45.62158333,7.99013333,1540.00,65.747
8008,3,151,5047.310749891655,983.880933408011,2020-08-06T12:54:14Z,45.62150000,7.99005000,1539.00,65.736
8009,3,152,5048.310749891655,984.880933408011,2020-08-06T12:54:15Z,45.62141667,7.98996667,1538.00,65.725
8010,3,153,5049.310749891655,985.880933408011,2020-08-06T12:54:16Z,45.62131667,7.98988333,1533.00,65.712
8011,3,154,5050.310749891655,986.880933408011,2020-08-06T12:54:17Z,45.62123333,7.98980000,1533.00,65.701
8012,3,155,5051.310749891655,987.880933408011,2020-08-06T12:54:18Z,45.62115000,7.98973333,1537.00,65.691
8013,3,156,5052.310749891655,988.880933408011,2020-08-06T12:54:19Z,45.62106667,7.98965000,1533.00,65.679
8014,3,157,5053.310749891655,989.880933408011,2020-08-06T12:54:20Z,45.62098333,7.98958333,1536.00,65.669
8015,3,158,5054.310749891655,990.880933408011,2020-08-06T12:54:21Z,45.62090000,7.98950000,1527.00,65.658
8016,3,159,5055.310749891655,991.880933408011,2020-08-06T12:54:22Z,45.62081667,7.98941667,1527.00,65.647
8017,3,160,5056.310749891655,992.880933408011,2020-08-06T12:54:23Z,45.62073333,7.98931667,1530.00,65.635
8018,3,161,5057.310749891655,993.880933408011,2020-08-06T12:54:24Z,45.62063333,7.98923333,1528.00,65.622
8019,3,162,5058.310749891655,994.880933408011,2020-08-06T12:54:25Z,45.62055000,7.98915000,1529.00,65.611
8020,3,163,5059.310749891655,995.880933408011,2020-08-06T12:54:26Z,45.62046667,7.98905000,1526.00,65.599
8021,3,164,5060.310749891655,996.880933408011,2020-08-06T12:54:27Z,45.62038333,7.98896667,1522.00,65.588
8022,3,165,5061.310749891655,997.880933408011,2020-08-06T12:54:28Z,45.62030000,7.98888333,1526.00,65.577
8023,3,166,5062.310749891655,998.880933408011,2020-08-06T12:54:29Z,45.62021667,7.98880000,1527.00,65.566
8024,3,167,5063.310749891655,999.880933408011,2020-08-06T12:54:30Z,45.62011667,7.98871667,1524.00,65.553
8025,3,168,5064.310749891655,1000.880933408011,2020-08-06T12:54:31Z,45.62003333,7.98861667,1519.00,65.541
8026,3,169,5065.310749891655,1001.880933408011,2020-08-06T12:54:32Z,45.61993333,7.98853333,1520.00,65.528
8027,3,170,5066.310749891655,1002.880933408011,2020-08-06T12:54:33Z,45.61985000,7.98845000,1518.00,65.517
8028,3,171,5067.310749891655,1003.880933408011,2020-08-06T12:54:34Z,45.61975000,7.98838333,1518.00,65.506
8029,3,172,5068.310749891655,1004.880933408011,2020-08-06T12:54:35Z,45.61966667,7.98830000,1516.00,65.495
8030,3,173,5069.310749891655,1005.880933408011,2020-08-06T12:54:36Z,45.61958333,7.98821667,1515.00,65.483
8031,3,174,5070.310749891655,1006.880933408011,2020-08-06T12:54:37Z,45.61950000,7.98813333,1514.00,65.472
8032,3,175,5071.310749891655,1007.880933408011,2020-08-06T12:54:38Z,45.61941667,7.98805000,1510.00,65.461
8033,3,176,5072.310749891655,1008.880933408011,2020-08-06T12:54:39Z,45.61933333,7.98795000,1509.00,65.449
8034,3,177,5073.310749891655,1009.880933408011,2020-08-06T12:54:40Z,45.61925000,7.98786667,1512.00,65.438
8035,3,178,5074.310749891655,1010.880933408011,2020-08-06T12:54:41Z,45.61918333,7.98778333,1509.00,65.428
8036,3,179,5075.310749891655,1011.880933408011,2020-08-06T12:54:42Z,45.61911667,7.98770000,1506.00,65.418
8037,3,180,5076.310749891655,1012.880933408011,2020-08-06T12:54:43Z,45.61905000,7.98761667,1505.00,65.408
8038,3,181,5077.310749891655,1013.880933408011,2020-08-06T12:54:44Z,45.61896667,7.98755000,1504.00,65.398
8039,3,182,5078.310749891655,1014.880933408011,2020-08-06T12:54:45Z,45.61888333,7.98746667,1500.00,65.387
8040,3,183,5079.310749891655,1015.880933408011,2020-08-06T12:54:46Z,45.61881667,7.98738333,1502.00,65.377
8041,3,184,5080.310749891655,1016.880933408011,2020-08-06T12:54:47Z,45.61873333,7.98730000,1501.00,65.366
8042,3,185,5081.310749891655,1017.880933408011,2020-08-06T12:54:48Z,45.61868333,7.98721667,1501.00,65.357
8043,3,186,5082.310749891655,1018.880933408011,2020-08-06T12:54:49Z,45.61861667,7.98713333,1493.00,65.348
8044,3,187,5083.310749891655,1019.880933408011,2020-08-06T12:54:50Z,45.61855000,7.98705000,1504.00,65.338
8045,3,188,5084.310749891655,1020.880933408011,2020-08-06T12:54:51Z,45.61848333,7.98696667,1495.00,65.328
8046,3,189,5085.310749891655,1021.880933408011,2020-08-06T12:54:52Z,45.61840000,7.98688333,1491.00,65.317
8047,3,190,5086.310749891655,1022.880933408011,2020-08-06T12:54:53Z,45.61833333,7.98678333,1488.00,65.306
8048,3,191,5087.310749891655,1023.880933408011,2020-08-06T12:54:54Z,45.61825000,7.98666667,1487.00,65.293
8049,3,192,5088.310749891655,1024.880933408011,2020-08-06T12:54:55Z,45.61816667,7.98656667,1483.00,65.281
8050,3,193,5089.310749891655,1025.880933408011,2020-08-06T12:54:56Z,45.61808333,7.98648333,1492.00,65.27
8051,3,194,5090.310749891655,1026.880933408011,2020-08-06T12:54:57Z,45.61801667,7.98640000,1486.00,65.26
8052,3,195,5091.310749891655,1027.880933408011,2020-08-06T12:54:58Z,45.61795000,7.98631667,1483.00,65.25
8053,3,196,5092.310749891655,1028.880933408011,2020-08-06T12:54:59Z,45.61788333,7.98621667,1477.00,65.239
8054,3,197,5093.310749891655,1029.880933408011,2020-08-06T12:55:00Z,45.61780000,7.98611667,1474.00,65.227
8055,3,198,5094.310749891655,1030.880933408011,2020-08-06T12:55:01Z,45.61773333,7.98600000,1477.00,65.216
8056,3,199,5095.310749891655,1031.880933408011,2020-08-06T12:55:02Z,45.61765000,7.98590000,1481.00,65.204
8057,3,200,5096.310749891655,1032.880933408011,2020-08-06T12:55:03Z,45.61756667,7.98581667,1482.00,65.192
8058,3,201,5097.310749891655,1033.880933408011,2020-08-06T12:55:04Z,45.61751667,7.98573333,1476.00,65.184
8059,3,202,5098.310749891655,1034.880933408011,2020-08-06T12:55:05Z,45.61745000,7.98565000,1476.00,65.174
8060,3,203,5099.310749891655,1035.880933408011,2020-08-06T12:55:06Z,45.61740000,7.98555000,1476.00,65.165
8061,3,204,5100.310749891655,1036.880933408011,2020-08-06T12:55:07Z,45.61733333,7.98545000,1474.00,65.154
8062,3,205,5101.310749891655,1037.880933408011,2020-08-06T12:55:08Z,45.61726667,7.98535000,1475.00,65.143
8063,3,206,5102.310749891655,1038.880933408011,2020-08-06T12:55:09Z,45.61718333,7.98523333,1474.00,65.13
8064,3,207,5103.310749891655,1039.880933408011,2020-08-06T12:55:10Z,45.61711667,7.98513333,1469.00,65.12
8065,3,208,5104.310749891655,1040.880933408011,2020-08-06T12:55:11Z,45.61705000,7.98503333,1470.00,65.109
8066,3,209,5105.310749891655,1041.880933408011,2020-08-06T12:55:12Z,45.61700000,7.98495000,1473.00,65.1
8067,3,210,5106.310749891655,1042.880933408011,2020-08-06T12:55:13Z,45.61693333,7.98486667,1474.00,65.09
8068,3,211,5107.310749891655,1043.880933408011,2020-08-06T12:55:14Z,45.61686667,7.98478333,1470.00,65.081
8069,3,212,5108.310749891655,1044.880933408011,2020-08-06T12:55:15Z,45.61680000,7.98470000,1466.00,65.071
8070,3,213,5109.310749891655,1045.880933408011,2020-08-06T12:55:16Z,45.61671667,7.98460000,1461.00,65.059
8071,3,214,5110.310749891655,1046.880933408011,2020-08-06T12:55:17Z,45.61665000,7.98450000,1464.00,65.048
8072,3,215,5111.310749891655,1047.880933408011,2020-08-06T12:55:18Z,45.61656667,7.98441667,1467.00,65.037
8073,3,216,5112.310749891655,1048.880933408011,2020-08-06T12:55:19Z,45.61650000,7.98433333,1464.00,65.027
8074,3,217,5113.310749891655,1049.880933408011,2020-08-06T12:55:20Z,45.61641667,7.98425000,1459.00,65.016
8075,3,218,5114.310749891655,1050.880933408011,2020-08-06T12:55:21Z,45.61635000,7.98418333,1464.00,65.007
8076,3,219,5115.310749891655,1051.880933408011,2020-08-06T12:55:22Z,45.61626667,7.98410000,1454.00,64.996
8077,3,220,5116.310749891655,1052.880933408011,2020-08-06T12:55:23Z,45.61620000,7.98400000,1451.00,64.985
8078,3,221,5117.310749891655,1053.880933408011,2020-08-06T12:55:24Z,45.61611667,7.98390000,1461.00,64.973
8079,3,222,5118.310749891655,1054.880933408011,2020-08-06T12:55:25Z,45.61603333,7.98380000,1451.00,64.961
8080,3,223,5119.310749891655,1055.880933408011,2020-08-06T12:55:26Z,45.61596667,7.98370000,1455.00,64.95
8081,3,224,5120.310749891655,1056.880933408011,2020-08-06T12:55:27Z,45.61590000,7.98361667,1452.00,64.94
8082,3,225,5121.310749891655,1057.880933408011,2020-08-06T12:55:28Z,45.61583333,7.98351667,1451.00,64.93
8083,3,226,5122.310749891655,1058.880933408011,2020-08-06T12:55:29Z,45.61576667,7.98340000,1448.00,64.918
8084,3,227,5123.310749891655,1059.880933408011,2020-08-06T12:55:30Z,45.61571667,7.98330000,1448.00,64.908
8085,3,228,5124.310749891655,1060.880933408011,2020-08-06T12:55:31Z,45.61566667,7.98318333,1449.00,64.898
8086,3,229,5125.310749891655,1061.880933408011,2020-08-06T12:55:32Z,45.61561667,7.98310000,1447.00,64.89
8087,3,230,5126.310749891655,1062.880933408011,2020-08-06T12:55:33Z,45.61556667,7.98300000,1445.00,64.88
8088,3,231,5127.310749891655,1063.880933408011,2020-08-06T12:55:34Z,45.61550000,7.98290000,1440.00,64.87
8089,3,232,5128.310749891655,1064.880933408011,2020-08-06T12:55:35Z,45.61545000,7.98280000,1438.00,64.86
8090,3,233,5129.310749891655,1065.880933408011,2020-08-06T12:55:36Z,45.61538333,7.98270000,1441.00,64.849
8091,3,234,5130.310749891655,1066.880933408011,2020-08-06T12:55:37Z,45.61533333,7.98261667,1441.00,64.841
8092,3,235,5131.310749891655,1067.880933408011,2020-08-06T12:55:38Z,45.61526667,7.98253333,1438.00,64.831
8093,3,236,5132.310749891655,1068.880933408011,2020-08-06T12:55:39Z,45.61521667,7.98246667,1435.00,64.823
8094,3,237,5133.310749891655,1069.880933408011,2020-08-06T12:55:40Z,45.61515000,7.98236667,1431.00,64.813
8095,3,238,5134.310749891655,1070.880933408011,2020-08-06T12:55:41Z,45.61508333,7.98228333,1433.00,64.803
8096,3,239,5135.310749891655,1071.880933408011,2020-08-06T12:55:42Z,45.61501667,7.98216667,1435.00,64.791
8097,3,240,5136.310749891655,1072.880933408011,2020-08-06T12:55:43Z,45.61495000,7.98206667,1430.00,64.781
8098,3,241,5137.310749891655,1073.880933408011,2020-08-06T12:55:44Z,45.61488333,7.98196667,1428.00,64.77
8099,3,242,5138.310749891655,1074.880933408011,2020-08-06T12:55:45Z,45.61483333,7.98186667,1432.00,64.76
8100,3,243,5139.310749891655,1075.880933408011,2020-08-06T12:55:46Z,45.61476667,7.98176667,1432.00,64.75
8101,3,244,5140.310749891655,1076.880933408011,2020-08-06T12:55:47Z,45.61471667,7.98168333,1433.00,64.741
8102,3,245,5141.310749891655,1077.880933408011,2020-08-06T12:55:48Z,45.61466667,7.98160000,1422.00,64.733
8103,3,246,5142.310749891655,1078.880933408011,2020-08-06T12:55:49Z,45.61460000,7.98150000,1431.00,64.722
8104,3,247,5143.310749891655,1079.880933408011,2020-08-06T12:55:50Z,45.61453333,7.98138333,1417.00,64.71
8105,3,248,5144.310749891655,1080.880933408011,2020-08-06T12:55:51Z,45.61446667,7.98126667,1420.00,64.699
8106,3,249,5145.310749891655,1081.880933408011,2020-08-06T12:55:52Z,45.61440000,7.98116667,1427.00,64.688
8107,3,250,5146.310749891655,1082.880933408011,2020-08-06T12:55:53Z,45.61435000,7.98106667,1421.00,64.678
8108,3,251,5147.310749891655,1083.880933408011,2020-08-06T12:55:54Z,45.61430000,7.98098333,1422.00,64.67
8109,3,252,5148.310749891655,1084.880933408011,2020-08-06T12:55:55Z,45.61425000,7.98090000,1423.00,64.661
8110,3,253,5149.310749891655,1085.880933408011,2020-08-06T12:55:56Z,45.61420000,7.98081667,1418.00,64.653
8111,3,254,5150.310749891655,1086.880933408011,2020-08-06T12:55:57Z,45.61415000,7.98071667,1411.00,64.644
8112,3,255,5151.310749891655,1087.880933408011,2020-08-06T12:55:58Z,45.61406667,7.98061667,1412.00,64.632
8113,3,256,5152.310749891655,1088.880933408011,2020-08-06T12:55:59Z,45.61400000,7.98051667,1412.00,64.621
8114,3,257,5153.310749891655,1089.880933408011,2020-08-06T12:56:00Z,45.61391667,7.98043333,1409.00,64.61
8115,3,258,5154.310749891655,1090.880933408011,2020-08-06T12:56:01Z,45.61385000,7.98035000,1414.00,64.6
8116,3,259,5155.310749891655,1091.880933408011,2020-08-06T12:56:02Z,45.61380000,7.98026667,1408.00,64.591
8117,3,260,5156.310749891655,1092.880933408011,2020-08-06T12:56:03Z,45.61375000,7.98018333,1406.00,64.583
8118,3,261,5157.310749891655,1093.880933408011,2020-08-06T12:56:04Z,45.61370000,7.98008333,1411.00,64.573
8119,3,262,5158.310749891655,1094.880933408011,2020-08-06T12:56:05Z,45.61365000,7.98000000,1409.00,64.565
8120,3,263,5159.310749891655,1095.880933408011,2020-08-06T12:56:06Z,45.61358333,7.97990000,1405.00,64.554
8121,3,264,5160.310749891655,1096.880933408011,2020-08-06T12:56:07Z,45.61351667,7.97978333,1402.00,64.542
8122,3,265,5161.310749891655,1097.880933408011,2020-08-06T12:56:08Z,45.61346667,7.97968333,1398.00,64.533
8123,3,266,5162.310749891655,1098.880933408011,2020-08-06T12:56:09Z,45.61340000,7.97958333,1400.00,64.522
8124,3,267,5163.310749891655,1099.880933408011,2020-08-06T12:56:10Z,45.61335000,7.97951667,1404.00,64.515
8125,3,268,5164.310749891655,1100.880933408011,2020-08-06T12:56:11Z,45.61330000,7.97943333,1404.00,64.506
8126,3,269,5165.310749891655,1101.880933408011,2020-08-06T12:56:12Z,45.61325000,7.97936667,1403.00,64.499
8127,3,270,5166.310749891655,1102.880933408011,2020-08-06T12:56:13Z,45.61318333,7.97930000,1393.00,64.49
8128,3,271,5167.310749891655,1103.880933408011,2020-08-06T12:56:14Z,45.61311667,7.97921667,1397.00,64.48
8129,3,272,5168.310749891655,1104.880933408011,2020-08-06T12:56:15Z,45.61303333,7.97913333,1399.00,64.469
8130,3,273,5169.310749891655,1105.880933408011,2020-08-06T12:56:16Z,45.61296667,7.97901667,1397.00,64.457
8131,3,274,5170.310749891655,1106.880933408011,2020-08-06T12:56:17Z,45.61290000,7.97891667,1403.00,64.446
8132,3,275,5171.310749891655,1107.880933408011,2020-08-06T12:56:18Z,45.61285000,7.97881667,1402.00,64.437
8133,3,276,5172.310749891655,1108.880933408011,2020-08-06T12:56:19Z,45.61281667,7.97873333,1392.00,64.43
8134,3,277,5173.310749891655,1109.880933408011,2020-08-06T12:56:20Z,45.61276667,7.97863333,1376.00,64.42
8135,3,278,5174.310749891655,1110.880933408011,2020-08-06T12:56:21Z,45.61270000,7.97855000,1393.00,64.411
8136,3,279,5175.310749891655,1111.880933408011,2020-08-06T12:56:22Z,45.61265000,7.97846667,1397.00,64.402
8137,3,280,5176.310749891655,1112.880933408011,2020-08-06T12:56:23Z,45.61258333,7.97836667,1403.00,64.391
8138,3,281,5177.310749891655,1113.880933408011,2020-08-06T12:56:24Z,45.61253333,7.97826667,1408.00,64.382
8139,3,282,5178.310749891655,1114.880933408011,2020-08-06T12:56:25Z,45.61248333,7.97820000,1403.00,64.374
8140,3,283,5179.310749891655,1115.880933408011,2020-08-06T12:56:26Z,45.61245000,7.97811667,1397.00,64.367
8141,3,284,5180.310749891655,1116.880933408011,2020-08-06T12:56:27Z,45.61238333,7.97801667,1400.00,64.356
8142,3,285,5181.310749891655,1117.880933408011,2020-08-06T12:56:28Z,45.61233333,7.97791667,1397.00,64.347
8143,3,286,5182.310749891655,1118.880933408011,2020-08-06T12:56:29Z,45.61226667,7.97780000,1398.00,64.335
8144,3,287,5183.310749891655,1119.880933408011,2020-08-06T12:56:30Z,45.61220000,7.97770000,1400.00,64.325
8145,3,288,5184.310749891655,1120.880933408011,2020-08-06T12:56:31Z,45.61213333,7.97760000,1405.00,64.314
8146,3,289,5185.310749891655,1121.880933408011,2020-08-06T12:56:32Z,45.61206667,7.97750000,1389.00,64.303
8147,3,290,5186.310749891655,1122.880933408011,2020-08-06T12:56:33Z,45.61200000,7.97738333,1394.00,64.292
8148,3,291,5187.310749891655,1123.880933408011,2020-08-06T12:56:34Z,45.61195000,7.97728333,1391.00,64.282
8149,3,292,5188.310749891655,1124.880933408011,2020-08-06T12:56:35Z,45.61190000,7.97718333,1395.00,64.273
8150,3,293,5189.310749891655,1125.880933408011,2020-08-06T12:56:36Z,45.61185000,7.97708333,1394.00,64.263
8151,3,294,5190.310749891655,1126.880933408011,2020-08-06T12:56:37Z,45.61180000,7.97701667,1391.00,64.256
8152,3,295,5191.310749891655,1127.880933408011,2020-08-06T12:56:38Z,45.61173333,7.97695000,1393.00,64.247
8153,3,296,5192.310749891655,1128.880933408011,2020-08-06T12:56:39Z,45.61166667,7.97690000,1387.00,64.239
8154,3,297,5193.310749891655,1129.880933408011,2020-08-06T12:56:40Z,45.61160000,7.97683333,1392.00,64.23
8155,3,298,5194.310749891655,1130.880933408011,2020-08-06T12:56:41Z,45.61155000,7.97678333,1391.00,64.223
8156,3,299,5195.310749891655,1131.880933408011,2020-08-06T12:56:42Z,45.61151667,7.97673333,1396.00,64.218
8157,3,300,5196.310749891655,1132.880933408011,2020-08-06T12:56:43Z,45.61146667,7.97668333,1391.00,64.211
8158,3,301,5197.310749891655,1133.880933408011,2020-08-06T12:56:44Z,45.61140000,7.97661667,1386.00,64.202
8159,3,302,5198.310749891655,1134.880933408011,2020-08-06T12:56:45Z,45.61135000,7.97655000,1390.00,64.194
8160,3,303,5199.310749891655,1135.880933408011,2020-08-06T12:56:46Z,45.61128333,7.97650000,1392.00,64.186
8161,3,304,5200.310749891655,1136.880933408011,2020-08-06T12:56:47Z,45.61121667,7.97645000,1388.00,64.178
8162,3,305,5201.310749891655,1137.880933408011,2020-08-06T12:56:48Z,45.61116667,7.97638333,1393.00,64.171
8163,3,306,5202.310749891655,1138.880933408011,2020-08-06T12:56:49Z,45.61111667,7.97631667,1389.00,64.163
8164,3,307,5203.310749891655,1139.880933408011,2020-08-06T12:56:50Z,45.61105000,7.97625000,1392.00,64.154
8165,3,308,5204.310749891655,1140.880933408011,2020-08-06T12:56:51Z,45.61100000,7.97616667,1398.00,64.146
8166,3,309,5205.310749891655,1141.880933408011,2020-08-06T12:56:52Z,45.61093333,7.97610000,1393.00,64.137
8167,3,310,5206.310749891655,1142.880933408011,2020-08-06T12:56:53Z,45.61088333,7.97603333,1396.00,64.129
8168,3,311,5207.310749891655,1143.880933408011,2020-08-06T12:56:54Z,45.61081667,7.97596667,1393.00,64.12
8169,3,312,5208.310749891655,1144.880933408011,2020-08-06T12:56:55Z,45.61076667,7.97590000,1387.00,64.113
8170,3,313,5209.310749891655,1145.880933408011,2020-08-06T12:56:56Z,45.61068333,7.97585000,1390.00,64.103
8171,3,314,5210.310749891655,1146.880933408011,2020-08-06T12:56:57Z,45.61061667,7.97580000,1386.00,64.095
8172,3,315,5211.310749891655,1147.880933408011,2020-08-06T12:56:58Z,45.61053333,7.97576667,1393.00,64.087
8173,3,316,5212.310749891655,1148.880933408011,2020-08-06T12:56:59Z,45.61046667,7.97573333,1385.00,64.08
8174,3,317,5213.310749891655,1149.880933408011,2020-08-06T12:57:00Z,45.61040000,7.97568333,1389.00,64.072
8175,3,318,5214.310749891655,1150.880933408011,2020-08-06T12:57:01Z,45.61033333,7.97561667,1381.00,64.063
8176,3,319,5215.310749891655,1151.880933408011,2020-08-06T12:57:02Z,45.61026667,7.97555000,1383.00,64.054
8177,3,320,5216.310749891655,1152.880933408011,2020-08-06T12:57:03Z,45.61020000,7.97548333,1383.00,64.045
8178,3,321,5217.310749891655,1153.880933408011,2020-08-06T12:57:04Z,45.61011667,7.97541667,1379.00,64.035
8179,3,322,5218.310749891655,1154.880933408011,2020-08-06T12:57:05Z,45.61005000,7.97536667,1378.00,64.027
8180,3,323,5219.310749891655,1155.880933408011,2020-08-06T12:57:06Z,45.60998333,7.97530000,1382.00,64.018
8181,3,324,5220.310749891655,1156.880933408011,2020-08-06T12:57:07Z,45.60991667,7.97523333,1372.00,64.009
8182,3,325,5221.310749891655,1157.880933408011,2020-08-06T12:57:08Z,45.60985000,7.97518333,1377.00,64.001
8183,3,326,5222.310749891655,1158.880933408011,2020-08-06T12:57:09Z,45.60978333,7.97513333,1370.00,63.993
8184,3,327,5223.310749891655,1159.880933408011,2020-08-06T12:57:10Z,45.60970000,7.97508333,1374.00,63.983
8185,3,328,5224.310749891655,1160.880933408011,2020-08-06T12:57:11Z,45.60960000,7.97505000,1368.00,63.973
8186,3,329,5225.310749891655,1161.880933408011,2020-08-06T12:57:12Z,45.60953333,7.97500000,1372.00,63.965
8187,3,330,5226.310749891655,1162.880933408011,2020-08-06T12:57:13Z,45.60945000,7.97496667,1366.00,63.957
8188,3,331,5227.310749891655,1163.880933408011,2020-08-06T12:57:14Z,45.60938333,7.97493333,1376.00,63.95
8189,3,332,5228.310749891655,1164.880933408011,2020-08-06T12:57:15Z,45.60931667,7.97491667,1364.00,63.944
8190,3,333,5229.310749891655,1165.880933408011,2020-08-06T12:57:16Z,45.60923333,7.97488333,1361.00,63.935
8191,3,334,5230.310749891655,1166.880933408011,2020-08-06T12:57:17Z,45.60915000,7.97483333,1351.00,63.926
8192,3,335,5231.310749891655,1167.880933408011,2020-08-06T12:57:18Z,45.60906667,7.97480000,1367.00,63.917
8193,3,336,5232.310749891655,1168.880933408011,2020-08-06T12:57:19Z,45.60898333,7.97478333,1363.00,63.91
8194,3,337,5233.310749891655,1169.880933408011,2020-08-06T12:57:20Z,45.60890000,7.97476667,1361.00,63.902
8195,3,338,5234.310749891655,1170.880933408011,2020-08-06T12:57:21Z,45.60880000,7.97473333,1355.00,63.892
8196,3,339,5235.310749891655,1171.880933408011,2020-08-06T12:57:22Z,45.60871667,7.97470000,1353.00,63.884
8197,3,340,5236.310749891655,1172.880933408011,2020-08-06T12:57:23Z,45.60861667,7.97463333,1345.00,63.872
8198,3,341,5237.310749891655,1173.880933408011,2020-08-06T12:57:24Z,45.60853333,7.97458333,1351.00,63.863
8199,3,342,5238.310749891655,1174.880933408011,2020-08-06T12:57:25Z,45.60845000,7.97453333,1350.00,63.854
8200,3,343,5239.310749891655,1175.880933408011,2020-08-06T12:57:26Z,45.60838333,7.97450000,1357.00,63.846
8201,3,344,5240.310749891655,1176.880933408011,2020-08-06T12:57:27Z,45.60831667,7.97448333,1350.00,63.84
8202,3,345,5241.310749891655,1177.880933408011,2020-08-06T12:57:28Z,45.60825000,7.97445000,1343.00,63.833
8203,3,346,5242.310749891655,1178.880933408011,2020-08-06T12:57:29Z,45.60816667,7.97440000,1352.00,63.824
8204,3,347,5243.310749891655,1179.880933408011,2020-08-06T12:57:30Z,45.60808333,7.97435000,1351.00,63.814
8205,3,348,5244.310749891655,1180.880933408011,2020-08-06T12:57:31Z,45.60800000,7.97428333,1357.00,63.804
8206,3,349,5245.310749891655,1181.880933408011,2020-08-06T12:57:32Z,45.60793333,7.97423333,1329.00,63.796
8207,3,350,5246.310749891655,1182.880933408011,2020-08-06T12:57:33Z,45.60786667,7.97416667,1346.00,63.787
8208,3,351,5247.310749891655,1183.880933408011,2020-08-06T12:57:34Z,45.60780000,7.97410000,1357.00,63.778
8209,3,352,5248.310749891655,1184.880933408011,2020-08-06T12:57:35Z,45.60771667,7.97403333,1355.00,63.768
8210,3,353,5249.310749891655,1185.880933408011,2020-08-06T12:57:36Z,45.60765000,7.97396667,1345.00,63.759
8211,3,354,5250.310749891655,1186.880933408011,2020-08-06T12:57:37Z,45.60760000,7.97388333,1354.00,63.751
8212,3,355,5251.310749891655,1187.880933408011,2020-08-06T12:57:38Z,45.60753333,7.97380000,1350.00,63.741
8213,3,356,5252.310749891655,1188.880933408011,2020-08-06T12:57:39Z,45.60748333,7.97371667,1359.00,63.732
8214,3,357,5253.310749891655,1189.880933408011,2020-08-06T12:57:40Z,45.60741667,7.97365000,1351.00,63.723
8215,3,358,5254.310749891655,1190.880933408011,2020-08-06T12:57:41Z,45.60736667,7.97358333,1366.00,63.716
8216,3,359,5255.310749891655,1191.880933408011,2020-08-06T12:57:42Z,45.60731667,7.97351667,1351.00,63.708
8217,3,360,5256.310749891655,1192.880933408011,2020-08-06T12:57:43Z,45.60726667,7.97345000,1357.00,63.7
8218,3,361,5257.310749891655,1193.880933408011,2020-08-06T12:57:44Z,45.60721667,7.97336667,1351.00,63.692
8219,3,362,5258.310749891655,1194.880933408011,2020-08-06T12:57:45Z,45.60716667,7.97326667,1351.00,63.683
8220,3,363,5259.310749891655,1195.880933408011,2020-08-06T12:57:46Z,45.60710000,7.97316667,1351.00,63.672
8221,3,364,5260.310749891655,1196.880933408011,2020-08-06T12:57:47Z,45.60703333,7.97308333,1348.00,63.662
8222,3,365,5261.310749891655,1197.880933408011,2020-08-06T12:57:48Z,45.60696667,7.97301667,1355.00,63.653
8223,3,366,5262.310749891655,1198.880933408011,2020-08-06T12:57:49Z,45.60690000,7.97296667,1343.00,63.645
8224,3,367,5263.310749891655,1199.880933408011,2020-08-06T12:57:50Z,45.60683333,7.97290000,1350.00,63.636
8225,3,368,5264.310749891655,1200.880933408011,2020-08-06T12:57:51Z,45.60675000,7.97285000,1347.00,63.627
8226,3,369,5265.310749891655,1201.880933408011,2020-08-06T12:57:52Z,45.60666667,7.97280000,1350.00,63.617
8227,3,370,5266.310749891655,1202.880933408011,2020-08-06T12:57:53Z,45.60658333,7.97275000,1352.00,63.608
8228,3,371,5267.310749891655,1203.880933408011,2020-08-06T12:57:54Z,45.60651667,7.97270000,1342.00,63.6
8229,3,372,5268.310749891655,1204.880933408011,2020-08-06T12:57:55Z,45.60645000,7.97265000,1354.00,63.592
8230,3,373,5269.310749891655,1205.880933408011,2020-08-06T12:57:56Z,45.60640000,7.97261667,1348.00,63.586
8231,3,374,5270.310749891655,1206.880933408011,2020-08-06T12:57:57Z,45.60633333,7.97260000,1346.00,63.58
8232,3,375,5271.310749891655,1207.880933408011,2020-08-06T12:57:58Z,45.60626667,7.97256667,1349.00,63.573
8233,3,376,5272.310749891655,1208.880933408011,2020-08-06T12:57:59Z,45.60620000,7.97256667,1344.00,63.568
8234,3,377,5273.310749891655,1209.880933408011,2020-08-06T12:58:00Z,45.60613333,7.97260000,1352.00,63.564
8235,3,378,5274.310749891655,1210.880933408011,2020-08-06T12:58:01Z,45.60606667,7.97266667,1349.00,63.562
8236,3,379,5275.310749891655,1211.880933408011,2020-08-06T12:58:02Z,45.60601667,7.97273333,1352.00,63.562
8237,3,380,5276.310749891655,1212.880933408011,2020-08-06T12:58:03Z,45.60598333,7.97281667,1352.00,63.564
8238,3,381,5277.310749891655,1213.880933408011,2020-08-06T12:58:04Z,45.60595000,7.97290000,1345.00,63.566
8239,3,382,5278.310749891655,1214.880933408011,2020-08-06T12:58:05Z,45.60595000,7.97300000,1347.00,63.571
8240,3,383,5279.310749891655,1215.880933408011,2020-08-06T12:58:06Z,45.60593333,7.97310000,1354.00,63.575
8241,3,384,5280.310749891655,1216.880933408011,2020-08-06T12:58:07Z,45.60593333,7.97321667,1344.00,63.582
8242,3,385,5281.310749891655,1217.880933408011,2020-08-06T12:58:08Z,45.60591667,7.97333333,1353.00,63.587
8243,3,386,5282.310749891655,1218.880933408011,2020-08-06T12:58:09Z,45.60591667,7.97346667,1353.00,63.594
8244,3,387,5283.310749891655,1219.880933408011,2020-08-06T12:58:10Z,45.60590000,7.97358333,1361.00,63.599
8245,3,388,5284.310749891655,1220.880933408011,2020-08-06T12:58:11Z,45.60588333,7.97368333,1351.00,63.603
8246,3,389,5285.310749891655,1221.880933408011,2020-08-06T12:58:12Z,45.60586667,7.97378333,1351.00,63.607
8247,3,390,5286.310749891655,1222.880933408011,2020-08-06T12:58:13Z,45.60581667,7.97386667,1351.00,63.608
8248,3,391,5287.310749891655,1223.880933408011,2020-08-06T12:58:14Z,45.60576667,7.97393333,1365.00,63.607
8249,3,392,5288.310749891655,1224.880933408011,2020-08-06T12:58:15Z,45.60571667,7.97396667,1344.00,63.605
8250,3,393,5289.310749891655,1225.880933408011,2020-08-06T12:58:16Z,45.60565000,7.97398333,1347.00,63.601
8251,3,394,5290.310749891655,1226.880933408011,2020-08-06T12:58:17Z,45.60558333,7.97395000,1350.00,63.594
8252,3,395,5291.310749891655,1227.880933408011,2020-08-06T12:58:18Z,45.60553333,7.97386667,1362.00,63.585
8253,3,396,5292.310749891655,1228.880933408011,2020-08-06T12:58:19Z,45.60548333,7.97373333,1355.00,63.574
8254,3,397,5293.310749891655,1229.880933408011,2020-08-06T12:58:20Z,45.60548333,7.97358333,1359.00,63.566
8255,3,398,5294.310749891655,1230.880933408011,2020-08-06T12:58:21Z,45.60551667,7.97343333,1359.00,63.56
8256,3,399,5295.310749891655,1231.880933408011,2020-08-06T12:58:22Z,45.60558333,7.97335000,1355.00,63.561
8257,3,400,5296.310749891655,1232.880933408011,2020-08-06T12:58:23Z,45.60568333,7.97325000,1367.00,63.563
8258,3,401,5297.310749891655,1233.880933408011,2020-08-06T12:58:24Z,45.60578333,7.97316667,1364.00,63.567
8259,3,402,5298.310749891655,1234.880933408011,2020-08-06T12:58:25Z,45.60586667,7.97311667,1352.00,63.571
8260,3,403,5299.310749891655,1235.880933408011,2020-08-06T12:58:26Z,45.60598333,7.97308333,1360.00,63.578
8261,3,404,5300.310749891655,1236.880933408011,2020-08-06T12:58:27Z,45.60608333,7.97308333,1362.00,63.586
8262,3,405,5301.310749891655,1237.880933408011,2020-08-06T12:58:28Z,45.60618333,7.97310000,1361.00,63.595
8263,3,406,5302.310749891655,1238.880933408011,2020-08-06T12:58:29Z,45.60626667,7.97316667,1363.00,63.605
8264,3,407,5303.310749891655,1239.880933408011,2020-08-06T12:58:30Z,45.60635000,7.97326667,1365.00,63.617
8265,3,408,5304.310749891655,1240.880933408011,2020-08-06T12:58:31Z,45.60638333,7.97336667,1357.00,63.626
8266,3,409,5305.310749891655,1241.880933408011,2020-08-06T12:58:32Z,45.60636667,7.97348333,1364.00,63.631
8267,3,410,5306.310749891655,1242.880933408011,2020-08-06T12:58:33Z,45.60635000,7.97361667,1372.00,63.636
8268,3,411,5307.310749891655,1243.880933408011,2020-08-06T12:58:34Z,45.60633333,7.97370000,1355.00,63.64
8269,3,412,5308.310749891655,1244.880933408011,2020-08-06T12:58:35Z,45.60630000,7.97378333,1364.00,63.642
8270,3,413,5309.310749891655,1245.880933408011,2020-08-06T12:58:36Z,45.60625000,7.97383333,1358.00,63.64
8271,3,414,5310.310749891655,1246.880933408011,2020-08-06T12:58:37Z,45.60616667,7.97385000,1372.00,63.635
8272,3,415,5311.310749891655,1247.880933408011,2020-08-06T12:58:38Z,45.60608333,7.97383333,1360.00,63.627
8273,3,416,5312.310749891655,1248.880933408011,2020-08-06T12:58:39Z,45.60598333,7.97380000,1360.00,63.617
8274,3,417,5313.310749891655,1249.880933408011,2020-08-06T12:58:40Z,45.60590000,7.97373333,1367.00,63.607
8275,3,418,5314.310749891655,1250.880933408011,2020-08-06T12:58:41Z,45.60581667,7.97365000,1370.00,63.596
8276,3,419,5315.310749891655,1251.880933408011,2020-08-06T12:58:42Z,45.60573333,7.97358333,1380.00,63.586
8277,3,420,5316.310749891655,1252.880933408011,2020-08-06T12:58:43Z,45.60568333,7.97350000,1369.00,63.577
8278,3,421,5317.310749891655,1253.880933408011,2020-08-06T12:58:44Z,45.60563333,7.97345000,1396.00,63.57
8279,3,422,5318.310749891655,1254.880933408011,2020-08-06T12:58:45Z,45.60558333,7.97338333,1389.00,63.563
8280,3,423,5319.310749891655,1255.880933408011,2020-08-06T12:58:46Z,45.60553333,7.97333333,1384.00,63.556
8281,3,424,5320.310749891655,1256.880933408011,2020-08-06T12:58:47Z,45.60548333,7.97331667,1379.00,63.551
8282,3,425,5321.310749891655,1257.880933408011,2020-08-06T12:58:48Z,45.60541667,7.97335000,1379.00,63.548
8283,3,426,5322.310749891655,1258.880933408011,2020-08-06T12:58:49Z,45.60538333,7.97345000,1376.00,63.55
8284,3,427,5323.310749891655,1259.880933408011,2020-08-06T12:58:50Z,45.60536667,7.97356667,1369.00,63.555
8285,3,428,5324.310749891655,1260.880933408011,2020-08-06T12:58:51Z,45.60541667,7.97368333,1381.00,63.566
8286,3,429,5325.310749891655,1261.880933408011,2020-08-06T12:58:52Z,45.60551667,7.97375000,1376.00,63.577
8287,3,430,5326.310749891655,1262.880933408011,2020-08-06T12:58:53Z,45.60563333,7.97375000,1370.00,63.587
8288,3,431,5327.310749891655,1263.880933408011,2020-08-06T12:58:54Z,45.60575000,7.97366667,1375.00,63.591
8289,3,432,5328.310749891655,1264.880933408011,2020-08-06T12:58:55Z,45.60585000,7.97356667,1380.00,63.594
8290,3,433,5329.310749891655,1265.880933408011,2020-08-06T12:58:56Z,45.60588333,7.97341667,1383.00,63.588
8291,3,434,5330.310749891655,1266.880933408011,2020-08-06T12:58:57Z,45.60586667,7.97326667,1384.00,63.579
8292,3,435,5331.310749891655,1267.880933408011,2020-08-06T12:58:58Z,45.60585000,7.97311667,1383.00,63.569
8293,3,436,5332.310749891655,1268.880933408011,2020-08-06T12:58:59Z,45.60580000,7.97298333,1379.00,63.558
8294,3,437,5333.310749891655,1269.880933408011,2020-08-06T12:59:00Z,45.60576667,7.97288333,1387.00,63.55
8295,3,438,5334.310749891655,1270.880933408011,2020-08-06T12:59:01Z,45.60570000,7.97281667,1393.00,63.541
8296,3,439,5335.310749891655,1271.880933408011,2020-08-06T12:59:02Z,45.60563333,7.97278333,1392.00,63.534
8297,3,440,5336.310749891655,1272.880933408011,2020-08-06T12:59:03Z,45.60556667,7.97275000,1386.00,63.527
8298,3,441,5337.310749891655,1273.880933408011,2020-08-06T12:59:04Z,45.60550000,7.97275000,1392.00,63.522
8299,3,442,5338.310749891655,1274.880933408011,2020-08-06T12:59:05Z,45.60543333,7.97275000,1389.00,63.516
8300,3,443,5339.310749891655,1275.880933408011,2020-08-06T12:59:06Z,45.60538333,7.97283333,1388.00,63.517
8301,3,444,5340.310749891655,1276.880933408011,2020-08-06T12:59:07Z,45.60535000,7.97295000,1382.00,63.521
8302,3,445,5341.310749891655,1277.880933408011,2020-08-06T12:59:08Z,45.60536667,7.97310000,1386.00,63.53
8303,3,446,5342.310749891655,1278.880933408011,2020-08-06T12:59:09Z,45.60543333,7.97323333,1382.00,63.543
8304,3,447,5343.310749891655,1279.880933408011,2020-08-06T12:59:10Z,45.60553333,7.97335000,1380.00,63.557
8305,3,448,5344.310749891655,1280.880933408011,2020-08-06T12:59:11Z,45.60566667,7.97338333,1387.00,63.569
8306,3,449,5345.310749891655,1281.880933408011,2020-08-06T12:59:12Z,45.60578333,7.97336667,1384.00,63.578
8307,3,450,5346.310749891655,1282.880933408011,2020-08-06T12:59:13Z,45.60588333,7.97331667,1390.00,63.583
8308,3,451,5347.310749891655,1283.880933408011,2020-08-06T12:59:14Z,45.60596667,7.97326667,1393.00,63.587
8309,3,452,5348.310749891655,1284.880933408011,2020-08-06T12:59:15Z,45.60603333,7.97318333,1389.00,63.588
8310,3,453,5349.310749891655,1285.880933408011,2020-08-06T12:59:16Z,45.60608333,7.97308333,1393.00,63.586
8311,3,454,5350.310749891655,1286.880933408011,2020-08-06T12:59:17Z,45.60613333,7.97296667,1398.00,63.584
8312,3,455,5351.310749891655,1287.880933408011,2020-08-06T12:59:18Z,45.60613333,7.97280000,1400.00,63.575
8313,3,456,5352.310749891655,1288.880933408011,2020-08-06T12:59:19Z,45.60613333,7.97263333,1394.00,63.566
8314,3,457,5353.310749891655,1289.880933408011,2020-08-06T12:59:20Z,45.60608333,7.97250000,1407.00,63.555
8315,3,458,5354.310749891655,1290.880933408011,2020-08-06T12:59:21Z,45.60600000,7.97245000,1396.00,63.545
8316,3,459,5355.310749891655,1291.880933408011,2020-08-06T12:59:22Z,45.60593333,7.97243333,1403.00,63.539
8317,3,460,5356.310749891655,1292.880933408011,2020-08-06T12:59:23Z,45.60585000,7.97245000,1398.00,63.533
8318,3,461,5357.310749891655,1293.880933408011,2020-08-06T12:59:24Z,45.60580000,7.97250000,1397.00,63.532
8319,3,462,5358.310749891655,1294.880933408011,2020-08-06T12:59:25Z,45.60575000,7.97258333,1401.00,63.533
8320,3,463,5359.310749891655,1295.880933408011,2020-08-06T12:59:26Z,45.60571667,7.97268333,1397.00,63.535
8321,3,464,5360.310749891655,1296.880933408011,2020-08-06T12:59:27Z,45.60570000,7.97281667,1407.00,63.541
8322,3,465,5361.310749891655,1297.880933408011,2020-08-06T12:59:28Z,45.60573333,7.97293333,1399.00,63.55
8323,3,466,5362.310749891655,1298.880933408011,2020-08-06T12:59:29Z,45.60578333,7.97306667,1400.00,63.561
8324,3,467,5363.310749891655,1299.880933408011,2020-08-06T12:59:30Z,45.60585000,7.97316667,1403.00,63.572
8325,3,468,5364.310749891655,1300.880933408011,2020-08-06T12:59:31Z,45.60593333,7.97326667,1394.00,63.584
8326,3,469,5365.310749891655,1301.880933408011,2020-08-06T12:59:32Z,45.60603333,7.97331667,1399.00,63.595
8327,3,470,5366.310749891655,1302.880933408011,2020-08-06T12:59:33Z,45.60613333,7.97335000,1404.00,63.605
8328,3,471,5367.310749891655,1303.880933408011,2020-08-06T12:59:34Z,45.60623333,7.97333333,1397.00,63.612
8329,3,472,5368.310749891655,1304.880933408011,2020-08-06T12:59:35Z,45.60633333,7.97330000,1404.00,63.618
8330,3,473,5369.310749891655,1305.880933408011,2020-08-06T12:59:36Z,45.60645000,7.97321667,1411.00,63.623
8331,3,474,5370.310749891655,1306.880933408011,2020-08-06T12:59:37Z,45.60653333,7.97311667,1406.00,63.624
8332,3,475,5371.310749891655,1307.880933408011,2020-08-06T12:59:38Z,45.60660000,7.97300000,1414.00,63.623
8333,3,476,5372.310749891655,1308.880933408011,2020-08-06T12:59:39Z,45.60665000,7.97286667,1412.00,63.62
8334,3,477,5373.310749891655,1309.880933408011,2020-08-06T12:59:40Z,45.60668333,7.97273333,1414.00,63.615
8335,3,478,5374.310749891655,1310.880933408011,2020-08-06T12:59:41Z,45.60671667,7.97258333,1419.00,63.61
8336,3,479,5375.310749891655,1311.880933408011,2020-08-06T12:59:42Z,45.60671667,7.97243333,1416.00,63.602
8337,3,480,5376.310749891655,1312.880933408011,2020-08-06T12:59:43Z,45.60670000,7.97230000,1421.00,63.593
8338,3,481,5377.310749891655,1313.880933408011,2020-08-06T12:59:44Z,45.60666667,7.97218333,1424.00,63.584
8339,3,482,5378.310749891655,1314.880933408011,2020-08-06T12:59:45Z,45.60661667,7.97211667,1422.00,63.576
8340,3,483,5379.310749891655,1315.880933408011,2020-08-06T12:59:46Z,45.60655000,7.97210000,1422.00,63.57
8341,3,484,5380.310749891655,1316.880933408011,2020-08-06T12:59:47Z,45.60646667,7.97211667,1415.00,63.564
8342,3,485,5381.310749891655,1317.880933408011,2020-08-06T12:59:48Z,45.60638333,7.97216667,1415.00,63.56
8343,3,486,5382.310749891655,1318.880933408011,2020-08-06T12:59:49Z,45.60633333,7.97226667,1424.00,63.562
8344,3,487,5383.310749891655,1319.880933408011,2020-08-06T12:59:50Z,45.60630000,7.97236667,1424.00,63.565
8345,3,488,5384.310749891655,1320.880933408011,2020-08-06T12:59:51Z,45.60628333,7.97250000,1416.00,63.571
8346,3,489,5385.310749891655,1321.880933408011,2020-08-06T12:59:52Z,45.60631667,7.97263333,1419.00,63.58
8347,3,490,5386.310749891655,1322.880933408011,2020-08-06T12:59:53Z,45.60638333,7.97275000,1411.00,63.592
8348,3,491,5387.310749891655,1323.880933408011,2020-08-06T12:59:54Z,45.60648333,7.97285000,1421.00,63.605
8349,3,492,5388.310749891655,1324.880933408011,2020-08-06T12:59:55Z,45.60660000,7.97286667,1421.00,63.616
8350,3,493,5389.310749891655,1325.880933408011,2020-08-06T12:59:56Z,45.60673333,7.97278333,1425.00,63.622
8351,3,494,5390.310749891655,1326.880933408011,2020-08-06T12:59:57Z,45.60685000,7.97268333,1425.00,63.626
8352,3,495,5391.310749891655,1327.880933408011,2020-08-06T12:59:58Z,45.60691667,7.97253333,1435.00,63.623
8353,3,496,5392.310749891655,1328.880933408011,2020-08-06T12:59:59Z,45.60695000,7.97240000,1427.00,63.618
8354,3,497,5393.310749891655,1329.880933408011,2020-08-06T13:00:00Z,45.60696667,7.97223333,1427.00,63.611
8355,3,498,5394.310749891655,1330.880933408011,2020-08-06T13:00:01Z,45.60696667,7.97208333,1434.00,63.603
8356,3,499,5395.310749891655,1331.880933408011,2020-08-06T13:00:02Z,45.60693333,7.97196667,1439.00,63.594
8357,3,500,5396.310749891655,1332.880933408011,2020-08-06T13:00:03Z,45.60688333,7.97188333,1436.00,63.585
8358,3,501,5397.310749891655,1333.880933408011,2020-08-06T13:00:04Z,45.60680000,7.97188333,1434.00,63.578
8359,3,502,5398.310749891655,1334.880933408011,2020-08-06T13:00:05Z,45.60671667,7.97193333,1430.00,63.574
8360,3,503,5399.310749891655,1335.880933408011,2020-08-06T13:00:06Z,45.60665000,7.97203333,1431.00,63.575
8361,3,504,5400.310749891655,1336.880933408011,2020-08-06T13:00:07Z,45.60661667,7.97215000,1433.00,63.578
8362,3,505,5401.310749891655,1337.880933408011,2020-08-06T13:00:08Z,45.60661667,7.97226667,1438.00,63.585
8363,3,506,5402.310749891655,1338.880933408011,2020-08-06T13:00:09Z,45.60668333,7.97236667,1440.00,63.595
8364,3,507,5403.310749891655,1339.880933408011,2020-08-06T13:00:10Z,45.60676667,7.97243333,1434.00,63.606
8365,3,508,5404.310749891655,1340.880933408011,2020-08-06T13:00:11Z,45.60688333,7.97245000,1441.00,63.616
8366,3,509,5405.310749891655,1341.880933408011,2020-08-06T13:00:12Z,45.60700000,7.97241667,1445.00,63.623
8367,3,510,5406.310749891655,1342.880933408011,2020-08-06T13:00:13Z,45.60710000,7.97233333,1445.00,63.627
8368,3,511,5407.310749891655,1343.880933408011,2020-08-06T13:00:14Z,45.60718333,7.97221667,1442.00,63.627
8369,3,512,5408.310749891655,1344.880933408011,2020-08-06T13:00:15Z,45.60725000,7.97206667,1442.00,63.624
8370,3,513,5409.310749891655,1345.880933408011,2020-08-06T13:00:16Z,45.60726667,7.97190000,1452.00,63.617
8371,3,514,5410.310749891655,1346.880933408011,2020-08-06T13:00:17Z,45.60725000,7.97178333,1452.00,63.609
8372,3,515,5411.310749891655,1347.880933408011,2020-08-06T13:00:18Z,45.60721667,7.97168333,1451.00,63.601
8373,3,516,5412.310749891655,1348.880933408011,2020-08-06T13:00:19Z,45.60715000,7.97161667,1449.00,63.592
8374,3,517,5413.310749891655,1349.880933408011,2020-08-06T13:00:20Z,45.60706667,7.97158333,1443.00,63.584
8375,3,518,5414.310749891655,1350.880933408011,2020-08-06T13:00:21Z,45.60698333,7.97158333,1453.00,63.577
8376,3,519,5415.310749891655,1351.880933408011,2020-08-06T13:00:22Z,45.60691667,7.97160000,1453.00,63.572
8377,3,520,5416.310749891655,1352.880933408011,2020-08-06T13:00:23Z,45.60685000,7.97165000,1453.00,63.57
8378,3,521,5417.310749891655,1353.880933408011,2020-08-06T13:00:24Z,45.60681667,7.97176667,1453.00,63.573
8379,3,522,5418.310749891655,1354.880933408011,2020-08-06T13:00:25Z,45.60681667,7.97188333,1448.00,63.58
8380,3,523,5419.310749891655,1355.880933408011,2020-08-06T13:00:26Z,45.60685000,7.97201667,1452.00,63.59
8381,3,524,5420.310749891655,1356.880933408011,2020-08-06T13:00:27Z,45.60693333,7.97210000,1458.00,63.601
8382,3,525,5421.310749891655,1357.880933408011,2020-08-06T13:00:28Z,45.60703333,7.97215000,1456.00,63.611
8383,3,526,5422.310749891655,1358.880933408011,2020-08-06T13:00:29Z,45.60713333,7.97213333,1459.00,63.619
8384,3,527,5423.310749891655,1359.880933408011,2020-08-06T13:00:30Z,45.60723333,7.97210000,1462.00,63.625
8385,3,528,5424.310749891655,1360.880933408011,2020-08-06T13:00:31Z,45.60733333,7.97205000,1461.00,63.63
8386,3,529,5425.310749891655,1361.880933408011,2020-08-06T13:00:32Z,45.60743333,7.97198333,1463.00,63.634
8387,3,530,5426.310749891655,1362.880933408011,2020-08-06T13:00:33Z,45.60753333,7.97190000,1460.00,63.638
8388,3,531,5427.310749891655,1363.880933408011,2020-08-06T13:00:34Z,45.60763333,7.97181667,1468.00,63.641
8389,3,532,5428.310749891655,1364.880933408011,2020-08-06T13:00:35Z,45.60770000,7.97168333,1466.00,63.64
8390,3,533,5429.310749891655,1365.880933408011,2020-08-06T13:00:36Z,45.60773333,7.97153333,1469.00,63.634
8391,3,534,5430.310749891655,1366.880933408011,2020-08-06T13:00:37Z,45.60773333,7.97138333,1460.00,63.626
8392,3,535,5431.310749891655,1367.880933408011,2020-08-06T13:00:38Z,45.60770000,7.97125000,1468.00,63.616
8393,3,536,5432.310749891655,1368.880933408011,2020-08-06T13:00:39Z,45.60766667,7.97113333,1472.00,63.607
8394,3,537,5433.310749891655,1369.880933408011,2020-08-06T13:00:40Z,45.60760000,7.97108333,1471.00,63.599
8395,3,538,5434.310749891655,1370.880933408011,2020-08-06T13:00:41Z,45.60753333,7.97103333,1465.00,63.591
8396,3,539,5435.310749891655,1371.880933408011,2020-08-06T13:00:42Z,45.60746667,7.97100000,1468.00,63.584
8397,3,540,5436.310749891655,1372.880933408011,2020-08-06T13:00:43Z,45.60738333,7.97098333,1468.00,63.576
8398,3,541,5437.310749891655,1373.880933408011,2020-08-06T13:00:44Z,45.60731667,7.97100000,1470.00,63.572
8399,3,542,5438.310749891655,1374.880933408011,2020-08-06T13:00:45Z,45.60725000,7.97103333,1462.00,63.568
8400,3,543,5439.310749891655,1375.880933408011,2020-08-06T13:00:46Z,45.60716667,7.97111667,1461.00,63.566
8401,3,544,5440.310749891655,1376.880933408011,2020-08-06T13:00:47Z,45.60713333,7.97123333,1457.00,63.57
8402,3,545,5441.310749891655,1377.880933408011,2020-08-06T13:00:48Z,45.60713333,7.97136667,1469.00,63.577
8403,3,546,5442.310749891655,1378.880933408011,2020-08-06T13:00:49Z,45.60716667,7.97148333,1462.00,63.586
8404,3,547,5443.310749891655,1379.880933408011,2020-08-06T13:00:50Z,45.60725000,7.97158333,1474.00,63.598
8405,3,548,5444.310749891655,1380.880933408011,2020-08-06T13:00:51Z,45.60735000,7.97165000,1463.00,63.61
8406,3,549,5445.310749891655,1381.880933408011,2020-08-06T13:00:52Z,45.60743333,7.97168333,1453.00,63.618
8407,3,550,5446.310749891655,1382.880933408011,2020-08-06T13:00:53Z,45.60751667,7.97173333,1467.00,63.628
8408,3,551,5447.310749891655,1383.880933408011,2020-08-06T13:00:54Z,45.60756667,7.97176667,1452.00,63.633
8409,3,552,5448.310749891655,1384.880933408011,2020-08-06T13:00:55Z,45.60760000,7.97183333,1479.00,63.64
8410,3,553,5449.310749891655,1385.880933408011,2020-08-06T13:00:56Z,45.60761667,7.97190000,1469.00,63.645
8411,3,554,5450.310749891655,1386.880933408011,2020-08-06T13:00:57Z,45.60761667,7.97201667,1480.00,63.651
8412,3,555,5451.310749891655,1387.880933408011,2020-08-06T13:00:58Z,45.60760000,7.97211667,1462.00,63.655
8413,3,556,5452.310749891655,1388.880933408011,2020-08-06T13:00:59Z,45.60755000,7.97220000,1490.00,63.655
8414,3,557,5453.310749891655,1389.880933408011,2020-08-06T13:01:00Z,45.60746667,7.97221667,1471.00,63.65
8415,3,558,5454.310749891655,1390.880933408011,2020-08-06T13:01:01Z,45.60736667,7.97215000,1476.00,63.638
8416,3,559,5455.310749891655,1391.880933408011,2020-08-06T13:01:02Z,45.60730000,7.97201667,1471.00,63.626
8417,3,560,5456.310749891655,1392.880933408011,2020-08-06T13:01:03Z,45.60725000,7.97185000,1486.00,63.613
8418,3,561,5457.310749891655,1393.880933408011,2020-08-06T13:01:04Z,45.60725000,7.97171667,1485.00,63.605
8419,3,562,5458.310749891655,1394.880933408011,2020-08-06T13:01:05Z,45.60726667,7.97160000,1479.00,63.6
8420,3,563,5459.310749891655,1395.880933408011,2020-08-06T13:01:06Z,45.60730000,7.97151667,1480.00,63.599
8421,3,564,5460.310749891655,1396.880933408011,2020-08-06T13:01:07Z,45.60738333,7.97141667,1493.00,63.6
8422,3,565,5461.310749891655,1397.880933408011,2020-08-06T13:01:08Z,45.60746667,7.97135000,1484.00,63.603
8423,3,566,5462.310749891655,1398.880933408011,2020-08-06T13:01:09Z,45.60758333,7.97131667,1479.00,63.61
8424,3,567,5463.310749891655,1399.880933408011,2020-08-06T13:01:10Z,45.60770000,7.97133333,1488.00,63.621
8425,3,568,5464.310749891655,1400.880933408011,2020-08-06T13:01:11Z,45.60778333,7.97140000,1485.00,63.631
8426,3,569,5465.310749891655,1401.880933408011,2020-08-06T13:01:12Z,45.60783333,7.97151667,1494.00,63.641
8427,3,570,5466.310749891655,1402.880933408011,2020-08-06T13:01:13Z,45.60780000,7.97166667,1480.00,63.647
8428,3,571,5467.310749891655,1403.880933408011,2020-08-06T13:01:14Z,45.60773333,7.97176667,1487.00,63.647
8429,3,572,5468.310749891655,1404.880933408011,2020-08-06T13:01:15Z,45.60765000,7.97181667,1493.00,63.643
8430,3,573,5469.310749891655,1405.880933408011,2020-08-06T13:01:16Z,45.60755000,7.97178333,1495.00,63.633
8431,3,574,5470.310749891655,1406.880933408011,2020-08-06T13:01:17Z,45.60746667,7.97170000,1494.00,63.622
8432,3,575,5471.310749891655,1407.880933408011,2020-08-06T13:01:18Z,45.60741667,7.97156667,1496.00,63.611
8433,3,576,5472.310749891655,1408.880933408011,2020-08-06T13:01:19Z,45.60738333,7.97140000,1498.00,63.599
8434,3,577,5473.310749891655,1409.880933408011,2020-08-06T13:01:20Z,45.60741667,7.97121667,1497.00,63.592
8435,3,578,5474.310749891655,1410.880933408011,2020-08-06T13:01:21Z,45.60746667,7.97108333,1488.00,63.588
8436,3,579,5475.310749891655,1411.880933408011,2020-08-06T13:01:22Z,45.60756667,7.97100000,1491.00,63.592
8437,3,580,5476.310749891655,1412.880933408011,2020-08-06T13:01:23Z,45.60766667,7.97100000,1496.00,63.6
8438,3,581,5477.310749891655,1413.880933408011,2020-08-06T13:01:24Z,45.60773333,7.97110000,1502.00,63.611
8439,3,582,5478.310749891655,1414.880933408011,2020-08-06T13:01:25Z,45.60776667,7.97121667,1502.00,63.62
8440,3,583,5479.310749891655,1415.880933408011,2020-08-06T13:01:26Z,45.60775000,7.97133333,1511.00,63.625
8441,3,584,5480.310749891655,1416.880933408011,2020-08-06T13:01:27Z,45.60770000,7.97140000,1504.00,63.624
8442,3,585,5481.310749891655,1417.880933408011,2020-08-06T13:01:28Z,45.60765000,7.97143333,1504.00,63.622
8443,3,586,5482.310749891655,1418.880933408011,2020-08-06T13:01:29Z,45.60756667,7.97143333,1509.00,63.615
8444,3,587,5483.310749891655,1419.880933408011,2020-08-06T13:01:30Z,45.60748333,7.97140000,1515.00,63.607
8445,3,588,5484.310749891655,1420.880933408011,2020-08-06T13:01:31Z,45.60738333,7.97133333,1494.00,63.595
8446,3,589,5485.310749891655,1421.880933408011,2020-08-06T13:01:32Z,45.60733333,7.97121667,1508.00,63.585
8447,3,590,5486.310749891655,1422.880933408011,2020-08-06T13:01:33Z,45.60728333,7.97103333,1514.00,63.571
8448,3,591,5487.310749891655,1423.880933408011,2020-08-06T13:01:34Z,45.60731667,7.97088333,1512.00,63.566
8449,3,592,5488.310749891655,1424.880933408011,2020-08-06T13:01:35Z,45.60736667,7.97078333,1515.00,63.564
8450,3,593,5489.310749891655,1425.880933408011,2020-08-06T13:01:36Z,45.60745000,7.97071667,1514.00,63.567
8451,3,594,5490.310749891655,1426.880933408011,2020-08-06T13:01:37Z,45.60755000,7.97073333,1516.00,63.576
8452,3,595,5491.310749891655,1427.880933408011,2020-08-06T13:01:38Z,45.60761667,7.97081667,1520.00,63.586
8453,3,596,5492.310749891655,1428.880933408011,2020-08-06T13:01:39Z,45.60765000,7.97090000,1518.00,63.593
8454,3,597,5493.310749891655,1429.880933408011,2020-08-06T13:01:40Z,45.60766667,7.97098333,1526.00,63.599
8455,3,598,5494.310749891655,1430.880933408011,2020-08-06T13:01:41Z,45.60765000,7.97103333,1523.00,63.6
8456,3,599,5495.310749891655,1431.880933408011,2020-08-06T13:01:42Z,45.60758333,7.97110000,1522.00,63.599
8457,3,600,5496.310749891655,1432.880933408011,2020-08-06T13:01:43Z,45.60750000,7.97113333,1545.00,63.594
8458,3,601,5497.310749891655,1433.880933408011,2020-08-06T13:01:44Z,45.60741667,7.97111667,1522.00,63.586
8459,3,602,5498.310749891655,1434.880933408011,2020-08-06T13:01:45Z,45.60731667,7.97105000,1525.00,63.575
8460,3,603,5499.310749891655,1435.880933408011,2020-08-06T13:01:46Z,45.60726667,7.97095000,1533.00,63.565
8461,3,604,5500.310749891655,1436.880933408011,2020-08-06T13:01:47Z,45.60723333,7.97080000,1528.00,63.555
8462,3,605,5501.310749891655,1437.880933408011,2020-08-06T13:01:48Z,45.60723333,7.97065000,1533.00,63.546
8463,3,606,5502.310749891655,1438.880933408011,2020-08-06T13:01:49Z,45.60725000,7.97051667,1538.00,63.541
8464,3,607,5503.310749891655,1439.880933408011,2020-08-06T13:01:50Z,45.60730000,7.97041667,1535.00,63.539
8465,3,608,5504.310749891655,1440.880933408011,2020-08-06T13:01:51Z,45.60740000,7.97036667,1534.00,63.544
8466,3,609,5505.310749891655,1441.880933408011,2020-08-06T13:01:52Z,45.60751667,7.97035000,1533.00,63.553
8467,3,610,5506.310749891655,1442.880933408011,2020-08-06T13:01:53Z,45.60763333,7.97036667,1538.00,63.563
8468,3,611,5507.310749891655,1443.880933408011,2020-08-06T13:01:54Z,45.60771667,7.97040000,1532.00,63.572
8469,3,612,5508.310749891655,1444.880933408011,2020-08-06T13:01:55Z,45.60780000,7.97046667,1540.00,63.582
8470,3,613,5509.310749891655,1445.880933408011,2020-08-06T13:01:56Z,45.60785000,7.97056667,1556.00,63.591
8471,3,614,5510.310749891655,1446.880933408011,2020-08-06T13:01:57Z,45.60788333,7.97066667,1545.00,63.599
8472,3,615,5511.310749891655,1447.880933408011,2020-08-06T13:01:58Z,45.60788333,7.97078333,1534.00,63.606
8473,3,616,5512.310749891655,1448.880933408011,2020-08-06T13:01:59Z,45.60786667,7.97086667,1548.00,63.609
8474,3,617,5513.310749891655,1449.880933408011,2020-08-06T13:02:00Z,45.60780000,7.97093333,1544.00,63.607
8475,3,618,5514.310749891655,1450.880933408011,2020-08-06T13:02:01Z,45.60771667,7.97098333,1548.00,63.603
8476,3,619,5515.310749891655,1451.880933408011,2020-08-06T13:02:02Z,45.60763333,7.97101667,1548.00,63.598
8477,3,620,5516.310749891655,1452.880933408011,2020-08-06T13:02:03Z,45.60755000,7.97108333,1553.00,63.595
8478,3,621,5517.310749891655,1453.880933408011,2020-08-06T13:02:04Z,45.60748333,7.97116667,1567.00,63.594
8479,3,622,5518.310749891655,1454.880933408011,2020-08-06T13:02:05Z,45.60741667,7.97125000,1559.00,63.593
8480,3,623,5519.310749891655,1455.880933408011,2020-08-06T13:02:06Z,45.60736667,7.97133333,1556.00,63.594
8481,3,624,5520.310749891655,1456.880933408011,2020-08-06T13:02:07Z,45.60730000,7.97138333,1541.00,63.591
8482,3,625,5521.310749891655,1457.880933408011,2020-08-06T13:02:08Z,45.60721667,7.97140000,1555.00,63.586
8483,3,626,5522.310749891655,1458.880933408011,2020-08-06T13:02:09Z,45.60716667,7.97136667,1545.00,63.58
8484,3,627,5523.310749891655,1459.880933408011,2020-08-06T13:02:10Z,45.60710000,7.97128333,1568.00,63.57
8485,3,628,5524.310749891655,1460.880933408011,2020-08-06T13:02:11Z,45.60706667,7.97113333,1566.00,63.559
8486,3,629,5525.310749891655,1461.880933408011,2020-08-06T13:02:12Z,45.60706667,7.97096667,1565.00,63.55
8487,3,630,5526.310749891655,1462.880933408011,2020-08-06T13:02:13Z,45.60713333,7.97083333,1551.00,63.548
8488,3,631,5527.310749891655,1463.880933408011,2020-08-06T13:02:14Z,45.60723333,7.97075000,1561.00,63.552
8489,3,632,5528.310749891655,1464.880933408011,2020-08-06T13:02:15Z,45.60731667,7.97071667,1554.00,63.557
8490,3,633,5529.310749891655,1465.880933408011,2020-08-06T13:02:16Z,45.60741667,7.97075000,1554.00,63.567
8491,3,634,5530.310749891655,1466.880933408011,2020-08-06T13:02:17Z,45.60748333,7.97081667,1562.00,63.575
8492,3,635,5531.310749891655,1467.880933408011,2020-08-06T13:02:18Z,45.60753333,7.97090000,1563.00,63.584
8493,3,636,5532.310749891655,1468.880933408011,2020-08-06T13:02:19Z,45.60753333,7.97100000,1568.00,63.589
8494,3,637,5533.310749891655,1469.880933408011,2020-08-06T13:02:20Z,45.60753333,7.97111667,1564.00,63.596
8495,3,638,5534.310749891655,1470.880933408011,2020-08-06T13:02:21Z,45.60748333,7.97123333,1565.00,63.598
8496,3,639,5535.310749891655,1471.880933408011,2020-08-06T13:02:22Z,45.60741667,7.97130000,1567.00,63.596
8497,3,640,5536.310749891655,1472.880933408011,2020-08-06T13:02:23Z,45.60733333,7.97128333,1574.00,63.589
8498,3,641,5537.310749891655,1473.880933408011,2020-08-06T13:02:24Z,45.60725000,7.97125000,1571.00,63.58
8499,3,642,5538.310749891655,1474.880933408011,2020-08-06T13:02:25Z,45.60721667,7.97115000,1569.00,63.572
8500,3,643,5539.310749891655,1475.880933408011,2020-08-06T13:02:26Z,45.60720000,7.97098333,1574.00,63.562
8501,3,644,5540.310749891655,1476.880933408011,2020-08-06T13:02:27Z,45.60721667,7.97083333,1569.00,63.555
8502,3,645,5541.310749891655,1477.880933408011,2020-08-06T13:02:28Z,45.60725000,7.97070000,1566.00,63.55
8503,3,646,5542.310749891655,1478.880933408011,2020-08-06T13:02:29Z,45.60733333,7.97058333,1563.00,63.551
8504,3,647,5543.310749891655,1479.880933408011,2020-08-06T13:02:30Z,45.60741667,7.97051667,1574.00,63.554
8505,3,648,5544.310749891655,1480.880933408011,2020-08-06T13:02:31Z,45.60751667,7.97046667,1576.00,63.559
8506,3,649,5545.310749891655,1481.880933408011,2020-08-06T13:02:32Z,45.60761667,7.97048333,1577.00,63.568
8507,3,650,5546.310749891655,1482.880933408011,2020-08-06T13:02:33Z,45.60771667,7.97051667,1569.00,63.578
8508,3,651,5547.310749891655,1483.880933408011,2020-08-06T13:02:34Z,45.60778333,7.97060000,1574.00,63.588
8509,3,652,5548.310749891655,1484.880933408011,2020-08-06T13:02:35Z,45.60785000,7.97071667,1578.00,63.599
8510,3,653,5549.310749891655,1485.880933408011,2020-08-06T13:02:36Z,45.60786667,7.97085000,1579.00,63.608
8511,3,654,5550.310749891655,1486.880933408011,2020-08-06T13:02:37Z,45.60786667,7.97100000,1583.00,63.616
8512,3,655,5551.310749891655,1487.880933408011,2020-08-06T13:02:38Z,45.60786667,7.97110000,1580.00,63.621
8513,3,656,5552.310749891655,1488.880933408011,2020-08-06T13:02:39Z,45.60783333,7.97120000,1573.00,63.624
8514,3,657,5553.310749891655,1489.880933408011,2020-08-06T13:02:40Z,45.60780000,7.97126667,1577.00,63.625
8515,3,658,5554.310749891655,1490.880933408011,2020-08-06T13:02:41Z,45.60771667,7.97131667,1584.00,63.621
8516,3,659,5555.310749891655,1491.880933408011,2020-08-06T13:02:42Z,45.60765000,7.97133333,1595.00,63.617
8517,3,660,5556.310749891655,1492.880933408011,2020-08-06T13:02:43Z,45.60758333,7.97130000,1580.00,63.61
8518,3,661,5557.310749891655,1493.880933408011,2020-08-06T13:02:44Z,45.60751667,7.97123333,1589.00,63.601
8519,3,662,5558.310749891655,1494.880933408011,2020-08-06T13:02:45Z,45.60746667,7.97111667,1589.00,63.59
8520,3,663,5559.310749891655,1495.880933408011,2020-08-06T13:02:46Z,45.60743333,7.97100000,1586.00,63.581
8521,3,664,5560.310749891655,1496.880933408011,2020-08-06T13:02:47Z,45.60741667,7.97085000,1593.00,63.572
8522,3,665,5561.310749891655,1497.880933408011,2020-08-06T13:02:48Z,45.60745000,7.97071667,1581.00,63.567
8523,3,666,5562.310749891655,1498.880933408011,2020-08-06T13:02:49Z,45.60750000,7.97058333,1596.00,63.564
8524,3,667,5563.310749891655,1499.880933408011,2020-08-06T13:02:50Z,45.60756667,7.97050000,1584.00,63.565
8525,3,668,5564.310749891655,1500.880933408011,2020-08-06T13:02:51Z,45.60766667,7.97046667,1586.00,63.571
8526,3,669,5565.310749891655,1501.880933408011,2020-08-06T13:02:52Z,45.60775000,7.97048333,1580.00,63.579
8527,3,670,5566.310749891655,1502.880933408011,2020-08-06T13:02:53Z,45.60781667,7.97053333,1590.00,63.587
8528,3,671,5567.310749891655,1503.880933408011,2020-08-06T13:02:54Z,45.60788333,7.97063333,1606.00,63.598
8529,3,672,5568.310749891655,1504.880933408011,2020-08-06T13:02:55Z,45.60791667,7.97073333,1597.00,63.606
8530,3,673,5569.310749891655,1505.880933408011,2020-08-06T13:02:56Z,45.60793333,7.97085000,1592.00,63.613
8531,3,674,5570.310749891655,1506.880933408011,2020-08-06T13:02:57Z,45.60793333,7.97096667,1597.00,63.62
8532,3,675,5571.310749891655,1507.880933408011,2020-08-06T13:02:58Z,45.60791667,7.97108333,1598.00,63.625
8533,3,676,5572.310749891655,1508.880933408011,2020-08-06T13:02:59Z,45.60786667,7.97115000,1590.00,63.624
8534,3,677,5573.310749891655,1509.880933408011,2020-08-06T13:03:00Z,45.60778333,7.97116667,1614.00,63.618
8535,3,678,5574.310749891655,1510.880933408011,2020-08-06T13:03:01Z,45.60771667,7.97118333,1600.00,63.614
8536,3,679,5575.310749891655,1511.880933408011,2020-08-06T13:03:02Z,45.60765000,7.97113333,1593.00,63.606
8537,3,680,5576.310749891655,1512.880933408011,2020-08-06T13:03:03Z,45.60758333,7.97108333,1599.00,63.598
8538,3,681,5577.310749891655,1513.880933408011,2020-08-06T13:03:04Z,45.60751667,7.97100000,1626.00,63.588
8539,3,682,5578.310749891655,1514.880933408011,2020-08-06T13:03:05Z,45.60743333,7.97090000,1619.00,63.576
8540,3,683,5579.310749891655,1515.880933408011,2020-08-06T13:03:06Z,45.60735000,7.97083333,1602.00,63.566
8541,3,684,5580.310749891655,1516.880933408011,2020-08-06T13:03:07Z,45.60726667,7.97075000,1596.00,63.554
8542,3,685,5581.310749891655,1517.880933408011,2020-08-06T13:03:08Z,45.60718333,7.97065000,1579.00,63.542
8543,3,686,5582.310749891655,1518.880933408011,2020-08-06T13:03:09Z,45.60711667,7.97056667,1597.00,63.533
8544,3,687,5583.310749891655,1519.880933408011,2020-08-06T13:03:10Z,45.60703333,7.97046667,1598.00,63.521
8545,3,688,5584.310749891655,1520.880933408011,2020-08-06T13:03:11Z,45.60695000,7.97038333,1585.00,63.509
8546,3,689,5585.310749891655,1521.880933408011,2020-08-06T13:03:12Z,45.60685000,7.97028333,1585.00,63.496
8547,3,690,5586.310749891655,1522.880933408011,2020-08-06T13:03:13Z,45.60675000,7.97020000,1585.00,63.483
8548,3,691,5587.310749891655,1523.880933408011,2020-08-06T13:03:14Z,45.60665000,7.97010000,1591.00,63.47
8549,3,692,5588.310749891655,1524.880933408011,2020-08-06T13:03:15Z,45.60656667,7.97003333,1592.00,63.46
8550,3,693,5589.310749891655,1525.880933408011,2020-08-06T13:03:16Z,45.60646667,7.96996667,1590.00,63.448
8551,3,694,5590.310749891655,1526.880933408011,2020-08-06T13:03:17Z,45.60640000,7.96988333,1592.00,63.438
8552,3,695,5591.310749891655,1527.880933408011,2020-08-06T13:03:18Z,45.60631667,7.96981667,1592.00,63.428
8553,3,696,5592.310749891655,1528.880933408011,2020-08-06T13:03:19Z,45.60623333,7.96973333,1583.00,63.417
8554,3,697,5593.310749891655,1529.880933408011,2020-08-06T13:03:20Z,45.60615000,7.96965000,1589.00,63.406
8555,3,698,5594.310749891655,1530.880933408011,2020-08-06T13:03:21Z,45.60606667,7.96956667,1590.00,63.395
8556,3,699,5595.310749891655,1531.880933408011,2020-08-06T13:03:22Z,45.60596667,7.96948333,1580.00,63.382
8557,3,700,5596.310749891655,1532.880933408011,2020-08-06T13:03:23Z,45.60588333,7.96940000,1583.00,63.371
8558,3,701,5597.310749891655,1533.880933408011,2020-08-06T13:03:24Z,45.60578333,7.96931667,1581.00,63.358
8559,3,702,5598.310749891655,1534.880933408011,2020-08-06T13:03:25Z,45.60570000,7.96923333,1578.00,63.347
8560,3,703,5599.310749891655,1535.880933408011,2020-08-06T13:03:26Z,45.60560000,7.96916667,1573.00,63.336
8561,3,704,5600.310749891655,1536.880933408011,2020-08-06T13:03:27Z,45.60550000,7.96908333,1571.00,63.323
8562,3,705,5601.310749891655,1537.880933408011,2020-08-06T13:03:28Z,45.60540000,7.96900000,1571.00,63.311
8563,3,706,5602.310749891655,1538.880933408011,2020-08-06T13:03:29Z,45.60530000,7.96891667,1568.00,63.298
8564,3,707,5603.310749891655,1539.880933408011,2020-08-06T13:03:30Z,45.60520000,7.96883333,1567.00,63.286
8565,3,708,5604.310749891655,1540.880933408011,2020-08-06T13:03:31Z,45.60510000,7.96876667,1563.00,63.274
8566,3,709,5605.310749891655,1541.880933408011,2020-08-06T13:03:32Z,45.60500000,7.96870000,1565.00,63.262
8567,3,710,5606.310749891655,1542.880933408011,2020-08-06T13:03:33Z,45.60490000,7.96863333,1560.00,63.251
8568,3,711,5607.310749891655,1543.880933408011,2020-08-06T13:03:34Z,45.60481667,7.96856667,1564.00,63.241
8569,3,712,5608.310749891655,1544.880933408011,2020-08-06T13:03:35Z,45.60471667,7.96850000,1559.00,63.229
8570,3,713,5609.310749891655,1545.880933408011,2020-08-06T13:03:36Z,45.60463333,7.96841667,1551.00,63.218
8571,3,714,5610.310749891655,1546.880933408011,2020-08-06T13:03:37Z,45.60455000,7.96831667,1559.00,63.206
8572,3,715,5611.310749891655,1547.880933408011,2020-08-06T13:03:38Z,45.60446667,7.96823333,1554.00,63.195
8573,3,716,5612.310749891655,1548.880933408011,2020-08-06T13:03:39Z,45.60438333,7.96815000,1550.00,63.183
8574,3,717,5613.310749891655,1549.880933408011,2020-08-06T13:03:40Z,45.60430000,7.96806667,1552.00,63.172
8575,3,718,5614.310749891655,1550.880933408011,2020-08-06T13:03:41Z,45.60421667,7.96798333,1553.00,63.161
8576,3,719,5615.310749891655,1551.880933408011,2020-08-06T13:03:42Z,45.60413333,7.96790000,1552.00,63.15
8577,3,720,5616.310749891655,1552.880933408011,2020-08-06T13:03:43Z,45.60405000,7.96783333,1553.00,63.14
8578,3,721,5617.310749891655,1553.880933408011,2020-08-06T13:03:44Z,45.60398333,7.96776667,1552.00,63.131
8579,3,722,5618.310749891655,1554.880933408011,2020-08-06T13:03:45Z,45.60388333,7.96768333,1546.00,63.118
8580,3,723,5619.310749891655,1555.880933408011,2020-08-06T13:03:46Z,45.60380000,7.96761667,1554.00,63.108
8581,3,724,5620.310749891655,1556.880933408011,2020-08-06T13:03:47Z,45.60371667,7.96753333,1544.00,63.097
8582,3,725,5621.310749891655,1557.880933408011,2020-08-06T13:03:48Z,45.60363333,7.96746667,1541.00,63.086
8583,3,726,5622.310749891655,1558.880933408011,2020-08-06T13:03:49Z,45.60355000,7.96738333,1544.00,63.075
8584,3,727,5623.310749891655,1559.880933408011,2020-08-06T13:03:50Z,45.60346667,7.96731667,1539.00,63.065
8585,3,728,5624.310749891655,1560.880933408011,2020-08-06T13:03:51Z,45.60338333,7.96725000,1539.00,63.055
8586,3,729,5625.310749891655,1561.880933408011,2020-08-06T13:03:52Z,45.60328333,7.96716667,1533.00,63.042
8587,3,730,5626.310749891655,1562.880933408011,2020-08-06T13:03:53Z,45.60318333,7.96708333,1533.00,63.03
8588,3,731,5627.310749891655,1563.880933408011,2020-08-06T13:03:54Z,45.60308333,7.96698333,1531.00,63.016
8589,3,732,5628.310749891655,1564.880933408011,2020-08-06T13:03:55Z,45.60298333,7.96690000,1529.00,63.004
8590,3,733,5629.310749891655,1565.880933408011,2020-08-06T13:03:56Z,45.60288333,7.96680000,1528.00,62.99
8591,3,734,5630.310749891655,1566.880933408011,2020-08-06T13:03:57Z,45.60278333,7.96671667,1524.00,62.978
8592,3,735,5631.310749891655,1567.880933408011,2020-08-06T13:03:58Z,45.60268333,7.96663333,1524.00,62.965
8593,3,736,5632.310749891655,1568.880933408011,2020-08-06T13:03:59Z,45.60258333,7.96653333,1517.00,62.952
8594,3,737,5633.310749891655,1569.880933408011,2020-08-06T13:04:00Z,45.60246667,7.96641667,1516.00,62.936
8595,3,738,5634.310749891655,1570.880933408011,2020-08-06T13:04:01Z,45.60236667,7.96631667,1519.00,62.923
8596,3,739,5635.310749891655,1571.880933408011,2020-08-06T13:04:02Z,45.60226667,7.96623333,1521.00,62.911
8597,3,740,5636.310749891655,1572.880933408011,2020-08-06T13:04:03Z,45.60218333,7.96613333,1521.00,62.898
8598,3,741,5637.310749891655,1573.880933408011,2020-08-06T13:04:04Z,45.60210000,7.96605000,1519.00,62.887
8599,3,742,5638.310749891655,1574.880933408011,2020-08-06T13:04:05Z,45.60201667,7.96596667,1515.00,62.876
8600,3,743,5639.310749891655,1575.880933408011,2020-08-06T13:04:06Z,45.60191667,7.96585000,1521.00,62.862
8601,3,744,5640.310749891655,1576.880933408011,2020-08-06T13:04:07Z,45.60180000,7.96575000,1512.00,62.847
8602,3,745,5641.310749891655,1577.880933408011,2020-08-06T13:04:08Z,45.60170000,7.96565000,1513.00,62.834
8603,3,746,5642.310749891655,1578.880933408011,2020-08-06T13:04:09Z,45.60160000,7.96556667,1523.00,62.821
8604,3,747,5643.310749891655,1579.880933408011,2020-08-06T13:04:10Z,45.60150000,7.96548333,1520.00,62.809
8605,3,748,5644.310749891655,1580.880933408011,2020-08-06T13:04:11Z,45.60141667,7.96540000,1520.00,62.798
8606,3,749,5645.310749891655,1581.880933408011,2020-08-06T13:04:12Z,45.60133333,7.96533333,1523.00,62.787
8607,3,750,5646.310749891655,1582.880933408011,2020-08-06T13:04:13Z,45.60125000,7.96525000,1523.00,62.776
8608,3,751,5647.310749891655,1583.880933408011,2020-08-06T13:04:14Z,45.60115000,7.96516667,1527.00,62.764
8609,3,752,5648.310749891655,1584.880933408011,2020-08-06T13:04:15Z,45.60106667,7.96510000,1517.00,62.753
8610,3,753,5649.310749891655,1585.880933408011,2020-08-06T13:04:16Z,45.60095000,7.96503333,1515.00,62.74
8611,3,754,5650.310749891655,1586.880933408011,2020-08-06T13:04:17Z,45.60085000,7.96495000,1514.00,62.728
8612,3,755,5651.310749891655,1587.880933408011,2020-08-06T13:04:18Z,45.60075000,7.96486667,1514.00,62.715
8613,3,756,5652.310749891655,1588.880933408011,2020-08-06T13:04:19Z,45.60065000,7.96478333,1509.00,62.703
8614,3,757,5653.310749891655,1589.880933408011,2020-08-06T13:04:20Z,45.60055000,7.96471667,1517.00,62.691
8615,3,758,5654.310749891655,1590.880933408011,2020-08-06T13:04:21Z,45.60045000,7.96465000,1507.00,62.68
8616,3,759,5655.310749891655,1591.880933408011,2020-08-06T13:04:22Z,45.60035000,7.96456667,1507.00,62.667
8617,3,760,5656.310749891655,1592.880933408011,2020-08-06T13:04:23Z,45.60025000,7.96450000,1509.00,62.656
8618,3,761,5657.310749891655,1593.880933408011,2020-08-06T13:04:24Z,45.60015000,7.96441667,1499.00,62.643
8619,3,762,5658.310749891655,1594.880933408011,2020-08-06T13:04:25Z,45.60005000,7.96433333,1511.00,62.631
8620,3,763,5659.310749891655,1595.880933408011,2020-08-06T13:04:26Z,45.59993333,7.96426667,1500.00,62.618
8621,3,764,5660.310749891655,1596.880933408011,2020-08-06T13:04:27Z,45.59983333,7.96418333,1502.00,62.605
8622,3,765,5661.310749891655,1597.880933408011,2020-08-06T13:04:28Z,45.59973333,7.96410000,1494.00,62.593
8623,3,766,5662.310749891655,1598.880933408011,2020-08-06T13:04:29Z,45.59963333,7.96401667,1488.00,62.58
8624,3,767,5663.310749891655,1599.880933408011,2020-08-06T13:04:30Z,45.59953333,7.96391667,1485.00,62.567
8625,3,768,5664.310749891655,1600.880933408011,2020-08-06T13:04:31Z,45.59943333,7.96383333,1492.00,62.554
8626,3,769,5665.310749891655,1601.880933408011,2020-08-06T13:04:32Z,45.59933333,7.96375000,1489.00,62.542
8627,3,770,5666.310749891655,1602.880933408011,2020-08-06T13:04:33Z,45.59923333,7.96365000,1487.00,62.529
8628,3,771,5667.310749891655,1603.880933408011,2020-08-06T13:04:34Z,45.59913333,7.96355000,1483.00,62.515
8629,3,772,5668.310749891655,1604.880933408011,2020-08-06T13:04:35Z,45.59903333,7.96343333,1483.00,62.501
8630,3,773,5669.310749891655,1605.880933408011,2020-08-06T13:04:36Z,45.59893333,7.96333333,1482.00,62.487
8631,3,774,5670.310749891655,1606.880933408011,2020-08-06T13:04:37Z,45.59885000,7.96321667,1478.00,62.475
8632,3,775,5671.310749891655,1607.880933408011,2020-08-06T13:04:38Z,45.59875000,7.96310000,1481.00,62.46
8633,3,776,5672.310749891655,1608.880933408011,2020-08-06T13:04:39Z,45.59866667,7.96298333,1483.00,62.447
8634,3,777,5673.310749891655,1609.880933408011,2020-08-06T13:04:40Z,45.59858333,7.96285000,1476.00,62.433
8635,3,778,5674.310749891655,1610.880933408011,2020-08-06T13:04:41Z,45.59850000,7.96273333,1486.00,62.42
8636,3,779,5675.310749891655,1611.880933408011,2020-08-06T13:04:42Z,45.59841667,7.96261667,1484.00,62.407
8637,3,780,5676.310749891655,1612.880933408011,2020-08-06T13:04:43Z,45.59835000,7.96250000,1481.00,62.396
8638,3,781,5677.310749891655,1613.880933408011,2020-08-06T13:04:44Z,45.59828333,7.96238333,1476.00,62.384
8639,3,782,5678.310749891655,1614.880933408011,2020-08-06T13:04:45Z,45.59821667,7.96225000,1487.00,62.372
8640,3,783,5679.310749891655,1615.880933408011,2020-08-06T13:04:46Z,45.59813333,7.96213333,1472.00,62.359
8641,3,784,5680.310749891655,1616.880933408011,2020-08-06T13:04:47Z,45.59803333,7.96200000,1483.00,62.343
8642,3,785,5681.310749891655,1617.880933408011,2020-08-06T13:04:48Z,45.59795000,7.96183333,1465.00,62.328
8643,3,786,5682.310749891655,1618.880933408011,2020-08-06T13:04:49Z,45.59786667,7.96161667,1465.00,62.309
8644,3,787,5683.310749891655,1619.880933408011,2020-08-06T13:04:50Z,45.59780000,7.96141667,1466.00,62.293
8645,3,788,5684.310749891655,1620.880933408011,2020-08-06T13:04:51Z,45.59773333,7.96130000,1482.00,62.282
8646,3,789,5685.310749891655,1621.880933408011,2020-08-06T13:04:52Z,45.59768333,7.96115000,1462.00,62.269
8647,3,790,5686.310749891655,1622.880933408011,2020-08-06T13:04:53Z,45.59763333,7.96101667,1477.00,62.258
8648,3,791,5687.310749891655,1623.880933408011,2020-08-06T13:04:54Z,45.59760000,7.96086667,1476.00,62.247
8649,3,792,5688.310749891655,1624.880933408011,2020-08-06T13:04:55Z,45.59758333,7.96071667,1482.00,62.238
8650,3,793,5689.310749891655,1625.880933408011,2020-08-06T13:04:56Z,45.59756667,7.96058333,1480.00,62.229
8651,3,794,5690.310749891655,1626.880933408011,2020-08-06T13:04:57Z,45.59755000,7.96046667,1482.00,62.222
8652,3,795,5691.310749891655,1627.880933408011,2020-08-06T13:04:58Z,45.59750000,7.96035000,1492.00,62.211
8653,3,796,5692.310749891655,1628.880933408011,2020-08-06T13:04:59Z,45.59746667,7.96025000,1494.00,62.203
8654,3,797,5693.310749891655,1629.880933408011,2020-08-06T13:05:00Z,45.59741667,7.96018333,1479.00,62.196
8655,3,798,5694.310749891655,1630.880933408011,2020-08-06T13:05:01Z,45.59736667,7.96015000,1484.00,62.19
8656,3,799,5695.310749891655,1631.880933408011,2020-08-06T13:05:02Z,45.59731667,7.96011667,1490.00,62.184
8657,3,800,5696.310749891655,1632.880933408011,2020-08-06T13:05:03Z,45.59726667,7.96011667,1500.00,62.18
8658,3,801,5697.310749891655,1633.880933408011,2020-08-06T13:05:04Z,45.59721667,7.96011667,1496.00,62.176
8659,3,802,5698.310749891655,1634.880933408011,2020-08-06T13:05:05Z,45.59715000,7.96013333,1493.00,62.172
8660,3,803,5699.310749891655,1635.880933408011,2020-08-06T13:05:06Z,45.59710000,7.96018333,1493.00,62.17
8661,3,804,5700.310749891655,1636.880933408011,2020-08-06T13:05:07Z,45.59708333,7.96025000,1496.00,62.173
8662,3,805,5701.310749891655,1637.880933408011,2020-08-06T13:05:08Z,45.59710000,7.96031667,1504.00,62.178
8663,3,806,5702.310749891655,1638.880933408011,2020-08-06T13:05:09Z,45.59713333,7.96036667,1501.00,62.183
8664,3,807,5703.310749891655,1639.880933408011,2020-08-06T13:05:10Z,45.59716667,7.96040000,1499.00,62.188
8665,3,808,5704.310749891655,1640.880933408011,2020-08-06T13:05:11Z,45.59723333,7.96043333,1499.00,62.195
8666,3,809,5705.310749891655,1641.880933408011,2020-08-06T13:05:12Z,45.59730000,7.96046667,1495.00,62.202
8667,3,810,5706.310749891655,1642.880933408011,2020-08-06T13:05:13Z,45.59740000,7.96050000,1507.00,62.212
8668,3,811,5707.310749891655,1643.880933408011,2020-08-06T13:05:14Z,45.59751667,7.96050000,1492.00,62.221
8669,3,812,5708.310749891655,1644.880933408011,2020-08-06T13:05:15Z,45.59761667,7.96048333,1498.00,62.228
8670,3,813,5709.310749891655,1645.880933408011,2020-08-06T13:05:16Z,45.59770000,7.96046667,1504.00,62.234
8671,3,814,5710.310749891655,1646.880933408011,2020-08-06T13:05:17Z,45.59776667,7.96045000,1511.00,62.238
8672,3,815,5711.310749891655,1647.880933408011,2020-08-06T13:05:18Z,45.59783333,7.96041667,1514.00,62.242
8673,3,816,5712.310749891655,1648.880933408011,2020-08-06T13:05:19Z,45.59791667,7.96038333,1507.00,62.246
8674,3,817,5713.310749891655,1649.880933408011,2020-08-06T13:05:20Z,45.59801667,7.96028333,1503.00,62.249
8675,3,818,5714.310749891655,1650.880933408011,2020-08-06T13:05:21Z,45.59810000,7.96010000,1502.00,62.246
8676,3,819,5715.310749891655,1651.880933408011,2020-08-06T13:05:22Z,45.59813333,7.95990000,1513.00,62.238
8677,3,820,5716.310749891655,1652.880933408011,2020-08-06T13:05:23Z,45.59815000,7.95970000,1505.00,62.228
8678,3,821,5717.310749891655,1653.880933408011,2020-08-06T13:05:24Z,45.59813333,7.95950000,1507.00,62.216
8679,3,822,5718.310749891655,1654.880933408011,2020-08-06T13:05:25Z,45.59813333,7.95931667,1509.00,62.206
8680,3,823,5719.310749891655,1655.880933408011,2020-08-06T13:05:26Z,45.59815000,7.95913333,1511.00,62.197
8681,3,824,5720.310749891655,1656.880933408011,2020-08-06T13:05:27Z,45.59816667,7.95896667,1510.00,62.19
8682,3,825,5721.310749891655,1657.880933408011,2020-08-06T13:05:28Z,45.59816667,7.95880000,1516.00,62.181
8683,3,826,5722.310749891655,1658.880933408011,2020-08-06T13:05:29Z,45.59815000,7.95865000,1520.00,62.171
8684,3,827,5723.310749891655,1659.880933408011,2020-08-06T13:05:30Z,45.59810000,7.95851667,1523.00,62.16
8685,3,828,5724.310749891655,1660.880933408011,2020-08-06T13:05:31Z,45.59805000,7.95838333,1514.00,62.149
8686,3,829,5725.310749891655,1661.880933408011,2020-08-06T13:05:32Z,45.59796667,7.95826667,1524.00,62.136
8687,3,830,5726.310749891655,1662.880933408011,2020-08-06T13:05:33Z,45.59790000,7.95816667,1511.00,62.125
8688,3,831,5727.310749891655,1663.880933408011,2020-08-06T13:05:34Z,45.59783333,7.95808333,1521.00,62.115
8689,3,832,5728.310749891655,1664.880933408011,2020-08-06T13:05:35Z,45.59776667,7.95801667,1530.00,62.106
8690,3,833,5729.310749891655,1665.880933408011,2020-08-06T13:05:36Z,45.59770000,7.95796667,1534.00,62.098
8691,3,834,5730.310749891655,1666.880933408011,2020-08-06T13:05:37Z,45.59763333,7.95795000,1521.00,62.092
8692,3,835,5731.310749891655,1667.880933408011,2020-08-06T13:05:38Z,45.59756667,7.95798333,1523.00,62.089
8693,3,836,5732.310749891655,1668.880933408011,2020-08-06T13:05:39Z,45.59753333,7.95805000,1527.00,62.09
8694,3,837,5733.310749891655,1669.880933408011,2020-08-06T13:05:40Z,45.59753333,7.95815000,1532.00,62.095
8695,3,838,5734.310749891655,1670.880933408011,2020-08-06T13:05:41Z,45.59756667,7.95825000,1527.00,62.103
8696,3,839,5735.310749891655,1671.880933408011,2020-08-06T13:05:42Z,45.59763333,7.95831667,1530.00,62.112
8697,3,840,5736.310749891655,1672.880933408011,2020-08-06T13:05:43Z,45.59770000,7.95836667,1534.00,62.12
8698,3,841,5737.310749891655,1673.880933408011,2020-08-06T13:05:44Z,45.59778333,7.95838333,1528.00,62.128
8699,3,842,5738.310749891655,1674.880933408011,2020-08-06T13:05:45Z,45.59786667,7.95838333,1538.00,62.134
8700,3,843,5739.310749891655,1675.880933408011,2020-08-06T13:05:46Z,45.59796667,7.95835000,1528.00,62.14
8701,3,844,5740.310749891655,1676.880933408011,2020-08-06T13:05:47Z,45.59808333,7.95828333,1529.00,62.146
8702,3,845,5741.310749891655,1677.880933408011,2020-08-06T13:05:48Z,45.59820000,7.95816667,1529.00,62.149
8703,3,846,5742.310749891655,1678.880933408011,2020-08-06T13:05:49Z,45.59830000,7.95803333,1531.00,62.15
8704,3,847,5743.310749891655,1679.880933408011,2020-08-06T13:05:50Z,45.59840000,7.95786667,1532.00,62.149
8705,3,848,5744.310749891655,1680.880933408011,2020-08-06T13:05:51Z,45.59848333,7.95768333,1532.00,62.146
8706,3,849,5745.310749891655,1681.880933408011,2020-08-06T13:05:52Z,45.59855000,7.95750000,1528.00,62.141
8707,3,850,5746.310749891655,1682.880933408011,2020-08-06T13:05:53Z,45.59858333,7.95730000,1531.00,62.133
8708,3,851,5747.310749891655,1683.880933408011,2020-08-06T13:05:54Z,45.59858333,7.95710000,1532.00,62.122
8709,3,852,5748.310749891655,1684.880933408011,2020-08-06T13:05:55Z,45.59858333,7.95690000,1527.00,62.112
8710,3,853,5749.310749891655,1685.880933408011,2020-08-06T13:05:56Z,45.59853333,7.95673333,1532.00,62.099
8711,3,854,5750.310749891655,1686.880933408011,2020-08-06T13:05:57Z,45.59846667,7.95661667,1534.00,62.087
8712,3,855,5751.310749891655,1687.880933408011,2020-08-06T13:05:58Z,45.59840000,7.95651667,1528.00,62.076
8713,3,856,5752.310749891655,1688.880933408011,2020-08-06T13:05:59Z,45.59833333,7.95646667,1532.00,62.068
8714,3,857,5753.310749891655,1689.880933408011,2020-08-06T13:06:00Z,45.59826667,7.95641667,1532.00,62.06
8715,3,858,5754.310749891655,1690.880933408011,2020-08-06T13:06:01Z,45.59821667,7.95638333,1531.00,62.054
8716,3,859,5755.310749891655,1691.880933408011,2020-08-06T13:06:02Z,45.59815000,7.95633333,1529.00,62.046
8717,3,860,5756.310749891655,1692.880933408011,2020-08-06T13:06:03Z,45.59808333,7.95630000,1530.00,62.039
8718,3,861,5757.310749891655,1693.880933408011,2020-08-06T13:06:04Z,45.59801667,7.95628333,1525.00,62.033
8719,3,862,5758.310749891655,1694.880933408011,2020-08-06T13:06:05Z,45.59795000,7.95626667,1528.00,62.027
8720,3,863,5759.310749891655,1695.880933408011,2020-08-06T13:06:06Z,45.59788333,7.95626667,1526.00,62.021
8721,3,864,5760.310749891655,1696.880933408011,2020-08-06T13:06:07Z,45.59783333,7.95630000,1529.00,62.019
8722,3,865,5761.310749891655,1697.880933408011,2020-08-06T13:06:08Z,45.59778333,7.95631667,1524.00,62.016
8723,3,866,5762.310749891655,1698.880933408011,2020-08-06T13:06:09Z,45.59773333,7.95635000,1526.00,62.014
8724,3,867,5763.310749891655,1699.880933408011,2020-08-06T13:06:10Z,45.59768333,7.95640000,1524.00,62.013
8725,3,868,5764.310749891655,1700.880933408011,2020-08-06T13:06:11Z,45.59765000,7.95646667,1525.00,62.013
8726,3,869,5765.310749891655,1701.880933408011,2020-08-06T13:06:12Z,45.59765000,7.95656667,1513.00,62.019
8727,3,870,5766.310749891655,1702.880933408011,2020-08-06T13:06:13Z,45.59763333,7.95665000,1508.00,62.022
8728,3,871,5767.310749891655,1703.880933408011,2020-08-06T13:06:14Z,45.59760000,7.95675000,1503.00,62.025
8729,3,872,5768.310749891655,1704.880933408011,2020-08-06T13:06:15Z,45.59753333,7.95681667,1508.00,62.023
8730,3,873,5769.310749891655,1705.880933408011,2020-08-06T13:06:16Z,45.59746667,7.95683333,1503.00,62.019
8731,3,874,5770.310749891655,1706.880933408011,2020-08-06T13:06:17Z,45.59740000,7.95680000,1501.00,62.011
8732,3,875,5771.310749891655,1707.880933408011,2020-08-06T13:06:18Z,45.59735000,7.95676667,1504.00,62.006
8733,3,876,5772.310749891655,1708.880933408011,2020-08-06T13:06:19Z,45.59730000,7.95671667,1497.00,61.999
8734,3,877,5773.310749891655,1709.880933408011,2020-08-06T13:06:20Z,45.59723333,7.95668333,1497.00,61.992
8735,3,878,5774.310749891655,1710.880933408011,2020-08-06T13:06:21Z,45.59716667,7.95663333,1485.00,61.984
8736,3,879,5775.310749891655,1711.880933408011,2020-08-06T13:06:22Z,45.59706667,7.95658333,1479.00,61.973
8737,3,880,5776.310749891655,1712.880933408011,2020-08-06T13:06:23Z,45.59698333,7.95651667,1494.00,61.963
8738,3,881,5777.310749891655,1713.880933408011,2020-08-06T13:06:24Z,45.59691667,7.95643333,1489.00,61.953
8739,3,882,5778.310749891655,1714.880933408011,2020-08-06T13:06:25Z,45.59683333,7.95636667,1493.00,61.943
8740,3,883,5779.310749891655,1715.880933408011,2020-08-06T13:06:26Z,45.59678333,7.95631667,1491.00,61.936
8741,3,884,5780.310749891655,1716.880933408011,2020-08-06T13:06:27Z,45.59673333,7.95628333,1483.00,61.93
8742,3,885,5781.310749891655,1717.880933408011,2020-08-06T13:06:28Z,45.59666667,7.95626667,1483.00,61.924
8743,3,886,5782.310749891655,1718.880933408011,2020-08-06T13:06:29Z,45.59658333,7.95621667,1475.00,61.915
8744,3,887,5783.310749891655,1719.880933408011,2020-08-06T13:06:30Z,45.59650000,7.95618333,1472.00,61.906
8745,3,888,5784.310749891655,1720.880933408011,2020-08-06T13:06:31Z,45.59638333,7.95615000,1473.00,61.895
8746,3,889,5785.310749891655,1721.880933408011,2020-08-06T13:06:32Z,45.59628333,7.95613333,1476.00,61.886
8747,3,890,5786.310749891655,1722.880933408011,2020-08-06T13:06:33Z,45.59620000,7.95611667,1475.00,61.878
8748,3,891,5787.310749891655,1723.880933408011,2020-08-06T13:06:34Z,45.59613333,7.95611667,1473.00,61.873
8749,3,892,5788.310749891655,1724.880933408011,2020-08-06T13:06:35Z,45.59606667,7.95610000,1475.00,61.867
8750,3,893,5789.310749891655,1725.880933408011,2020-08-06T13:06:36Z,45.59600000,7.95608333,1467.00,61.861
8751,3,894,5790.310749891655,1726.880933408011,2020-08-06T13:06:37Z,45.59591667,7.95610000,1467.00,61.855
8752,3,895,5791.310749891655,1727.880933408011,2020-08-06T13:06:38Z,45.59581667,7.95610000,1457.00,61.847
8753,3,896,5792.310749891655,1728.880933408011,2020-08-06T13:06:39Z,45.59571667,7.95613333,1462.00,61.841
8754,3,897,5793.310749891655,1729.880933408011,2020-08-06T13:06:40Z,45.59560000,7.95615000,1458.00,61.832
8755,3,898,5794.310749891655,1730.880933408011,2020-08-06T13:06:41Z,45.59550000,7.95616667,1457.00,61.825
8756,3,899,5795.310749891655,1731.880933408011,2020-08-06T13:06:42Z,45.59540000,7.95618333,1459.00,61.818
8757,3,900,5796.310749891655,1732.880933408011,2020-08-06T13:06:43Z,45.59531667,7.95621667,1468.00,61.813
8758,3,901,5797.310749891655,1733.880933408011,2020-08-06T13:06:44Z,45.59525000,7.95626667,1464.00,61.811
8759,3,902,5798.310749891655,1734.880933408011,2020-08-06T13:06:45Z,45.59516667,7.95631667,1456.00,61.807
8760,3,903,5799.310749891655,1735.880933408011,2020-08-06T13:06:46Z,45.59511667,7.95636667,1459.00,61.805
8761,3,904,5800.310749891655,1736.880933408011,2020-08-06T13:06:47Z,45.59506667,7.95640000,1462.00,61.803
8762,3,905,5801.310749891655,1737.880933408011,2020-08-06T13:06:48Z,45.59501667,7.95645000,1463.00,61.802
8763,3,906,5802.310749891655,1738.880933408011,2020-08-06T13:06:49Z,45.59496667,7.95650000,1462.00,61.801
8764,3,907,5803.310749891655,1739.880933408011,2020-08-06T13:06:50Z,45.59490000,7.95656667,1447.00,61.799
8765,3,908,5804.310749891655,1740.880933408011,2020-08-06T13:06:51Z,45.59483333,7.95660000,1448.00,61.795
8766,3,909,5805.310749891655,1741.880933408011,2020-08-06T13:06:52Z,45.59476667,7.95661667,1456.00,61.791
8767,3,910,5806.310749891655,1742.880933408011,2020-08-06T13:06:53Z,45.59471667,7.95661667,1476.00,61.787
8768,3,911,5807.310749891655,1743.880933408011,2020-08-06T13:06:54Z,45.59465000,7.95658333,1471.00,61.78
8769,3,912,5808.310749891655,1744.880933408011,2020-08-06T13:06:55Z,45.59458333,7.95655000,1464.00,61.773
8770,3,913,5809.310749891655,1745.880933408011,2020-08-06T13:06:56Z,45.59451667,7.95653333,1475.00,61.767
8771,3,914,5810.310749891655,1746.880933408011,2020-08-06T13:06:57Z,45.59443333,7.95656667,1458.00,61.762
8772,3,915,5811.310749891655,1747.880933408011,2020-08-06T13:06:58Z,45.59435000,7.95660000,1461.00,61.757
8773,3,916,5812.310749891655,1748.880933408011,2020-08-06T13:06:59Z,45.59430000,7.95665000,1473.00,61.756
8774,3,917,5813.310749891655,1749.880933408011,2020-08-06T13:07:00Z,45.59425000,7.95670000,1471.00,61.754
8775,3,918,5814.310749891655,1750.880933408011,2020-08-06T13:07:01Z,45.59420000,7.95675000,1458.00,61.753
8776,3,919,5815.310749891655,1751.880933408011,2020-08-06T13:07:02Z,45.59415000,7.95678333,1473.00,61.751
8777,3,920,5816.310749891655,1752.880933408011,2020-08-06T13:07:03Z,45.59408333,7.95683333,1467.00,61.748
8778,3,921,5817.310749891655,1753.880933408011,2020-08-06T13:07:04Z,45.59400000,7.95686667,1475.00,61.743
8779,3,922,5818.310749891655,1754.880933408011,2020-08-06T13:07:05Z,45.59391667,7.95688333,1467.00,61.738
8780,3,923,5819.310749891655,1755.880933408011,2020-08-06T13:07:06Z,45.59385000,7.95685000,1474.00,61.731
8781,3,924,5820.310749891655,1756.880933408011,2020-08-06T13:07:07Z,45.59380000,7.95676667,1476.00,61.722
8782,3,925,5821.310749891655,1757.880933408011,2020-08-06T13:07:08Z,45.59378333,7.95663333,1484.00,61.714
8783,3,926,5822.310749891655,1758.880933408011,2020-08-06T13:07:09Z,45.59378333,7.95646667,1485.00,61.704
8784,3,927,5823.310749891655,1759.880933408011,2020-08-06T13:07:10Z,45.59383333,7.95633333,1473.00,61.701
8785,3,928,5824.310749891655,1760.880933408011,2020-08-06T13:07:11Z,45.59386667,7.95620000,1490.00,61.697
8786,3,929,5825.310749891655,1761.880933408011,2020-08-06T13:07:12Z,45.59396667,7.95611667,1492.00,61.7
8787,3,930,5826.310749891655,1762.880933408011,2020-08-06T13:07:13Z,45.59406667,7.95605000,1497.00,61.704
8788,3,931,5827.310749891655,1763.880933408011,2020-08-06T13:07:14Z,45.59418333,7.95600000,1491.00,61.711
8789,3,932,5828.310749891655,1764.880933408011,2020-08-06T13:07:15Z,45.59430000,7.95596667,1491.00,61.719
8790,3,933,5829.310749891655,1765.880933408011,2020-08-06T13:07:16Z,45.59440000,7.95598333,1489.00,61.727
8791,3,934,5830.310749891655,1766.880933408011,2020-08-06T13:07:17Z,45.59450000,7.95603333,1494.00,61.738
8792,3,935,5831.310749891655,1767.880933408011,2020-08-06T13:07:18Z,45.59458333,7.95611667,1495.00,61.749
8793,3,936,5832.310749891655,1768.880933408011,2020-08-06T13:07:19Z,45.59466667,7.95621667,1495.00,61.761
8794,3,937,5833.310749891655,1769.880933408011,2020-08-06T13:07:20Z,45.59473333,7.95630000,1496.00,61.771
8795,3,938,5834.310749891655,1770.880933408011,2020-08-06T13:07:21Z,45.59480000,7.95640000,1505.00,61.782
8796,3,939,5835.310749891655,1771.880933408011,2020-08-06T13:07:22Z,45.59485000,7.95650000,1495.00,61.791
8797,3,940,5836.310749891655,1772.880933408011,2020-08-06T13:07:23Z,45.59490000,7.95658333,1502.00,61.8
8798,3,941,5837.310749891655,1773.880933408011,2020-08-06T13:07:24Z,45.59495000,7.95666667,1503.00,61.808
8799,3,942,5838.310749891655,1774.880933408011,2020-08-06T13:07:25Z,45.59498333,7.95676667,1514.00,61.816
8800,3,943,5839.310749891655,1775.880933408011,2020-08-06T13:07:26Z,45.59500000,7.95685000,1493.00,61.822
8801,3,944,5840.310749891655,1776.880933408011,2020-08-06T13:07:27Z,45.59500000,7.95695000,1515.00,61.828
8802,3,945,5841.310749891655,1777.880933408011,2020-08-06T13:07:28Z,45.59498333,7.95703333,1516.00,61.831
8803,3,946,5842.310749891655,1778.880933408011,2020-08-06T13:07:29Z,45.59495000,7.95713333,1515.00,61.834
8804,3,947,5843.310749891655,1779.880933408011,2020-08-06T13:07:30Z,45.59490000,7.95720000,1521.00,61.833
8805,3,948,5844.310749891655,1780.880933408011,2020-08-06T13:07:31Z,45.59481667,7.95726667,1514.00,61.83
8806,3,949,5845.310749891655,1781.880933408011,2020-08-06T13:07:32Z,45.59473333,7.95731667,1525.00,61.826
8807,3,950,5846.310749891655,1782.880933408011,2020-08-06T13:07:33Z,45.59466667,7.95736667,1533.00,61.824
8808,3,951,5847.310749891655,1783.880933408011,2020-08-06T13:07:34Z,45.59461667,7.95741667,1525.00,61.822
8809,3,952,5848.310749891655,1784.880933408011,2020-08-06T13:07:35Z,45.59456667,7.95743333,1517.00,61.819
8810,3,953,5849.310749891655,1785.880933408011,2020-08-06T13:07:36Z,45.59451667,7.95743333,1533.00,61.815
8811,3,954,5850.310749891655,1786.880933408011,2020-08-06T13:07:37Z,45.59445000,7.95741667,1534.00,61.809
8812,3,955,5851.310749891655,1787.880933408011,2020-08-06T13:07:38Z,45.59436667,7.95735000,1531.00,61.799
8813,3,956,5852.310749891655,1788.880933408011,2020-08-06T13:07:39Z,45.59430000,7.95725000,1526.00,61.788
8814,3,957,5853.310749891655,1789.880933408011,2020-08-06T13:07:40Z,45.59426667,7.95713333,1520.00,61.779
8815,3,958,5854.310749891655,1790.880933408011,2020-08-06T13:07:41Z,45.59426667,7.95696667,1536.00,61.77
8816,3,959,5855.310749891655,1791.880933408011,2020-08-06T13:07:42Z,45.59428333,7.95681667,1540.00,61.763
8817,3,960,5856.310749891655,1792.880933408011,2020-08-06T13:07:43Z,45.59431667,7.95670000,1544.00,61.76
8818,3,961,5857.310749891655,1793.880933408011,2020-08-06T13:07:44Z,45.59440000,7.95663333,1540.00,61.763
8819,3,962,5858.310749891655,1794.880933408011,2020-08-06T13:07:45Z,45.59450000,7.95660000,1548.00,61.769
8820,3,963,5859.310749891655,1795.880933408011,2020-08-06T13:07:46Z,45.59458333,7.95661667,1558.00,61.776
8821,3,964,5860.310749891655,1796.880933408011,2020-08-06T13:07:47Z,45.59466667,7.95666667,1541.00,61.786
8822,3,965,5861.310749891655,1797.880933408011,2020-08-06T13:07:48Z,45.59473333,7.95673333,1551.00,61.795
8823,3,966,5862.310749891655,1798.880933408011,2020-08-06T13:07:49Z,45.59478333,7.95681667,1553.00,61.803
8824,3,967,5863.310749891655,1799.880933408011,2020-08-06T13:07:50Z,45.59480000,7.95693333,1541.00,61.811
8825,3,968,5864.310749891655,1800.880933408011,2020-08-06T13:07:51Z,45.59481667,7.95706667,1550.00,61.819
8826,3,969,5865.310749891655,1801.880933408011,2020-08-06T13:07:52Z,45.59480000,7.95720000,1557.00,61.825
8827,3,970,5866.310749891655,1802.880933408011,2020-08-06T13:07:53Z,45.59475000,7.95725000,1547.00,61.824
8828,3,971,5867.310749891655,1803.880933408011,2020-08-06T13:07:54Z,45.59468333,7.95730000,1552.00,61.821
8829,3,972,5868.310749891655,1804.880933408011,2020-08-06T13:07:55Z,45.59461667,7.95731667,1554.00,61.817
8830,3,973,5869.310749891655,1805.880933408011,2020-08-06T13:07:56Z,45.59455000,7.95730000,1562.00,61.811
8831,3,974,5870.310749891655,1806.880933408011,2020-08-06T13:07:57Z,45.59448333,7.95728333,1570.00,61.805
8832,3,975,5871.310749891655,1807.880933408011,2020-08-06T13:07:58Z,45.59440000,7.95725000,1573.00,61.796
8833,3,976,5872.310749891655,1808.880933408011,2020-08-06T13:07:59Z,45.59433333,7.95721667,1569.00,61.789
8834,3,977,5873.310749891655,1809.880933408011,2020-08-06T13:08:00Z,45.59428333,7.95715000,1576.00,61.781
8835,3,978,5874.310749891655,1810.880933408011,2020-08-06T13:08:01Z,45.59421667,7.95710000,1575.00,61.773
8836,3,979,5875.310749891655,1811.880933408011,2020-08-06T13:08:02Z,45.59415000,7.95703333,1582.00,61.764
8837,3,980,5876.310749891655,1812.880933408011,2020-08-06T13:08:03Z,45.59408333,7.95696667,1587.00,61.756
8838,3,981,5877.310749891655,1813.880933408011,2020-08-06T13:08:04Z,45.59401667,7.95690000,1584.00,61.747
8839,3,982,5878.310749891655,1814.880933408011,2020-08-06T13:08:05Z,45.59395000,7.95681667,1581.00,61.737
8840,3,983,5879.310749891655,1815.880933408011,2020-08-06T13:08:06Z,45.59390000,7.95670000,1583.00,61.726
8841,3,984,5880.310749891655,1816.880933408011,2020-08-06T13:08:07Z,45.59385000,7.95658333,1596.00,61.716
8842,3,985,5881.310749891655,1817.880933408011,2020-08-06T13:08:08Z,45.59381667,7.95645000,1586.00,61.706
8843,3,986,5882.310749891655,1818.880933408011,2020-08-06T13:08:09Z,45.59376667,7.95631667,1596.00,61.695
8844,3,987,5883.310749891655,1819.880933408011,2020-08-06T13:08:10Z,45.59373333,7.95616667,1595.00,61.684
8845,3,988,5884.310749891655,1820.880933408011,2020-08-06T13:08:11Z,45.59371667,7.95601667,1593.00,61.675
8846,3,989,5885.310749891655,1821.880933408011,2020-08-06T13:08:12Z,45.59371667,7.95586667,1590.00,61.667
8847,3,990,5886.310749891655,1822.880933408011,2020-08-06T13:08:13Z,45.59373333,7.95571667,1593.00,61.66
8848,3,991,5887.310749891655,1823.880933408011,2020-08-06T13:08:14Z,45.59376667,7.95555000,1600.00,61.653
8849,3,992,5888.310749891655,1824.880933408011,2020-08-06T13:08:15Z,45.59381667,7.95538333,1587.00,61.648
8850,3,993,5889.310749891655,1825.880933408011,2020-08-06T13:08:16Z,45.59388333,7.95523333,1602.00,61.646
8851,3,994,5890.310749891655,1826.880933408011,2020-08-06T13:08:17Z,45.59393333,7.95510000,1598.00,61.642
8852,3,995,5891.310749891655,1827.880933408011,2020-08-06T13:08:18Z,45.59400000,7.95498333,1603.00,61.641
8853,3,996,5892.310749891655,1828.880933408011,2020-08-06T13:08:19Z,45.59408333,7.95493333,1602.00,61.645
8854,3,997,5893.310749891655,1829.880933408011,2020-08-06T13:08:20Z,45.59418333,7.95488333,1605.00,61.651
8855,3,998,5894.310749891655,1830.880933408011,2020-08-06T13:08:21Z,45.59428333,7.95488333,1603.00,61.659
8856,3,999,5895.310749891655,1831.880933408011,2020-08-06T13:08:22Z,45.59438333,7.95490000,1611.00,61.667
8857,3,1000,5896.310749891655,1832.880933408011,2020-08-06T13:08:23Z,45.59445000,7.95495000,1604.00,61.675
8858,3,1001,5897.310749891655,1833.880933408011,2020-08-06T13:08:24Z,45.59451667,7.95501667,1621.00,61.684
8859,3,1002,5898.310749891655,1834.880933408011,2020-08-06T13:08:25Z,45.59455000,7.95510000,1607.00,61.692
8860,3,1003,5899.310749891655,1835.880933408011,2020-08-06T13:08:26Z,45.59456667,7.95520000,1609.00,61.698
8861,3,1004,5900.310749891655,1836.880933408011,2020-08-06T13:08:27Z,45.59456667,7.95531667,1622.00,61.705
8862,3,1005,5901.310749891655,1837.880933408011,2020-08-06T13:08:28Z,45.59455000,7.95541667,1609.00,61.709
8863,3,1006,5902.310749891655,1838.880933408011,2020-08-06T13:08:29Z,45.59453333,7.95555000,1607.00,61.715
8864,3,1007,5903.310749891655,1839.880933408011,2020-08-06T13:08:30Z,45.59451667,7.95566667,1632.00,61.72
8865,3,1008,5904.310749891655,1840.880933408011,2020-08-06T13:08:31Z,45.59448333,7.95578333,1617.00,61.723
8866,3,1009,5905.310749891655,1841.880933408011,2020-08-06T13:08:32Z,45.59443333,7.95586667,1618.00,61.724
8867,3,1010,5906.310749891655,1842.880933408011,2020-08-06T13:08:33Z,45.59438333,7.95593333,1628.00,61.723
8868,3,1011,5907.310749891655,1843.880933408011,2020-08-06T13:08:34Z,45.59431667,7.95598333,1621.00,61.721
8869,3,1012,5908.310749891655,1844.880933408011,2020-08-06T13:08:35Z,45.59425000,7.95601667,1630.00,61.717
8870,3,1013,5909.310749891655,1845.880933408011,2020-08-06T13:08:36Z,45.59418333,7.95606667,1647.00,61.715
8871,3,1014,5910.310749891655,1846.880933408011,2020-08-06T13:08:37Z,45.59411667,7.95613333,1623.00,61.713
8872,3,1015,5911.310749891655,1847.880933408011,2020-08-06T13:08:38Z,45.59405000,7.95616667,1633.00,61.709
8873,3,1016,5912.310749891655,1848.880933408011,2020-08-06T13:08:39Z,45.59398333,7.95620000,1637.00,61.706
8874,3,1017,5913.310749891655,1849.880933408011,2020-08-06T13:08:40Z,45.59391667,7.95623333,1638.00,61.702
8875,3,1018,5914.310749891655,1850.880933408011,2020-08-06T13:08:41Z,45.59385000,7.95625000,1649.00,61.698
8876,3,1019,5915.310749891655,1851.880933408011,2020-08-06T13:08:42Z,45.59378333,7.95623333,1630.00,61.692
8877,3,1020,5916.310749891655,1852.880933408011,2020-08-06T13:08:43Z,45.59371667,7.95618333,1651.00,61.684
8878,3,1021,5917.310749891655,1853.880933408011,2020-08-06T13:08:44Z,45.59366667,7.95610000,1638.00,61.675
8879,3,1022,5918.310749891655,1854.880933408011,2020-08-06T13:08:45Z,45.59361667,7.95598333,1648.00,61.665
8880,3,1023,5919.310749891655,1855.880933408011,2020-08-06T13:08:46Z,45.59358333,7.95585000,1643.00,61.655
8881,3,1024,5920.310749891655,1856.880933408011,2020-08-06T13:08:47Z,45.59356667,7.95571667,1651.00,61.647
8882,3,1025,5921.310749891655,1857.880933408011,2020-08-06T13:08:48Z,45.59358333,7.95558333,1642.00,61.641
8883,3,1026,5922.310749891655,1858.880933408011,2020-08-06T13:08:49Z,45.59361667,7.95548333,1646.00,61.638
8884,3,1027,5923.310749891655,1859.880933408011,2020-08-06T13:08:50Z,45.59368333,7.95541667,1650.00,61.64
8885,3,1028,5924.310749891655,1860.880933408011,2020-08-06T13:08:51Z,45.59376667,7.95536667,1649.00,61.643
8886,3,1029,5925.310749891655,1861.880933408011,2020-08-06T13:08:52Z,45.59383333,7.95535000,1649.00,61.648
8887,3,1030,5926.310749891655,1862.880933408011,2020-08-06T13:08:53Z,45.59393333,7.95536667,1642.00,61.657
8888,3,1031,5927.310749891655,1863.880933408011,2020-08-06T13:08:54Z,45.59400000,7.95540000,1645.00,61.664
8889,3,1032,5928.310749891655,1864.880933408011,2020-08-06T13:08:55Z,45.59408333,7.95548333,1646.00,61.675
8890,3,1033,5929.310749891655,1865.880933408011,2020-08-06T13:08:56Z,45.59415000,7.95560000,1646.00,61.687
8891,3,1034,5930.310749891655,1866.880933408011,2020-08-06T13:08:57Z,45.59418333,7.95570000,1647.00,61.695
8892,3,1035,5931.310749891655,1867.880933408011,2020-08-06T13:08:58Z,45.59421667,7.95580000,1651.00,61.703
8893,3,1036,5932.310749891655,1868.880933408011,2020-08-06T13:08:59Z,45.59421667,7.95588333,1647.00,61.707
8894,3,1037,5933.310749891655,1869.880933408011,2020-08-06T13:09:00Z,45.59421667,7.95596667,1655.00,61.712
8895,3,1038,5934.310749891655,1870.880933408011,2020-08-06T13:09:01Z,45.59420000,7.95605000,1657.00,61.715
8896,3,1039,5935.310749891655,1871.880933408011,2020-08-06T13:09:02Z,45.59416667,7.95613333,1658.00,61.717
8897,3,1040,5936.310749891655,1872.880933408011,2020-08-06T13:09:03Z,45.59410000,7.95620000,1656.00,61.715
8898,3,1041,5937.310749891655,1873.880933408011,2020-08-06T13:09:04Z,45.59403333,7.95623333,1661.00,61.712
8899,3,1042,5938.310749891655,1874.880933408011,2020-08-06T13:09:05Z,45.59395000,7.95625000,1656.00,61.706
8900,3,1043,5939.310749891655,1875.880933408011,2020-08-06T13:09:06Z,45.59385000,7.95626667,1668.00,61.699
8901,3,1044,5940.310749891655,1876.880933408011,2020-08-06T13:09:07Z,45.59376667,7.95628333,1671.00,61.693
8902,3,1045,5941.310749891655,1877.880933408011,2020-08-06T13:09:08Z,45.59370000,7.95623333,1655.00,61.685
8903,3,1046,5942.310749891655,1878.880933408011,2020-08-06T13:09:09Z,45.59365000,7.95616667,1671.00,61.678
8904,3,1047,5943.310749891655,1879.880933408011,2020-08-06T13:09:10Z,45.59360000,7.95603333,1654.00,61.666
8905,3,1048,5944.310749891655,1880.880933408011,2020-08-06T13:09:11Z,45.59358333,7.95590000,1684.00,61.658
8906,3,1049,5945.310749891655,1881.880933408011,2020-08-06T13:09:12Z,45.59358333,7.95576667,1648.00,61.651
8907,3,1050,5946.310749891655,1882.880933408011,2020-08-06T13:09:13Z,45.59363333,7.95565000,1668.00,61.648
8908,3,1051,5947.310749891655,1883.880933408011,2020-08-06T13:09:14Z,45.59370000,7.95556667,1670.00,61.649
8909,3,1052,5948.310749891655,1884.880933408011,2020-08-06T13:09:15Z,45.59380000,7.95551667,1661.00,61.654
8910,3,1053,5949.310749891655,1885.880933408011,2020-08-06T13:09:16Z,45.59388333,7.95548333,1682.00,61.659
8911,3,1054,5950.310749891655,1886.880933408011,2020-08-06T13:09:17Z,45.59396667,7.95548333,1662.00,61.666
8912,3,1055,5951.310749891655,1887.880933408011,2020-08-06T13:09:18Z,45.59406667,7.95548333,1689.00,61.674
8913,3,1056,5952.310749891655,1888.880933408011,2020-08-06T13:09:19Z,45.59416667,7.95550000,1670.00,61.683
8914,3,1057,5953.310749891655,1889.880933408011,2020-08-06T13:09:20Z,45.59426667,7.95553333,1689.00,61.692
8915,3,1058,5954.310749891655,1890.880933408011,2020-08-06T13:09:21Z,45.59436667,7.95560000,1679.00,61.704
8916,3,1059,5955.310749891655,1891.880933408011,2020-08-06T13:09:22Z,45.59441667,7.95568333,1674.00,61.712
8917,3,1060,5956.310749891655,1892.880933408011,2020-08-06T13:09:23Z,45.59445000,7.95576667,1696.00,61.72
8918,3,1061,5957.310749891655,1893.880933408011,2020-08-06T13:09:24Z,45.59443333,7.95586667,1686.00,61.724
8919,3,1062,5958.310749891655,1894.880933408011,2020-08-06T13:09:25Z,45.59440000,7.95596667,1688.00,61.727
8920,3,1063,5959.310749891655,1895.880933408011,2020-08-06T13:09:26Z,45.59433333,7.95605000,1690.00,61.726
8921,3,1064,5960.310749891655,1896.880933408011,2020-08-06T13:09:27Z,45.59426667,7.95611667,1684.00,61.724
8922,3,1065,5961.310749891655,1897.880933408011,2020-08-06T13:09:28Z,45.59420000,7.95616667,1688.00,61.721
8923,3,1066,5962.310749891655,1898.880933408011,2020-08-06T13:09:29Z,45.59411667,7.95621667,1689.00,61.717
8924,3,1067,5963.310749891655,1899.880933408011,2020-08-06T13:09:30Z,45.59401667,7.95625000,1692.00,61.711
8925,3,1068,5964.310749891655,1900.880933408011,2020-08-06T13:09:31Z,45.59393333,7.95625000,1695.00,61.705
8926,3,1069,5965.310749891655,1901.880933408011,2020-08-06T13:09:32Z,45.59385000,7.95623333,1684.00,61.697
8927,3,1070,5966.310749891655,1902.880933408011,2020-08-06T13:09:33Z,45.59378333,7.95618333,1692.00,61.689
8928,3,1071,5967.310749891655,1903.880933408011,2020-08-06T13:09:34Z,45.59371667,7.95608333,1700.00,61.678
8929,3,1072,5968.310749891655,1904.880933408011,2020-08-06T13:09:35Z,45.59366667,7.95596667,1693.00,61.668
8930,3,1073,5969.310749891655,1905.880933408011,2020-08-06T13:09:36Z,45.59363333,7.95585000,1716.00,61.659
8931,3,1074,5970.310749891655,1906.880933408011,2020-08-06T13:09:37Z,45.59356667,7.95575000,1705.00,61.648
8932,3,1075,5971.310749891655,1907.880933408011,2020-08-06T13:09:38Z,45.59348333,7.95565000,1683.00,61.636
8933,3,1076,5972.310749891655,1908.880933408011,2020-08-06T13:09:39Z,45.59340000,7.95556667,1691.00,61.625
8934,3,1077,5973.310749891655,1909.880933408011,2020-08-06T13:09:40Z,45.59331667,7.95546667,1680.00,61.613
8935,3,1078,5974.310749891655,1910.880933408011,2020-08-06T13:09:41Z,45.59321667,7.95536667,1682.00,61.6
8936,3,1079,5975.310749891655,1911.880933408011,2020-08-06T13:09:42Z,45.59313333,7.95526667,1682.00,61.588
8937,3,1080,5976.310749891655,1912.880933408011,2020-08-06T13:09:43Z,45.59301667,7.95518333,1689.00,61.574
8938,3,1081,5977.310749891655,1913.880933408011,2020-08-06T13:09:44Z,45.59291667,7.95510000,1668.00,61.561
8939,3,1082,5978.310749891655,1914.880933408011,2020-08-06T13:09:45Z,45.59280000,7.95501667,1679.00,61.547
8940,3,1083,5979.310749891655,1915.880933408011,2020-08-06T13:09:46Z,45.59268333,7.95493333,1663.00,61.534
8941,3,1084,5980.310749891655,1916.880933408011,2020-08-06T13:09:47Z,45.59255000,7.95485000,1665.00,61.518
8942,3,1085,5981.310749891655,1917.880933408011,2020-08-06T13:09:48Z,45.59241667,7.95478333,1676.00,61.504
8943,3,1086,5982.310749891655,1918.880933408011,2020-08-06T13:09:49Z,45.59230000,7.95468333,1662.00,61.49
8944,3,1087,5983.310749891655,1919.880933408011,2020-08-06T13:09:50Z,45.59218333,7.95460000,1657.00,61.476
8945,3,1088,5984.310749891655,1920.880933408011,2020-08-06T13:09:51Z,45.59206667,7.95451667,1667.00,61.462
8946,3,1089,5985.310749891655,1921.880933408011,2020-08-06T13:09:52Z,45.59196667,7.95445000,1669.00,61.45
8947,3,1090,5986.310749891655,1922.880933408011,2020-08-06T13:09:53Z,45.59186667,7.95440000,1657.00,61.44
8948,3,1091,5987.310749891655,1923.880933408011,2020-08-06T13:09:54Z,45.59176667,7.95431667,1651.00,61.427
8949,3,1092,5988.310749891655,1924.880933408011,2020-08-06T13:09:55Z,45.59165000,7.95420000,1653.00,61.412
8950,3,1093,5989.310749891655,1925.880933408011,2020-08-06T13:09:56Z,45.59155000,7.95410000,1651.00,61.398
8951,3,1094,5990.310749891655,1926.880933408011,2020-08-06T13:09:57Z,45.59145000,7.95400000,1652.00,61.385
8952,3,1095,5991.310749891655,1927.880933408011,2020-08-06T13:09:58Z,45.59135000,7.95391667,1653.00,61.372
8953,3,1096,5992.310749891655,1928.880933408011,2020-08-06T13:09:59Z,45.59125000,7.95383333,1656.00,61.36
8954,3,1097,5993.310749891655,1929.880933408011,2020-08-06T13:10:00Z,45.59113333,7.95375000,1638.00,61.346
8955,3,1098,5994.310749891655,1930.880933408011,2020-08-06T13:10:01Z,45.59103333,7.95368333,1647.00,61.334
8956,3,1099,5995.310749891655,1931.880933408011,2020-08-06T13:10:02Z,45.59093333,7.95358333,1647.00,61.321
8957,3,1100,5996.310749891655,1932.880933408011,2020-08-06T13:10:03Z,45.59081667,7.95350000,1643.00,61.307
8958,3,1101,5997.310749891655,1933.880933408011,2020-08-06T13:10:04Z,45.59071667,7.95338333,1635.00,61.293
8959,3,1102,5998.310749891655,1934.880933408011,2020-08-06T13:10:05Z,45.59061667,7.95328333,1640.00,61.279
8960,3,1103,5999.310749891655,1935.880933408011,2020-08-06T13:10:06Z,45.59051667,7.95318333,1640.00,61.266
8961,3,1104,6000.310749891655,1936.880933408011,2020-08-06T13:10:07Z,45.59040000,7.95310000,1644.00,61.252
8962,3,1105,6001.310749891655,1937.880933408011,2020-08-06T13:10:08Z,45.59028333,7.95301667,1632.00,61.238
8963,3,1106,6002.310749891655,1938.880933408011,2020-08-06T13:10:09Z,45.59016667,7.95290000,1620.00,61.223
8964,3,1107,6003.310749891655,1939.880933408011,2020-08-06T13:10:10Z,45.59006667,7.95281667,1628.00,61.21
8965,3,1108,6004.310749891655,1940.880933408011,2020-08-06T13:10:11Z,45.58996667,7.95273333,1632.00,61.198
8966,3,1109,6005.310749891655,1941.880933408011,2020-08-06T13:10:12Z,45.58986667,7.95265000,1632.00,61.185
8967,3,1110,6006.310749891655,1942.880933408011,2020-08-06T13:10:13Z,45.58976667,7.95258333,1632.00,61.174
8968,3,1111,6007.310749891655,1943.880933408011,2020-08-06T13:10:14Z,45.58966667,7.95251667,1630.00,61.162
8969,3,1112,6008.310749891655,1944.880933408011,2020-08-06T13:10:15Z,45.58956667,7.95243333,1623.00,61.15
8970,3,1113,6009.310749891655,1945.880933408011,2020-08-06T13:10:16Z,45.58946667,7.95235000,1626.00,61.137
8971,3,1114,6010.310749891655,1946.880933408011,2020-08-06T13:10:17Z,45.58935000,7.95228333,1629.00,61.124
8972,3,1115,6011.310749891655,1947.880933408011,2020-08-06T13:10:18Z,45.58923333,7.95221667,1625.00,61.111
8973,3,1116,6012.310749891655,1948.880933408011,2020-08-06T13:10:19Z,45.58913333,7.95215000,1625.00,61.1
8974,3,1117,6013.310749891655,1949.880933408011,2020-08-06T13:10:20Z,45.58901667,7.95208333,1622.00,61.087
8975,3,1118,6014.310749891655,1950.880933408011,2020-08-06T13:10:21Z,45.58890000,7.95203333,1622.00,61.075
8976,3,1119,6015.310749891655,1951.880933408011,2020-08-06T13:10:22Z,45.58878333,7.95196667,1624.00,61.062
8977,3,1120,6016.310749891655,1952.880933408011,2020-08-06T13:10:23Z,45.58866667,7.95191667,1621.00,61.05
8978,3,1121,6017.310749891655,1953.880933408011,2020-08-06T13:10:24Z,45.58855000,7.95185000,1611.00,61.037
8979,3,1122,6018.310749891655,1954.880933408011,2020-08-06T13:10:25Z,45.58845000,7.95178333,1616.00,61.026
8980,3,1123,6019.310749891655,1955.880933408011,2020-08-06T13:10:26Z,45.58833333,7.95171667,1619.00,61.013
8981,3,1124,6020.310749891655,1956.880933408011,2020-08-06T13:10:27Z,45.58823333,7.95165000,1615.00,61.001
8982,3,1125,6021.310749891655,1957.880933408011,2020-08-06T13:10:28Z,45.58813333,7.95160000,1614.00,60.991
8983,3,1126,6022.310749891655,1958.880933408011,2020-08-06T13:10:29Z,45.58805000,7.95153333,1616.00,60.98
8984,3,1127,6023.310749891655,1959.880933408011,2020-08-06T13:10:30Z,45.58793333,7.95146667,1609.00,60.967
8985,3,1128,6024.310749891655,1960.880933408011,2020-08-06T13:10:31Z,45.58783333,7.95141667,1606.00,60.957
8986,3,1129,6025.310749891655,1961.880933408011,2020-08-06T13:10:32Z,45.58771667,7.95135000,1610.00,60.944
8987,3,1130,6026.310749891655,1962.880933408011,2020-08-06T13:10:33Z,45.58760000,7.95128333,1607.00,60.931
8988,3,1131,6027.310749891655,1963.880933408011,2020-08-06T13:10:34Z,45.58748333,7.95123333,1605.00,60.919
8989,3,1132,6028.310749891655,1964.880933408011,2020-08-06T13:10:35Z,45.58738333,7.95116667,1608.00,60.907
8990,3,1133,6029.310749891655,1965.880933408011,2020-08-06T13:10:36Z,45.58728333,7.95110000,1602.00,60.896
8991,3,1134,6030.310749891655,1966.880933408011,2020-08-06T13:10:37Z,45.58718333,7.95103333,1600.00,60.884
8992,3,1135,6031.310749891655,1967.880933408011,2020-08-06T13:10:38Z,45.58708333,7.95096667,1602.00,60.873
8993,3,1136,6032.310749891655,1968.880933408011,2020-08-06T13:10:39Z,45.58696667,7.95090000,1602.00,60.86
8994,3,1137,6033.310749891655,1969.880933408011,2020-08-06T13:10:40Z,45.58686667,7.95081667,1604.00,60.847
8995,3,1138,6034.310749891655,1970.880933408011,2020-08-06T13:10:41Z,45.58676667,7.95073333,1598.00,60.835
8996,3,1139,6035.310749891655,1971.880933408011,2020-08-06T13:10:42Z,45.58666667,7.95065000,1594.00,60.822
8997,3,1140,6036.310749891655,1972.880933408011,2020-08-06T13:10:43Z,45.58656667,7.95056667,1592.00,60.81
8998,3,1141,6037.310749891655,1973.880933408011,2020-08-06T13:10:44Z,45.58646667,7.95048333,1594.00,60.798
8999,3,1142,6038.310749891655,1974.880933408011,2020-08-06T13:10:45Z,45.58636667,7.95040000,1589.00,60.785
9000,3,1143,6039.310749891655,1975.880933408011,2020-08-06T13:10:46Z,45.58625000,7.95033333,1590.00,60.772
9001,3,1144,6040.310749891655,1976.880933408011,2020-08-06T13:10:47Z,45.58615000,7.95026667,1590.00,60.761
9002,3,1145,6041.310749891655,1977.880933408011,2020-08-06T13:10:48Z,45.58605000,7.95020000,1586.00,60.749
9003,3,1146,6042.310749891655,1978.880933408011,2020-08-06T13:10:49Z,45.58593333,7.95013333,1587.00,60.736
9004,3,1147,6043.310749891655,1979.880933408011,2020-08-06T13:10:50Z,45.58583333,7.95006667,1587.00,60.725
9005,3,1148,6044.310749891655,1980.880933408011,2020-08-06T13:10:51Z,45.58573333,7.95000000,1584.00,60.713
9006,3,1149,6045.310749891655,1981.880933408011,2020-08-06T13:10:52Z,45.58561667,7.94993333,1587.00,60.7
9007,3,1150,6046.310749891655,1982.880933408011,2020-08-06T13:10:53Z,45.58551667,7.94986667,1583.00,60.689
9008,3,1151,6047.310749891655,1983.880933408011,2020-08-06T13:10:54Z,45.58541667,7.94980000,1581.00,60.677
9009,3,1152,6048.310749891655,1984.880933408011,2020-08-06T13:10:55Z,45.58531667,7.94973333,1584.00,60.665
9010,3,1153,6049.310749891655,1985.880933408011,2020-08-06T13:10:56Z,45.58521667,7.94968333,1583.00,60.655
9011,3,1154,6050.310749891655,1986.880933408011,2020-08-06T13:10:57Z,45.58511667,7.94961667,1577.00,60.643
9012,3,1155,6051.310749891655,1987.880933408011,2020-08-06T13:10:58Z,45.58501667,7.94955000,1574.00,60.632
9013,3,1156,6052.310749891655,1988.880933408011,2020-08-06T13:10:59Z,45.58491667,7.94946667,1575.00,60.619
9014,3,1157,6053.310749891655,1989.880933408011,2020-08-06T13:11:00Z,45.58480000,7.94940000,1574.00,60.606
9015,3,1158,6054.310749891655,1990.880933408011,2020-08-06T13:11:01Z,45.58470000,7.94931667,1574.00,60.594
9016,3,1159,6055.310749891655,1991.880933408011,2020-08-06T13:11:02Z,45.58458333,7.94925000,1571.00,60.581
9017,3,1160,6056.310749891655,1992.880933408011,2020-08-06T13:11:03Z,45.58450000,7.94916667,1573.00,60.57
9018,3,1161,6057.310749891655,1993.880933408011,2020-08-06T13:11:04Z,45.58440000,7.94910000,1572.00,60.558
9019,3,1162,6058.310749891655,1994.880933408011,2020-08-06T13:11:05Z,45.58430000,7.94905000,1570.00,60.548
9020,3,1163,6059.310749891655,1995.880933408011,2020-08-06T13:11:06Z,45.58418333,7.94898333,1565.00,60.535
9021,3,1164,6060.310749891655,1996.880933408011,2020-08-06T13:11:07Z,45.58408333,7.94893333,1574.00,60.524
9022,3,1165,6061.310749891655,1997.880933408011,2020-08-06T13:11:08Z,45.58398333,7.94885000,1565.00,60.512
9023,3,1166,6062.310749891655,1998.880933408011,2020-08-06T13:11:09Z,45.58390000,7.94878333,1558.00,60.501
9024,3,1167,6063.310749891655,1999.880933408011,2020-08-06T13:11:10Z,45.58381667,7.94870000,1560.00,60.49
9025,3,1168,6064.310749891655,2000.880933408011,2020-08-06T13:11:11Z,45.58373333,7.94861667,1563.00,60.479
9026,3,1169,6065.310749891655,2001.880933408011,2020-08-06T13:11:12Z,45.58365000,7.94855000,1565.00,60.469
9027,3,1170,6066.310749891655,2002.880933408011,2020-08-06T13:11:13Z,45.58355000,7.94848333,1554.00,60.457
9028,3,1171,6067.310749891655,2003.880933408011,2020-08-06T13:11:14Z,45.58345000,7.94843333,1558.00,60.447
9029,3,1172,6068.310749891655,2004.880933408011,2020-08-06T13:11:15Z,45.58336667,7.94838333,1566.00,60.437
9030,3,1173,6069.310749891655,2005.880933408011,2020-08-06T13:11:16Z,45.58326667,7.94833333,1556.00,60.427
9031,3,1174,6070.310749891655,2006.880933408011,2020-08-06T13:11:17Z,45.58318333,7.94828333,1557.00,60.418
9032,3,1175,6071.310749891655,2007.880933408011,2020-08-06T13:11:18Z,45.58311667,7.94821667,1559.00,60.409
9033,3,1176,6072.310749891655,2008.880933408011,2020-08-06T13:11:19Z,45.58303333,7.94813333,1551.00,60.397
9034,3,1177,6073.310749891655,2009.880933408011,2020-08-06T13:11:20Z,45.58295000,7.94806667,1562.00,60.387
9035,3,1178,6074.310749891655,2010.880933408011,2020-08-06T13:11:21Z,45.58286667,7.94798333,1552.00,60.376
9036,3,1179,6075.310749891655,2011.880933408011,2020-08-06T13:11:22Z,45.58280000,7.94791667,1550.00,60.367
9037,3,1180,6076.310749891655,2012.880933408011,2020-08-06T13:11:23Z,45.58271667,7.94785000,1549.00,60.357
9038,3,1181,6077.310749891655,2013.880933408011,2020-08-06T13:11:24Z,45.58263333,7.94778333,1549.00,60.347
9039,3,1182,6078.310749891655,2014.880933408011,2020-08-06T13:11:25Z,45.58256667,7.94771667,1547.00,60.338
9040,3,1183,6079.310749891655,2015.880933408011,2020-08-06T13:11:26Z,45.58248333,7.94765000,1542.00,60.328
9041,3,1184,6080.310749891655,2016.880933408011,2020-08-06T13:11:27Z,45.58240000,7.94756667,1542.00,60.316
9042,3,1185,6081.310749891655,2017.880933408011,2020-08-06T13:11:28Z,45.58231667,7.94746667,1543.00,60.304
9043,3,1186,6082.310749891655,2018.880933408011,2020-08-06T13:11:29Z,45.58225000,7.94738333,1539.00,60.294
9044,3,1187,6083.310749891655,2019.880933408011,2020-08-06T13:11:30Z,45.58216667,7.94728333,1537.00,60.282
9045,3,1188,6084.310749891655,2020.880933408011,2020-08-06T13:11:31Z,45.58210000,7.94718333,1538.00,60.272
9046,3,1189,6085.310749891655,2021.880933408011,2020-08-06T13:11:32Z,45.58203333,7.94708333,1530.00,60.261
9047,3,1190,6086.310749891655,2022.880933408011,2020-08-06T13:11:33Z,45.58195000,7.94698333,1532.00,60.249
9048,3,1191,6087.310749891655,2023.880933408011,2020-08-06T13:11:34Z,45.58186667,7.94690000,1530.00,60.238
9049,3,1192,6088.310749891655,2024.880933408011,2020-08-06T13:11:35Z,45.58178333,7.94681667,1532.00,60.227
9050,3,1193,6089.310749891655,2025.880933408011,2020-08-06T13:11:36Z,45.58170000,7.94675000,1529.00,60.216
9051,3,1194,6090.310749891655,2026.880933408011,2020-08-06T13:11:37Z,45.58163333,7.94666667,1524.00,60.207
9052,3,1195,6091.310749891655,2027.880933408011,2020-08-06T13:11:38Z,45.58156667,7.94660000,1530.00,60.198
9053,3,1196,6092.310749891655,2028.880933408011,2020-08-06T13:11:39Z,45.58148333,7.94651667,1530.00,60.186
9054,3,1197,6093.310749891655,2029.880933408011,2020-08-06T13:11:40Z,45.58140000,7.94643333,1534.00,60.175
9055,3,1198,6094.310749891655,2030.880933408011,2020-08-06T13:11:41Z,45.58130000,7.94633333,1523.00,60.162
9056,3,1199,6095.310749891655,2031.880933408011,2020-08-06T13:11:42Z,45.58121667,7.94623333,1531.00,60.15
9057,3,1200,6096.310749891655,2032.880933408011,2020-08-06T13:11:43Z,45.58113333,7.94615000,1521.00,60.139
9058,3,1201,6097.310749891655,2033.880933408011,2020-08-06T13:11:44Z,45.58105000,7.94606667,1529.00,60.128
9059,3,1202,6098.310749891655,2034.880933408011,2020-08-06T13:11:45Z,45.58098333,7.94600000,1523.00,60.119
9060,3,1203,6099.310749891655,2035.880933408011,2020-08-06T13:11:46Z,45.58090000,7.94593333,1518.00,60.108
9061,3,1204,6100.310749891655,2036.880933408011,2020-08-06T13:11:47Z,45.58080000,7.94586667,1517.00,60.097
9062,3,1205,6101.310749891655,2037.880933408011,2020-08-06T13:11:48Z,45.58070000,7.94580000,1516.00,60.085
9063,3,1206,6102.310749891655,2038.880933408011,2020-08-06T13:11:49Z,45.58060000,7.94571667,1510.00,60.073
9064,3,1207,6103.310749891655,2039.880933408011,2020-08-06T13:11:50Z,45.58050000,7.94565000,1512.00,60.061
9065,3,1208,6104.310749891655,2040.880933408011,2020-08-06T13:11:51Z,45.58040000,7.94558333,1515.00,60.05
9066,3,1209,6105.310749891655,2041.880933408011,2020-08-06T13:11:52Z,45.58031667,7.94553333,1514.00,60.041
9067,3,1210,6106.310749891655,2042.880933408011,2020-08-06T13:11:53Z,45.58023333,7.94548333,1512.00,60.031
9068,3,1211,6107.310749891655,2043.880933408011,2020-08-06T13:11:54Z,45.58015000,7.94543333,1508.00,60.022
9069,3,1212,6108.310749891655,2044.880933408011,2020-08-06T13:11:55Z,45.58006667,7.94538333,1504.00,60.013
9070,3,1213,6109.310749891655,2045.880933408011,2020-08-06T13:11:56Z,45.57996667,7.94531667,1514.00,60.001
9071,3,1214,6110.310749891655,2046.880933408011,2020-08-06T13:11:57Z,45.57986667,7.94523333,1506.00,59.989
9072,3,1215,6111.310749891655,2047.880933408011,2020-08-06T13:11:58Z,45.57978333,7.94515000,1502.00,59.977
9073,3,1216,6112.310749891655,2048.880933408011,2020-08-06T13:11:59Z,45.57970000,7.94508333,1504.00,59.967
9074,3,1217,6113.310749891655,2049.880933408011,2020-08-06T13:12:00Z,45.57961667,7.94501667,1507.00,59.957
9075,3,1218,6114.310749891655,2050.880933408011,2020-08-06T13:12:01Z,45.57953333,7.94496667,1499.00,59.948
9076,3,1219,6115.310749891655,2051.880933408011,2020-08-06T13:12:02Z,45.57945000,7.94491667,1497.00,59.938
9077,3,1220,6116.310749891655,2052.880933408011,2020-08-06T13:12:03Z,45.57935000,7.94486667,1504.00,59.928
9078,3,1221,6117.310749891655,2053.880933408011,2020-08-06T13:12:04Z,45.57925000,7.94481667,1495.00,59.917
9079,3,1222,6118.310749891655,2054.880933408011,2020-08-06T13:12:05Z,45.57915000,7.94475000,1498.00,59.906
9080,3,1223,6119.310749891655,2055.880933408011,2020-08-06T13:12:06Z,45.57906667,7.94468333,1506.00,59.895
9081,3,1224,6120.310749891655,2056.880933408011,2020-08-06T13:12:07Z,45.57898333,7.94460000,1489.00,59.884
9082,3,1225,6121.310749891655,2057.880933408011,2020-08-06T13:12:08Z,45.57890000,7.94451667,1506.00,59.873
9083,3,1226,6122.310749891655,2058.880933408011,2020-08-06T13:12:09Z,45.57881667,7.94441667,1496.00,59.861
9084,3,1227,6123.310749891655,2059.880933408011,2020-08-06T13:12:10Z,45.57875000,7.94431667,1488.00,59.85
9085,3,1228,6124.310749891655,2060.880933408011,2020-08-06T13:12:11Z,45.57866667,7.94423333,1497.00,59.839
9086,3,1229,6125.310749891655,2061.880933408011,2020-08-06T13:12:12Z,45.57858333,7.94413333,1494.00,59.827
9087,3,1230,6126.310749891655,2062.880933408011,2020-08-06T13:12:13Z,45.57850000,7.94405000,1484.00,59.816
9088,3,1231,6127.310749891655,2063.880933408011,2020-08-06T13:12:14Z,45.57843333,7.94396667,1479.00,59.806
9089,3,1232,6128.310749891655,2064.880933408011,2020-08-06T13:12:15Z,45.57835000,7.94388333,1483.00,59.795
9090,3,1233,6129.310749891655,2065.880933408011,2020-08-06T13:12:16Z,45.57826667,7.94381667,1494.00,59.785
9091,3,1234,6130.310749891655,2066.880933408011,2020-08-06T13:12:17Z,45.57818333,7.94376667,1484.00,59.775
9092,3,1235,6131.310749891655,2067.880933408011,2020-08-06T13:12:18Z,45.57810000,7.94371667,1483.00,59.766
9093,3,1236,6132.310749891655,2068.880933408011,2020-08-06T13:12:19Z,45.57803333,7.94365000,1478.00,59.757
9094,3,1237,6133.310749891655,2069.880933408011,2020-08-06T13:12:20Z,45.57798333,7.94358333,1476.00,59.75
9095,3,1238,6134.310749891655,2070.880933408011,2020-08-06T13:12:21Z,45.57791667,7.94351667,1476.00,59.741
9096,3,1239,6135.310749891655,2071.880933408011,2020-08-06T13:12:22Z,45.57785000,7.94345000,1480.00,59.732
9097,3,1240,6136.310749891655,2072.880933408011,2020-08-06T13:12:23Z,45.57776667,7.94340000,1477.00,59.723
9098,3,1241,6137.310749891655,2073.880933408011,2020-08-06T13:12:24Z,45.57770000,7.94331667,1469.00,59.713
9099,3,1242,6138.310749891655,2074.880933408011,2020-08-06T13:12:25Z,45.57761667,7.94325000,1468.00,59.702
9100,3,1243,6139.310749891655,2075.880933408011,2020-08-06T13:12:26Z,45.57756667,7.94318333,1472.00,59.695
9101,3,1244,6140.310749891655,2076.880933408011,2020-08-06T13:12:27Z,45.57750000,7.94311667,1469.00,59.686
9102,3,1245,6141.310749891655,2077.880933408011,2020-08-06T13:12:28Z,45.57741667,7.94306667,1467.00,59.677
9103,3,1246,6142.310749891655,2078.880933408011,2020-08-06T13:12:29Z,45.57735000,7.94300000,1468.00,59.668
9104,3,1247,6143.310749891655,2079.880933408011,2020-08-06T13:12:30Z,45.57726667,7.94293333,1471.00,59.658
9105,3,1248,6144.310749891655,2080.880933408011,2020-08-06T13:12:31Z,45.57720000,7.94286667,1468.00,59.649
9106,3,1249,6145.310749891655,2081.880933408011,2020-08-06T13:12:32Z,45.57711667,7.94280000,1455.00,59.638
9107,3,1250,6146.310749891655,2082.880933408011,2020-08-06T13:12:33Z,45.57705000,7.94275000,1470.00,59.63
9108,3,1251,6147.310749891655,2083.880933408011,2020-08-06T13:12:34Z,45.57698333,7.94268333,1463.00,59.621
9109,3,1252,6148.310749891655,2084.880933408011,2020-08-06T13:12:35Z,45.57691667,7.94263333,1452.00,59.613
9110,3,1253,6149.310749891655,2085.880933408011,2020-08-06T13:12:36Z,45.57683333,7.94256667,1466.00,59.603
9111,3,1254,6150.310749891655,2086.880933408011,2020-08-06T13:12:37Z,45.57675000,7.94251667,1456.00,59.594
9112,3,1255,6151.310749891655,2087.880933408011,2020-08-06T13:12:38Z,45.57666667,7.94245000,1456.00,59.584
9113,3,1256,6152.310749891655,2088.880933408011,2020-08-06T13:12:39Z,45.57658333,7.94240000,1458.00,59.574
9114,3,1257,6153.310749891655,2089.880933408011,2020-08-06T13:12:40Z,45.57651667,7.94236667,1455.00,59.567
9115,3,1258,6154.310749891655,2090.880933408011,2020-08-06T13:12:41Z,45.57643333,7.94231667,1453.00,59.558
9116,3,1259,6155.310749891655,2091.880933408011,2020-08-06T13:12:42Z,45.57635000,7.94226667,1451.00,59.549
9117,3,1260,6156.310749891655,2092.880933408011,2020-08-06T13:12:43Z,45.57626667,7.94223333,1449.00,59.54
9118,3,1261,6157.310749891655,2093.880933408011,2020-08-06T13:12:44Z,45.57616667,7.94221667,1444.00,59.532
9119,3,1262,6158.310749891655,2094.880933408011,2020-08-06T13:12:45Z,45.57606667,7.94220000,1437.00,59.523
9120,3,1263,6159.310749891655,2095.880933408011,2020-08-06T13:12:46Z,45.57598333,7.94220000,1446.00,59.516
9121,3,1264,6160.310749891655,2096.880933408011,2020-08-06T13:12:47Z,45.57588333,7.94220000,1447.00,59.508
9122,3,1265,6161.310749891655,2097.880933408011,2020-08-06T13:12:48Z,45.57578333,7.94218333,1420.00,59.5
9123,3,1266,6162.310749891655,2098.880933408011,2020-08-06T13:12:49Z,45.57570000,7.94216667,1432.00,59.492
9124,3,1267,6163.310749891655,2099.880933408011,2020-08-06T13:12:50Z,45.57560000,7.94215000,1432.00,59.483
9125,3,1268,6164.310749891655,2100.880933408011,2020-08-06T13:12:51Z,45.57551667,7.94213333,1440.00,59.476
9126,3,1269,6165.310749891655,2101.880933408011,2020-08-06T13:12:52Z,45.57543333,7.94213333,1433.00,59.469
9127,3,1270,6166.310749891655,2102.880933408011,2020-08-06T13:12:53Z,45.57531667,7.94211667,1432.00,59.459
9128,3,1271,6167.310749891655,2103.880933408011,2020-08-06T13:12:54Z,45.57521667,7.94210000,1427.00,59.451
9129,3,1272,6168.310749891655,2104.880933408011,2020-08-06T13:12:55Z,45.57510000,7.94210000,1427.00,59.441
9130,3,1273,6169.310749891655,2105.880933408011,2020-08-06T13:12:56Z,45.57498333,7.94208333,1416.00,59.431
9131,3,1274,6170.310749891655,2106.880933408011,2020-08-06T13:12:57Z,45.57486667,7.94206667,1422.00,59.421
9132,3,1275,6171.310749891655,2107.880933408011,2020-08-06T13:12:58Z,45.57475000,7.94205000,1426.00,59.411
9133,3,1276,6172.310749891655,2108.880933408011,2020-08-06T13:12:59Z,45.57463333,7.94203333,1427.00,59.401
9134,3,1277,6173.310749891655,2109.880933408011,2020-08-06T13:13:00Z,45.57453333,7.94203333,1428.00,59.393
9135,3,1278,6174.310749891655,2110.880933408011,2020-08-06T13:13:01Z,45.57443333,7.94203333,1424.00,59.386
9136,3,1279,6175.310749891655,2111.880933408011,2020-08-06T13:13:02Z,45.57433333,7.94203333,1408.00,59.378
9137,3,1280,6176.310749891655,2112.880933408011,2020-08-06T13:13:03Z,45.57425000,7.94203333,1431.00,59.371
9138,3,1281,6177.310749891655,2113.880933408011,2020-08-06T13:13:04Z,45.57415000,7.94203333,1440.00,59.363
9139,3,1282,6178.310749891655,2114.880933408011,2020-08-06T13:13:05Z,45.57406667,7.94203333,1435.00,59.357
9140,3,1283,6179.310749891655,2115.880933408011,2020-08-06T13:13:06Z,45.57400000,7.94203333,1432.00,59.352
9141,3,1284,6180.310749891655,2116.880933408011,2020-08-06T13:13:07Z,45.57391667,7.94203333,1427.00,59.345
9142,3,1285,6181.310749891655,2117.880933408011,2020-08-06T13:13:08Z,45.57383333,7.94201667,1435.00,59.338
9143,3,1286,6182.310749891655,2118.880933408011,2020-08-06T13:13:09Z,45.57375000,7.94201667,1428.00,59.331
9144,3,1287,6183.310749891655,2119.880933408011,2020-08-06T13:13:10Z,45.57365000,7.94203333,1430.00,59.324
9145,3,1288,6184.310749891655,2120.880933408011,2020-08-06T13:13:11Z,45.57355000,7.94203333,1433.00,59.316
9146,3,1289,6185.310749891655,2121.880933408011,2020-08-06T13:13:12Z,45.57346667,7.94203333,1427.00,59.31
9147,3,1290,6186.310749891655,2122.880933408011,2020-08-06T13:13:13Z,45.57338333,7.94201667,1439.00,59.303
9148,3,1291,6187.310749891655,2123.880933408011,2020-08-06T13:13:14Z,45.57330000,7.94200000,1447.00,59.295
9149,3,1292,6188.310749891655,2124.880933408011,2020-08-06T13:13:15Z,45.57323333,7.94196667,1430.00,59.288
9150,3,1293,6189.310749891655,2125.880933408011,2020-08-06T13:13:16Z,45.57315000,7.94195000,1442.00,59.281
9151,3,1294,6190.310749891655,2126.880933408011,2020-08-06T13:13:17Z,45.57306667,7.94193333,1442.00,59.273
9152,3,1295,6191.310749891655,2127.880933408011,2020-08-06T13:13:18Z,45.57298333,7.94190000,1448.00,59.265
9153,3,1296,6192.310749891655,2128.880933408011,2020-08-06T13:13:19Z,45.57288333,7.94188333,1436.00,59.256
9154,3,1297,6193.310749891655,2129.880933408011,2020-08-06T13:13:20Z,45.57280000,7.94185000,1432.00,59.248
9155,3,1298,6194.310749891655,2130.880933408011,2020-08-06T13:13:21Z,45.57270000,7.94181667,1437.00,59.238
9156,3,1299,6195.310749891655,2131.880933408011,2020-08-06T13:13:22Z,45.57263333,7.94178333,1443.00,59.231
9157,3,1300,6196.310749891655,2132.880933408011,2020-08-06T13:13:23Z,45.57255000,7.94173333,1440.00,59.222
9158,3,1301,6197.310749891655,2133.880933408011,2020-08-06T13:13:24Z,45.57248333,7.94166667,1442.00,59.213
9159,3,1302,6198.310749891655,2134.880933408011,2020-08-06T13:13:25Z,45.57241667,7.94161667,1444.00,59.205
9160,3,1303,6199.310749891655,2135.880933408011,2020-08-06T13:13:26Z,45.57233333,7.94156667,1445.00,59.196
9161,3,1304,6200.310749891655,2136.880933408011,2020-08-06T13:13:27Z,45.57228333,7.94155000,1441.00,59.191
9162,3,1305,6201.310749891655,2137.880933408011,2020-08-06T13:13:28Z,45.57221667,7.94151667,1418.00,59.184
9163,3,1306,6202.310749891655,2138.880933408011,2020-08-06T13:13:29Z,45.57216667,7.94146667,1446.00,59.177
9164,3,1307,6203.310749891655,2139.880933408011,2020-08-06T13:13:30Z,45.57210000,7.94140000,1416.00,59.168
9165,3,1308,6204.310749891655,2140.880933408011,2020-08-06T13:13:31Z,45.57203333,7.94136667,1453.00,59.161
9166,3,1309,6205.310749891655,2141.880933408011,2020-08-06T13:13:32Z,45.57196667,7.94133333,1471.00,59.154
9167,3,1310,6206.310749891655,2142.880933408011,2020-08-06T13:13:33Z,45.57190000,7.94133333,1458.00,59.149
9168,3,1311,6207.310749891655,2143.880933408011,2020-08-06T13:13:34Z,45.57183333,7.94133333,1463.00,59.144
9169,3,1312,6208.310749891655,2144.880933408011,2020-08-06T13:13:35Z,45.57176667,7.94133333,1466.00,59.138
9170,3,1313,6209.310749891655,2145.880933408011,2020-08-06T13:13:36Z,45.57168333,7.94131667,1464.00,59.131
9171,3,1314,6210.310749891655,2146.880933408011,2020-08-06T13:13:37Z,45.57158333,7.94128333,1461.00,59.121
9172,3,1315,6211.310749891655,2147.880933408011,2020-08-06T13:13:38Z,45.57148333,7.94126667,1467.00,59.113
9173,3,1316,6212.310749891655,2148.880933408011,2020-08-06T13:13:39Z,45.57140000,7.94125000,1472.00,59.105
9174,3,1317,6213.310749891655,2149.880933408011,2020-08-06T13:13:40Z,45.57131667,7.94121667,1466.00,59.097
9175,3,1318,6214.310749891655,2150.880933408011,2020-08-06T13:13:41Z,45.57123333,7.94120000,1473.00,59.09
9176,3,1319,6215.310749891655,2151.880933408011,2020-08-06T13:13:42Z,45.57115000,7.94118333,1477.00,59.082
9177,3,1320,6216.310749891655,2152.880933408011,2020-08-06T13:13:43Z,45.57106667,7.94116667,1485.00,59.075
9178,3,1321,6217.310749891655,2153.880933408011,2020-08-06T13:13:44Z,45.57100000,7.94116667,1487.00,59.069
9179,3,1322,6218.310749891655,2154.880933408011,2020-08-06T13:13:45Z,45.57095000,7.94116667,1491.00,59.066
9180,3,1323,6219.310749891655,2155.880933408011,2020-08-06T13:13:46Z,45.57090000,7.94116667,1485.00,59.062
9181,3,1324,6220.310749891655,2156.880933408011,2020-08-06T13:13:47Z,45.57086667,7.94120000,1499.00,59.061
9182,3,1325,6221.310749891655,2157.880933408011,2020-08-06T13:13:48Z,45.57081667,7.94128333,1490.00,59.062
9183,3,1326,6222.310749891655,2158.880933408011,2020-08-06T13:13:49Z,45.57078333,7.94140000,1489.00,59.066
9184,3,1327,6223.310749891655,2159.880933408011,2020-08-06T13:13:50Z,45.57076667,7.94155000,1499.00,59.073
9185,3,1328,6224.310749891655,2160.880933408011,2020-08-06T13:13:51Z,45.57080000,7.94170000,1508.00,59.084
9186,3,1329,6225.310749891655,2161.880933408011,2020-08-06T13:13:52Z,45.57086667,7.94181667,1503.00,59.095
9187,3,1330,6226.310749891655,2162.880933408011,2020-08-06T13:13:53Z,45.57096667,7.94191667,1501.00,59.109
9188,3,1331,6227.310749891655,2163.880933408011,2020-08-06T13:13:54Z,45.57105000,7.94200000,1500.00,59.12
9189,3,1332,6228.310749891655,2164.880933408011,2020-08-06T13:13:55Z,45.57115000,7.94208333,1502.00,59.132
9190,3,1333,6229.310749891655,2165.880933408011,2020-08-06T13:13:56Z,45.57125000,7.94215000,1504.00,59.144
9191,3,1334,6230.310749891655,2166.880933408011,2020-08-06T13:13:57Z,45.57136667,7.94218333,1501.00,59.155
9192,3,1335,6231.310749891655,2167.880933408011,2020-08-06T13:13:58Z,45.57150000,7.94218333,1510.00,59.165
9193,3,1336,6232.310749891655,2168.880933408011,2020-08-06T13:13:59Z,45.57163333,7.94215000,1501.00,59.173
9194,3,1337,6233.310749891655,2169.880933408011,2020-08-06T13:14:00Z,45.57175000,7.94210000,1504.00,59.18
9195,3,1338,6234.310749891655,2170.880933408011,2020-08-06T13:14:01Z,45.57185000,7.94201667,1511.00,59.183
9196,3,1339,6235.310749891655,2171.880933408011,2020-08-06T13:14:02Z,45.57195000,7.94191667,1503.00,59.185
9197,3,1340,6236.310749891655,2172.880933408011,2020-08-06T13:14:03Z,45.57201667,7.94181667,1516.00,59.185
9198,3,1341,6237.310749891655,2173.880933408011,2020-08-06T13:14:04Z,45.57206667,7.94168333,1502.00,59.181
9199,3,1342,6238.310749891655,2174.880933408011,2020-08-06T13:14:05Z,45.57208333,7.94155000,1517.00,59.175
9200,3,1343,6239.310749891655,2175.880933408011,2020-08-06T13:14:06Z,45.57208333,7.94143333,1521.00,59.169
9201,3,1344,6240.310749891655,2176.880933408011,2020-08-06T13:14:07Z,45.57206667,7.94131667,1522.00,59.161
9202,3,1345,6241.310749891655,2177.880933408011,2020-08-06T13:14:08Z,45.57201667,7.94123333,1521.00,59.152
9203,3,1346,6242.310749891655,2178.880933408011,2020-08-06T13:14:09Z,45.57196667,7.94115000,1528.00,59.144
9204,3,1347,6243.310749891655,2179.880933408011,2020-08-06T13:14:10Z,45.57188333,7.94110000,1529.00,59.135
9205,3,1348,6244.310749891655,2180.880933408011,2020-08-06T13:14:11Z,45.57181667,7.94108333,1531.00,59.128
9206,3,1349,6245.310749891655,2181.880933408011,2020-08-06T13:14:12Z,45.57173333,7.94111667,1534.00,59.124
9207,3,1350,6246.310749891655,2182.880933408011,2020-08-06T13:14:13Z,45.57166667,7.94120000,1541.00,59.123
9208,3,1351,6247.310749891655,2183.880933408011,2020-08-06T13:14:14Z,45.57161667,7.94131667,1540.00,59.126
9209,3,1352,6248.310749891655,2184.880933408011,2020-08-06T13:14:15Z,45.57160000,7.94143333,1539.00,59.131
9210,3,1353,6249.310749891655,2185.880933408011,2020-08-06T13:14:16Z,45.57160000,7.94155000,1553.00,59.138
9211,3,1354,6250.310749891655,2186.880933408011,2020-08-06T13:14:17Z,45.57165000,7.94166667,1552.00,59.148
9212,3,1355,6251.310749891655,2187.880933408011,2020-08-06T13:14:18Z,45.57170000,7.94178333,1551.00,59.158
9213,3,1356,6252.310749891655,2188.880933408011,2020-08-06T13:14:19Z,45.57178333,7.94190000,1550.00,59.171
9214,3,1357,6253.310749891655,2189.880933408011,2020-08-06T13:14:20Z,45.57190000,7.94200000,1547.00,59.186
9215,3,1358,6254.310749891655,2190.880933408011,2020-08-06T13:14:21Z,45.57203333,7.94206667,1558.00,59.2
9216,3,1359,6255.310749891655,2191.880933408011,2020-08-06T13:14:22Z,45.57216667,7.94205000,1552.00,59.209
9217,3,1360,6256.310749891655,2192.880933408011,2020-08-06T13:14:23Z,45.57228333,7.94200000,1559.00,59.216
9218,3,1361,6257.310749891655,2193.880933408011,2020-08-06T13:14:24Z,45.57238333,7.94191667,1550.00,59.219
9219,3,1362,6258.310749891655,2194.880933408011,2020-08-06T13:14:25Z,45.57245000,7.94180000,1550.00,59.218
9220,3,1363,6259.310749891655,2195.880933408011,2020-08-06T13:14:26Z,45.57250000,7.94166667,1552.00,59.214
9221,3,1364,6260.310749891655,2196.880933408011,2020-08-06T13:14:27Z,45.57251667,7.94153333,1558.00,59.208
9222,3,1365,6261.310749891655,2197.880933408011,2020-08-06T13:14:28Z,45.57248333,7.94141667,1556.00,59.199
9223,3,1366,6262.310749891655,2198.880933408011,2020-08-06T13:14:29Z,45.57243333,7.94131667,1570.00,59.19
9224,3,1367,6263.310749891655,2199.880933408011,2020-08-06T13:14:30Z,45.57236667,7.94125000,1561.00,59.181
9225,3,1368,6264.310749891655,2200.880933408011,2020-08-06T13:14:31Z,45.57230000,7.94118333,1568.00,59.172
9226,3,1369,6265.310749891655,2201.880933408011,2020-08-06T13:14:32Z,45.57225000,7.94115000,1570.00,59.166
9227,3,1370,6266.310749891655,2202.880933408011,2020-08-06T13:14:33Z,45.57220000,7.94111667,1571.00,59.16
9228,3,1371,6267.310749891655,2203.880933408011,2020-08-06T13:14:34Z,45.57213333,7.94105000,1576.00,59.151
9229,3,1372,6268.310749891655,2204.880933408011,2020-08-06T13:14:35Z,45.57208333,7.94098333,1575.00,59.144
9230,3,1373,6269.310749891655,2205.880933408011,2020-08-06T13:14:36Z,45.57201667,7.94091667,1579.00,59.135
9231,3,1374,6270.310749891655,2206.880933408011,2020-08-06T13:14:37Z,45.57195000,7.94086667,1593.00,59.127
9232,3,1375,6271.310749891655,2207.880933408011,2020-08-06T13:14:38Z,45.57188333,7.94083333,1588.00,59.12
9233,3,1376,6272.310749891655,2208.880933408011,2020-08-06T13:14:39Z,45.57181667,7.94081667,1591.00,59.114
9234,3,1377,6273.310749891655,2209.880933408011,2020-08-06T13:14:40Z,45.57173333,7.94081667,1593.00,59.107
9235,3,1378,6274.310749891655,2210.880933408011,2020-08-06T13:14:41Z,45.57165000,7.94090000,1591.00,59.105
9236,3,1379,6275.310749891655,2211.880933408011,2020-08-06T13:14:42Z,45.57158333,7.94101667,1588.00,59.107
9237,3,1380,6276.310749891655,2212.880933408011,2020-08-06T13:14:43Z,45.57156667,7.94120000,1600.00,59.115
9238,3,1381,6277.310749891655,2213.880933408011,2020-08-06T13:14:44Z,45.57158333,7.94138333,1600.00,59.127
9239,3,1382,6278.310749891655,2214.880933408011,2020-08-06T13:14:45Z,45.57166667,7.94153333,1598.00,59.142
9240,3,1383,6279.310749891655,2215.880933408011,2020-08-06T13:14:46Z,45.57178333,7.94165000,1595.00,59.157
9241,3,1384,6280.310749891655,2216.880933408011,2020-08-06T13:14:47Z,45.57191667,7.94170000,1595.00,59.171
9242,3,1385,6281.310749891655,2217.880933408011,2020-08-06T13:14:48Z,45.57203333,7.94166667,1606.00,59.178
9243,3,1386,6282.310749891655,2218.880933408011,2020-08-06T13:14:49Z,45.57211667,7.94158333,1606.00,59.18
9244,3,1387,6283.310749891655,2219.880933408011,2020-08-06T13:14:50Z,45.57216667,7.94148333,1604.00,59.178
9245,3,1388,6284.310749891655,2220.880933408011,2020-08-06T13:14:51Z,45.57220000,7.94136667,1602.00,59.174
9246,3,1389,6285.310749891655,2221.880933408011,2020-08-06T13:14:52Z,45.57221667,7.94125000,1607.00,59.169
9247,3,1390,6286.310749891655,2222.880933408011,2020-08-06T13:14:53Z,45.57220000,7.94111667,1605.00,59.16
9248,3,1391,6287.310749891655,2223.880933408011,2020-08-06T13:14:54Z,45.57215000,7.94100000,1609.00,59.15
9249,3,1392,6288.310749891655,2224.880933408011,2020-08-06T13:14:55Z,45.57210000,7.94090000,1615.00,59.14
9250,3,1393,6289.310749891655,2225.880933408011,2020-08-06T13:14:56Z,45.57203333,7.94080000,1613.00,59.13
9251,3,1394,6290.310749891655,2226.880933408011,2020-08-06T13:14:57Z,45.57200000,7.94071667,1620.00,59.122
9252,3,1395,6291.310749891655,2227.880933408011,2020-08-06T13:14:58Z,45.57198333,7.94063333,1619.00,59.117
9253,3,1396,6292.310749891655,2228.880933408011,2020-08-06T13:14:59Z,45.57196667,7.94055000,1621.00,59.111
9254,3,1397,6293.310749891655,2229.880933408011,2020-08-06T13:15:00Z,45.57195000,7.94045000,1625.00,59.104
9255,3,1398,6294.310749891655,2230.880933408011,2020-08-06T13:15:01Z,45.57191667,7.94035000,1624.00,59.096
9256,3,1399,6295.310749891655,2231.880933408011,2020-08-06T13:15:02Z,45.57186667,7.94023333,1623.00,59.085
9257,3,1400,6296.310749891655,2232.880933408011,2020-08-06T13:15:03Z,45.57183333,7.94011667,1624.00,59.076
9258,3,1401,6297.310749891655,2233.880933408011,2020-08-06T13:15:04Z,45.57178333,7.94000000,1629.00,59.066
9259,3,1402,6298.310749891655,2234.880933408011,2020-08-06T13:15:05Z,45.57175000,7.93991667,1634.00,59.059
9260,3,1403,6299.310749891655,2235.880933408011,2020-08-06T13:15:06Z,45.57171667,7.93983333,1633.00,59.051
9261,3,1404,6300.310749891655,2236.880933408011,2020-08-06T13:15:07Z,45.57166667,7.93975000,1636.00,59.043
9262,3,1405,6301.310749891655,2237.880933408011,2020-08-06T13:15:08Z,45.57163333,7.93965000,1639.00,59.035
9263,3,1406,6302.310749891655,2238.880933408011,2020-08-06T13:15:09Z,45.57160000,7.93955000,1634.00,59.027
9264,3,1407,6303.310749891655,2239.880933408011,2020-08-06T13:15:10Z,45.57156667,7.93945000,1638.00,59.018
9265,3,1408,6304.310749891655,2240.880933408011,2020-08-06T13:15:11Z,45.57153333,7.93933333,1620.00,59.009
9266,3,1409,6305.310749891655,2241.880933408011,2020-08-06T13:15:12Z,45.57148333,7.93923333,1641.00,59.0
9267,3,1410,6306.310749891655,2242.880933408011,2020-08-06T13:15:13Z,45.57145000,7.93913333,1648.00,58.992
9268,3,1411,6307.310749891655,2243.880933408011,2020-08-06T13:15:14Z,45.57141667,7.93905000,1642.00,58.985
9269,3,1412,6308.310749891655,2244.880933408011,2020-08-06T13:15:15Z,45.57138333,7.93895000,1642.00,58.976
9270,3,1413,6309.310749891655,2245.880933408011,2020-08-06T13:15:16Z,45.57133333,7.93886667,1643.00,58.968
9271,3,1414,6310.310749891655,2246.880933408011,2020-08-06T13:15:17Z,45.57128333,7.93876667,1644.00,58.958
9272,3,1415,6311.310749891655,2247.880933408011,2020-08-06T13:15:18Z,45.57123333,7.93868333,1634.00,58.95
9273,3,1416,6312.310749891655,2248.880933408011,2020-08-06T13:15:19Z,45.57116667,7.93860000,1624.00,58.94
9274,3,1417,6313.310749891655,2249.880933408011,2020-08-06T13:15:20Z,45.57111667,7.93851667,1636.00,58.932
9275,3,1418,6314.310749891655,2250.880933408011,2020-08-06T13:15:21Z,45.57106667,7.93841667,1628.00,58.922
9276,3,1419,6315.310749891655,2251.880933408011,2020-08-06T13:15:22Z,45.57101667,7.93831667,1627.00,58.913
9277,3,1420,6316.310749891655,2252.880933408011,2020-08-06T13:15:23Z,45.57095000,7.93818333,1633.00,58.9
9278,3,1421,6317.310749891655,2253.880933408011,2020-08-06T13:15:24Z,45.57090000,7.93805000,1630.00,58.889
9279,3,1422,6318.310749891655,2254.880933408011,2020-08-06T13:15:25Z,45.57085000,7.93793333,1625.00,58.878
9280,3,1423,6319.310749891655,2255.880933408011,2020-08-06T13:15:26Z,45.57080000,7.93780000,1627.00,58.867
9281,3,1424,6320.310749891655,2256.880933408011,2020-08-06T13:15:27Z,45.57075000,7.93766667,1625.00,58.856
9282,3,1425,6321.310749891655,2257.880933408011,2020-08-06T13:15:28Z,45.57070000,7.93753333,1625.00,58.845
9283,3,1426,6322.310749891655,2258.880933408011,2020-08-06T13:15:29Z,45.57063333,7.93740000,1624.00,58.832
9284,3,1427,6323.310749891655,2259.880933408011,2020-08-06T13:15:30Z,45.57056667,7.93726667,1621.00,58.819
9285,3,1428,6324.310749891655,2260.880933408011,2020-08-06T13:15:31Z,45.57050000,7.93710000,1617.00,58.805
9286,3,1429,6325.310749891655,2261.880933408011,2020-08-06T13:15:32Z,45.57043333,7.93693333,1627.00,58.791
9287,3,1430,6326.310749891655,2262.880933408011,2020-08-06T13:15:33Z,45.57036667,7.93676667,1615.00,58.776
9288,3,1431,6327.310749891655,2263.880933408011,2020-08-06T13:15:34Z,45.57031667,7.93660000,1632.00,58.763
9289,3,1432,6328.310749891655,2264.880933408011,2020-08-06T13:15:35Z,45.57028333,7.93646667,1631.00,58.753
9290,3,1433,6329.310749891655,2265.880933408011,2020-08-06T13:15:36Z,45.57026667,7.93633333,1627.00,58.744
9291,3,1434,6330.310749891655,2266.880933408011,2020-08-06T13:15:37Z,45.57023333,7.93620000,1629.00,58.734
9292,3,1435,6331.310749891655,2267.880933408011,2020-08-06T13:15:38Z,45.57020000,7.93608333,1627.00,58.725
9293,3,1436,6332.310749891655,2268.880933408011,2020-08-06T13:15:39Z,45.57016667,7.93595000,1627.00,58.715
9294,3,1437,6333.310749891655,2269.880933408011,2020-08-06T13:15:40Z,45.57013333,7.93580000,1611.00,58.704
9295,3,1438,6334.310749891655,2270.880933408011,2020-08-06T13:15:41Z,45.57010000,7.93566667,1622.00,58.694
9296,3,1439,6335.310749891655,2271.880933408011,2020-08-06T13:15:42Z,45.57006667,7.93551667,1625.00,58.683
9297,3,1440,6336.310749891655,2272.880933408011,2020-08-06T13:15:43Z,45.57001667,7.93535000,1621.00,58.67
9298,3,1441,6337.310749891655,2273.880933408011,2020-08-06T13:15:44Z,45.56998333,7.93520000,1618.00,58.659
9299,3,1442,6338.310749891655,2274.880933408011,2020-08-06T13:15:45Z,45.56993333,7.93505000,1619.00,58.647
9300,3,1443,6339.310749891655,2275.880933408011,2020-08-06T13:15:46Z,45.56988333,7.93490000,1622.00,58.635
9301,3,1444,6340.310749891655,2276.880933408011,2020-08-06T13:15:47Z,45.56983333,7.93476667,1617.00,58.624
9302,3,1445,6341.310749891655,2277.880933408011,2020-08-06T13:15:48Z,45.56980000,7.93461667,1614.00,58.613
9303,3,1446,6342.310749891655,2278.880933408011,2020-08-06T13:15:49Z,45.56975000,7.93446667,1616.00,58.601
9304,3,1447,6343.310749891655,2279.880933408011,2020-08-06T13:15:50Z,45.56971667,7.93433333,1610.00,58.591
9305,3,1448,6344.310749891655,2280.880933408011,2020-08-06T13:15:51Z,45.56968333,7.93418333,1609.00,58.58
9306,3,1449,6345.310749891655,2281.880933408011,2020-08-06T13:15:52Z,45.56965000,7.93405000,1613.00,58.57
9307,3,1450,6346.310749891655,2282.880933408011,2020-08-06T13:15:53Z,45.56961667,7.93391667,1613.00,58.56
9308,3,1451,6347.310749891655,2283.880933408011,2020-08-06T13:15:54Z,45.56960000,7.93378333,1606.00,58.551
9309,3,1452,6348.310749891655,2284.880933408011,2020-08-06T13:15:55Z,45.56956667,7.93365000,1603.00,58.541
9310,3,1453,6349.310749891655,2285.880933408011,2020-08-06T13:15:56Z,45.56953333,7.93350000,1596.00,58.53
9311,3,1454,6350.310749891655,2286.880933408011,2020-08-06T13:15:57Z,45.56950000,7.93335000,1594.00,58.519
9312,3,1455,6351.310749891655,2287.880933408011,2020-08-06T13:15:58Z,45.56946667,7.93321667,1601.00,58.51
9313,3,1456,6352.310749891655,2288.880933408011,2020-08-06T13:15:59Z,45.56941667,7.93308333,1597.00,58.498
9314,3,1457,6353.310749891655,2289.880933408011,2020-08-06T13:16:00Z,45.56936667,7.93296667,1592.00,58.488
9315,3,1458,6354.310749891655,2290.880933408011,2020-08-06T13:16:01Z,45.56931667,7.93285000,1596.00,58.478
9316,3,1459,6355.310749891655,2291.880933408011,2020-08-06T13:16:02Z,45.56928333,7.93271667,1583.00,58.468
9317,3,1460,6356.310749891655,2292.880933408011,2020-08-06T13:16:03Z,45.56923333,7.93256667,1581.00,58.455
9318,3,1461,6357.310749891655,2293.880933408011,2020-08-06T13:16:04Z,45.56920000,7.93238333,1585.00,58.443
9319,3,1462,6358.310749891655,2294.880933408011,2020-08-06T13:16:05Z,45.56916667,7.93221667,1589.00,58.431
9320,3,1463,6359.310749891655,2295.880933408011,2020-08-06T13:16:06Z,45.56913333,7.93206667,1588.00,58.42
9321,3,1464,6360.310749891655,2296.880933408011,2020-08-06T13:16:07Z,45.56910000,7.93191667,1595.00,58.409
9322,3,1465,6361.310749891655,2297.880933408011,2020-08-06T13:16:08Z,45.56906667,7.93178333,1586.00,58.399
9323,3,1466,6362.310749891655,2298.880933408011,2020-08-06T13:16:09Z,45.56903333,7.93165000,1569.00,58.389
9324,3,1467,6363.310749891655,2299.880933408011,2020-08-06T13:16:10Z,45.56901667,7.93151667,1585.00,58.38
9325,3,1468,6364.310749891655,2300.880933408011,2020-08-06T13:16:11Z,45.56898333,7.93138333,1592.00,58.371
9326,3,1469,6365.310749891655,2301.880933408011,2020-08-06T13:16:12Z,45.56895000,7.93125000,1589.00,58.361
9327,3,1470,6366.310749891655,2302.880933408011,2020-08-06T13:16:13Z,45.56891667,7.93111667,1599.00,58.351
9328,3,1471,6367.310749891655,2303.880933408011,2020-08-06T13:16:14Z,45.56888333,7.93098333,1597.00,58.341
9329,3,1472,6368.310749891655,2304.880933408011,2020-08-06T13:16:15Z,45.56885000,7.93086667,1607.00,58.332
9330,3,1473,6369.310749891655,2305.880933408011,2020-08-06T13:16:16Z,45.56881667,7.93075000,1609.00,58.323
9331,3,1474,6370.310749891655,2306.880933408011,2020-08-06T13:16:17Z,45.56878333,7.93065000,1603.00,58.314
9332,3,1475,6371.310749891655,2307.880933408011,2020-08-06T13:16:18Z,45.56873333,7.93056667,1614.00,58.306
9333,3,1476,6372.310749891655,2308.880933408011,2020-08-06T13:16:19Z,45.56865000,7.93048333,1600.00,58.295
9334,3,1477,6373.310749891655,2309.880933408011,2020-08-06T13:16:20Z,45.56856667,7.93043333,1600.00,58.285
9335,3,1478,6374.310749891655,2310.880933408011,2020-08-06T13:16:21Z,45.56846667,7.93040000,1608.00,58.276
9336,3,1479,6375.310749891655,2311.880933408011,2020-08-06T13:16:22Z,45.56836667,7.93041667,1610.00,58.269
9337,3,1480,6376.310749891655,2312.880933408011,2020-08-06T13:16:23Z,45.56830000,7.93048333,1615.00,58.267
9338,3,1481,6377.310749891655,2313.880933408011,2020-08-06T13:16:24Z,45.56821667,7.93056667,1609.00,58.265
9339,3,1482,6378.310749891655,2314.880933408011,2020-08-06T13:16:25Z,45.56815000,7.93068333,1608.00,58.266
9340,3,1483,6379.310749891655,2315.880933408011,2020-08-06T13:16:26Z,45.56808333,7.93078333,1613.00,58.267
9341,3,1484,6380.310749891655,2316.880933408011,2020-08-06T13:16:27Z,45.56801667,7.93090000,1607.00,58.268
9342,3,1485,6381.310749891655,2317.880933408011,2020-08-06T13:16:28Z,45.56798333,7.93101667,1616.00,58.272
9343,3,1486,6382.310749891655,2318.880933408011,2020-08-06T13:16:29Z,45.56800000,7.93115000,1605.00,58.28
9344,3,1487,6383.310749891655,2319.880933408011,2020-08-06T13:16:30Z,45.56803333,7.93128333,1608.00,58.29
9345,3,1488,6384.310749891655,2320.880933408011,2020-08-06T13:16:31Z,45.56808333,7.93140000,1607.00,58.301
9346,3,1489,6385.310749891655,2321.880933408011,2020-08-06T13:16:32Z,45.56816667,7.93150000,1609.00,58.313
9347,3,1490,6386.310749891655,2322.880933408011,2020-08-06T13:16:33Z,45.56823333,7.93156667,1610.00,58.322
9348,3,1491,6387.310749891655,2323.880933408011,2020-08-06T13:16:34Z,45.56831667,7.93163333,1605.00,58.332
9349,3,1492,6388.310749891655,2324.880933408011,2020-08-06T13:16:35Z,45.56841667,7.93166667,1609.00,58.342
9350,3,1493,6389.310749891655,2325.880933408011,2020-08-06T13:16:36Z,45.56851667,7.93170000,1610.00,58.351
9351,3,1494,6390.310749891655,2326.880933408011,2020-08-06T13:16:37Z,45.56861667,7.93171667,1610.00,58.36
9352,3,1495,6391.310749891655,2327.880933408011,2020-08-06T13:16:38Z,45.56871667,7.93170000,1611.00,58.367
9353,3,1496,6392.310749891655,2328.880933408011,2020-08-06T13:16:39Z,45.56881667,7.93166667,1613.00,58.373
9354,3,1497,6393.310749891655,2329.880933408011,2020-08-06T13:16:40Z,45.56890000,7.93161667,1613.00,58.377
9355,3,1498,6394.310749891655,2330.880933408011,2020-08-06T13:16:41Z,45.56900000,7.93155000,1607.00,58.381
9356,3,1499,6395.310749891655,2331.880933408011,2020-08-06T13:16:42Z,45.56908333,7.93148333,1607.00,58.384
9357,3,1500,6396.310749891655,2332.880933408011,2020-08-06T13:16:43Z,45.56916667,7.93138333,1614.00,58.385
9358,3,1501,6397.310749891655,2333.880933408011,2020-08-06T13:16:44Z,45.56923333,7.93126667,1605.00,58.384
9359,3,1502,6398.310749891655,2334.880933408011,2020-08-06T13:16:45Z,45.56928333,7.93113333,1608.00,58.38
9360,3,1503,6399.310749891655,2335.880933408011,2020-08-06T13:16:46Z,45.56930000,7.93098333,1612.00,58.373
9361,3,1504,6400.310749891655,2336.880933408011,2020-08-06T13:16:47Z,45.56931667,7.93083333,1608.00,58.366
9362,3,1505,6401.310749891655,2337.880933408011,2020-08-06T13:16:48Z,45.56933333,7.93068333,1611.00,58.36
9363,3,1506,6402.310749891655,2338.880933408011,2020-08-06T13:16:49Z,45.56933333,7.93053333,1604.00,58.351
9364,3,1507,6403.310749891655,2339.880933408011,2020-08-06T13:16:50Z,45.56933333,7.93038333,1620.00,58.343
9365,3,1508,6404.310749891655,2340.880933408011,2020-08-06T13:16:51Z,45.56935000,7.93023333,1621.00,58.336
9366,3,1509,6405.310749891655,2341.880933408011,2020-08-06T13:16:52Z,45.56935000,7.93010000,1624.00,58.329
9367,3,1510,6406.310749891655,2342.880933408011,2020-08-06T13:16:53Z,45.56936667,7.92998333,1623.00,58.324
9368,3,1511,6407.310749891655,2343.880933408011,2020-08-06T13:16:54Z,45.56938333,7.92985000,1631.00,58.318
9369,3,1512,6408.310749891655,2344.880933408011,2020-08-06T13:16:55Z,45.56938333,7.92973333,1627.00,58.311
9370,3,1513,6409.310749891655,2345.880933408011,2020-08-06T13:16:56Z,45.56936667,7.92960000,1627.00,58.303
9371,3,1514,6410.310749891655,2346.880933408011,2020-08-06T13:16:57Z,45.56931667,7.92948333,1630.00,58.292
9372,3,1515,6411.310749891655,2347.880933408011,2020-08-06T13:16:58Z,45.56923333,7.92941667,1631.00,58.282
9373,3,1516,6412.310749891655,2348.880933408011,2020-08-06T13:16:59Z,45.56913333,7.92933333,1624.00,58.27
9374,3,1517,6413.310749891655,2349.880933408011,2020-08-06T13:17:00Z,45.56905000,7.92928333,1624.00,58.26
9375,3,1518,6414.310749891655,2350.880933408011,2020-08-06T13:17:01Z,45.56896667,7.92923333,1627.00,58.251
9376,3,1519,6415.310749891655,2351.880933408011,2020-08-06T13:17:02Z,45.56888333,7.92920000,1628.00,58.243
9377,3,1520,6416.310749891655,2352.880933408011,2020-08-06T13:17:03Z,45.56880000,7.92918333,1632.00,58.235
9378,3,1521,6417.310749891655,2353.880933408011,2020-08-06T13:17:04Z,45.56870000,7.92913333,1616.00,58.225
9379,3,1522,6418.310749891655,2354.880933408011,2020-08-06T13:17:05Z,45.56860000,7.92906667,1616.00,58.213
9380,3,1523,6419.310749891655,2355.880933408011,2020-08-06T13:17:06Z,45.56848333,7.92893333,1614.00,58.196
9381,3,1524,6420.310749891655,2356.880933408011,2020-08-06T13:17:07Z,45.56838333,7.92878333,1617.00,58.18
9382,3,1525,6421.310749891655,2357.880933408011,2020-08-06T13:17:08Z,45.56830000,7.92861667,1622.00,58.165
9383,3,1526,6422.310749891655,2358.880933408011,2020-08-06T13:17:09Z,45.56825000,7.92848333,1625.00,58.153
9384,3,1527,6423.310749891655,2359.880933408011,2020-08-06T13:17:10Z,45.56820000,7.92838333,1628.00,58.144
9385,3,1528,6424.310749891655,2360.880933408011,2020-08-06T13:17:11Z,45.56815000,7.92830000,1623.00,58.135
9386,3,1529,6425.310749891655,2361.880933408011,2020-08-06T13:17:12Z,45.56810000,7.92821667,1617.00,58.127
9387,3,1530,6426.310749891655,2362.880933408011,2020-08-06T13:17:13Z,45.56803333,7.92813333,1630.00,58.117
9388,3,1531,6427.310749891655,2363.880933408011,2020-08-06T13:17:14Z,45.56796667,7.92803333,1635.00,58.106
9389,3,1532,6428.310749891655,2364.880933408011,2020-08-06T13:17:15Z,45.56791667,7.92793333,1629.00,58.097
9390,3,1533,6429.310749891655,2365.880933408011,2020-08-06T13:17:16Z,45.56785000,7.92781667,1604.00,58.085
9391,3,1534,6430.310749891655,2366.880933408011,2020-08-06T13:17:17Z,45.56778333,7.92771667,1616.00,58.074
9392,3,1535,6431.310749891655,2367.880933408011,2020-08-06T13:17:18Z,45.56771667,7.92758333,1608.00,58.062
9393,3,1536,6432.310749891655,2368.880933408011,2020-08-06T13:17:19Z,45.56765000,7.92745000,1607.00,58.049
9394,3,1537,6433.310749891655,2369.880933408011,2020-08-06T13:17:20Z,45.56756667,7.92731667,1607.00,58.035
9395,3,1538,6434.310749891655,2370.880933408011,2020-08-06T13:17:21Z,45.56751667,7.92718333,1606.00,58.024
9396,3,1539,6435.310749891655,2371.880933408011,2020-08-06T13:17:22Z,45.56746667,7.92708333,1605.00,58.015
9397,3,1540,6436.310749891655,2372.880933408011,2020-08-06T13:17:23Z,45.56741667,7.92698333,1599.00,58.005
9398,3,1541,6437.310749891655,2373.880933408011,2020-08-06T13:17:24Z,45.56738333,7.92688333,1600.00,57.997
9399,3,1542,6438.310749891655,2374.880933408011,2020-08-06T13:17:25Z,45.56733333,7.92676667,1589.00,57.987
9400,3,1543,6439.310749891655,2375.880933408011,2020-08-06T13:17:26Z,45.56728333,7.92665000,1591.00,57.977
9401,3,1544,6440.310749891655,2376.880933408011,2020-08-06T13:17:27Z,45.56723333,7.92651667,1590.00,57.965
9402,3,1545,6441.310749891655,2377.880933408011,2020-08-06T13:17:28Z,45.56716667,7.92636667,1587.00,57.952
9403,3,1546,6442.310749891655,2378.880933408011,2020-08-06T13:17:29Z,45.56711667,7.92623333,1590.00,57.941
9404,3,1547,6443.310749891655,2379.880933408011,2020-08-06T13:17:30Z,45.56708333,7.92613333,1586.00,57.932
9405,3,1548,6444.310749891655,2380.880933408011,2020-08-06T13:17:31Z,45.56703333,7.92603333,1585.00,57.923
9406,3,1549,6445.310749891655,2381.880933408011,2020-08-06T13:17:32Z,45.56698333,7.92591667,1582.00,57.913
9407,3,1550,6446.310749891655,2382.880933408011,2020-08-06T13:17:33Z,45.56691667,7.92580000,1574.00,57.901
9408,3,1551,6447.310749891655,2383.880933408011,2020-08-06T13:17:34Z,45.56685000,7.92566667,1575.00,57.888
9409,3,1552,6448.310749891655,2384.880933408011,2020-08-06T13:17:35Z,45.56676667,7.92553333,1576.00,57.874
9410,3,1553,6449.310749891655,2385.880933408011,2020-08-06T13:17:36Z,45.56670000,7.92538333,1575.00,57.861
9411,3,1554,6450.310749891655,2386.880933408011,2020-08-06T13:17:37Z,45.56661667,7.92523333,1570.00,57.846
9412,3,1555,6451.310749891655,2387.880933408011,2020-08-06T13:17:38Z,45.56655000,7.92510000,1574.00,57.834
9413,3,1556,6452.310749891655,2388.880933408011,2020-08-06T13:17:39Z,45.56648333,7.92496667,1572.00,57.821
9414,3,1557,6453.310749891655,2389.880933408011,2020-08-06T13:17:40Z,45.56641667,7.92485000,1571.00,57.809
9415,3,1558,6454.310749891655,2390.880933408011,2020-08-06T13:17:41Z,45.56636667,7.92471667,1573.00,57.798
9416,3,1559,6455.310749891655,2391.880933408011,2020-08-06T13:17:42Z,45.56630000,7.92458333,1571.00,57.786
9417,3,1560,6456.310749891655,2392.880933408011,2020-08-06T13:17:43Z,45.56623333,7.92443333,1570.00,57.772
9418,3,1561,6457.310749891655,2393.880933408011,2020-08-06T13:17:44Z,45.56616667,7.92426667,1565.00,57.758
9419,3,1562,6458.310749891655,2394.880933408011,2020-08-06T13:17:45Z,45.56611667,7.92411667,1571.00,57.746
9420,3,1563,6459.310749891655,2395.880933408011,2020-08-06T13:17:46Z,45.56606667,7.92396667,1567.00,57.733
9421,3,1564,6460.310749891655,2396.880933408011,2020-08-06T13:17:47Z,45.56601667,7.92383333,1571.00,57.722
9422,3,1565,6461.310749891655,2397.880933408011,2020-08-06T13:17:48Z,45.56596667,7.92368333,1570.00,57.71
9423,3,1566,6462.310749891655,2398.880933408011,2020-08-06T13:17:49Z,45.56591667,7.92355000,1569.00,57.699
9424,3,1567,6463.310749891655,2399.880933408011,2020-08-06T13:17:50Z,45.56588333,7.92340000,1566.00,57.688
9425,3,1568,6464.310749891655,2400.880933408011,2020-08-06T13:17:51Z,45.56583333,7.92325000,1565.00,57.676
9426,3,1569,6465.310749891655,2401.880933408011,2020-08-06T13:17:52Z,45.56578333,7.92308333,1566.00,57.663
9427,3,1570,6466.310749891655,2402.880933408011,2020-08-06T13:17:53Z,45.56573333,7.92291667,1563.00,57.65
9428,3,1571,6467.310749891655,2403.880933408011,2020-08-06T13:17:54Z,45.56568333,7.92275000,1561.00,57.636
9429,3,1572,6468.310749891655,2404.880933408011,2020-08-06T13:17:55Z,45.56563333,7.92258333,1567.00,57.623
9430,3,1573,6469.310749891655,2405.880933408011,2020-08-06T13:17:56Z,45.56558333,7.92243333,1569.00,57.611
9431,3,1574,6470.310749891655,2406.880933408011,2020-08-06T13:17:57Z,45.56555000,7.92228333,1566.00,57.6
9432,3,1575,6471.310749891655,2407.880933408011,2020-08-06T13:17:58Z,45.56550000,7.92213333,1566.00,57.588
9433,3,1576,6472.310749891655,2408.880933408011,2020-08-06T13:17:59Z,45.56546667,7.92198333,1565.00,57.577
9434,3,1577,6473.310749891655,2409.880933408011,2020-08-06T13:18:00Z,45.56543333,7.92185000,1566.00,57.567
9435,3,1578,6474.310749891655,2410.880933408011,2020-08-06T13:18:01Z,45.56541667,7.92171667,1566.00,57.559
9436,3,1579,6475.310749891655,2411.880933408011,2020-08-06T13:18:02Z,45.56538333,7.92158333,1565.00,57.549
9437,3,1580,6476.310749891655,2412.880933408011,2020-08-06T13:18:03Z,45.56535000,7.92146667,1568.00,57.54
9438,3,1581,6477.310749891655,2413.880933408011,2020-08-06T13:18:04Z,45.56531667,7.92133333,1565.00,57.53
9439,3,1582,6478.310749891655,2414.880933408011,2020-08-06T13:18:05Z,45.56526667,7.92120000,1563.00,57.519
9440,3,1583,6479.310749891655,2415.880933408011,2020-08-06T13:18:06Z,45.56523333,7.92105000,1564.00,57.508
9441,3,1584,6480.310749891655,2416.880933408011,2020-08-06T13:18:07Z,45.56518333,7.92091667,1563.00,57.497
9442,3,1585,6481.310749891655,2417.880933408011,2020-08-06T13:18:08Z,45.56515000,7.92080000,1564.00,57.488
9443,3,1586,6482.310749891655,2418.880933408011,2020-08-06T13:18:09Z,45.56511667,7.92066667,1564.00,57.478
9444,3,1587,6483.310749891655,2419.880933408011,2020-08-06T13:18:10Z,45.56508333,7.92055000,1564.00,57.469
9445,3,1588,6484.310749891655,2420.880933408011,2020-08-06T13:18:11Z,45.56503333,7.92040000,1566.00,57.456
9446,3,1589,6485.310749891655,2421.880933408011,2020-08-06T13:18:12Z,45.56500000,7.92026667,1565.00,57.447
9447,3,1590,6486.310749891655,2422.880933408011,2020-08-06T13:18:13Z,45.56495000,7.92013333,1566.00,57.435
9448,3,1591,6487.310749891655,2423.880933408011,2020-08-06T13:18:14Z,45.56491667,7.92000000,1567.00,57.425
9449,3,1592,6488.310749891655,2424.880933408011,2020-08-06T13:18:15Z,45.56488333,7.91986667,1566.00,57.415
9450,3,1593,6489.310749891655,2425.880933408011,2020-08-06T13:18:16Z,45.56485000,7.91975000,1566.00,57.406
9451,3,1594,6490.310749891655,2426.880933408011,2020-08-06T13:18:17Z,45.56483333,7.91960000,1564.00,57.397
9452,3,1595,6491.310749891655,2427.880933408011,2020-08-06T13:18:18Z,45.56480000,7.91945000,1563.00,57.386
9453,3,1596,6492.310749891655,2428.880933408011,2020-08-06T13:18:19Z,45.56476667,7.91930000,1561.00,57.375
9454,3,1597,6493.310749891655,2429.880933408011,2020-08-06T13:18:20Z,45.56473333,7.91913333,1558.00,57.364
9455,3,1598,6494.310749891655,2430.880933408011,2020-08-06T13:18:21Z,45.56471667,7.91898333,1558.00,57.354
9456,3,1599,6495.310749891655,2431.880933408011,2020-08-06T13:18:22Z,45.56468333,7.91880000,1560.00,57.341
9457,3,1600,6496.310749891655,2432.880933408011,2020-08-06T13:18:23Z,45.56465000,7.91865000,1560.00,57.331
9458,3,1601,6497.310749891655,2433.880933408011,2020-08-06T13:18:24Z,45.56463333,7.91850000,1559.00,57.321
9459,3,1602,6498.310749891655,2434.880933408011,2020-08-06T13:18:25Z,45.56460000,7.91835000,1555.00,57.31
9460,3,1603,6499.310749891655,2435.880933408011,2020-08-06T13:18:26Z,45.56458333,7.91820000,1556.00,57.301
9461,3,1604,6500.310749891655,2436.880933408011,2020-08-06T13:18:27Z,45.56456667,7.91805000,1553.00,57.291
9462,3,1605,6501.310749891655,2437.880933408011,2020-08-06T13:18:28Z,45.56453333,7.91788333,1551.00,57.28
9463,3,1606,6502.310749891655,2438.880933408011,2020-08-06T13:18:29Z,45.56450000,7.91775000,1550.00,57.27
9464,3,1607,6503.310749891655,2439.880933408011,2020-08-06T13:18:30Z,45.56445000,7.91760000,1548.00,57.257
9465,3,1608,6504.310749891655,2440.880933408011,2020-08-06T13:18:31Z,45.56440000,7.91745000,1546.00,57.245
9466,3,1609,6505.310749891655,2441.880933408011,2020-08-06T13:18:32Z,45.56436667,7.91728333,1543.00,57.234
9467,3,1610,6506.310749891655,2442.880933408011,2020-08-06T13:18:33Z,45.56433333,7.91713333,1543.00,57.223
9468,3,1611,6507.310749891655,2443.880933408011,2020-08-06T13:18:34Z,45.56430000,7.91696667,1541.00,57.211
9469,3,1612,6508.310749891655,2444.880933408011,2020-08-06T13:18:35Z,45.56425000,7.91680000,1539.00,57.198
9470,3,1613,6509.310749891655,2445.880933408011,2020-08-06T13:18:36Z,45.56421667,7.91665000,1537.00,57.187
9471,3,1614,6510.310749891655,2446.880933408011,2020-08-06T13:18:37Z,45.56416667,7.91650000,1535.00,57.175
9472,3,1615,6511.310749891655,2447.880933408011,2020-08-06T13:18:38Z,45.56411667,7.91635000,1533.00,57.163
9473,3,1616,6512.310749891655,2448.880933408011,2020-08-06T13:18:39Z,45.56408333,7.91620000,1531.00,57.152
9474,3,1617,6513.310749891655,2449.880933408011,2020-08-06T13:18:40Z,45.56405000,7.91603333,1530.00,57.14
9475,3,1618,6514.310749891655,2450.880933408011,2020-08-06T13:18:41Z,45.56400000,7.91588333,1527.00,57.128
9476,3,1619,6515.310749891655,2451.880933408011,2020-08-06T13:18:42Z,45.56393333,7.91571667,1527.00,57.114
9477,3,1620,6516.310749891655,2452.880933408011,2020-08-06T13:18:43Z,45.56386667,7.91556667,1525.00,57.1
9478,3,1621,6517.310749891655,2453.880933408011,2020-08-06T13:18:44Z,45.56380000,7.91541667,1526.00,57.087
9479,3,1622,6518.310749891655,2454.880933408011,2020-08-06T13:18:45Z,45.56375000,7.91526667,1525.00,57.075
9480,3,1623,6519.310749891655,2455.880933408011,2020-08-06T13:18:46Z,45.56370000,7.91511667,1524.00,57.063
9481,3,1624,6520.310749891655,2456.880933408011,2020-08-06T13:18:47Z,45.56365000,7.91498333,1524.00,57.052
9482,3,1625,6521.310749891655,2457.880933408011,2020-08-06T13:18:48Z,45.56360000,7.91485000,1523.00,57.04
9483,3,1626,6522.310749891655,2458.880933408011,2020-08-06T13:18:49Z,45.56355000,7.91470000,1522.00,57.028
9484,3,1627,6523.310749891655,2459.880933408011,2020-08-06T13:18:50Z,45.56350000,7.91455000,1520.00,57.016
9485,3,1628,6524.310749891655,2460.880933408011,2020-08-06T13:18:51Z,45.56345000,7.91440000,1521.00,57.004
9486,3,1629,6525.310749891655,2461.880933408011,2020-08-06T13:18:52Z,45.56341667,7.91425000,1521.00,56.993
9487,3,1630,6526.310749891655,2462.880933408011,2020-08-06T13:18:53Z,45.56336667,7.91408333,1499.00,56.98
9488,3,1631,6527.310749891655,2463.880933408011,2020-08-06T13:18:54Z,45.56333333,7.91395000,1515.00,56.97
9489,3,1632,6528.310749891655,2464.880933408011,2020-08-06T13:18:55Z,45.56328333,7.91380000,1512.00,56.958
9490,3,1633,6529.310749891655,2465.880933408011,2020-08-06T13:18:56Z,45.56325000,7.91365000,1520.00,56.947
9491,3,1634,6530.310749891655,2466.880933408011,2020-08-06T13:18:57Z,45.56320000,7.91350000,1514.00,56.935
9492,3,1635,6531.310749891655,2467.880933408011,2020-08-06T13:18:58Z,45.56315000,7.91335000,1515.00,56.923
9493,3,1636,6532.310749891655,2468.880933408011,2020-08-06T13:18:59Z,45.56310000,7.91320000,1508.00,56.911
9494,3,1637,6533.310749891655,2469.880933408011,2020-08-06T13:19:00Z,45.56303333,7.91305000,1505.00,56.897
9495,3,1638,6534.310749891655,2470.880933408011,2020-08-06T13:19:01Z,45.56296667,7.91293333,1513.00,56.886
9496,3,1639,6535.310749891655,2471.880933408011,2020-08-06T13:19:02Z,45.56288333,7.91283333,1506.00,56.874
9497,3,1640,6536.310749891655,2472.880933408011,2020-08-06T13:19:03Z,45.56278333,7.91273333,1504.00,56.86
9498,3,1641,6537.310749891655,2473.880933408011,2020-08-06T13:19:04Z,45.56270000,7.91265000,1499.00,56.849
9499,3,1642,6538.310749891655,2474.880933408011,2020-08-06T13:19:05Z,45.56260000,7.91255000,1499.00,56.836
9500,3,1643,6539.310749891655,2475.880933408011,2020-08-06T13:19:06Z,45.56250000,7.91246667,1506.00,56.823
9501,3,1644,6540.310749891655,2476.880933408011,2020-08-06T13:19:07Z,45.56240000,7.91238333,1502.00,56.811
9502,3,1645,6541.310749891655,2477.880933408011,2020-08-06T13:19:08Z,45.56230000,7.91230000,1501.00,56.798
9503,3,1646,6542.310749891655,2478.880933408011,2020-08-06T13:19:09Z,45.56220000,7.91221667,1499.00,56.786
9504,3,1647,6543.310749891655,2479.880933408011,2020-08-06T13:19:10Z,45.56211667,7.91211667,1504.00,56.774
9505,3,1648,6544.310749891655,2480.880933408011,2020-08-06T13:19:11Z,45.56205000,7.91201667,1505.00,56.763
9506,3,1649,6545.310749891655,2481.880933408011,2020-08-06T13:19:12Z,45.56196667,7.91193333,1506.00,56.752
9507,3,1650,6546.310749891655,2482.880933408011,2020-08-06T13:19:13Z,45.56188333,7.91185000,1503.00,56.741
9508,3,1651,6547.310749891655,2483.880933408011,2020-08-06T13:19:14Z,45.56180000,7.91178333,1507.00,56.73
9509,3,1652,6548.310749891655,2484.880933408011,2020-08-06T13:19:15Z,45.56173333,7.91171667,1501.00,56.721
9510,3,1653,6549.310749891655,2485.880933408011,2020-08-06T13:19:16Z,45.56168333,7.91163333,1507.00,56.713
9511,3,1654,6550.310749891655,2486.880933408011,2020-08-06T13:19:17Z,45.56161667,7.91155000,1498.00,56.703
9512,3,1655,6551.310749891655,2487.880933408011,2020-08-06T13:19:18Z,45.56155000,7.91148333,1504.00,56.694
9513,3,1656,6552.310749891655,2488.880933408011,2020-08-06T13:19:19Z,45.56146667,7.91140000,1498.00,56.683
9514,3,1657,6553.310749891655,2489.880933408011,2020-08-06T13:19:20Z,45.56138333,7.91133333,1500.00,56.673
9515,3,1658,6554.310749891655,2490.880933408011,2020-08-06T13:19:21Z,45.56130000,7.91125000,1500.00,56.662
9516,3,1659,6555.310749891655,2491.880933408011,2020-08-06T13:19:22Z,45.56123333,7.91116667,1504.00,56.652
9517,3,1660,6556.310749891655,2492.880933408011,2020-08-06T13:19:23Z,45.56116667,7.91110000,1503.00,56.643
9518,3,1661,6557.310749891655,2493.880933408011,2020-08-06T13:19:24Z,45.56111667,7.91101667,1503.00,56.634
9519,3,1662,6558.310749891655,2494.880933408011,2020-08-06T13:19:25Z,45.56105000,7.91095000,1513.00,56.625
9520,3,1663,6559.310749891655,2495.880933408011,2020-08-06T13:19:26Z,45.56098333,7.91088333,1508.00,56.616
9521,3,1664,6560.310749891655,2496.880933408011,2020-08-06T13:19:27Z,45.56091667,7.91081667,1508.00,56.607
9522,3,1665,6561.310749891655,2497.880933408011,2020-08-06T13:19:28Z,45.56083333,7.91075000,1510.00,56.597
9523,3,1666,6562.310749891655,2498.880933408011,2020-08-06T13:19:29Z,45.56076667,7.91068333,1511.00,56.588
9524,3,1667,6563.310749891655,2499.880933408011,2020-08-06T13:19:30Z,45.56070000,7.91061667,1510.00,56.579
9525,3,1668,6564.310749891655,2500.880933408011,2020-08-06T13:19:31Z,45.56063333,7.91055000,1499.00,56.57
9526,3,1669,6565.310749891655,2501.880933408011,2020-08-06T13:19:32Z,45.56056667,7.91048333,1508.00,56.561
9527,3,1670,6566.310749891655,2502.880933408011,2020-08-06T13:19:33Z,45.56050000,7.91040000,1499.00,56.552
9528,3,1671,6567.310749891655,2503.880933408011,2020-08-06T13:19:34Z,45.56043333,7.91031667,1505.00,56.542
9529,3,1672,6568.310749891655,2504.880933408011,2020-08-06T13:19:35Z,45.56036667,7.91025000,1506.00,56.533
9530,3,1673,6569.310749891655,2505.880933408011,2020-08-06T13:19:36Z,45.56030000,7.91018333,1499.00,56.524
9531,3,1674,6570.310749891655,2506.880933408011,2020-08-06T13:19:37Z,45.56023333,7.91010000,1501.00,56.514
9532,3,1675,6571.310749891655,2507.880933408011,2020-08-06T13:19:38Z,45.56016667,7.91003333,1501.00,56.505
9533,3,1676,6572.310749891655,2508.880933408011,2020-08-06T13:19:39Z,45.56010000,7.90998333,1503.00,56.497
9534,3,1677,6573.310749891655,2509.880933408011,2020-08-06T13:19:40Z,45.56003333,7.90993333,1496.00,56.489
9535,3,1678,6574.310749891655,2510.880933408011,2020-08-06T13:19:41Z,45.55995000,7.90986667,1494.00,56.479
9536,3,1679,6575.310749891655,2511.880933408011,2020-08-06T13:19:42Z,45.55985000,7.90981667,1491.00,56.468
9537,3,1680,6576.310749891655,2512.880933408011,2020-08-06T13:19:43Z,45.55976667,7.90975000,1491.00,56.458
9538,3,1681,6577.310749891655,2513.880933408011,2020-08-06T13:19:44Z,45.55968333,7.90968333,1494.00,56.448
9539,3,1682,6578.310749891655,2514.880933408011,2020-08-06T13:19:45Z,45.55960000,7.90961667,1497.00,56.437
9540,3,1683,6579.310749891655,2515.880933408011,2020-08-06T13:19:46Z,45.55953333,7.90955000,1488.00,56.428
9541,3,1684,6580.310749891655,2516.880933408011,2020-08-06T13:19:47Z,45.55945000,7.90946667,1488.00,56.417
9542,3,1685,6581.310749891655,2517.880933408011,2020-08-06T13:19:48Z,45.55936667,7.90940000,1491.00,56.407
9543,3,1686,6582.310749891655,2518.880933408011,2020-08-06T13:19:49Z,45.55926667,7.90931667,1490.00,56.395
9544,3,1687,6583.310749891655,2519.880933408011,2020-08-06T13:19:50Z,45.55918333,7.90925000,1486.00,56.384
9545,3,1688,6584.310749891655,2520.880933408011,2020-08-06T13:19:51Z,45.55910000,7.90916667,1491.00,56.373
9546,3,1689,6585.310749891655,2521.880933408011,2020-08-06T13:19:52Z,45.55901667,7.90908333,1492.00,56.362
9547,3,1690,6586.310749891655,2522.880933408011,2020-08-06T13:19:53Z,45.55895000,7.90900000,1498.00,56.352
9548,3,1691,6587.310749891655,2523.880933408011,2020-08-06T13:19:54Z,45.55890000,7.90893333,1496.00,56.345
9549,3,1692,6588.310749891655,2524.880933408011,2020-08-06T13:19:55Z,45.55885000,7.90885000,1499.00,56.336
9550,3,1693,6589.310749891655,2525.880933408011,2020-08-06T13:19:56Z,45.55880000,7.90876667,1498.00,56.328
9551,3,1694,6590.310749891655,2526.880933408011,2020-08-06T13:19:57Z,45.55875000,7.90868333,1498.00,56.319
9552,3,1695,6591.310749891655,2527.880933408011,2020-08-06T13:19:58Z,45.55868333,7.90860000,1504.00,56.309
9553,3,1696,6592.310749891655,2528.880933408011,2020-08-06T13:19:59Z,45.55863333,7.90850000,1500.00,56.3
9554,3,1697,6593.310749891655,2529.880933408011,2020-08-06T13:20:00Z,45.55858333,7.90843333,1511.00,56.292
9555,3,1698,6594.310749891655,2530.880933408011,2020-08-06T13:20:01Z,45.55851667,7.90838333,1499.00,56.284
9556,3,1699,6595.310749891655,2531.880933408011,2020-08-06T13:20:02Z,45.55845000,7.90835000,1501.00,56.277
9557,3,1700,6596.310749891655,2532.880933408011,2020-08-06T13:20:03Z,45.55836667,7.90833333,1507.00,56.269
9558,3,1701,6597.310749891655,2533.880933408011,2020-08-06T13:20:04Z,45.55830000,7.90833333,1509.00,56.264
9559,3,1702,6598.310749891655,2534.880933408011,2020-08-06T13:20:05Z,45.55823333,7.90831667,1519.00,56.258
9560,3,1703,6599.310749891655,2535.880933408011,2020-08-06T13:20:06Z,45.55816667,7.90831667,1508.00,56.253
9561,3,1704,6600.310749891655,2536.880933408011,2020-08-06T13:20:07Z,45.55810000,7.90831667,1503.00,56.247
9562,3,1705,6601.310749891655,2537.880933408011,2020-08-06T13:20:08Z,45.55805000,7.90830000,1500.00,56.242
9563,3,1706,6602.310749891655,2538.880933408011,2020-08-06T13:20:09Z,45.55796667,7.90828333,1504.00,56.235
9564,3,1707,6603.310749891655,2539.880933408011,2020-08-06T13:20:10Z,45.55788333,7.90825000,1500.00,56.226
9565,3,1708,6604.310749891655,2540.880933408011,2020-08-06T13:20:11Z,45.55780000,7.90821667,1509.00,56.218
9566,3,1709,6605.310749891655,2541.880933408011,2020-08-06T13:20:12Z,45.55771667,7.90816667,1510.00,56.209
9567,3,1710,6606.310749891655,2542.880933408011,2020-08-06T13:20:13Z,45.55765000,7.90811667,1494.00,56.201
9568,3,1711,6607.310749891655,2543.880933408011,2020-08-06T13:20:14Z,45.55758333,7.90806667,1502.00,56.193
9569,3,1712,6608.310749891655,2544.880933408011,2020-08-06T13:20:15Z,45.55751667,7.90801667,1503.00,56.185
9570,3,1713,6609.310749891655,2545.880933408011,2020-08-06T13:20:16Z,45.55745000,7.90796667,1500.00,56.177
9571,3,1714,6610.310749891655,2546.880933408011,2020-08-06T13:20:17Z,45.55738333,7.90791667,1514.00,56.169
9572,3,1715,6611.310749891655,2547.880933408011,2020-08-06T13:20:18Z,45.55731667,7.90786667,1491.00,56.161
9573,3,1716,6612.310749891655,2548.880933408011,2020-08-06T13:20:19Z,45.55723333,7.90781667,1490.00,56.151
9574,3,1717,6613.310749891655,2549.880933408011,2020-08-06T13:20:20Z,45.55715000,7.90775000,1488.00,56.141
9575,3,1718,6614.310749891655,2550.880933408011,2020-08-06T13:20:21Z,45.55708333,7.90768333,1490.00,56.132
9576,3,1719,6615.310749891655,2551.880933408011,2020-08-06T13:20:22Z,45.55701667,7.90763333,1487.00,56.124
9577,3,1720,6616.310749891655,2552.880933408011,2020-08-06T13:20:23Z,45.55695000,7.90756667,1491.00,56.115
9578,3,1721,6617.310749891655,2553.880933408011,2020-08-06T13:20:24Z,45.55688333,7.90750000,1492.00,56.106
9579,3,1722,6618.310749891655,2554.880933408011,2020-08-06T13:20:25Z,45.55681667,7.90741667,1492.00,56.096
9580,3,1723,6619.310749891655,2555.880933408011,2020-08-06T13:20:26Z,45.55675000,7.90733333,1489.00,56.087
9581,3,1724,6620.310749891655,2556.880933408011,2020-08-06T13:20:27Z,45.55668333,7.90725000,1483.00,56.077
9582,3,1725,6621.310749891655,2557.880933408011,2020-08-06T13:20:28Z,45.55661667,7.90716667,1488.00,56.067
9583,3,1726,6622.310749891655,2558.880933408011,2020-08-06T13:20:29Z,45.55656667,7.90706667,1485.00,56.057
9584,3,1727,6623.310749891655,2559.880933408011,2020-08-06T13:20:30Z,45.55651667,7.90696667,1487.00,56.048
9585,3,1728,6624.310749891655,2560.880933408011,2020-08-06T13:20:31Z,45.55645000,7.90686667,1487.00,56.037
9586,3,1729,6625.310749891655,2561.880933408011,2020-08-06T13:20:32Z,45.55640000,7.90676667,1486.00,56.028
9587,3,1730,6626.310749891655,2562.880933408011,2020-08-06T13:20:33Z,45.55633333,7.90665000,1483.00,56.016
9588,3,1731,6627.310749891655,2563.880933408011,2020-08-06T13:20:34Z,45.55626667,7.90653333,1481.00,56.005
9589,3,1732,6628.310749891655,2564.880933408011,2020-08-06T13:20:35Z,45.55621667,7.90643333,1483.00,55.995
9590,3,1733,6629.310749891655,2565.880933408011,2020-08-06T13:20:36Z,45.55615000,7.90633333,1485.00,55.984
9591,3,1734,6630.310749891655,2566.880933408011,2020-08-06T13:20:37Z,45.55610000,7.90625000,1481.00,55.976
9592,3,1735,6631.310749891655,2567.880933408011,2020-08-06T13:20:38Z,45.55603333,7.90615000,1477.00,55.965
9593,3,1736,6632.310749891655,2568.880933408011,2020-08-06T13:20:39Z,45.55598333,7.90606667,1481.00,55.957
9594,3,1737,6633.310749891655,2569.880933408011,2020-08-06T13:20:40Z,45.55591667,7.90596667,1473.00,55.946
9595,3,1738,6634.310749891655,2570.880933408011,2020-08-06T13:20:41Z,45.55585000,7.90588333,1478.00,55.936
9596,3,1739,6635.310749891655,2571.880933408011,2020-08-06T13:20:42Z,45.55578333,7.90578333,1463.00,55.925
9597,3,1740,6636.310749891655,2572.880933408011,2020-08-06T13:20:43Z,45.55571667,7.90570000,1474.00,55.915
9598,3,1741,6637.310749891655,2573.880933408011,2020-08-06T13:20:44Z,45.55565000,7.90563333,1467.00,55.907
9599,3,1742,6638.310749891655,2574.880933408011,2020-08-06T13:20:45Z,45.55558333,7.90556667,1472.00,55.898
9600,3,1743,6639.310749891655,2575.880933408011,2020-08-06T13:20:46Z,45.55550000,7.90550000,1468.00,55.887
9601,3,1744,6640.310749891655,2576.880933408011,2020-08-06T13:20:47Z,45.55543333,7.90543333,1466.00,55.878
9602,3,1745,6641.310749891655,2577.880933408011,2020-08-06T13:20:48Z,45.55533333,7.90538333,1451.00,55.868
9603,3,1746,6642.310749891655,2578.880933408011,2020-08-06T13:20:49Z,45.55523333,7.90531667,1451.00,55.856
9604,3,1747,6643.310749891655,2579.880933408011,2020-08-06T13:20:50Z,45.55513333,7.90525000,1449.00,55.845
9605,3,1748,6644.310749891655,2580.880933408011,2020-08-06T13:20:51Z,45.55503333,7.90516667,1448.00,55.832
9606,3,1749,6645.310749891655,2581.880933408011,2020-08-06T13:20:52Z,45.55493333,7.90508333,1447.00,55.82
9607,3,1750,6646.310749891655,2582.880933408011,2020-08-06T13:20:53Z,45.55483333,7.90501667,1447.00,55.808
9608,3,1751,6647.310749891655,2583.880933408011,2020-08-06T13:20:54Z,45.55475000,7.90493333,1440.00,55.797
9609,3,1752,6648.310749891655,2584.880933408011,2020-08-06T13:20:55Z,45.55465000,7.90485000,1436.00,55.784
9610,3,1753,6649.310749891655,2585.880933408011,2020-08-06T13:20:56Z,45.55455000,7.90476667,1441.00,55.772
9611,3,1754,6650.310749891655,2586.880933408011,2020-08-06T13:20:57Z,45.55446667,7.90468333,1444.00,55.761
9612,3,1755,6651.310749891655,2587.880933408011,2020-08-06T13:20:58Z,45.55436667,7.90460000,1435.00,55.748
9613,3,1756,6652.310749891655,2588.880933408011,2020-08-06T13:20:59Z,45.55426667,7.90450000,1427.00,55.735
9614,3,1757,6653.310749891655,2589.880933408011,2020-08-06T13:21:00Z,45.55418333,7.90440000,1425.00,55.723
9615,3,1758,6654.310749891655,2590.880933408011,2020-08-06T13:21:01Z,45.55410000,7.90430000,1431.00,55.711
9616,3,1759,6655.310749891655,2591.880933408011,2020-08-06T13:21:02Z,45.55401667,7.90420000,1428.00,55.699
9617,3,1760,6656.310749891655,2592.880933408011,2020-08-06T13:21:03Z,45.55393333,7.90410000,1430.00,55.687
9618,3,1761,6657.310749891655,2593.880933408011,2020-08-06T13:21:04Z,45.55386667,7.90403333,1420.00,55.678
9619,3,1762,6658.310749891655,2594.880933408011,2020-08-06T13:21:05Z,45.55378333,7.90395000,1418.00,55.667
9620,3,1763,6659.310749891655,2595.880933408011,2020-08-06T13:21:06Z,45.55370000,7.90386667,1409.00,55.655
9621,3,1764,6660.310749891655,2596.880933408011,2020-08-06T13:21:07Z,45.55360000,7.90380000,1419.00,55.644
9622,3,1765,6661.310749891655,2597.880933408011,2020-08-06T13:21:08Z,45.55350000,7.90370000,1414.00,55.63
9623,3,1766,6662.310749891655,2598.880933408011,2020-08-06T13:21:09Z,45.55340000,7.90363333,1417.00,55.619
9624,3,1767,6663.310749891655,2599.880933408011,2020-08-06T13:21:10Z,45.55331667,7.90355000,1419.00,55.608
9625,3,1768,6664.310749891655,2600.880933408011,2020-08-06T13:21:11Z,45.55320000,7.90346667,1412.00,55.594
9626,3,1769,6665.310749891655,2601.880933408011,2020-08-06T13:21:12Z,45.55310000,7.90340000,1409.00,55.582
9627,3,1770,6666.310749891655,2602.880933408011,2020-08-06T13:21:13Z,45.55298333,7.90331667,1408.00,55.569
9628,3,1771,6667.310749891655,2603.880933408011,2020-08-06T13:21:14Z,45.55288333,7.90325000,1408.00,55.557
9629,3,1772,6668.310749891655,2604.880933408011,2020-08-06T13:21:15Z,45.55278333,7.90316667,1408.00,55.545
9630,3,1773,6669.310749891655,2605.880933408011,2020-08-06T13:21:16Z,45.55268333,7.90306667,1420.00,55.531
9631,3,1774,6670.310749891655,2606.880933408011,2020-08-06T13:21:17Z,45.55258333,7.90298333,1410.00,55.519
9632,3,1775,6671.310749891655,2607.880933408011,2020-08-06T13:21:18Z,45.55250000,7.90288333,1403.00,55.507
9633,3,1776,6672.310749891655,2608.880933408011,2020-08-06T13:21:19Z,45.55240000,7.90278333,1404.00,55.493
9634,3,1777,6673.310749891655,2609.880933408011,2020-08-06T13:21:20Z,45.55231667,7.90266667,1409.00,55.48
9635,3,1778,6674.310749891655,2610.880933408011,2020-08-06T13:21:21Z,45.55221667,7.90256667,1402.00,55.467
9636,3,1779,6675.310749891655,2611.880933408011,2020-08-06T13:21:22Z,45.55211667,7.90246667,1399.00,55.453
9637,3,1780,6676.310749891655,2612.880933408011,2020-08-06T13:21:23Z,45.55203333,7.90238333,1399.00,55.442
9638,3,1781,6677.310749891655,2613.880933408011,2020-08-06T13:21:24Z,45.55195000,7.90228333,1400.00,55.43
9639,3,1782,6678.310749891655,2614.880933408011,2020-08-06T13:21:25Z,45.55185000,7.90220000,1399.00,55.418
9640,3,1783,6679.310749891655,2615.880933408011,2020-08-06T13:21:26Z,45.55175000,7.90213333,1395.00,55.406
9641,3,1784,6680.310749891655,2616.880933408011,2020-08-06T13:21:27Z,45.55163333,7.90205000,1391.00,55.392
9642,3,1785,6681.310749891655,2617.880933408011,2020-08-06T13:21:28Z,45.55151667,7.90198333,1393.00,55.38
9643,3,1786,6682.310749891655,2618.880933408011,2020-08-06T13:21:29Z,45.55138333,7.90191667,1403.00,55.365
9644,3,1787,6683.310749891655,2619.880933408011,2020-08-06T13:21:30Z,45.55128333,7.90186667,1392.00,55.355
9645,3,1788,6684.310749891655,2620.880933408011,2020-08-06T13:21:31Z,45.55120000,7.90181667,1387.00,55.345
9646,3,1789,6685.310749891655,2621.880933408011,2020-08-06T13:21:32Z,45.55115000,7.90175000,1406.00,55.338
9647,3,1790,6686.310749891655,2622.880933408011,2020-08-06T13:21:33Z,45.55110000,7.90168333,1404.00,55.33
9648,3,1791,6687.310749891655,2623.880933408011,2020-08-06T13:21:34Z,45.55105000,7.90161667,1406.00,55.323
9649,3,1792,6688.310749891655,2624.880933408011,2020-08-06T13:21:35Z,45.55098333,7.90158333,1414.00,55.315
9650,3,1793,6689.310749891655,2625.880933408011,2020-08-06T13:21:36Z,45.55090000,7.90158333,1410.00,55.309
9651,3,1794,6690.310749891655,2626.880933408011,2020-08-06T13:21:37Z,45.55083333,7.90165000,1412.00,55.307
9652,3,1795,6691.310749891655,2627.880933408011,2020-08-06T13:21:38Z,45.55080000,7.90173333,1410.00,55.309
9653,3,1796,6692.310749891655,2628.880933408011,2020-08-06T13:21:39Z,45.55080000,7.90183333,1420.00,55.315
9654,3,1797,6693.310749891655,2629.880933408011,2020-08-06T13:21:40Z,45.55085000,7.90193333,1416.00,55.324
9655,3,1798,6694.310749891655,2630.880933408011,2020-08-06T13:21:41Z,45.55090000,7.90201667,1417.00,55.333
9656,3,1799,6695.310749891655,2631.880933408011,2020-08-06T13:21:42Z,45.55098333,7.90206667,1420.00,55.342
9657,3,1800,6696.310749891655,2632.880933408011,2020-08-06T13:21:43Z,45.55108333,7.90206667,1419.00,55.35
9658,3,1801,6697.310749891655,2633.880933408011,2020-08-06T13:21:44Z,45.55118333,7.90201667,1422.00,55.355
9659,3,1802,6698.310749891655,2634.880933408011,2020-08-06T13:21:45Z,45.55126667,7.90193333,1415.00,55.357
9660,3,1803,6699.310749891655,2635.880933408011,2020-08-06T13:21:46Z,45.55133333,7.90181667,1434.00,55.356
9661,3,1804,6700.310749891655,2636.880933408011,2020-08-06T13:21:47Z,45.55136667,7.90168333,1424.00,55.351
9662,3,1805,6701.310749891655,2637.880933408011,2020-08-06T13:21:48Z,45.55138333,7.90155000,1422.00,55.345
9663,3,1806,6702.310749891655,2638.880933408011,2020-08-06T13:21:49Z,45.55136667,7.90140000,1425.00,55.336
9664,3,1807,6703.310749891655,2639.880933408011,2020-08-06T13:21:50Z,45.55135000,7.90125000,1428.00,55.326
9665,3,1808,6704.310749891655,2640.880933408011,2020-08-06T13:21:51Z,45.55130000,7.90111667,1431.00,55.315
9666,3,1809,6705.310749891655,2641.880933408011,2020-08-06T13:21:52Z,45.55123333,7.90101667,1428.00,55.304
9667,3,1810,6706.310749891655,2642.880933408011,2020-08-06T13:21:53Z,45.55115000,7.90095000,1438.00,55.294
9668,3,1811,6707.310749891655,2643.880933408011,2020-08-06T13:21:54Z,45.55108333,7.90093333,1432.00,55.288
9669,3,1812,6708.310749891655,2644.880933408011,2020-08-06T13:21:55Z,45.55100000,7.90091667,1435.00,55.28
9670,3,1813,6709.310749891655,2645.880933408011,2020-08-06T13:21:56Z,45.55091667,7.90090000,1441.00,55.273
9671,3,1814,6710.310749891655,2646.880933408011,2020-08-06T13:21:57Z,45.55085000,7.90088333,1452.00,55.267
9672,3,1815,6711.310749891655,2647.880933408011,2020-08-06T13:21:58Z,45.55078333,7.90090000,1443.00,55.262
9673,3,1816,6712.310749891655,2648.880933408011,2020-08-06T13:21:59Z,45.55073333,7.90095000,1450.00,55.261
9674,3,1817,6713.310749891655,2649.880933408011,2020-08-06T13:22:00Z,45.55071667,7.90106667,1449.00,55.266
9675,3,1818,6714.310749891655,2650.880933408011,2020-08-06T13:22:01Z,45.55075000,7.90116667,1448.00,55.274
9676,3,1819,6715.310749891655,2651.880933408011,2020-08-06T13:22:02Z,45.55081667,7.90126667,1452.00,55.285
9677,3,1820,6716.310749891655,2652.880933408011,2020-08-06T13:22:03Z,45.55091667,7.90131667,1450.00,55.296
9678,3,1821,6717.310749891655,2653.880933408011,2020-08-06T13:22:04Z,45.55101667,7.90130000,1456.00,55.303
9679,3,1822,6718.310749891655,2654.880933408011,2020-08-06T13:22:05Z,45.55110000,7.90125000,1460.00,55.306
9680,3,1823,6719.310749891655,2655.880933408011,2020-08-06T13:22:06Z,45.55116667,7.90118333,1464.00,55.308
9681,3,1824,6720.310749891655,2656.880933408011,2020-08-06T13:22:07Z,45.55123333,7.90111667,1467.00,55.31
9682,3,1825,6721.310749891655,2657.880933408011,2020-08-06T13:22:08Z,45.55128333,7.90105000,1467.00,55.31
9683,3,1826,6722.310749891655,2658.880933408011,2020-08-06T13:22:09Z,45.55136667,7.90098333,1473.00,55.313
9684,3,1827,6723.310749891655,2659.880933408011,2020-08-06T13:22:10Z,45.55145000,7.90090000,1474.00,55.315
9685,3,1828,6724.310749891655,2660.880933408011,2020-08-06T13:22:11Z,45.55151667,7.90080000,1477.00,55.315
9686,3,1829,6725.310749891655,2661.880933408011,2020-08-06T13:22:12Z,45.55156667,7.90066667,1476.00,55.312
9687,3,1830,6726.310749891655,2662.880933408011,2020-08-06T13:22:13Z,45.55156667,7.90051667,1477.00,55.303
9688,3,1831,6727.310749891655,2663.880933408011,2020-08-06T13:22:14Z,45.55155000,7.90036667,1476.00,55.294
9689,3,1832,6728.310749891655,2664.880933408011,2020-08-06T13:22:15Z,45.55148333,7.90023333,1468.00,55.281
9690,3,1833,6729.310749891655,2665.880933408011,2020-08-06T13:22:16Z,45.55141667,7.90015000,1475.00,55.271
9691,3,1834,6730.310749891655,2666.880933408011,2020-08-06T13:22:17Z,45.55135000,7.90010000,1474.00,55.263
9692,3,1835,6731.310749891655,2667.880933408011,2020-08-06T13:22:18Z,45.55126667,7.90003333,1479.00,55.253
9693,3,1836,6732.310749891655,2668.880933408011,2020-08-06T13:22:19Z,45.55120000,7.89996667,1469.00,55.244
9694,3,1837,6733.310749891655,2669.880933408011,2020-08-06T13:22:20Z,45.55111667,7.89986667,1479.00,55.232
9695,3,1838,6734.310749891655,2670.880933408011,2020-08-06T13:22:21Z,45.55105000,7.89980000,1473.00,55.223
9696,3,1839,6735.310749891655,2671.880933408011,2020-08-06T13:22:22Z,45.55098333,7.89975000,1488.00,55.215
9697,3,1840,6736.310749891655,2672.880933408011,2020-08-06T13:22:23Z,45.55090000,7.89971667,1482.00,55.207
9698,3,1841,6737.310749891655,2673.880933408011,2020-08-06T13:22:24Z,45.55083333,7.89968333,1487.00,55.2
9699,3,1842,6738.310749891655,2674.880933408011,2020-08-06T13:22:25Z,45.55078333,7.89961667,1482.00,55.192
9700,3,1843,6739.310749891655,2675.880933408011,2020-08-06T13:22:26Z,45.55071667,7.89953333,1486.00,55.182
9701,3,1844,6740.310749891655,2676.880933408011,2020-08-06T13:22:27Z,45.55065000,7.89946667,1476.00,55.173
9702,3,1845,6741.310749891655,2677.880933408011,2020-08-06T13:22:28Z,45.55056667,7.89943333,1500.00,55.165
9703,3,1846,6742.310749891655,2678.880933408011,2020-08-06T13:22:29Z,45.55050000,7.89941667,1481.00,55.159
9704,3,1847,6743.310749891655,2679.880933408011,2020-08-06T13:22:30Z,45.55041667,7.89941667,1486.00,55.152
9705,3,1848,6744.310749891655,2680.880933408011,2020-08-06T13:22:31Z,45.55036667,7.89943333,1484.00,55.149
9706,3,1849,6745.310749891655,2681.880933408011,2020-08-06T13:22:32Z,45.55030000,7.89941667,1488.00,55.143
9707,3,1850,6746.310749891655,2682.880933408011,2020-08-06T13:22:33Z,45.55021667,7.89940000,1480.00,55.135
9708,3,1851,6747.310749891655,2683.880933408011,2020-08-06T13:22:34Z,45.55015000,7.89936667,1488.00,55.128
9709,3,1852,6748.310749891655,2684.880933408011,2020-08-06T13:22:35Z,45.55006667,7.89931667,1485.00,55.119
9710,3,1853,6749.310749891655,2685.880933408011,2020-08-06T13:22:36Z,45.55000000,7.89926667,1482.00,55.111
9711,3,1854,6750.310749891655,2686.880933408011,2020-08-06T13:22:37Z,45.54993333,7.89921667,1491.00,55.103
9712,3,1855,6751.310749891655,2687.880933408011,2020-08-06T13:22:38Z,45.54986667,7.89915000,1481.00,55.094
9713,3,1856,6752.310749891655,2688.880933408011,2020-08-06T13:22:39Z,45.54981667,7.89910000,1482.00,55.087
9714,3,1857,6753.310749891655,2689.880933408011,2020-08-06T13:22:40Z,45.54975000,7.89903333,1479.00,55.078
9715,3,1858,6754.310749891655,2690.880933408011,2020-08-06T13:22:41Z,45.54966667,7.89895000,1481.00,55.067
9716,3,1859,6755.310749891655,2691.880933408011,2020-08-06T13:22:42Z,45.54960000,7.89886667,1484.00,55.057
9717,3,1860,6756.310749891655,2692.880933408011,2020-08-06T13:22:43Z,45.54955000,7.89878333,1485.00,55.049
9718,3,1861,6757.310749891655,2693.880933408011,2020-08-06T13:22:44Z,45.54948333,7.89870000,1480.00,55.039
9719,3,1862,6758.310749891655,2694.880933408011,2020-08-06T13:22:45Z,45.54943333,7.89860000,1484.00,55.03
9720,3,1863,6759.310749891655,2695.880933408011,2020-08-06T13:22:46Z,45.54936667,7.89851667,1478.00,55.02
9721,3,1864,6760.310749891655,2696.880933408011,2020-08-06T13:22:47Z,45.54930000,7.89843333,1489.00,55.01
9722,3,1865,6761.310749891655,2697.880933408011,2020-08-06T13:22:48Z,45.54921667,7.89836667,1485.00,55.0
9723,3,1866,6762.310749891655,2698.880933408011,2020-08-06T13:22:49Z,45.54915000,7.89828333,1483.00,54.99
9724,3,1867,6763.310749891655,2699.880933408011,2020-08-06T13:22:50Z,45.54908333,7.89821667,1482.00,54.981
9725,3,1868,6764.310749891655,2700.880933408011,2020-08-06T13:22:51Z,45.54901667,7.89815000,1487.00,54.972
9726,3,1869,6765.310749891655,2701.880933408011,2020-08-06T13:22:52Z,45.54895000,7.89806667,1483.00,54.962
9727,3,1870,6766.310749891655,2702.880933408011,2020-08-06T13:22:53Z,45.54888333,7.89801667,1484.00,54.954
9728,3,1871,6767.310749891655,2703.880933408011,2020-08-06T13:22:54Z,45.54881667,7.89795000,1482.00,54.945
9729,3,1872,6768.310749891655,2704.880933408011,2020-08-06T13:22:55Z,45.54873333,7.89786667,1475.00,54.934
9730,3,1873,6769.310749891655,2705.880933408011,2020-08-06T13:22:56Z,45.54865000,7.89778333,1475.00,54.923
9731,3,1874,6770.310749891655,2706.880933408011,2020-08-06T13:22:57Z,45.54856667,7.89770000,1472.00,54.912
9732,3,1875,6771.310749891655,2707.880933408011,2020-08-06T13:22:58Z,45.54846667,7.89761667,1469.00,54.899
9733,3,1876,6772.310749891655,2708.880933408011,2020-08-06T13:22:59Z,45.54836667,7.89755000,1472.00,54.888
9734,3,1877,6773.310749891655,2709.880933408011,2020-08-06T13:23:00Z,45.54826667,7.89748333,1471.00,54.876
9735,3,1878,6774.310749891655,2710.880933408011,2020-08-06T13:23:01Z,45.54818333,7.89741667,1468.00,54.866
9736,3,1879,6775.310749891655,2711.880933408011,2020-08-06T13:23:02Z,45.54808333,7.89735000,1473.00,54.854
9737,3,1880,6776.310749891655,2712.880933408011,2020-08-06T13:23:03Z,45.54798333,7.89728333,1463.00,54.843
9738,3,1881,6777.310749891655,2713.880933408011,2020-08-06T13:23:04Z,45.54788333,7.89723333,1462.00,54.832
9739,3,1882,6778.310749891655,2714.880933408011,2020-08-06T13:23:05Z,45.54780000,7.89718333,1470.00,54.823
9740,3,1883,6779.310749891655,2715.880933408011,2020-08-06T13:23:06Z,45.54770000,7.89713333,1462.00,54.812
9741,3,1884,6780.310749891655,2716.880933408011,2020-08-06T13:23:07Z,45.54763333,7.89708333,1463.00,54.804
9742,3,1885,6781.310749891655,2717.880933408011,2020-08-06T13:23:08Z,45.54755000,7.89703333,1462.00,54.795
9743,3,1886,6782.310749891655,2718.880933408011,2020-08-06T13:23:09Z,45.54746667,7.89698333,1453.00,54.786
9744,3,1887,6783.310749891655,2719.880933408011,2020-08-06T13:23:10Z,45.54736667,7.89695000,1457.00,54.776
9745,3,1888,6784.310749891655,2720.880933408011,2020-08-06T13:23:11Z,45.54728333,7.89693333,1458.00,54.768
9746,3,1889,6785.310749891655,2721.880933408011,2020-08-06T13:23:12Z,45.54720000,7.89690000,1447.00,54.76
9747,3,1890,6786.310749891655,2722.880933408011,2020-08-06T13:23:13Z,45.54713333,7.89686667,1448.00,54.753
9748,3,1891,6787.310749891655,2723.880933408011,2020-08-06T13:23:14Z,45.54705000,7.89685000,1447.00,54.745
9749,3,1892,6788.310749891655,2724.880933408011,2020-08-06T13:23:15Z,45.54698333,7.89681667,1449.00,54.738
9750,3,1893,6789.310749891655,2725.880933408011,2020-08-06T13:23:16Z,45.54690000,7.89676667,1433.00,54.729
9751,3,1894,6790.310749891655,2726.880933408011,2020-08-06T13:23:17Z,45.54683333,7.89673333,1433.00,54.722
9752,3,1895,6791.310749891655,2727.880933408011,2020-08-06T13:23:18Z,45.54675000,7.89670000,1439.00,54.713
9753,3,1896,6792.310749891655,2728.880933408011,2020-08-06T13:23:19Z,45.54668333,7.89665000,1436.00,54.705
9754,3,1897,6793.310749891655,2729.880933408011,2020-08-06T13:23:20Z,45.54661667,7.89661667,1434.00,54.698
9755,3,1898,6794.310749891655,2730.880933408011,2020-08-06T13:23:21Z,45.54655000,7.89656667,1431.00,54.69
9756,3,1899,6795.310749891655,2731.880933408011,2020-08-06T13:23:22Z,45.54648333,7.89653333,1426.00,54.683
9757,3,1900,6796.310749891655,2732.880933408011,2020-08-06T13:23:23Z,45.54640000,7.89650000,1426.00,54.675
9758,3,1901,6797.310749891655,2733.880933408011,2020-08-06T13:23:24Z,45.54630000,7.89645000,1417.00,54.664
9759,3,1902,6798.310749891655,2734.880933408011,2020-08-06T13:23:25Z,45.54620000,7.89638333,1409.00,54.653
9760,3,1903,6799.310749891655,2735.880933408011,2020-08-06T13:23:26Z,45.54610000,7.89631667,1428.00,54.641
9761,3,1904,6800.310749891655,2736.880933408011,2020-08-06T13:23:27Z,45.54601667,7.89625000,1401.00,54.631
9762,3,1905,6801.310749891655,2737.880933408011,2020-08-06T13:23:28Z,45.54593333,7.89620000,1414.00,54.621
9763,3,1906,6802.310749891655,2738.880933408011,2020-08-06T13:23:29Z,45.54585000,7.89613333,1422.00,54.611
9764,3,1907,6803.310749891655,2739.880933408011,2020-08-06T13:23:30Z,45.54578333,7.89606667,1409.00,54.602
9765,3,1908,6804.310749891655,2740.880933408011,2020-08-06T13:23:31Z,45.54570000,7.89600000,1408.00,54.592
9766,3,1909,6805.310749891655,2741.880933408011,2020-08-06T13:23:32Z,45.54560000,7.89591667,1409.00,54.58
9767,3,1910,6806.310749891655,2742.880933408011,2020-08-06T13:23:33Z,45.54551667,7.89581667,1413.00,54.568
9768,3,1911,6807.310749891655,2743.880933408011,2020-08-06T13:23:34Z,45.54543333,7.89571667,1417.00,54.555
9769,3,1912,6808.310749891655,2744.880933408011,2020-08-06T13:23:35Z,45.54535000,7.89561667,1417.00,54.543
9770,3,1913,6809.310749891655,2745.880933408011,2020-08-06T13:23:36Z,45.54528333,7.89551667,1407.00,54.533
9771,3,1914,6810.310749891655,2746.880933408011,2020-08-06T13:23:37Z,45.54520000,7.89543333,1395.00,54.521
9772,3,1915,6811.310749891655,2747.880933408011,2020-08-06T13:23:38Z,45.54513333,7.89535000,1417.00,54.512
9773,3,1916,6812.310749891655,2748.880933408011,2020-08-06T13:23:39Z,45.54506667,7.89523333,1409.00,54.5
9774,3,1917,6813.310749891655,2749.880933408011,2020-08-06T13:23:40Z,45.54500000,7.89511667,1406.00,54.488
9775,3,1918,6814.310749891655,2750.880933408011,2020-08-06T13:23:41Z,45.54495000,7.89498333,1414.00,54.477
9776,3,1919,6815.310749891655,2751.880933408011,2020-08-06T13:23:42Z,45.54490000,7.89486667,1410.00,54.467
9777,3,1920,6816.310749891655,2752.880933408011,2020-08-06T13:23:43Z,45.54485000,7.89475000,1414.00,54.456
9778,3,1921,6817.310749891655,2753.880933408011,2020-08-06T13:23:44Z,45.54481667,7.89465000,1416.00,54.448
9779,3,1922,6818.310749891655,2754.880933408011,2020-08-06T13:23:45Z,45.54476667,7.89455000,1407.00,54.439
9780,3,1923,6819.310749891655,2755.880933408011,2020-08-06T13:23:46Z,45.54471667,7.89443333,1414.00,54.428
9781,3,1924,6820.310749891655,2756.880933408011,2020-08-06T13:23:47Z,45.54465000,7.89433333,1410.00,54.418
9782,3,1925,6821.310749891655,2757.880933408011,2020-08-06T13:23:48Z,45.54458333,7.89423333,1414.00,54.407
9783,3,1926,6822.310749891655,2758.880933408011,2020-08-06T13:23:49Z,45.54451667,7.89415000,1419.00,54.397
9784,3,1927,6823.310749891655,2759.880933408011,2020-08-06T13:23:50Z,45.54445000,7.89405000,1406.00,54.386
9785,3,1928,6824.310749891655,2760.880933408011,2020-08-06T13:23:51Z,45.54438333,7.89395000,1421.00,54.376
9786,3,1929,6825.310749891655,2761.880933408011,2020-08-06T13:23:52Z,45.54431667,7.89386667,1413.00,54.366
9787,3,1930,6826.310749891655,2762.880933408011,2020-08-06T13:23:53Z,45.54425000,7.89380000,1407.00,54.357
9788,3,1931,6827.310749891655,2763.880933408011,2020-08-06T13:23:54Z,45.54420000,7.89373333,1406.00,54.349
9789,3,1932,6828.310749891655,2764.880933408011,2020-08-06T13:23:55Z,45.54415000,7.89366667,1417.00,54.342
9790,3,1933,6829.310749891655,2765.880933408011,2020-08-06T13:23:56Z,45.54410000,7.89360000,1428.00,54.334
9791,3,1934,6830.310749891655,2766.880933408011,2020-08-06T13:23:57Z,45.54406667,7.89348333,1420.00,54.325
9792,3,1935,6831.310749891655,2767.880933408011,2020-08-06T13:23:58Z,45.54406667,7.89335000,1424.00,54.318
9793,3,1936,6832.310749891655,2768.880933408011,2020-08-06T13:23:59Z,45.54410000,7.89320000,1413.00,54.312
9794,3,1937,6833.310749891655,2769.880933408011,2020-08-06T13:24:00Z,45.54416667,7.89305000,1422.00,54.309
9795,3,1938,6834.310749891655,2770.880933408011,2020-08-06T13:24:01Z,45.54423333,7.89291667,1421.00,54.307
9796,3,1939,6835.310749891655,2771.880933408011,2020-08-06T13:24:02Z,45.54431667,7.89283333,1419.00,54.309
9797,3,1940,6836.310749891655,2772.880933408011,2020-08-06T13:24:03Z,45.54445000,7.89280000,1424.00,54.318
9798,3,1941,6837.310749891655,2773.880933408011,2020-08-06T13:24:04Z,45.54456667,7.89276667,1423.00,54.325
9799,3,1942,6838.310749891655,2774.880933408011,2020-08-06T13:24:05Z,45.54466667,7.89276667,1415.00,54.333
9800,3,1943,6839.310749891655,2775.880933408011,2020-08-06T13:24:06Z,45.54475000,7.89280000,1416.00,54.342
9801,3,1944,6840.310749891655,2776.880933408011,2020-08-06T13:24:07Z,45.54483333,7.89288333,1423.00,54.353
9802,3,1945,6841.310749891655,2777.880933408011,2020-08-06T13:24:08Z,45.54488333,7.89296667,1427.00,54.361
9803,3,1946,6842.310749891655,2778.880933408011,2020-08-06T13:24:09Z,45.54491667,7.89306667,1410.00,54.369
9804,3,1947,6843.310749891655,2779.880933408011,2020-08-06T13:24:10Z,45.54491667,7.89316667,1418.00,54.375
9805,3,1948,6844.310749891655,2780.880933408011,2020-08-06T13:24:11Z,45.54490000,7.89325000,1418.00,54.378
9806,3,1949,6845.310749891655,2781.880933408011,2020-08-06T13:24:12Z,45.54485000,7.89330000,1421.00,54.377
9807,3,1950,6846.310749891655,2782.880933408011,2020-08-06T13:24:13Z,45.54480000,7.89330000,1421.00,54.373
9808,3,1951,6847.310749891655,2783.880933408011,2020-08-06T13:24:14Z,45.54475000,7.89330000,1418.00,54.369
9809,3,1952,6848.310749891655,2784.880933408011,2020-08-06T13:24:15Z,45.54468333,7.89330000,1428.00,54.364
9810,3,1953,6849.310749891655,2785.880933408011,2020-08-06T13:24:16Z,45.54461667,7.89328333,1422.00,54.358
9811,3,1954,6850.310749891655,2786.880933408011,2020-08-06T13:24:17Z,45.54455000,7.89326667,1420.00,54.351
9812,3,1955,6851.310749891655,2787.880933408011,2020-08-06T13:24:18Z,45.54448333,7.89323333,1421.00,54.344
9813,3,1956,6852.310749891655,2788.880933408011,2020-08-06T13:24:19Z,45.54441667,7.89320000,1423.00,54.337
9814,3,1957,6853.310749891655,2789.880933408011,2020-08-06T13:24:20Z,45.54435000,7.89318333,1418.00,54.331
9815,3,1958,6854.310749891655,2790.880933408011,2020-08-06T13:24:21Z,45.54428333,7.89316667,1424.00,54.325
9816,3,1959,6855.310749891655,2791.880933408011,2020-08-06T13:24:22Z,45.54420000,7.89313333,1422.00,54.316
9817,3,1960,6856.310749891655,2792.880933408011,2020-08-06T13:24:23Z,45.54413333,7.89310000,1423.00,54.309
9818,3,1961,6857.310749891655,2793.880933408011,2020-08-06T13:24:24Z,45.54406667,7.89306667,1421.00,54.302
9819,3,1962,6858.310749891655,2794.880933408011,2020-08-06T13:24:25Z,45.54400000,7.89303333,1419.00,54.295
9820,3,1963,6859.310749891655,2795.880933408011,2020-08-06T13:24:26Z,45.54393333,7.89298333,1420.00,54.287
9821,3,1964,6860.310749891655,2796.880933408011,2020-08-06T13:24:27Z,45.54386667,7.89296667,1421.00,54.281
9822,3,1965,6861.310749891655,2797.880933408011,2020-08-06T13:24:28Z,45.54380000,7.89293333,1420.00,54.274
9823,3,1966,6862.310749891655,2798.880933408011,2020-08-06T13:24:29Z,45.54373333,7.89291667,1419.00,54.268
9824,3,1967,6863.310749891655,2799.880933408011,2020-08-06T13:24:30Z,45.54366667,7.89290000,1419.00,54.262
9825,3,1968,6864.310749891655,2800.880933408011,2020-08-06T13:24:31Z,45.54360000,7.89288333,1411.00,54.255
9826,3,1969,6865.310749891655,2801.880933408011,2020-08-06T13:24:32Z,45.54353333,7.89285000,1416.00,54.248
9827,3,1970,6866.310749891655,2802.880933408011,2020-08-06T13:24:33Z,45.54346667,7.89280000,1411.00,54.24
9828,3,1971,6867.310749891655,2803.880933408011,2020-08-06T13:24:34Z,45.54340000,7.89275000,1409.00,54.232
9829,3,1972,6868.310749891655,2804.880933408011,2020-08-06T13:24:35Z,45.54335000,7.89266667,1405.00,54.224
9830,3,1973,6869.310749891655,2805.880933408011,2020-08-06T13:24:36Z,45.54330000,7.89256667,1404.00,54.214
9831,3,1974,6870.310749891655,2806.880933408011,2020-08-06T13:24:37Z,45.54326667,7.89245000,1405.00,54.205
9832,3,1975,6871.310749891655,2807.880933408011,2020-08-06T13:24:38Z,45.54326667,7.89231667,1412.00,54.198
9833,3,1976,6872.310749891655,2808.880933408011,2020-08-06T13:24:39Z,45.54326667,7.89216667,1399.00,54.19
9834,3,1977,6873.310749891655,2809.880933408011,2020-08-06T13:24:40Z,45.54331667,7.89201667,1399.00,54.185
9835,3,1978,6874.310749891655,2810.880933408011,2020-08-06T13:24:41Z,45.54338333,7.89185000,1407.00,54.182
9836,3,1979,6875.310749891655,2811.880933408011,2020-08-06T13:24:42Z,45.54345000,7.89173333,1407.00,54.18
9837,3,1980,6876.310749891655,2812.880933408011,2020-08-06T13:24:43Z,45.54356667,7.89165000,1401.00,54.185
9838,3,1981,6877.310749891655,2813.880933408011,2020-08-06T13:24:44Z,45.54368333,7.89160000,1405.00,54.192
9839,3,1982,6878.310749891655,2814.880933408011,2020-08-06T13:24:45Z,45.54378333,7.89156667,1405.00,54.198
9840,3,1983,6879.310749891655,2815.880933408011,2020-08-06T13:24:46Z,45.54390000,7.89156667,1405.00,54.207
9841,3,1984,6880.310749891655,2816.880933408011,2020-08-06T13:24:47Z,45.54400000,7.89155000,1403.00,54.214
9842,3,1985,6881.310749891655,2817.880933408011,2020-08-06T13:24:48Z,45.54411667,7.89155000,1402.00,54.223
9843,3,1986,6882.310749891655,2818.880933408011,2020-08-06T13:24:49Z,45.54423333,7.89153333,1403.00,54.231
9844,3,1987,6883.310749891655,2819.880933408011,2020-08-06T13:24:50Z,45.54435000,7.89153333,1396.00,54.241
9845,3,1988,6884.310749891655,2820.880933408011,2020-08-06T13:24:51Z,45.54445000,7.89153333,1401.00,54.249
9846,3,1989,6885.310749891655,2821.880933408011,2020-08-06T13:24:52Z,45.54456667,7.89155000,1397.00,54.259
9847,3,1990,6886.310749891655,2822.880933408011,2020-08-06T13:24:53Z,45.54465000,7.89158333,1401.00,54.267
9848,3,1991,6887.310749891655,2823.880933408011,2020-08-06T13:24:54Z,45.54475000,7.89163333,1401.00,54.278
9849,3,1992,6888.310749891655,2824.880933408011,2020-08-06T13:24:55Z,45.54483333,7.89168333,1403.00,54.287
9850,3,1993,6889.310749891655,2825.880933408011,2020-08-06T13:24:56Z,45.54491667,7.89175000,1402.00,54.297
9851,3,1994,6890.310749891655,2826.880933408011,2020-08-06T13:24:57Z,45.54498333,7.89183333,1400.00,54.307
9852,3,1995,6891.310749891655,2827.880933408011,2020-08-06T13:24:58Z,45.54501667,7.89193333,1397.00,54.315
9853,3,1996,6892.310749891655,2828.880933408011,2020-08-06T13:24:59Z,45.54505000,7.89205000,1397.00,54.324
9854,3,1997,6893.310749891655,2829.880933408011,2020-08-06T13:25:00Z,45.54506667,7.89215000,1402.00,54.331
9855,3,1998,6894.310749891655,2830.880933408011,2020-08-06T13:25:01Z,45.54505000,7.89223333,1403.00,54.334
9856,3,1999,6895.310749891655,2831.880933408011,2020-08-06T13:25:02Z,45.54503333,7.89231667,1408.00,54.338
9857,3,2000,6896.310749891655,2832.880933408011,2020-08-06T13:25:03Z,45.54500000,7.89238333,1389.00,54.339
9858,3,2001,6897.310749891655,2833.880933408011,2020-08-06T13:25:04Z,45.54495000,7.89240000,1405.00,54.336
9859,3,2002,6898.310749891655,2834.880933408011,2020-08-06T13:25:05Z,45.54486667,7.89236667,1401.00,54.327
9860,3,2003,6899.310749891655,2835.880933408011,2020-08-06T13:25:06Z,45.54480000,7.89233333,1400.00,54.32
9861,3,2004,6900.310749891655,2836.880933408011,2020-08-06T13:25:07Z,45.54473333,7.89228333,1401.00,54.312
9862,3,2005,6901.310749891655,2837.880933408011,2020-08-06T13:25:08Z,45.54466667,7.89223333,1398.00,54.304
9863,3,2006,6902.310749891655,2838.880933408011,2020-08-06T13:25:09Z,45.54460000,7.89218333,1397.00,54.296
9864,3,2007,6903.310749891655,2839.880933408011,2020-08-06T13:25:10Z,45.54453333,7.89211667,1399.00,54.287
9865,3,2008,6904.310749891655,2840.880933408011,2020-08-06T13:25:11Z,45.54446667,7.89206667,1391.00,54.279
9866,3,2009,6905.310749891655,2841.880933408011,2020-08-06T13:25:12Z,45.54440000,7.89200000,1393.00,54.27
9867,3,2010,6906.310749891655,2842.880933408011,2020-08-06T13:25:13Z,45.54433333,7.89195000,1395.00,54.262
9868,3,2011,6907.310749891655,2843.880933408011,2020-08-06T13:25:14Z,45.54426667,7.89188333,1391.00,54.253
9869,3,2012,6908.310749891655,2844.880933408011,2020-08-06T13:25:15Z,45.54420000,7.89183333,1390.00,54.245
9870,3,2013,6909.310749891655,2845.880933408011,2020-08-06T13:25:16Z,45.54415000,7.89176667,1388.00,54.238
9871,3,2014,6910.310749891655,2846.880933408011,2020-08-06T13:25:17Z,45.54408333,7.89168333,1384.00,54.228
9872,3,2015,6911.310749891655,2847.880933408011,2020-08-06T13:25:18Z,45.54401667,7.89160000,1384.00,54.218
9873,3,2016,6912.310749891655,2848.880933408011,2020-08-06T13:25:19Z,45.54393333,7.89151667,1383.00,54.207
9874,3,2017,6913.310749891655,2849.880933408011,2020-08-06T13:25:20Z,45.54386667,7.89143333,1385.00,54.197
9875,3,2018,6914.310749891655,2850.880933408011,2020-08-06T13:25:21Z,45.54380000,7.89135000,1388.00,54.187
9876,3,2019,6915.310749891655,2851.880933408011,2020-08-06T13:25:22Z,45.54376667,7.89128333,1386.00,54.181
9877,3,2020,6916.310749891655,2852.880933408011,2020-08-06T13:25:23Z,45.54373333,7.89121667,1388.00,54.175
9878,3,2021,6917.310749891655,2853.880933408011,2020-08-06T13:25:24Z,45.54368333,7.89115000,1392.00,54.167
9879,3,2022,6918.310749891655,2854.880933408011,2020-08-06T13:25:25Z,45.54363333,7.89108333,1386.00,54.159
9880,3,2023,6919.310749891655,2855.880933408011,2020-08-06T13:25:26Z,45.54356667,7.89101667,1384.00,54.15
9881,3,2024,6920.310749891655,2856.880933408011,2020-08-06T13:25:27Z,45.54350000,7.89096667,1389.00,54.142
9882,3,2025,6921.310749891655,2857.880933408011,2020-08-06T13:25:28Z,45.54341667,7.89090000,1387.00,54.132
9883,3,2026,6922.310749891655,2858.880933408011,2020-08-06T13:25:29Z,45.54335000,7.89086667,1385.00,54.125
9884,3,2027,6923.310749891655,2859.880933408011,2020-08-06T13:25:30Z,45.54328333,7.89080000,1385.00,54.116
9885,3,2028,6924.310749891655,2860.880933408011,2020-08-06T13:25:31Z,45.54321667,7.89075000,1400.00,54.108
9886,3,2029,6925.310749891655,2861.880933408011,2020-08-06T13:25:32Z,45.54316667,7.89066667,1386.00,54.1
9887,3,2030,6926.310749891655,2862.880933408011,2020-08-06T13:25:33Z,45.54311667,7.89060000,1384.00,54.092
9888,3,2031,6927.310749891655,2863.880933408011,2020-08-06T13:25:34Z,45.54305000,7.89053333,1383.00,54.083
9889,3,2032,6928.310749891655,2864.880933408011,2020-08-06T13:25:35Z,45.54296667,7.89050000,1379.00,54.075
9890,3,2033,6929.310749891655,2865.880933408011,2020-08-06T13:25:36Z,45.54290000,7.89045000,1379.00,54.067
9891,3,2034,6930.310749891655,2866.880933408011,2020-08-06T13:25:37Z,45.54283333,7.89040000,1381.00,54.059
9892,3,2035,6931.310749891655,2867.880933408011,2020-08-06T13:25:38Z,45.54276667,7.89031667,1375.00,54.049
9893,3,2036,6932.310749891655,2868.880933408011,2020-08-06T13:25:39Z,45.54271667,7.89025000,1380.00,54.041
9894,3,2037,6933.310749891655,2869.880933408011,2020-08-06T13:25:40Z,45.54266667,7.89016667,1376.00,54.033
9895,3,2038,6934.310749891655,2870.880933408011,2020-08-06T13:25:41Z,45.54260000,7.89008333,1379.00,54.023
9896,3,2039,6935.310749891655,2871.880933408011,2020-08-06T13:25:42Z,45.54253333,7.89000000,1378.00,54.013
9897,3,2040,6936.310749891655,2872.880933408011,2020-08-06T13:25:43Z,45.54246667,7.88993333,1376.00,54.004
9898,3,2041,6937.310749891655,2873.880933408011,2020-08-06T13:25:44Z,45.54240000,7.88985000,1374.00,53.994
9899,3,2042,6938.310749891655,2874.880933408011,2020-08-06T13:25:45Z,45.54235000,7.88976667,1367.00,53.986
9900,3,2043,6939.310749891655,2875.880933408011,2020-08-06T13:25:46Z,45.54228333,7.88968333,1378.00,53.976
9901,3,2044,6940.310749891655,2876.880933408011,2020-08-06T13:25:47Z,45.54223333,7.88960000,1371.00,53.967
9902,3,2045,6941.310749891655,2877.880933408011,2020-08-06T13:25:48Z,45.54218333,7.88953333,1373.00,53.96
9903,3,2046,6942.310749891655,2878.880933408011,2020-08-06T13:25:49Z,45.54211667,7.88945000,1371.00,53.95
9904,3,2047,6943.310749891655,2879.880933408011,2020-08-06T13:25:50Z,45.54205000,7.88938333,1373.00,53.941
9905,3,2048,6944.310749891655,2880.880933408011,2020-08-06T13:25:51Z,45.54198333,7.88930000,1366.00,53.931
9906,3,2049,6945.310749891655,2881.880933408011,2020-08-06T13:25:52Z,45.54193333,7.88921667,1369.00,53.923
9907,3,2050,6946.310749891655,2882.880933408011,2020-08-06T13:25:53Z,45.54186667,7.88911667,1363.00,53.912
9908,3,2051,6947.310749891655,2883.880933408011,2020-08-06T13:25:54Z,45.54181667,7.88901667,1365.00,53.903
9909,3,2052,6948.310749891655,2884.880933408011,2020-08-06T13:25:55Z,45.54176667,7.88891667,1362.00,53.893
9910,3,2053,6949.310749891655,2885.880933408011,2020-08-06T13:25:56Z,45.54171667,7.88881667,1365.00,53.884
9911,3,2054,6950.310749891655,2886.880933408011,2020-08-06T13:25:57Z,45.54166667,7.88871667,1358.00,53.874
9912,3,2055,6951.310749891655,2887.880933408011,2020-08-06T13:25:58Z,45.54160000,7.88860000,1361.00,53.863
9913,3,2056,6952.310749891655,2888.880933408011,2020-08-06T13:25:59Z,45.54156667,7.88846667,1352.00,53.853
9914,3,2057,6953.310749891655,2889.880933408011,2020-08-06T13:26:00Z,45.54153333,7.88831667,1353.00,53.842
9915,3,2058,6954.310749891655,2890.880933408011,2020-08-06T13:26:01Z,45.54150000,7.88816667,1356.00,53.831
9916,3,2059,6955.310749891655,2891.880933408011,2020-08-06T13:26:02Z,45.54148333,7.88801667,1359.00,53.821
9917,3,2060,6956.310749891655,2892.880933408011,2020-08-06T13:26:03Z,45.54146667,7.88788333,1353.00,53.813
9918,3,2061,6957.310749891655,2893.880933408011,2020-08-06T13:26:04Z,45.54145000,7.88776667,1355.00,53.805
9919,3,2062,6958.310749891655,2894.880933408011,2020-08-06T13:26:05Z,45.54143333,7.88763333,1356.00,53.797
9920,3,2063,6959.310749891655,2895.880933408011,2020-08-06T13:26:06Z,45.54141667,7.88748333,1351.00,53.787
9921,3,2064,6960.310749891655,2896.880933408011,2020-08-06T13:26:07Z,45.54140000,7.88733333,1350.00,53.778
9922,3,2065,6961.310749891655,2897.880933408011,2020-08-06T13:26:08Z,45.54138333,7.88718333,1352.00,53.768
9923,3,2066,6962.310749891655,2898.880933408011,2020-08-06T13:26:09Z,45.54135000,7.88703333,1350.00,53.757
9924,3,2067,6963.310749891655,2899.880933408011,2020-08-06T13:26:10Z,45.54133333,7.88688333,1345.00,53.748
9925,3,2068,6964.310749891655,2900.880933408011,2020-08-06T13:26:11Z,45.54130000,7.88675000,1348.00,53.738
9926,3,2069,6965.310749891655,2901.880933408011,2020-08-06T13:26:12Z,45.54128333,7.88661667,1354.00,53.729
9927,3,2070,6966.310749891655,2902.880933408011,2020-08-06T13:26:13Z,45.54128333,7.88650000,1347.00,53.723
9928,3,2071,6967.310749891655,2903.880933408011,2020-08-06T13:26:14Z,45.54126667,7.88635000,1351.00,53.713
9929,3,2072,6968.310749891655,2904.880933408011,2020-08-06T13:26:15Z,45.54125000,7.88620000,1344.00,53.704
9930,3,2073,6969.310749891655,2905.880933408011,2020-08-06T13:26:16Z,45.54123333,7.88603333,1350.00,53.693
9931,3,2074,6970.310749891655,2906.880933408011,2020-08-06T13:26:17Z,45.54121667,7.88588333,1350.00,53.684
9932,3,2075,6971.310749891655,2907.880933408011,2020-08-06T13:26:18Z,45.54121667,7.88575000,1343.00,53.677
9933,3,2076,6972.310749891655,2908.880933408011,2020-08-06T13:26:19Z,45.54121667,7.88563333,1345.00,53.67
9934,3,2077,6973.310749891655,2909.880933408011,2020-08-06T13:26:20Z,45.54121667,7.88550000,1343.00,53.663
9935,3,2078,6974.310749891655,2910.880933408011,2020-08-06T13:26:21Z,45.54121667,7.88536667,1338.00,53.656
9936,3,2079,6975.310749891655,2911.880933408011,2020-08-06T13:26:22Z,45.54118333,7.88521667,1347.00,53.645
9937,3,2080,6976.310749891655,2912.880933408011,2020-08-06T13:26:23Z,45.54116667,7.88506667,1343.00,53.635
9938,3,2081,6977.310749891655,2913.880933408011,2020-08-06T13:26:24Z,45.54113333,7.88491667,1347.00,53.625
9939,3,2082,6978.310749891655,2914.880933408011,2020-08-06T13:26:25Z,45.54111667,7.88478333,1344.00,53.616
9940,3,2083,6979.310749891655,2915.880933408011,2020-08-06T13:26:26Z,45.54110000,7.88466667,1345.00,53.608
9941,3,2084,6980.310749891655,2916.880933408011,2020-08-06T13:26:27Z,45.54108333,7.88455000,1359.00,53.601
9942,3,2085,6981.310749891655,2917.880933408011,2020-08-06T13:26:28Z,45.54106667,7.88441667,1343.00,53.592
9943,3,2086,6982.310749891655,2918.880933408011,2020-08-06T13:26:29Z,45.54106667,7.88428333,1326.00,53.585
9944,3,2087,6983.310749891655,2919.880933408011,2020-08-06T13:26:30Z,45.54106667,7.88415000,1348.00,53.578
9945,3,2088,6984.310749891655,2920.880933408011,2020-08-06T13:26:31Z,45.54110000,7.88401667,1353.00,53.573
9946,3,2089,6985.310749891655,2921.880933408011,2020-08-06T13:26:32Z,45.54116667,7.88390000,1349.00,53.572
9947,3,2090,6986.310749891655,2922.880933408011,2020-08-06T13:26:33Z,45.54128333,7.88380000,1352.00,53.576
9948,3,2091,6987.310749891655,2923.880933408011,2020-08-06T13:26:34Z,45.54143333,7.88375000,1367.00,53.585
9949,3,2092,6988.310749891655,2924.880933408011,2020-08-06T13:26:35Z,45.54155000,7.88371667,1349.00,53.592
9950,3,2093,6989.310749891655,2925.880933408011,2020-08-06T13:26:36Z,45.54163333,7.88375000,1361.00,53.601
9951,3,2094,6990.310749891655,2926.880933408011,2020-08-06T13:26:37Z,45.54168333,7.88383333,1358.00,53.609
9952,3,2095,6991.310749891655,2927.880933408011,2020-08-06T13:26:38Z,45.54171667,7.88393333,1363.00,53.618
9953,3,2096,6992.310749891655,2928.880933408011,2020-08-06T13:26:39Z,45.54171667,7.88405000,1360.00,53.624
9954,3,2097,6993.310749891655,2929.880933408011,2020-08-06T13:26:40Z,45.54170000,7.88413333,1360.00,53.627
9955,3,2098,6994.310749891655,2930.880933408011,2020-08-06T13:26:41Z,45.54165000,7.88423333,1367.00,53.628
9956,3,2099,6995.310749891655,2931.880933408011,2020-08-06T13:26:42Z,45.54158333,7.88425000,1375.00,53.624
9957,3,2100,6996.310749891655,2932.880933408011,2020-08-06T13:26:43Z,45.54148333,7.88415000,1358.00,53.611
9958,3,2101,6997.310749891655,2933.880933408011,2020-08-06T13:26:44Z,45.54141667,7.88406667,1380.00,53.601
9959,3,2102,6998.310749891655,2934.880933408011,2020-08-06T13:26:45Z,45.54138333,7.88398333,1369.00,53.594
9960,3,2103,6999.310749891655,2935.880933408011,2020-08-06T13:26:46Z,45.54136667,7.88386667,1372.00,53.586
9961,3,2104,7000.310749891655,2936.880933408011,2020-08-06T13:26:47Z,45.54138333,7.88373333,1372.00,53.58
9962,3,2105,7001.310749891655,2937.880933408011,2020-08-06T13:26:48Z,45.54143333,7.88356667,1369.00,53.575
9963,3,2106,7002.310749891655,2938.880933408011,2020-08-06T13:26:49Z,45.54148333,7.88343333,1365.00,53.572
9964,3,2107,7003.310749891655,2939.880933408011,2020-08-06T13:26:50Z,45.54158333,7.88333333,1374.00,53.574
9965,3,2108,7004.310749891655,2940.880933408011,2020-08-06T13:26:51Z,45.54171667,7.88331667,1377.00,53.584
9966,3,2109,7005.310749891655,2941.880933408011,2020-08-06T13:26:52Z,45.54185000,7.88331667,1375.00,53.595
9967,3,2110,7006.310749891655,2942.880933408011,2020-08-06T13:26:53Z,45.54195000,7.88336667,1364.00,53.605
9968,3,2111,7007.310749891655,2943.880933408011,2020-08-06T13:26:54Z,45.54200000,7.88346667,1380.00,53.615
9969,3,2112,7008.310749891655,2944.880933408011,2020-08-06T13:26:55Z,45.54201667,7.88356667,1376.00,53.622
9970,3,2113,7009.310749891655,2945.880933408011,2020-08-06T13:26:56Z,45.54201667,7.88365000,1387.00,53.626
9971,3,2114,7010.310749891655,2946.880933408011,2020-08-06T13:26:57Z,45.54200000,7.88373333,1375.00,53.629
9972,3,2115,7011.310749891655,2947.880933408011,2020-08-06T13:26:58Z,45.54196667,7.88380000,1381.00,53.63
9973,3,2116,7012.310749891655,2948.880933408011,2020-08-06T13:26:59Z,45.54191667,7.88381667,1386.00,53.627
9974,3,2117,7013.310749891655,2949.880933408011,2020-08-06T13:27:00Z,45.54185000,7.88371667,1390.00,53.616
9975,3,2118,7014.310749891655,2950.880933408011,2020-08-06T13:27:01Z,45.54181667,7.88363333,1388.00,53.609
9976,3,2119,7015.310749891655,2951.880933408011,2020-08-06T13:27:02Z,45.54180000,7.88353333,1380.00,53.602
9977,3,2120,7016.310749891655,2952.880933408011,2020-08-06T13:27:03Z,45.54181667,7.88340000,1396.00,53.597
9978,3,2121,7017.310749891655,2953.880933408011,2020-08-06T13:27:04Z,45.54186667,7.88325000,1389.00,53.592
9979,3,2122,7018.310749891655,2954.880933408011,2020-08-06T13:27:05Z,45.54195000,7.88313333,1375.00,53.593
9980,3,2123,7019.310749891655,2955.880933408011,2020-08-06T13:27:06Z,45.54206667,7.88305000,1395.00,53.598
9981,3,2124,7020.310749891655,2956.880933408011,2020-08-06T13:27:07Z,45.54218333,7.88301667,1391.00,53.605
9982,3,2125,7021.310749891655,2957.880933408011,2020-08-06T13:27:08Z,45.54230000,7.88301667,1384.00,53.614
9983,3,2126,7022.310749891655,2958.880933408011,2020-08-06T13:27:09Z,45.54238333,7.88306667,1394.00,53.624
9984,3,2127,7023.310749891655,2959.880933408011,2020-08-06T13:27:10Z,45.54245000,7.88315000,1392.00,53.634
9985,3,2128,7024.310749891655,2960.880933408011,2020-08-06T13:27:11Z,45.54250000,7.88325000,1394.00,53.643
9986,3,2129,7025.310749891655,2961.880933408011,2020-08-06T13:27:12Z,45.54251667,7.88335000,1400.00,53.65
9987,3,2130,7026.310749891655,2962.880933408011,2020-08-06T13:27:13Z,45.54250000,7.88345000,1396.00,53.654
9988,3,2131,7027.310749891655,2963.880933408011,2020-08-06T13:27:14Z,45.54248333,7.88353333,1400.00,53.657
9989,3,2132,7028.310749891655,2964.880933408011,2020-08-06T13:27:15Z,45.54243333,7.88361667,1398.00,53.658
9990,3,2133,7029.310749891655,2965.880933408011,2020-08-06T13:27:16Z,45.54236667,7.88361667,1393.00,53.652
9991,3,2134,7030.310749891655,2966.880933408011,2020-08-06T13:27:17Z,45.54230000,7.88358333,1405.00,53.645
9992,3,2135,7031.310749891655,2967.880933408011,2020-08-06T13:27:18Z,45.54223333,7.88351667,1413.00,53.636
9993,3,2136,7032.310749891655,2968.880933408011,2020-08-06T13:27:19Z,45.54220000,7.88341667,1407.00,53.628
9994,3,2137,7033.310749891655,2969.880933408011,2020-08-06T13:27:20Z,45.54218333,7.88330000,1401.00,53.62
9995,3,2138,7034.310749891655,2970.880933408011,2020-08-06T13:27:21Z,45.54220000,7.88315000,1410.00,53.614
9996,3,2139,7035.310749891655,2971.880933408011,2020-08-06T13:27:22Z,45.54223333,7.88300000,1399.00,53.608
9997,3,2140,7036.310749891655,2972.880933408011,2020-08-06T13:27:23Z,45.54230000,7.88286667,1404.00,53.606
9998,3,2141,7037.310749891655,2973.880933408011,2020-08-06T13:27:24Z,45.54238333,7.88273333,1414.00,53.606
9999,3,2142,7038.310749891655,2974.880933408011,2020-08-06T13:27:25Z,45.54248333,7.88265000,1405.00,53.609
10000,3,2143,7039.310749891655,2975.880933408011,2020-08-06T13:27:26Z,45.54260000,7.88260000,1409.00,53.616
10001,3,2144,7040.310749891655,2976.880933408011,2020-08-06T13:27:27Z,45.54270000,7.88258333,1409.00,53.623
10002,3,2145,7041.310749891655,2977.880933408011,2020-08-06T13:27:28Z,45.54278333,7.88260000,1410.00,53.631
10003,3,2146,7042.310749891655,2978.880933408011,2020-08-06T13:27:29Z,45.54288333,7.88266667,1417.00,53.642
10004,3,2147,7043.310749891655,2979.880933408011,2020-08-06T13:27:30Z,45.54295000,7.88273333,1418.00,53.651
10005,3,2148,7044.310749891655,2980.880933408011,2020-08-06T13:27:31Z,45.54300000,7.88281667,1420.00,53.66
10006,3,2149,7045.310749891655,2981.880933408011,2020-08-06T13:27:32Z,45.54303333,7.88291667,1416.00,53.668
10007,3,2150,7046.310749891655,2982.880933408011,2020-08-06T13:27:33Z,45.54301667,7.88300000,1420.00,53.671
10008,3,2151,7047.310749891655,2983.880933408011,2020-08-06T13:27:34Z,45.54300000,7.88308333,1424.00,53.674
10009,3,2152,7048.310749891655,2984.880933408011,2020-08-06T13:27:35Z,45.54295000,7.88315000,1427.00,53.674
10010,3,2153,7049.310749891655,2985.880933408011,2020-08-06T13:27:36Z,45.54288333,7.88318333,1427.00,53.67
10011,3,2154,7050.310749891655,2986.880933408011,2020-08-06T13:27:37Z,45.54281667,7.88316667,1427.00,53.664
10012,3,2155,7051.310749891655,2987.880933408011,2020-08-06T13:27:38Z,45.54276667,7.88315000,1422.00,53.659
10013,3,2156,7052.310749891655,2988.880933408011,2020-08-06T13:27:39Z,45.54271667,7.88308333,1428.00,53.651
10014,3,2157,7053.310749891655,2989.880933408011,2020-08-06T13:27:40Z,45.54268333,7.88300000,1430.00,53.644
10015,3,2158,7054.310749891655,2990.880933408011,2020-08-06T13:27:41Z,45.54265000,7.88290000,1431.00,53.636
10016,3,2159,7055.310749891655,2991.880933408011,2020-08-06T13:27:42Z,45.54261667,7.88278333,1438.00,53.627
10017,3,2160,7056.310749891655,2992.880933408011,2020-08-06T13:27:43Z,45.54261667,7.88263333,1438.00,53.619
10018,3,2161,7057.310749891655,2993.880933408011,2020-08-06T13:27:44Z,45.54265000,7.88248333,1436.00,53.614
10019,3,2162,7058.310749891655,2994.880933408011,2020-08-06T13:27:45Z,45.54268333,7.88233333,1433.00,53.608
10020,3,2163,7059.310749891655,2995.880933408011,2020-08-06T13:27:46Z,45.54275000,7.88218333,1434.00,53.605
10021,3,2164,7060.310749891655,2996.880933408011,2020-08-06T13:27:47Z,45.54281667,7.88206667,1448.00,53.604
10022,3,2165,7061.310749891655,2997.880933408011,2020-08-06T13:27:48Z,45.54291667,7.88196667,1423.00,53.607
10023,3,2166,7062.310749891655,2998.880933408011,2020-08-06T13:27:49Z,45.54301667,7.88188333,1443.00,53.611
10024,3,2167,7063.310749891655,2999.880933408011,2020-08-06T13:27:50Z,45.54313333,7.88183333,1439.00,53.617
10025,3,2168,7064.310749891655,3000.880933408011,2020-08-06T13:27:51Z,45.54323333,7.88180000,1440.00,53.623
10026,3,2169,7065.310749891655,3001.880933408011,2020-08-06T13:27:52Z,45.54335000,7.88180000,1444.00,53.633
10027,3,2170,7066.310749891655,3002.880933408011,2020-08-06T13:27:53Z,45.54345000,7.88183333,1435.00,53.643
10028,3,2171,7067.310749891655,3003.880933408011,2020-08-06T13:27:54Z,45.54355000,7.88188333,1444.00,53.653
10029,3,2172,7068.310749891655,3004.880933408011,2020-08-06T13:27:55Z,45.54361667,7.88195000,1444.00,53.662
10030,3,2173,7069.310749891655,3005.880933408011,2020-08-06T13:27:56Z,45.54368333,7.88203333,1444.00,53.672
10031,3,2174,7070.310749891655,3006.880933408011,2020-08-06T13:27:57Z,45.54370000,7.88213333,1451.00,53.679
10032,3,2175,7071.310749891655,3007.880933408011,2020-08-06T13:27:58Z,45.54370000,7.88223333,1443.00,53.684
10033,3,2176,7072.310749891655,3008.880933408011,2020-08-06T13:27:59Z,45.54365000,7.88231667,1451.00,53.685
10034,3,2177,7073.310749891655,3009.880933408011,2020-08-06T13:28:00Z,45.54360000,7.88238333,1451.00,53.684
10035,3,2178,7074.310749891655,3010.880933408011,2020-08-06T13:28:01Z,45.54355000,7.88240000,1450.00,53.681
10036,3,2179,7075.310749891655,3011.880933408011,2020-08-06T13:28:02Z,45.54346667,7.88240000,1453.00,53.675
10037,3,2180,7076.310749891655,3012.880933408011,2020-08-06T13:28:03Z,45.54340000,7.88235000,1456.00,53.666
10038,3,2181,7077.310749891655,3013.880933408011,2020-08-06T13:28:04Z,45.54336667,7.88228333,1463.00,53.66
10039,3,2182,7078.310749891655,3014.880933408011,2020-08-06T13:28:05Z,45.54333333,7.88216667,1453.00,53.651
10040,3,2183,7079.310749891655,3015.880933408011,2020-08-06T13:28:06Z,45.54333333,7.88201667,1461.00,53.643
10041,3,2184,7080.310749891655,3016.880933408011,2020-08-06T13:28:07Z,45.54335000,7.88185000,1465.00,53.636
10042,3,2185,7081.310749891655,3017.880933408011,2020-08-06T13:28:08Z,45.54338333,7.88168333,1459.00,53.629
10043,3,2186,7082.310749891655,3018.880933408011,2020-08-06T13:28:09Z,45.54345000,7.88153333,1459.00,53.626
10044,3,2187,7083.310749891655,3019.880933408011,2020-08-06T13:28:10Z,45.54355000,7.88141667,1470.00,53.628
10045,3,2188,7084.310749891655,3020.880933408011,2020-08-06T13:28:11Z,45.54368333,7.88135000,1477.00,53.635
10046,3,2189,7085.310749891655,3021.880933408011,2020-08-06T13:28:12Z,45.54380000,7.88135000,1467.00,53.645
10047,3,2190,7086.310749891655,3022.880933408011,2020-08-06T13:28:13Z,45.54390000,7.88138333,1476.00,53.655
10048,3,2191,7087.310749891655,3023.880933408011,2020-08-06T13:28:14Z,45.54396667,7.88145000,1476.00,53.664
10049,3,2192,7088.310749891655,3024.880933408011,2020-08-06T13:28:15Z,45.54401667,7.88155000,1472.00,53.673
10050,3,2193,7089.310749891655,3025.880933408011,2020-08-06T13:28:16Z,45.54405000,7.88165000,1480.00,53.681
10051,3,2194,7090.310749891655,3026.880933408011,2020-08-06T13:28:17Z,45.54405000,7.88175000,1477.00,53.686
10052,3,2195,7091.310749891655,3027.880933408011,2020-08-06T13:28:18Z,45.54403333,7.88183333,1479.00,53.69
10053,3,2196,7092.310749891655,3028.880933408011,2020-08-06T13:28:19Z,45.54398333,7.88191667,1485.00,53.69
10054,3,2197,7093.310749891655,3029.880933408011,2020-08-06T13:28:20Z,45.54391667,7.88195000,1485.00,53.686
10055,3,2198,7094.310749891655,3030.880933408011,2020-08-06T13:28:21Z,45.54385000,7.88196667,1497.00,53.682
10056,3,2199,7095.310749891655,3031.880933408011,2020-08-06T13:28:22Z,45.54378333,7.88193333,1491.00,53.675
10057,3,2200,7096.310749891655,3032.880933408011,2020-08-06T13:28:23Z,45.54371667,7.88188333,1488.00,53.667
10058,3,2201,7097.310749891655,3033.880933408011,2020-08-06T13:28:24Z,45.54368333,7.88180000,1496.00,53.66
10059,3,2202,7098.310749891655,3034.880933408011,2020-08-06T13:28:25Z,45.54365000,7.88168333,1491.00,53.651
10060,3,2203,7099.310749891655,3035.880933408011,2020-08-06T13:28:26Z,45.54363333,7.88155000,1503.00,53.642
10061,3,2204,7100.310749891655,3036.880933408011,2020-08-06T13:28:27Z,45.54363333,7.88138333,1501.00,53.633
10062,3,2205,7101.310749891655,3037.880933408011,2020-08-06T13:28:28Z,45.54366667,7.88123333,1502.00,53.628
10063,3,2206,7102.310749891655,3038.880933408011,2020-08-06T13:28:29Z,45.54370000,7.88108333,1495.00,53.622
10064,3,2207,7103.310749891655,3039.880933408011,2020-08-06T13:28:30Z,45.54376667,7.88093333,1492.00,53.62
10065,3,2208,7104.310749891655,3040.880933408011,2020-08-06T13:28:31Z,45.54385000,7.88080000,1490.00,53.619
10066,3,2209,7105.310749891655,3041.880933408011,2020-08-06T13:28:32Z,45.54395000,7.88068333,1505.00,53.621
10067,3,2210,7106.310749891655,3042.880933408011,2020-08-06T13:28:33Z,45.54406667,7.88061667,1514.00,53.627
10068,3,2211,7107.310749891655,3043.880933408011,2020-08-06T13:28:34Z,45.54418333,7.88058333,1496.00,53.634
10069,3,2212,7108.310749891655,3044.880933408011,2020-08-06T13:28:35Z,45.54428333,7.88058333,1515.00,53.642
10070,3,2213,7109.310749891655,3045.880933408011,2020-08-06T13:28:36Z,45.54436667,7.88060000,1501.00,53.65
10071,3,2214,7110.310749891655,3046.880933408011,2020-08-06T13:28:37Z,45.54445000,7.88066667,1510.00,53.66
10072,3,2215,7111.310749891655,3047.880933408011,2020-08-06T13:28:38Z,45.54451667,7.88073333,1506.00,53.669
10073,3,2216,7112.310749891655,3048.880933408011,2020-08-06T13:28:39Z,45.54456667,7.88081667,1517.00,53.678
10074,3,2217,7113.310749891655,3049.880933408011,2020-08-06T13:28:40Z,45.54458333,7.88090000,1512.00,53.684
10075,3,2218,7114.310749891655,3050.880933408011,2020-08-06T13:28:41Z,45.54456667,7.88098333,1511.00,53.687
10076,3,2219,7115.310749891655,3051.880933408011,2020-08-06T13:28:42Z,45.54453333,7.88106667,1519.00,53.689
10077,3,2220,7116.310749891655,3052.880933408011,2020-08-06T13:28:43Z,45.54448333,7.88111667,1522.00,53.687
10078,3,2221,7117.310749891655,3053.880933408011,2020-08-06T13:28:44Z,45.54441667,7.88113333,1528.00,53.683
10079,3,2222,7118.310749891655,3054.880933408011,2020-08-06T13:28:45Z,45.54433333,7.88110000,1507.00,53.674
10080,3,2223,7119.310749891655,3055.880933408011,2020-08-06T13:28:46Z,45.54428333,7.88101667,1520.00,53.666
10081,3,2224,7120.310749891655,3056.880933408011,2020-08-06T13:28:47Z,45.54423333,7.88090000,1513.00,53.655
10082,3,2225,7121.310749891655,3057.880933408011,2020-08-06T13:28:48Z,45.54421667,7.88076667,1531.00,53.647
10083,3,2226,7122.310749891655,3058.880933408011,2020-08-06T13:28:49Z,45.54421667,7.88060000,1530.00,53.638
10084,3,2227,7123.310749891655,3059.880933408011,2020-08-06T13:28:50Z,45.54425000,7.88045000,1535.00,53.633
10085,3,2228,7124.310749891655,3060.880933408011,2020-08-06T13:28:51Z,45.54428333,7.88026667,1520.00,53.626
10086,3,2229,7125.310749891655,3061.880933408011,2020-08-06T13:28:52Z,45.54435000,7.88011667,1534.00,53.623
10087,3,2230,7126.310749891655,3062.880933408011,2020-08-06T13:28:53Z,45.54443333,7.87998333,1530.00,53.622
10088,3,2231,7127.310749891655,3063.880933408011,2020-08-06T13:28:54Z,45.54455000,7.87988333,1543.00,53.626
10089,3,2232,7128.310749891655,3064.880933408011,2020-08-06T13:28:55Z,45.54465000,7.87981667,1520.00,53.631
10090,3,2233,7129.310749891655,3065.880933408011,2020-08-06T13:28:56Z,45.54476667,7.87978333,1539.00,53.639
10091,3,2234,7130.310749891655,3066.880933408011,2020-08-06T13:28:57Z,45.54488333,7.87980000,1542.00,53.649
10092,3,2235,7131.310749891655,3067.880933408011,2020-08-06T13:28:58Z,45.54496667,7.87985000,1527.00,53.658
10093,3,2236,7132.310749891655,3068.880933408011,2020-08-06T13:28:59Z,45.54503333,7.87993333,1537.00,53.668
10094,3,2237,7133.310749891655,3069.880933408011,2020-08-06T13:29:00Z,45.54506667,7.88003333,1547.00,53.676
10095,3,2238,7134.310749891655,3070.880933408011,2020-08-06T13:29:01Z,45.54506667,7.88013333,1536.00,53.682
10096,3,2239,7135.310749891655,3071.880933408011,2020-08-06T13:29:02Z,45.54503333,7.88021667,1540.00,53.683
10097,3,2240,7136.310749891655,3072.880933408011,2020-08-06T13:29:03Z,45.54500000,7.88028333,1544.00,53.684
10098,3,2241,7137.310749891655,3073.880933408011,2020-08-06T13:29:04Z,45.54495000,7.88030000,1542.00,53.681
10099,3,2242,7138.310749891655,3074.880933408011,2020-08-06T13:29:05Z,45.54488333,7.88031667,1543.00,53.677
10100,3,2243,7139.310749891655,3075.880933408011,2020-08-06T13:29:06Z,45.54481667,7.88030000,1537.00,53.67
10101,3,2244,7140.310749891655,3076.880933408011,2020-08-06T13:29:07Z,45.54475000,7.88026667,1548.00,53.663
10102,3,2245,7141.310749891655,3077.880933408011,2020-08-06T13:29:08Z,45.54470000,7.88018333,1544.00,53.655
10103,3,2246,7142.310749891655,3078.880933408011,2020-08-06T13:29:09Z,45.54465000,7.88010000,1548.00,53.646
10104,3,2247,7143.310749891655,3079.880933408011,2020-08-06T13:29:10Z,45.54461667,7.87998333,1554.00,53.637
10105,3,2248,7144.310749891655,3080.880933408011,2020-08-06T13:29:11Z,45.54460000,7.87981667,1549.00,53.627
10106,3,2249,7145.310749891655,3081.880933408011,2020-08-06T13:29:12Z,45.54458333,7.87965000,1551.00,53.617
10107,3,2250,7146.310749891655,3082.880933408011,2020-08-06T13:29:13Z,45.54461667,7.87948333,1553.00,53.61
10108,3,2251,7147.310749891655,3083.880933408011,2020-08-06T13:29:14Z,45.54465000,7.87931667,1560.00,53.604
10109,3,2252,7148.310749891655,3084.880933408011,2020-08-06T13:29:15Z,45.54471667,7.87915000,1562.00,53.601
10110,3,2253,7149.310749891655,3085.880933408011,2020-08-06T13:29:16Z,45.54480000,7.87898333,1555.00,53.599
10111,3,2254,7150.310749891655,3086.880933408011,2020-08-06T13:29:17Z,45.54488333,7.87885000,1553.00,53.598
10112,3,2255,7151.310749891655,3087.880933408011,2020-08-06T13:29:18Z,45.54500000,7.87873333,1558.00,53.601
10113,3,2256,7152.310749891655,3088.880933408011,2020-08-06T13:29:19Z,45.54513333,7.87865000,1563.00,53.608
10114,3,2257,7153.310749891655,3089.880933408011,2020-08-06T13:29:20Z,45.54525000,7.87860000,1557.00,53.615
10115,3,2258,7154.310749891655,3090.880933408011,2020-08-06T13:29:21Z,45.54536667,7.87860000,1554.00,53.624
10116,3,2259,7155.310749891655,3091.880933408011,2020-08-06T13:29:22Z,45.54545000,7.87863333,1562.00,53.633
10117,3,2260,7156.310749891655,3092.880933408011,2020-08-06T13:29:23Z,45.54553333,7.87870000,1560.00,53.643
10118,3,2261,7157.310749891655,3093.880933408011,2020-08-06T13:29:24Z,45.54558333,7.87878333,1559.00,53.651
10119,3,2262,7158.310749891655,3094.880933408011,2020-08-06T13:29:25Z,45.54561667,7.87888333,1547.00,53.659
10120,3,2263,7159.310749891655,3095.880933408011,2020-08-06T13:29:26Z,45.54563333,7.87898333,1553.00,53.666
10121,3,2264,7160.310749891655,3096.880933408011,2020-08-06T13:29:27Z,45.54563333,7.87908333,1559.00,53.671
10122,3,2265,7161.310749891655,3097.880933408011,2020-08-06T13:29:28Z,45.54561667,7.87916667,1561.00,53.674
10123,3,2266,7162.310749891655,3098.880933408011,2020-08-06T13:29:29Z,45.54558333,7.87925000,1560.00,53.676
10124,3,2267,7163.310749891655,3099.880933408011,2020-08-06T13:29:30Z,45.54553333,7.87930000,1555.00,53.675
10125,3,2268,7164.310749891655,3100.880933408011,2020-08-06T13:29:31Z,45.54548333,7.87933333,1561.00,53.673
10126,3,2269,7165.310749891655,3101.880933408011,2020-08-06T13:29:32Z,45.54541667,7.87935000,1559.00,53.668
10127,3,2270,7166.310749891655,3102.880933408011,2020-08-06T13:29:33Z,45.54535000,7.87938333,1561.00,53.664
10128,3,2271,7167.310749891655,3103.880933408011,2020-08-06T13:29:34Z,45.54528333,7.87940000,1562.00,53.66
10129,3,2272,7168.310749891655,3104.880933408011,2020-08-06T13:29:35Z,45.54523333,7.87941667,1561.00,53.657
10130,3,2273,7169.310749891655,3105.880933408011,2020-08-06T13:29:36Z,45.54518333,7.87941667,1572.00,53.653
10131,3,2274,7170.310749891655,3106.880933408011,2020-08-06T13:29:37Z,45.54513333,7.87943333,1569.00,53.65
10132,3,2275,7171.310749891655,3107.880933408011,2020-08-06T13:29:38Z,45.54510000,7.87946667,1568.00,53.649
10133,3,2276,7172.310749891655,3108.880933408011,2020-08-06T13:29:39Z,45.54505000,7.87948333,1563.00,53.645
10134,3,2277,7173.310749891655,3109.880933408011,2020-08-06T13:29:40Z,45.54500000,7.87951667,1551.00,53.643
10135,3,2278,7174.310749891655,3110.880933408011,2020-08-06T13:29:41Z,45.54493333,7.87951667,1566.00,53.638
10136,3,2279,7175.310749891655,3111.880933408011,2020-08-06T13:29:42Z,45.54486667,7.87946667,1569.00,53.63
10137,3,2280,7176.310749891655,3112.880933408011,2020-08-06T13:29:43Z,45.54480000,7.87938333,1577.00,53.62
10138,3,2281,7177.310749891655,3113.880933408011,2020-08-06T13:29:44Z,45.54475000,7.87926667,1575.00,53.61
10139,3,2282,7178.310749891655,3114.880933408011,2020-08-06T13:29:45Z,45.54470000,7.87915000,1576.00,53.599
10140,3,2283,7179.310749891655,3115.880933408011,2020-08-06T13:29:46Z,45.54466667,7.87900000,1584.00,53.589
10141,3,2284,7180.310749891655,3116.880933408011,2020-08-06T13:29:47Z,45.54466667,7.87885000,1576.00,53.581
10142,3,2285,7181.310749891655,3117.880933408011,2020-08-06T13:29:48Z,45.54468333,7.87868333,1578.00,53.573
10143,3,2286,7182.310749891655,3118.880933408011,2020-08-06T13:29:49Z,45.54473333,7.87851667,1575.00,53.568
10144,3,2287,7183.310749891655,3119.880933408011,2020-08-06T13:29:50Z,45.54481667,7.87835000,1584.00,53.566
10145,3,2288,7184.310749891655,3120.880933408011,2020-08-06T13:29:51Z,45.54490000,7.87820000,1572.00,53.565
10146,3,2289,7185.310749891655,3121.880933408011,2020-08-06T13:29:52Z,45.54501667,7.87808333,1591.00,53.568
10147,3,2290,7186.310749891655,3122.880933408011,2020-08-06T13:29:53Z,45.54513333,7.87801667,1563.00,53.574
10148,3,2291,7187.310749891655,3123.880933408011,2020-08-06T13:29:54Z,45.54526667,7.87796667,1581.00,53.582
10149,3,2292,7188.310749891655,3124.880933408011,2020-08-06T13:29:55Z,45.54538333,7.87798333,1577.00,53.592
10150,3,2293,7189.310749891655,3125.880933408011,2020-08-06T13:29:56Z,45.54548333,7.87801667,1578.00,53.602
10151,3,2294,7190.310749891655,3126.880933408011,2020-08-06T13:29:57Z,45.54555000,7.87811667,1579.00,53.613
10152,3,2295,7191.310749891655,3127.880933408011,2020-08-06T13:29:58Z,45.54560000,7.87820000,1577.00,53.622
10153,3,2296,7192.310749891655,3128.880933408011,2020-08-06T13:29:59Z,45.54561667,7.87828333,1582.00,53.627
10154,3,2297,7193.310749891655,3129.880933408011,2020-08-06T13:30:00Z,45.54563333,7.87836667,1582.00,53.633
10155,3,2298,7194.310749891655,3130.880933408011,2020-08-06T13:30:01Z,45.54561667,7.87843333,1587.00,53.635
10156,3,2299,7195.310749891655,3131.880933408011,2020-08-06T13:30:02Z,45.54558333,7.87848333,1588.00,53.635
10157,3,2300,7196.310749891655,3132.880933408011,2020-08-06T13:30:03Z,45.54553333,7.87851667,1585.00,53.633
10158,3,2301,7197.310749891655,3133.880933408011,2020-08-06T13:30:04Z,45.54550000,7.87853333,1590.00,53.631
10159,3,2302,7198.310749891655,3134.880933408011,2020-08-06T13:30:05Z,45.54546667,7.87858333,1593.00,53.631
10160,3,2303,7199.310749891655,3135.880933408011,2020-08-06T13:30:06Z,45.54543333,7.87865000,1587.00,53.632
10161,3,2304,7200.310749891655,3136.880933408011,2020-08-06T13:30:07Z,45.54541667,7.87871667,1589.00,53.634
10162,3,2305,7201.310749891655,3137.880933408011,2020-08-06T13:30:08Z,45.54540000,7.87878333,1586.00,53.636
10163,3,2306,7202.310749891655,3138.880933408011,2020-08-06T13:30:09Z,45.54538333,7.87883333,1587.00,53.638
10164,3,2307,7203.310749891655,3139.880933408011,2020-08-06T13:30:10Z,45.54535000,7.87888333,1591.00,53.638
10165,3,2308,7204.310749891655,3140.880933408011,2020-08-06T13:30:11Z,45.54530000,7.87891667,1594.00,53.635
10166,3,2309,7205.310749891655,3141.880933408011,2020-08-06T13:30:12Z,45.54526667,7.87895000,1595.00,53.635
10167,3,2310,7206.310749891655,3142.880933408011,2020-08-06T13:30:13Z,45.54521667,7.87896667,1595.00,53.631
10168,3,2311,7207.310749891655,3143.880933408011,2020-08-06T13:30:14Z,45.54518333,7.87900000,1597.00,53.63
10169,3,2312,7208.310749891655,3144.880933408011,2020-08-06T13:30:15Z,45.54513333,7.87901667,1587.00,53.627
10170,3,2313,7209.310749891655,3145.880933408011,2020-08-06T13:30:16Z,45.54508333,7.87903333,1592.00,53.624
10171,3,2314,7210.310749891655,3146.880933408011,2020-08-06T13:30:17Z,45.54503333,7.87903333,1580.00,53.62
10172,3,2315,7211.310749891655,3147.880933408011,2020-08-06T13:30:18Z,45.54496667,7.87901667,1597.00,53.614
10173,3,2316,7212.310749891655,3148.880933408011,2020-08-06T13:30:19Z,45.54488333,7.87895000,1591.00,53.604
10174,3,2317,7213.310749891655,3149.880933408011,2020-08-06T13:30:20Z,45.54480000,7.87886667,1594.00,53.592
10175,3,2318,7214.310749891655,3150.880933408011,2020-08-06T13:30:21Z,45.54471667,7.87875000,1601.00,53.579
10176,3,2319,7215.310749891655,3151.880933408011,2020-08-06T13:30:22Z,45.54465000,7.87863333,1614.00,53.568
10177,3,2320,7216.310749891655,3152.880933408011,2020-08-06T13:30:23Z,45.54461667,7.87851667,1588.00,53.559
10178,3,2321,7217.310749891655,3153.880933408011,2020-08-06T13:30:24Z,45.54460000,7.87835000,1603.00,53.549
10179,3,2322,7218.310749891655,3154.880933408011,2020-08-06T13:30:25Z,45.54463333,7.87818333,1590.00,53.542
10180,3,2323,7219.310749891655,3155.880933408011,2020-08-06T13:30:26Z,45.54466667,7.87801667,1606.00,53.536
10181,3,2324,7220.310749891655,3156.880933408011,2020-08-06T13:30:27Z,45.54475000,7.87788333,1602.00,53.536
10182,3,2325,7221.310749891655,3157.880933408011,2020-08-06T13:30:28Z,45.54485000,7.87778333,1608.00,53.539
10183,3,2326,7222.310749891655,3158.880933408011,2020-08-06T13:30:29Z,45.54495000,7.87775000,1613.00,53.545
10184,3,2327,7223.310749891655,3159.880933408011,2020-08-06T13:30:30Z,45.54506667,7.87773333,1604.00,53.553
10185,3,2328,7224.310749891655,3160.880933408011,2020-08-06T13:30:31Z,45.54515000,7.87775000,1608.00,53.561
10186,3,2329,7225.310749891655,3161.880933408011,2020-08-06T13:30:32Z,45.54523333,7.87780000,1607.00,53.571
10187,3,2330,7226.310749891655,3162.880933408011,2020-08-06T13:30:33Z,45.54528333,7.87788333,1611.00,53.579
10188,3,2331,7227.310749891655,3163.880933408011,2020-08-06T13:30:34Z,45.54531667,7.87795000,1612.00,53.585
10189,3,2332,7228.310749891655,3164.880933408011,2020-08-06T13:30:35Z,45.54533333,7.87801667,1613.00,53.59
10190,3,2333,7229.310749891655,3165.880933408011,2020-08-06T13:30:36Z,45.54533333,7.87810000,1614.00,53.595
10191,3,2334,7230.310749891655,3166.880933408011,2020-08-06T13:30:37Z,45.54531667,7.87816667,1616.00,53.597
10192,3,2335,7231.310749891655,3167.880933408011,2020-08-06T13:30:38Z,45.54530000,7.87823333,1616.00,53.599
10193,3,2336,7232.310749891655,3168.880933408011,2020-08-06T13:30:39Z,45.54526667,7.87828333,1621.00,53.599
10194,3,2337,7233.310749891655,3169.880933408011,2020-08-06T13:30:40Z,45.54523333,7.87830000,1612.00,53.597
10195,3,2338,7234.310749891655,3170.880933408011,2020-08-06T13:30:41Z,45.54516667,7.87828333,1610.00,53.591
10196,3,2339,7235.310749891655,3171.880933408011,2020-08-06T13:30:42Z,45.54510000,7.87825000,1625.00,53.584
10197,3,2340,7236.310749891655,3172.880933408011,2020-08-06T13:30:43Z,45.54503333,7.87820000,1617.00,53.576
10198,3,2341,7237.310749891655,3173.880933408011,2020-08-06T13:30:44Z,45.54495000,7.87815000,1614.00,53.566
10199,3,2342,7238.310749891655,3174.880933408011,2020-08-06T13:30:45Z,45.54488333,7.87811667,1626.00,53.559
10200,3,2343,7239.310749891655,3175.880933408011,2020-08-06T13:30:46Z,45.54481667,7.87806667,1619.00,53.551
10201,3,2344,7240.310749891655,3176.880933408011,2020-08-06T13:30:47Z,45.54475000,7.87798333,1623.00,53.541
10202,3,2345,7241.310749891655,3177.880933408011,2020-08-06T13:30:48Z,45.54468333,7.87790000,1608.00,53.531
10203,3,2346,7242.310749891655,3178.880933408011,2020-08-06T13:30:49Z,45.54461667,7.87776667,1620.00,53.519
10204,3,2347,7243.310749891655,3179.880933408011,2020-08-06T13:30:50Z,45.54458333,7.87763333,1622.00,53.509
10205,3,2348,7244.310749891655,3180.880933408011,2020-08-06T13:30:51Z,45.54455000,7.87748333,1621.00,53.498
10206,3,2349,7245.310749891655,3181.880933408011,2020-08-06T13:30:52Z,45.54455000,7.87731667,1616.00,53.489
10207,3,2350,7246.310749891655,3182.880933408011,2020-08-06T13:30:53Z,45.54458333,7.87715000,1620.00,53.483
10208,3,2351,7247.310749891655,3183.880933408011,2020-08-06T13:30:54Z,45.54463333,7.87701667,1626.00,53.48
10209,3,2352,7248.310749891655,3184.880933408011,2020-08-06T13:30:55Z,45.54471667,7.87690000,1615.00,53.481
10210,3,2353,7249.310749891655,3185.880933408011,2020-08-06T13:30:56Z,45.54480000,7.87680000,1622.00,53.482
10211,3,2354,7250.310749891655,3186.880933408011,2020-08-06T13:30:57Z,45.54491667,7.87673333,1619.00,53.488
10212,3,2355,7251.310749891655,3187.880933408011,2020-08-06T13:30:58Z,45.54501667,7.87668333,1616.00,53.494
10213,3,2356,7252.310749891655,3188.880933408011,2020-08-06T13:30:59Z,45.54513333,7.87666667,1620.00,53.502
10214,3,2357,7253.310749891655,3189.880933408011,2020-08-06T13:31:00Z,45.54525000,7.87668333,1622.00,53.512
10215,3,2358,7254.310749891655,3190.880933408011,2020-08-06T13:31:01Z,45.54535000,7.87671667,1628.00,53.522
10216,3,2359,7255.310749891655,3191.880933408011,2020-08-06T13:31:02Z,45.54541667,7.87678333,1628.00,53.531
10217,3,2360,7256.310749891655,3192.880933408011,2020-08-06T13:31:03Z,45.54546667,7.87686667,1629.00,53.54
10218,3,2361,7257.310749891655,3193.880933408011,2020-08-06T13:31:04Z,45.54548333,7.87695000,1639.00,53.546
10219,3,2362,7258.310749891655,3194.880933408011,2020-08-06T13:31:05Z,45.54548333,7.87703333,1621.00,53.55
10220,3,2363,7259.310749891655,3195.880933408011,2020-08-06T13:31:06Z,45.54545000,7.87710000,1623.00,53.551
10221,3,2364,7260.310749891655,3196.880933408011,2020-08-06T13:31:07Z,45.54541667,7.87715000,1633.00,53.551
10222,3,2365,7261.310749891655,3197.880933408011,2020-08-06T13:31:08Z,45.54536667,7.87721667,1633.00,53.55
10223,3,2366,7262.310749891655,3198.880933408011,2020-08-06T13:31:09Z,45.54533333,7.87725000,1633.00,53.549
10224,3,2367,7263.310749891655,3199.880933408011,2020-08-06T13:31:10Z,45.54528333,7.87728333,1628.00,53.547
10225,3,2368,7264.310749891655,3200.880933408011,2020-08-06T13:31:11Z,45.54521667,7.87730000,1633.00,53.543
10226,3,2369,7265.310749891655,3201.880933408011,2020-08-06T13:31:12Z,45.54515000,7.87728333,1633.00,53.536
10227,3,2370,7266.310749891655,3202.880933408011,2020-08-06T13:31:13Z,45.54506667,7.87723333,1622.00,53.527
10228,3,2371,7267.310749891655,3203.880933408011,2020-08-06T13:31:14Z,45.54500000,7.87715000,1633.00,53.517
10229,3,2372,7268.310749891655,3204.880933408011,2020-08-06T13:31:15Z,45.54493333,7.87705000,1622.00,53.506
10230,3,2373,7269.310749891655,3205.880933408011,2020-08-06T13:31:16Z,45.54485000,7.87693333,1648.00,53.493
10231,3,2374,7270.310749891655,3206.880933408011,2020-08-06T13:31:17Z,45.54476667,7.87680000,1636.00,53.479
10232,3,2375,7271.310749891655,3207.880933408011,2020-08-06T13:31:18Z,45.54468333,7.87668333,1640.00,53.466
10233,3,2376,7272.310749891655,3208.880933408011,2020-08-06T13:31:19Z,45.54460000,7.87656667,1614.00,53.453
10234,3,2377,7273.310749891655,3209.880933408011,2020-08-06T13:31:20Z,45.54453333,7.87643333,1627.00,53.441
10235,3,2378,7274.310749891655,3210.880933408011,2020-08-06T13:31:21Z,45.54446667,7.87630000,1618.00,53.428
10236,3,2379,7275.310749891655,3211.880933408011,2020-08-06T13:31:22Z,45.54441667,7.87615000,1638.00,53.416
10237,3,2380,7276.310749891655,3212.880933408011,2020-08-06T13:31:23Z,45.54435000,7.87598333,1629.00,53.402
10238,3,2381,7277.310749891655,3213.880933408011,2020-08-06T13:31:24Z,45.54428333,7.87583333,1615.00,53.389
10239,3,2382,7278.310749891655,3214.880933408011,2020-08-06T13:31:25Z,45.54420000,7.87566667,1625.00,53.373
10240,3,2383,7279.310749891655,3215.880933408011,2020-08-06T13:31:26Z,45.54411667,7.87551667,1624.00,53.358
10241,3,2384,7280.310749891655,3216.880933408011,2020-08-06T13:31:27Z,45.54405000,7.87538333,1626.00,53.346
10242,3,2385,7281.310749891655,3217.880933408011,2020-08-06T13:31:28Z,45.54400000,7.87525000,1630.00,53.335
10243,3,2386,7282.310749891655,3218.880933408011,2020-08-06T13:31:29Z,45.54395000,7.87513333,1628.00,53.324
10244,3,2387,7283.310749891655,3219.880933408011,2020-08-06T13:31:30Z,45.54390000,7.87503333,1620.00,53.315
10245,3,2388,7284.310749891655,3220.880933408011,2020-08-06T13:31:31Z,45.54383333,7.87490000,1623.00,53.303
10246,3,2389,7285.310749891655,3221.880933408011,2020-08-06T13:31:32Z,45.54375000,7.87476667,1628.00,53.289
10247,3,2390,7286.310749891655,3222.880933408011,2020-08-06T13:31:33Z,45.54368333,7.87463333,1619.00,53.276
10248,3,2391,7287.310749891655,3223.880933408011,2020-08-06T13:31:34Z,45.54360000,7.87446667,1616.00,53.261
10249,3,2392,7288.310749891655,3224.880933408011,2020-08-06T13:31:35Z,45.54353333,7.87430000,1616.00,53.246
10250,3,2393,7289.310749891655,3225.880933408011,2020-08-06T13:31:36Z,45.54346667,7.87415000,1606.00,53.233
10251,3,2394,7290.310749891655,3226.880933408011,2020-08-06T13:31:37Z,45.54338333,7.87400000,1608.00,53.218
10252,3,2395,7291.310749891655,3227.880933408011,2020-08-06T13:31:38Z,45.54330000,7.87386667,1601.00,53.204
10253,3,2396,7292.310749891655,3228.880933408011,2020-08-06T13:31:39Z,45.54321667,7.87370000,1610.00,53.189
10254,3,2397,7293.310749891655,3229.880933408011,2020-08-06T13:31:40Z,45.54313333,7.87355000,1591.00,53.174
10255,3,2398,7294.310749891655,3230.880933408011,2020-08-06T13:31:41Z,45.54305000,7.87338333,1589.00,53.158
10256,3,2399,7295.310749891655,3231.880933408011,2020-08-06T13:31:42Z,45.54298333,7.87323333,1607.00,53.145
10257,3,2400,7296.310749891655,3232.880933408011,2020-08-06T13:31:43Z,45.54290000,7.87310000,1603.00,53.131
10258,3,2401,7297.310749891655,3233.880933408011,2020-08-06T13:31:44Z,45.54281667,7.87296667,1594.00,53.117
10259,3,2402,7298.310749891655,3234.880933408011,2020-08-06T13:31:45Z,45.54273333,7.87281667,1592.00,53.102
10260,3,2403,7299.310749891655,3235.880933408011,2020-08-06T13:31:46Z,45.54263333,7.87268333,1599.00,53.087
10261,3,2404,7300.310749891655,3236.880933408011,2020-08-06T13:31:47Z,45.54253333,7.87255000,1588.00,53.072
10262,3,2405,7301.310749891655,3237.880933408011,2020-08-06T13:31:48Z,45.54243333,7.87240000,1588.00,53.056
10263,3,2406,7302.310749891655,3238.880933408011,2020-08-06T13:31:49Z,45.54233333,7.87226667,1581.00,53.041
10264,3,2407,7303.310749891655,3239.880933408011,2020-08-06T13:31:50Z,45.54225000,7.87211667,1589.00,53.026
10265,3,2408,7304.310749891655,3240.880933408011,2020-08-06T13:31:51Z,45.54216667,7.87196667,1573.00,53.011
10266,3,2409,7305.310749891655,3241.880933408011,2020-08-06T13:31:52Z,45.54208333,7.87181667,1579.00,52.996
10267,3,2410,7306.310749891655,3242.880933408011,2020-08-06T13:31:53Z,45.54198333,7.87166667,1577.00,52.98
10268,3,2411,7307.310749891655,3243.880933408011,2020-08-06T13:31:54Z,45.54186667,7.87151667,1573.00,52.963
10269,3,2412,7308.310749891655,3244.880933408011,2020-08-06T13:31:55Z,45.54176667,7.87136667,1570.00,52.947
10270,3,2413,7309.310749891655,3245.880933408011,2020-08-06T13:31:56Z,45.54166667,7.87123333,1569.00,52.932
10271,3,2414,7310.310749891655,3246.880933408011,2020-08-06T13:31:57Z,45.54156667,7.87110000,1573.00,52.916
10272,3,2415,7311.310749891655,3247.880933408011,2020-08-06T13:31:58Z,45.54148333,7.87096667,1569.00,52.903
10273,3,2416,7312.310749891655,3248.880933408011,2020-08-06T13:31:59Z,45.54140000,7.87083333,1567.00,52.889
10274,3,2417,7313.310749891655,3249.880933408011,2020-08-06T13:32:00Z,45.54131667,7.87070000,1562.00,52.875
10275,3,2418,7314.310749891655,3250.880933408011,2020-08-06T13:32:01Z,45.54123333,7.87055000,1556.00,52.86
10276,3,2419,7315.310749891655,3251.880933408011,2020-08-06T13:32:02Z,45.54115000,7.87038333,1568.00,52.844
10277,3,2420,7316.310749891655,3252.880933408011,2020-08-06T13:32:03Z,45.54106667,7.87025000,1563.00,52.831
10278,3,2421,7317.310749891655,3253.880933408011,2020-08-06T13:32:04Z,45.54100000,7.87010000,1555.00,52.817
10279,3,2422,7318.310749891655,3254.880933408011,2020-08-06T13:32:05Z,45.54093333,7.86996667,1584.00,52.805
10280,3,2423,7319.310749891655,3255.880933408011,2020-08-06T13:32:06Z,45.54086667,7.86983333,1572.00,52.792
10281,3,2424,7320.310749891655,3256.880933408011,2020-08-06T13:32:07Z,45.54080000,7.86968333,1567.00,52.779
10282,3,2425,7321.310749891655,3257.880933408011,2020-08-06T13:32:08Z,45.54073333,7.86955000,1567.00,52.766
10283,3,2426,7322.310749891655,3258.880933408011,2020-08-06T13:32:09Z,45.54066667,7.86941667,1568.00,52.754
10284,3,2427,7323.310749891655,3259.880933408011,2020-08-06T13:32:10Z,45.54061667,7.86928333,1568.00,52.743
10285,3,2428,7324.310749891655,3260.880933408011,2020-08-06T13:32:11Z,45.54056667,7.86915000,1569.00,52.732
10286,3,2429,7325.310749891655,3261.880933408011,2020-08-06T13:32:12Z,45.54051667,7.86903333,1569.00,52.721
10287,3,2430,7326.310749891655,3262.880933408011,2020-08-06T13:32:13Z,45.54046667,7.86891667,1569.00,52.711
10288,3,2431,7327.310749891655,3263.880933408011,2020-08-06T13:32:14Z,45.54040000,7.86880000,1572.00,52.699
10289,3,2432,7328.310749891655,3264.880933408011,2020-08-06T13:32:15Z,45.54033333,7.86868333,1564.00,52.688
10290,3,2433,7329.310749891655,3265.880933408011,2020-08-06T13:32:16Z,45.54026667,7.86856667,1561.00,52.676
10291,3,2434,7330.310749891655,3266.880933408011,2020-08-06T13:32:17Z,45.54020000,7.86845000,1550.00,52.665
10292,3,2435,7331.310749891655,3267.880933408011,2020-08-06T13:32:18Z,45.54011667,7.86831667,1569.00,52.651
10293,3,2436,7332.310749891655,3268.880933408011,2020-08-06T13:32:19Z,45.54005000,7.86818333,1565.00,52.638
10294,3,2437,7333.310749891655,3269.880933408011,2020-08-06T13:32:20Z,45.53996667,7.86805000,1557.00,52.624
10295,3,2438,7334.310749891655,3270.880933408011,2020-08-06T13:32:21Z,45.53990000,7.86790000,1561.00,52.611
10296,3,2439,7335.310749891655,3271.880933408011,2020-08-06T13:32:22Z,45.53983333,7.86776667,1559.00,52.598
10297,3,2440,7336.310749891655,3272.880933408011,2020-08-06T13:32:23Z,45.53975000,7.86761667,1565.00,52.584
10298,3,2441,7337.310749891655,3273.880933408011,2020-08-06T13:32:24Z,45.53968333,7.86748333,1558.00,52.571
10299,3,2442,7338.310749891655,3274.880933408011,2020-08-06T13:32:25Z,45.53961667,7.86735000,1567.00,52.559
10300,3,2443,7339.310749891655,3275.880933408011,2020-08-06T13:32:26Z,45.53955000,7.86721667,1558.00,52.546
10301,3,2444,7340.310749891655,3276.880933408011,2020-08-06T13:32:27Z,45.53946667,7.86708333,1559.00,52.532
10302,3,2445,7341.310749891655,3277.880933408011,2020-08-06T13:32:28Z,45.53938333,7.86695000,1566.00,52.519
10303,3,2446,7342.310749891655,3278.880933408011,2020-08-06T13:32:29Z,45.53930000,7.86683333,1562.00,52.506
10304,3,2447,7343.310749891655,3279.880933408011,2020-08-06T13:32:30Z,45.53921667,7.86670000,1575.00,52.492
10305,3,2448,7344.310749891655,3280.880933408011,2020-08-06T13:32:31Z,45.53915000,7.86656667,1574.00,52.479
10306,3,2449,7345.310749891655,3281.880933408011,2020-08-06T13:32:32Z,45.53906667,7.86643333,1572.00,52.465
10307,3,2450,7346.310749891655,3282.880933408011,2020-08-06T13:32:33Z,45.53900000,7.86631667,1573.00,52.454
10308,3,2451,7347.310749891655,3283.880933408011,2020-08-06T13:32:34Z,45.53893333,7.86620000,1573.00,52.442
10309,3,2452,7348.310749891655,3284.880933408011,2020-08-06T13:32:35Z,45.53886667,7.86608333,1574.00,52.43
10310,3,2453,7349.310749891655,3285.880933408011,2020-08-06T13:32:36Z,45.53881667,7.86596667,1574.00,52.42
10311,3,2454,7350.310749891655,3286.880933408011,2020-08-06T13:32:37Z,45.53875000,7.86583333,1575.00,52.408
10312,3,2455,7351.310749891655,3287.880933408011,2020-08-06T13:32:38Z,45.53866667,7.86568333,1566.00,52.393
10313,3,2456,7352.310749891655,3288.880933408011,2020-08-06T13:32:39Z,45.53860000,7.86553333,1567.00,52.38
10314,3,2457,7353.310749891655,3289.880933408011,2020-08-06T13:32:40Z,45.53850000,7.86536667,1567.00,52.363
10315,3,2458,7354.310749891655,3290.880933408011,2020-08-06T13:32:41Z,45.53841667,7.86520000,1567.00,52.347
10316,3,2459,7355.310749891655,3291.880933408011,2020-08-06T13:32:42Z,45.53831667,7.86503333,1573.00,52.33
10317,3,2460,7356.310749891655,3292.880933408011,2020-08-06T13:32:43Z,45.53823333,7.86488333,1574.00,52.315
10318,3,2461,7357.310749891655,3293.880933408011,2020-08-06T13:32:44Z,45.53815000,7.86476667,1580.00,52.302
10319,3,2462,7358.310749891655,3294.880933408011,2020-08-06T13:32:45Z,45.53808333,7.86463333,1580.00,52.29
10320,3,2463,7359.310749891655,3295.880933408011,2020-08-06T13:32:46Z,45.53801667,7.86451667,1578.00,52.278
10321,3,2464,7360.310749891655,3296.880933408011,2020-08-06T13:32:47Z,45.53793333,7.86440000,1577.00,52.265
10322,3,2465,7361.310749891655,3297.880933408011,2020-08-06T13:32:48Z,45.53786667,7.86428333,1576.00,52.254
10323,3,2466,7362.310749891655,3298.880933408011,2020-08-06T13:32:49Z,45.53776667,7.86415000,1575.00,52.238
10324,3,2467,7363.310749891655,3299.880933408011,2020-08-06T13:32:50Z,45.53770000,7.86400000,1568.00,52.225
10325,3,2468,7364.310749891655,3300.880933408011,2020-08-06T13:32:51Z,45.53761667,7.86383333,1566.00,52.209
10326,3,2469,7365.310749891655,3301.880933408011,2020-08-06T13:32:52Z,45.53755000,7.86366667,1570.00,52.195
10327,3,2470,7366.310749891655,3302.880933408011,2020-08-06T13:32:53Z,45.53748333,7.86350000,1577.00,52.181
10328,3,2471,7367.310749891655,3303.880933408011,2020-08-06T13:32:54Z,45.53740000,7.86333333,1569.00,52.165
10329,3,2472,7368.310749891655,3304.880933408011,2020-08-06T13:32:55Z,45.53730000,7.86316667,1568.00,52.148
10330,3,2473,7369.310749891655,3305.880933408011,2020-08-06T13:32:56Z,45.53721667,7.86300000,1569.00,52.133
10331,3,2474,7370.310749891655,3306.880933408011,2020-08-06T13:32:57Z,45.53713333,7.86285000,1569.00,52.118
10332,3,2475,7371.310749891655,3307.880933408011,2020-08-06T13:32:58Z,45.53705000,7.86271667,1573.00,52.104
10333,3,2476,7372.310749891655,3308.880933408011,2020-08-06T13:32:59Z,45.53700000,7.86258333,1572.00,52.093
10334,3,2477,7373.310749891655,3309.880933408011,2020-08-06T13:33:00Z,45.53693333,7.86245000,1571.00,52.081
10335,3,2478,7374.310749891655,3310.880933408011,2020-08-06T13:33:01Z,45.53686667,7.86230000,1570.00,52.067
10336,3,2479,7375.310749891655,3311.880933408011,2020-08-06T13:33:02Z,45.53678333,7.86215000,1565.00,52.052
10337,3,2480,7376.310749891655,3312.880933408011,2020-08-06T13:33:03Z,45.53670000,7.86196667,1555.00,52.036
10338,3,2481,7377.310749891655,3313.880933408011,2020-08-06T13:33:04Z,45.53661667,7.86178333,1563.00,52.019
10339,3,2482,7378.310749891655,3314.880933408011,2020-08-06T13:33:05Z,45.53653333,7.86161667,1563.00,52.004
10340,3,2483,7379.310749891655,3315.880933408011,2020-08-06T13:33:06Z,45.53646667,7.86145000,1572.00,51.99
10341,3,2484,7380.310749891655,3316.880933408011,2020-08-06T13:33:07Z,45.53640000,7.86130000,1571.00,51.976
10342,3,2485,7381.310749891655,3317.880933408011,2020-08-06T13:33:08Z,45.53633333,7.86115000,1563.00,51.963
10343,3,2486,7382.310749891655,3318.880933408011,2020-08-06T13:33:09Z,45.53626667,7.86100000,1566.00,51.949
10344,3,2487,7383.310749891655,3319.880933408011,2020-08-06T13:33:10Z,45.53618333,7.86083333,1563.00,51.934
10345,3,2488,7384.310749891655,3320.880933408011,2020-08-06T13:33:11Z,45.53610000,7.86065000,1563.00,51.917
10346,3,2489,7385.310749891655,3321.880933408011,2020-08-06T13:33:12Z,45.53603333,7.86050000,1569.00,51.904
10347,3,2490,7386.310749891655,3322.880933408011,2020-08-06T13:33:13Z,45.53595000,7.86036667,1559.00,51.89
10348,3,2491,7387.310749891655,3323.880933408011,2020-08-06T13:33:14Z,45.53588333,7.86021667,1561.00,51.877
10349,3,2492,7388.310749891655,3324.880933408011,2020-08-06T13:33:15Z,45.53580000,7.86008333,1556.00,51.863
10350,3,2493,7389.310749891655,3325.880933408011,2020-08-06T13:33:16Z,45.53571667,7.85993333,1553.00,51.848
10351,3,2494,7390.310749891655,3326.880933408011,2020-08-06T13:33:17Z,45.53563333,7.85976667,1550.00,51.832
10352,3,2495,7391.310749891655,3327.880933408011,2020-08-06T13:33:18Z,45.53555000,7.85960000,1557.00,51.817
10353,3,2496,7392.310749891655,3328.880933408011,2020-08-06T13:33:19Z,45.53546667,7.85945000,1559.00,51.802
10354,3,2497,7393.310749891655,3329.880933408011,2020-08-06T13:33:20Z,45.53538333,7.85930000,1554.00,51.787
10355,3,2498,7394.310749891655,3330.880933408011,2020-08-06T13:33:21Z,45.53530000,7.85915000,1556.00,51.773
10356,3,2499,7395.310749891655,3331.880933408011,2020-08-06T13:33:22Z,45.53523333,7.85900000,1546.00,51.759
10357,3,2500,7396.310749891655,3332.880933408011,2020-08-06T13:33:23Z,45.53515000,7.85885000,1547.00,51.744
10358,3,2501,7397.310749891655,3333.880933408011,2020-08-06T13:33:24Z,45.53505000,7.85868333,1547.00,51.727
10359,3,2502,7398.310749891655,3334.880933408011,2020-08-06T13:33:25Z,45.53496667,7.85851667,1540.00,51.712
10360,3,2503,7399.310749891655,3335.880933408011,2020-08-06T13:33:26Z,45.53486667,7.85835000,1542.00,51.695
10361,3,2504,7400.310749891655,3336.880933408011,2020-08-06T13:33:27Z,45.53478333,7.85820000,1538.00,51.68
10362,3,2505,7401.310749891655,3337.880933408011,2020-08-06T13:33:28Z,45.53468333,7.85806667,1535.00,51.665
10363,3,2506,7402.310749891655,3338.880933408011,2020-08-06T13:33:29Z,45.53460000,7.85793333,1539.00,51.651
10364,3,2507,7403.310749891655,3339.880933408011,2020-08-06T13:33:30Z,45.53450000,7.85776667,1522.00,51.634
10365,3,2508,7404.310749891655,3340.880933408011,2020-08-06T13:33:31Z,45.53440000,7.85761667,1525.00,51.618
10366,3,2509,7405.310749891655,3341.880933408011,2020-08-06T13:33:32Z,45.53430000,7.85746667,1526.00,51.602
10367,3,2510,7406.310749891655,3342.880933408011,2020-08-06T13:33:33Z,45.53420000,7.85731667,1525.00,51.586
10368,3,2511,7407.310749891655,3343.880933408011,2020-08-06T13:33:34Z,45.53411667,7.85716667,1519.00,51.571
10369,3,2512,7408.310749891655,3344.880933408011,2020-08-06T13:33:35Z,45.53403333,7.85701667,1516.00,51.556
10370,3,2513,7409.310749891655,3345.880933408011,2020-08-06T13:33:36Z,45.53396667,7.85686667,1516.00,51.543
10371,3,2514,7410.310749891655,3346.880933408011,2020-08-06T13:33:37Z,45.53388333,7.85671667,1513.00,51.528
10372,3,2515,7411.310749891655,3347.880933408011,2020-08-06T13:33:38Z,45.53380000,7.85656667,1512.00,51.513
10373,3,2516,7412.310749891655,3348.880933408011,2020-08-06T13:33:39Z,45.53371667,7.85638333,1505.00,51.497
10374,3,2517,7413.310749891655,3349.880933408011,2020-08-06T13:33:40Z,45.53363333,7.85621667,1498.00,51.481
10375,3,2518,7414.310749891655,3350.880933408011,2020-08-06T13:33:41Z,45.53353333,7.85605000,1503.00,51.464
10376,3,2519,7415.310749891655,3351.880933408011,2020-08-06T13:33:42Z,45.53345000,7.85590000,1500.00,51.449
10377,3,2520,7416.310749891655,3352.880933408011,2020-08-06T13:33:43Z,45.53336667,7.85576667,1494.00,51.435
10378,3,2521,7417.310749891655,3353.880933408011,2020-08-06T13:33:44Z,45.53328333,7.85563333,1489.00,51.422
10379,3,2522,7418.310749891655,3354.880933408011,2020-08-06T13:33:45Z,45.53320000,7.85548333,1485.00,51.407
10380,3,2523,7419.310749891655,3355.880933408011,2020-08-06T13:33:46Z,45.53311667,7.85533333,1485.00,51.392
10381,3,2524,7420.310749891655,3356.880933408011,2020-08-06T13:33:47Z,45.53303333,7.85518333,1482.00,51.377
10382,3,2525,7421.310749891655,3357.880933408011,2020-08-06T13:33:48Z,45.53295000,7.85503333,1481.00,51.363
10383,3,2526,7422.310749891655,3358.880933408011,2020-08-06T13:33:49Z,45.53286667,7.85486667,1476.00,51.347
10384,3,2527,7423.310749891655,3359.880933408011,2020-08-06T13:33:50Z,45.53280000,7.85470000,1471.00,51.333
10385,3,2528,7424.310749891655,3360.880933408011,2020-08-06T13:33:51Z,45.53273333,7.85453333,1472.00,51.318
10386,3,2529,7425.310749891655,3361.880933408011,2020-08-06T13:33:52Z,45.53266667,7.85438333,1478.00,51.305
10387,3,2530,7426.310749891655,3362.880933408011,2020-08-06T13:33:53Z,45.53260000,7.85425000,1472.00,51.292
10388,3,2531,7427.310749891655,3363.880933408011,2020-08-06T13:33:54Z,45.53255000,7.85411667,1469.00,51.281
10389,3,2532,7428.310749891655,3364.880933408011,2020-08-06T13:33:55Z,45.53250000,7.85398333,1460.00,51.27
10390,3,2533,7429.310749891655,3365.880933408011,2020-08-06T13:33:56Z,45.53243333,7.85381667,1448.00,51.256
10391,3,2534,7430.310749891655,3366.880933408011,2020-08-06T13:33:57Z,45.53236667,7.85365000,1457.00,51.242
10392,3,2535,7431.310749891655,3367.880933408011,2020-08-06T13:33:58Z,45.53231667,7.85348333,1453.00,51.229
10393,3,2536,7432.310749891655,3368.880933408011,2020-08-06T13:33:59Z,45.53225000,7.85336667,1447.00,51.217
10394,3,2537,7433.310749891655,3369.880933408011,2020-08-06T13:34:00Z,45.53218333,7.85325000,1446.00,51.205
10395,3,2538,7434.310749891655,3370.880933408011,2020-08-06T13:34:01Z,45.53210000,7.85316667,1450.00,51.194
10396,3,2539,7435.310749891655,3371.880933408011,2020-08-06T13:34:02Z,45.53203333,7.85306667,1448.00,51.184
10397,3,2540,7436.310749891655,3372.880933408011,2020-08-06T13:34:03Z,45.53196667,7.85296667,1452.00,51.173
10398,3,2541,7437.310749891655,3373.880933408011,2020-08-06T13:34:04Z,45.53188333,7.85286667,1445.00,51.161
10399,3,2542,7438.310749891655,3374.880933408011,2020-08-06T13:34:05Z,45.53181667,7.85275000,1448.00,51.149
10400,3,2543,7439.310749891655,3375.880933408011,2020-08-06T13:34:06Z,45.53173333,7.85263333,1440.00,51.136
10401,3,2544,7440.310749891655,3376.880933408011,2020-08-06T13:34:07Z,45.53166667,7.85251667,1445.00,51.124
10402,3,2545,7441.310749891655,3377.880933408011,2020-08-06T13:34:08Z,45.53158333,7.85240000,1434.00,51.111
10403,3,2546,7442.310749891655,3378.880933408011,2020-08-06T13:34:09Z,45.53150000,7.85226667,1435.00,51.098
10404,3,2547,7443.310749891655,3379.880933408011,2020-08-06T13:34:10Z,45.53143333,7.85211667,1440.00,51.084
10405,3,2548,7444.310749891655,3380.880933408011,2020-08-06T13:34:11Z,45.53136667,7.85198333,1434.00,51.072
10406,3,2549,7445.310749891655,3381.880933408011,2020-08-06T13:34:12Z,45.53130000,7.85185000,1438.00,51.059
10407,3,2550,7446.310749891655,3382.880933408011,2020-08-06T13:34:13Z,45.53121667,7.85171667,1440.00,51.045
10408,3,2551,7447.310749891655,3383.880933408011,2020-08-06T13:34:14Z,45.53116667,7.85160000,1430.00,51.035
10409,3,2552,7448.310749891655,3384.880933408011,2020-08-06T13:34:15Z,45.53110000,7.85146667,1438.00,51.023
10410,3,2553,7449.310749891655,3385.880933408011,2020-08-06T13:34:16Z,45.53103333,7.85133333,1438.00,51.01
10411,3,2554,7450.310749891655,3386.880933408011,2020-08-06T13:34:17Z,45.53096667,7.85121667,1424.00,50.998
10412,3,2555,7451.310749891655,3387.880933408011,2020-08-06T13:34:18Z,45.53090000,7.85110000,1428.00,50.987
10413,3,2556,7452.310749891655,3388.880933408011,2020-08-06T13:34:19Z,45.53083333,7.85098333,1447.00,50.975
10414,3,2557,7453.310749891655,3389.880933408011,2020-08-06T13:34:20Z,45.53075000,7.85085000,1427.00,50.961
10415,3,2558,7454.310749891655,3390.880933408011,2020-08-06T13:34:21Z,45.53068333,7.85071667,1422.00,50.949
10416,3,2559,7455.310749891655,3391.880933408011,2020-08-06T13:34:22Z,45.53063333,7.85058333,1432.00,50.938
10417,3,2560,7456.310749891655,3392.880933408011,2020-08-06T13:34:23Z,45.53058333,7.85045000,1429.00,50.927
10418,3,2561,7457.310749891655,3393.880933408011,2020-08-06T13:34:24Z,45.53055000,7.85035000,1427.00,50.919
10419,3,2562,7458.310749891655,3394.880933408011,2020-08-06T13:34:25Z,45.53050000,7.85025000,1426.00,50.909
10420,3,2563,7459.310749891655,3395.880933408011,2020-08-06T13:34:26Z,45.53045000,7.85013333,1425.00,50.899
10421,3,2564,7460.310749891655,3396.880933408011,2020-08-06T13:34:27Z,45.53036667,7.84998333,1411.00,50.884
10422,3,2565,7461.310749891655,3397.880933408011,2020-08-06T13:34:28Z,45.53030000,7.84983333,1418.00,50.871
10423,3,2566,7462.310749891655,3398.880933408011,2020-08-06T13:34:29Z,45.53023333,7.84968333,1418.00,50.857
10424,3,2567,7463.310749891655,3399.880933408011,2020-08-06T13:34:30Z,45.53016667,7.84955000,1419.00,50.845
10425,3,2568,7464.310749891655,3400.880933408011,2020-08-06T13:34:31Z,45.53011667,7.84943333,1425.00,50.835
10426,3,2569,7465.310749891655,3401.880933408011,2020-08-06T13:34:32Z,45.53008333,7.84933333,1422.00,50.827
10427,3,2570,7466.310749891655,3402.880933408011,2020-08-06T13:34:33Z,45.53003333,7.84921667,1419.00,50.816
10428,3,2571,7467.310749891655,3403.880933408011,2020-08-06T13:34:34Z,45.52998333,7.84910000,1417.00,50.806
10429,3,2572,7468.310749891655,3404.880933408011,2020-08-06T13:34:35Z,45.52991667,7.84896667,1421.00,50.794
10430,3,2573,7469.310749891655,3405.880933408011,2020-08-06T13:34:36Z,45.52985000,7.84881667,1414.00,50.78
10431,3,2574,7470.310749891655,3406.880933408011,2020-08-06T13:34:37Z,45.52978333,7.84868333,1411.00,50.768
10432,3,2575,7471.310749891655,3407.880933408011,2020-08-06T13:34:38Z,45.52971667,7.84855000,1407.00,50.755
10433,3,2576,7472.310749891655,3408.880933408011,2020-08-06T13:34:39Z,45.52966667,7.84841667,1408.00,50.744
10434,3,2577,7473.310749891655,3409.880933408011,2020-08-06T13:34:40Z,45.52961667,7.84828333,1400.00,50.733
10435,3,2578,7474.310749891655,3410.880933408011,2020-08-06T13:34:41Z,45.52955000,7.84816667,1398.00,50.721
10436,3,2579,7475.310749891655,3411.880933408011,2020-08-06T13:34:42Z,45.52950000,7.84803333,1398.00,50.71
10437,3,2580,7476.310749891655,3412.880933408011,2020-08-06T13:34:43Z,45.52943333,7.84790000,1397.00,50.698
10438,3,2581,7477.310749891655,3413.880933408011,2020-08-06T13:34:44Z,45.52936667,7.84775000,1389.00,50.684
10439,3,2582,7478.310749891655,3414.880933408011,2020-08-06T13:34:45Z,45.52930000,7.84758333,1389.00,50.67
10440,3,2583,7479.310749891655,3415.880933408011,2020-08-06T13:34:46Z,45.52925000,7.84743333,1391.00,50.658
10441,3,2584,7480.310749891655,3416.880933408011,2020-08-06T13:34:47Z,45.52920000,7.84726667,1391.00,50.645
10442,3,2585,7481.310749891655,3417.880933408011,2020-08-06T13:34:48Z,45.52915000,7.84711667,1380.00,50.633
10443,3,2586,7482.310749891655,3418.880933408011,2020-08-06T13:34:49Z,45.52910000,7.84696667,1386.00,50.621
10444,3,2587,7483.310749891655,3419.880933408011,2020-08-06T13:34:50Z,45.52905000,7.84681667,1375.00,50.609
10445,3,2588,7484.310749891655,3420.880933408011,2020-08-06T13:34:51Z,45.52898333,7.84666667,1373.00,50.596
10446,3,2589,7485.310749891655,3421.880933408011,2020-08-06T13:34:52Z,45.52891667,7.84651667,1377.00,50.582
10447,3,2590,7486.310749891655,3422.880933408011,2020-08-06T13:34:53Z,45.52885000,7.84636667,1375.00,50.569
10448,3,2591,7487.310749891655,3423.880933408011,2020-08-06T13:34:54Z,45.52878333,7.84621667,1365.00,50.556
10449,3,2592,7488.310749891655,3424.880933408011,2020-08-06T13:34:55Z,45.52871667,7.84608333,1377.00,50.543
10450,3,2593,7489.310749891655,3425.880933408011,2020-08-06T13:34:56Z,45.52866667,7.84595000,1367.00,50.532
10451,3,2594,7490.310749891655,3426.880933408011,2020-08-06T13:34:57Z,45.52860000,7.84581667,1367.00,50.519
10452,3,2595,7491.310749891655,3427.880933408011,2020-08-06T13:34:58Z,45.52853333,7.84568333,1366.00,50.507
10453,3,2596,7492.310749891655,3428.880933408011,2020-08-06T13:34:59Z,45.52846667,7.84556667,1365.00,50.495
10454,3,2597,7493.310749891655,3429.880933408011,2020-08-06T13:35:00Z,45.52840000,7.84545000,1369.00,50.484
10455,3,2598,7494.310749891655,3430.880933408011,2020-08-06T13:35:01Z,45.52833333,7.84533333,1362.00,50.472
10456,3,2599,7495.310749891655,3431.880933408011,2020-08-06T13:35:02Z,45.52826667,7.84520000,1360.00,50.46
10457,3,2600,7496.310749891655,3432.880933408011,2020-08-06T13:35:03Z,45.52820000,7.84506667,1359.00,50.447
10458,3,2601,7497.310749891655,3433.880933408011,2020-08-06T13:35:04Z,45.52813333,7.84493333,1359.00,50.435
10459,3,2602,7498.310749891655,3434.880933408011,2020-08-06T13:35:05Z,45.52806667,7.84480000,1359.00,50.422
10460,3,2603,7499.310749891655,3435.880933408011,2020-08-06T13:35:06Z,45.52801667,7.84466667,1353.00,50.411
10461,3,2604,7500.310749891655,3436.880933408011,2020-08-06T13:35:07Z,45.52795000,7.84453333,1359.00,50.398
10462,3,2605,7501.310749891655,3437.880933408011,2020-08-06T13:35:08Z,45.52790000,7.84440000,1358.00,50.387
10463,3,2606,7502.310749891655,3438.880933408011,2020-08-06T13:35:09Z,45.52785000,7.84426667,1356.00,50.376
10464,3,2607,7503.310749891655,3439.880933408011,2020-08-06T13:35:10Z,45.52778333,7.84415000,1353.00,50.365
10465,3,2608,7504.310749891655,3440.880933408011,2020-08-06T13:35:11Z,45.52773333,7.84401667,1352.00,50.353
10466,3,2609,7505.310749891655,3441.880933408011,2020-08-06T13:35:12Z,45.52768333,7.84388333,1353.00,50.342
10467,3,2610,7506.310749891655,3442.880933408011,2020-08-06T13:35:13Z,45.52763333,7.84375000,1351.00,50.331
10468,3,2611,7507.310749891655,3443.880933408011,2020-08-06T13:35:14Z,45.52756667,7.84363333,1349.00,50.32
10469,3,2612,7508.310749891655,3444.880933408011,2020-08-06T13:35:15Z,45.52751667,7.84351667,1351.00,50.309
10470,3,2613,7509.310749891655,3445.880933408011,2020-08-06T13:35:16Z,45.52745000,7.84340000,1344.00,50.298
10471,3,2614,7510.310749891655,3446.880933408011,2020-08-06T13:35:17Z,45.52740000,7.84326667,1346.00,50.287
10472,3,2615,7511.310749891655,3447.880933408011,2020-08-06T13:35:18Z,45.52733333,7.84313333,1348.00,50.274
10473,3,2616,7512.310749891655,3448.880933408011,2020-08-06T13:35:19Z,45.52728333,7.84300000,1346.00,50.263
10474,3,2617,7513.310749891655,3449.880933408011,2020-08-06T13:35:20Z,45.52723333,7.84286667,1338.00,50.252
10475,3,2618,7514.310749891655,3450.880933408011,2020-08-06T13:35:21Z,45.52718333,7.84271667,1340.00,50.24
10476,3,2619,7515.310749891655,3451.880933408011,2020-08-06T13:35:22Z,45.52713333,7.84258333,1346.00,50.229
10477,3,2620,7516.310749891655,3452.880933408011,2020-08-06T13:35:23Z,45.52710000,7.84243333,1337.00,50.218
10478,3,2621,7517.310749891655,3453.880933408011,2020-08-06T13:35:24Z,45.52705000,7.84228333,1334.00,50.206
10479,3,2622,7518.310749891655,3454.880933408011,2020-08-06T13:35:25Z,45.52698333,7.84213333,1333.00,50.193
10480,3,2623,7519.310749891655,3455.880933408011,2020-08-06T13:35:26Z,45.52693333,7.84198333,1336.00,50.181
10481,3,2624,7520.310749891655,3456.880933408011,2020-08-06T13:35:27Z,45.52688333,7.84183333,1333.00,50.169
10482,3,2625,7521.310749891655,3457.880933408011,2020-08-06T13:35:28Z,45.52683333,7.84170000,1337.00,50.158
10483,3,2626,7522.310749891655,3458.880933408011,2020-08-06T13:35:29Z,45.52678333,7.84156667,1334.00,50.146
10484,3,2627,7523.310749891655,3459.880933408011,2020-08-06T13:35:30Z,45.52675000,7.84143333,1333.00,50.137
10485,3,2628,7524.310749891655,3460.880933408011,2020-08-06T13:35:31Z,45.52671667,7.84130000,1335.00,50.127
10486,3,2629,7525.310749891655,3461.880933408011,2020-08-06T13:35:32Z,45.52666667,7.84116667,1333.00,50.116
10487,3,2630,7526.310749891655,3462.880933408011,2020-08-06T13:35:33Z,45.52661667,7.84101667,1328.00,50.104
10488,3,2631,7527.310749891655,3463.880933408011,2020-08-06T13:35:34Z,45.52656667,7.84086667,1332.00,50.092
10489,3,2632,7528.310749891655,3464.880933408011,2020-08-06T13:35:35Z,45.52651667,7.84071667,1327.00,50.08
10490,3,2633,7529.310749891655,3465.880933408011,2020-08-06T13:35:36Z,45.52648333,7.84056667,1324.00,50.069
10491,3,2634,7530.310749891655,3466.880933408011,2020-08-06T13:35:37Z,45.52643333,7.84041667,1322.00,50.057
10492,3,2635,7531.310749891655,3467.880933408011,2020-08-06T13:35:38Z,45.52640000,7.84026667,1325.00,50.047
10493,3,2636,7532.310749891655,3468.880933408011,2020-08-06T13:35:39Z,45.52636667,7.84013333,1323.00,50.037
10494,3,2637,7533.310749891655,3469.880933408011,2020-08-06T13:35:40Z,45.52633333,7.83998333,1322.00,50.026
10495,3,2638,7534.310749891655,3470.880933408011,2020-08-06T13:35:41Z,45.52628333,7.83983333,1318.00,50.014
10496,3,2639,7535.310749891655,3471.880933408011,2020-08-06T13:35:42Z,45.52625000,7.83966667,1316.00,50.003
10497,3,2640,7536.310749891655,3472.880933408011,2020-08-06T13:35:43Z,45.52620000,7.83951667,1315.00,49.991
10498,3,2641,7537.310749891655,3473.880933408011,2020-08-06T13:35:44Z,45.52615000,7.83935000,1318.00,49.978
10499,3,2642,7538.310749891655,3474.880933408011,2020-08-06T13:35:45Z,45.52611667,7.83920000,1317.00,49.967
10500,3,2643,7539.310749891655,3475.880933408011,2020-08-06T13:35:46Z,45.52606667,7.83905000,1313.00,49.955
10501,3,2644,7540.310749891655,3476.880933408011,2020-08-06T13:35:47Z,45.52603333,7.83891667,1318.00,49.946
10502,3,2645,7541.310749891655,3477.880933408011,2020-08-06T13:35:48Z,45.52598333,7.83876667,1316.00,49.934
10503,3,2646,7542.310749891655,3478.880933408011,2020-08-06T13:35:49Z,45.52595000,7.83861667,1312.00,49.923
10504,3,2647,7543.310749891655,3479.880933408011,2020-08-06T13:35:50Z,45.52591667,7.83848333,1314.00,49.913
10505,3,2648,7544.310749891655,3480.880933408011,2020-08-06T13:35:51Z,45.52586667,7.83833333,1312.00,49.901
10506,3,2649,7545.310749891655,3481.880933408011,2020-08-06T13:35:52Z,45.52581667,7.83818333,1314.00,49.889
10507,3,2650,7546.310749891655,3482.880933408011,2020-08-06T13:35:53Z,45.52576667,7.83803333,1312.00,49.877
10508,3,2651,7547.310749891655,3483.880933408011,2020-08-06T13:35:54Z,45.52571667,7.83790000,1314.00,49.866
10509,3,2652,7548.310749891655,3484.880933408011,2020-08-06T13:35:55Z,45.52568333,7.83775000,1316.00,49.856
10510,3,2653,7549.310749891655,3485.880933408011,2020-08-06T13:35:56Z,45.52563333,7.83761667,1307.00,49.844
10511,3,2654,7550.310749891655,3486.880933408011,2020-08-06T13:35:57Z,45.52558333,7.83746667,1309.00,49.832
10512,3,2655,7551.310749891655,3487.880933408011,2020-08-06T13:35:58Z,45.52553333,7.83731667,1311.00,49.821
10513,3,2656,7552.310749891655,3488.880933408011,2020-08-06T13:35:59Z,45.52548333,7.83718333,1313.00,49.809
10514,3,2657,7553.310749891655,3489.880933408011,2020-08-06T13:36:00Z,45.52543333,7.83703333,1310.00,49.797
10515,3,2658,7554.310749891655,3490.880933408011,2020-08-06T13:36:01Z,45.52536667,7.83690000,1305.00,49.785
10516,3,2659,7555.310749891655,3491.880933408011,2020-08-06T13:36:02Z,45.52533333,7.83676667,1309.00,49.775
10517,3,2660,7556.310749891655,3492.880933408011,2020-08-06T13:36:03Z,45.52528333,7.83665000,1310.00,49.765
10518,3,2661,7557.310749891655,3493.880933408011,2020-08-06T13:36:04Z,45.52525000,7.83653333,1309.00,49.756
10519,3,2662,7558.310749891655,3494.880933408011,2020-08-06T13:36:05Z,45.52520000,7.83641667,1306.00,49.746
10520,3,2663,7559.310749891655,3495.880933408011,2020-08-06T13:36:06Z,45.52515000,7.83630000,1301.00,49.736
10521,3,2664,7560.310749891655,3496.880933408011,2020-08-06T13:36:07Z,45.52510000,7.83616667,1304.00,49.725
10522,3,2665,7561.310749891655,3497.880933408011,2020-08-06T13:36:08Z,45.52506667,7.83603333,1300.00,49.715
10523,3,2666,7562.310749891655,3498.880933408011,2020-08-06T13:36:09Z,45.52501667,7.83590000,1301.00,49.704
10524,3,2667,7563.310749891655,3499.880933408011,2020-08-06T13:36:10Z,45.52496667,7.83575000,1295.00,49.692
10525,3,2668,7564.310749891655,3500.880933408011,2020-08-06T13:36:11Z,45.52491667,7.83561667,1292.00,49.681
10526,3,2669,7565.310749891655,3501.880933408011,2020-08-06T13:36:12Z,45.52486667,7.83548333,1296.00,49.67
10527,3,2670,7566.310749891655,3502.880933408011,2020-08-06T13:36:13Z,45.52481667,7.83535000,1297.00,49.659
10528,3,2671,7567.310749891655,3503.880933408011,2020-08-06T13:36:14Z,45.52476667,7.83521667,1291.00,49.647
10529,3,2672,7568.310749891655,3504.880933408011,2020-08-06T13:36:15Z,45.52473333,7.83508333,1294.00,49.638
10530,3,2673,7569.310749891655,3505.880933408011,2020-08-06T13:36:16Z,45.52470000,7.83493333,1291.00,49.627
10531,3,2674,7570.310749891655,3506.880933408011,2020-08-06T13:36:17Z,45.52466667,7.83480000,1287.00,49.617
10532,3,2675,7571.310749891655,3507.880933408011,2020-08-06T13:36:18Z,45.52465000,7.83466667,1293.00,49.609
10533,3,2676,7572.310749891655,3508.880933408011,2020-08-06T13:36:19Z,45.52461667,7.83455000,1293.00,49.6
10534,3,2677,7573.310749891655,3509.880933408011,2020-08-06T13:36:20Z,45.52458333,7.83443333,1282.00,49.591
10535,3,2678,7574.310749891655,3510.880933408011,2020-08-06T13:36:21Z,45.52453333,7.83428333,1282.00,49.579
10536,3,2679,7575.310749891655,3511.880933408011,2020-08-06T13:36:22Z,45.52448333,7.83413333,1284.00,49.567
10537,3,2680,7576.310749891655,3512.880933408011,2020-08-06T13:36:23Z,45.52443333,7.83398333,1270.00,49.556
10538,3,2681,7577.310749891655,3513.880933408011,2020-08-06T13:36:24Z,45.52438333,7.83385000,1277.00,49.544
10539,3,2682,7578.310749891655,3514.880933408011,2020-08-06T13:36:25Z,45.52435000,7.83371667,1280.00,49.535
10540,3,2683,7579.310749891655,3515.880933408011,2020-08-06T13:36:26Z,45.52430000,7.83360000,1280.00,49.524
10541,3,2684,7580.310749891655,3516.880933408011,2020-08-06T13:36:27Z,45.52425000,7.83348333,1283.00,49.514
10542,3,2685,7581.310749891655,3517.880933408011,2020-08-06T13:36:28Z,45.52421667,7.83336667,1279.00,49.505
10543,3,2686,7582.310749891655,3518.880933408011,2020-08-06T13:36:29Z,45.52416667,7.83323333,1274.00,49.494
10544,3,2687,7583.310749891655,3519.880933408011,2020-08-06T13:36:30Z,45.52411667,7.83310000,1276.00,49.483
10545,3,2688,7584.310749891655,3520.880933408011,2020-08-06T13:36:31Z,45.52406667,7.83296667,1279.00,49.472
10546,3,2689,7585.310749891655,3521.880933408011,2020-08-06T13:36:32Z,45.52401667,7.83285000,1284.00,49.462
10547,3,2690,7586.310749891655,3522.880933408011,2020-08-06T13:36:33Z,45.52396667,7.83271667,1276.00,49.451
10548,3,2691,7587.310749891655,3523.880933408011,2020-08-06T13:36:34Z,45.52393333,7.83260000,1276.00,49.442
10549,3,2692,7588.310749891655,3524.880933408011,2020-08-06T13:36:35Z,45.52390000,7.83250000,1284.00,49.434
10550,3,2693,7589.310749891655,3525.880933408011,2020-08-06T13:36:36Z,45.52386667,7.83238333,1281.00,49.425
10551,3,2694,7590.310749891655,3526.880933408011,2020-08-06T13:36:37Z,45.52381667,7.83226667,1280.00,49.415
10552,3,2695,7591.310749891655,3527.880933408011,2020-08-06T13:36:38Z,45.52378333,7.83213333,1273.00,49.405
10553,3,2696,7592.310749891655,3528.880933408011,2020-08-06T13:36:39Z,45.52375000,7.83200000,1276.00,49.396
10554,3,2697,7593.310749891655,3529.880933408011,2020-08-06T13:36:40Z,45.52371667,7.83185000,1282.00,49.385
10555,3,2698,7594.310749891655,3530.880933408011,2020-08-06T13:36:41Z,45.52368333,7.83173333,1279.00,49.376
10556,3,2699,7595.310749891655,3531.880933408011,2020-08-06T13:36:42Z,45.52365000,7.83163333,1280.00,49.368
10557,3,2700,7596.310749891655,3532.880933408011,2020-08-06T13:36:43Z,45.52361667,7.83153333,1274.00,49.36
10558,3,2701,7597.310749891655,3533.880933408011,2020-08-06T13:36:44Z,45.52358333,7.83143333,1282.00,49.352
10559,3,2702,7598.310749891655,3534.880933408011,2020-08-06T13:36:45Z,45.52353333,7.83133333,1278.00,49.343
10560,3,2703,7599.310749891655,3535.880933408011,2020-08-06T13:36:46Z,45.52348333,7.83121667,1271.00,49.333
10561,3,2704,7600.310749891655,3536.880933408011,2020-08-06T13:36:47Z,45.52343333,7.83106667,1272.00,49.321
10562,3,2705,7601.310749891655,3537.880933408011,2020-08-06T13:36:48Z,45.52338333,7.83093333,1275.00,49.31
10563,3,2706,7602.310749891655,3538.880933408011,2020-08-06T13:36:49Z,45.52335000,7.83080000,1279.00,49.3
10564,3,2707,7603.310749891655,3539.880933408011,2020-08-06T13:36:50Z,45.52333333,7.83068333,1276.00,49.293
10565,3,2708,7604.310749891655,3540.880933408011,2020-08-06T13:36:51Z,45.52330000,7.83056667,1271.00,49.284
10566,3,2709,7605.310749891655,3541.880933408011,2020-08-06T13:36:52Z,45.52328333,7.83046667,1279.00,49.277
10567,3,2710,7606.310749891655,3542.880933408011,2020-08-06T13:36:53Z,45.52325000,7.83035000,1264.00,49.268
10568,3,2711,7607.310749891655,3543.880933408011,2020-08-06T13:36:54Z,45.52321667,7.83023333,1266.00,49.26
10569,3,2712,7608.310749891655,3544.880933408011,2020-08-06T13:36:55Z,45.52318333,7.83013333,1266.00,49.252
10570,3,2713,7609.310749891655,3545.880933408011,2020-08-06T13:36:56Z,45.52315000,7.83001667,1259.00,49.243
10571,3,2714,7610.310749891655,3546.880933408011,2020-08-06T13:36:57Z,45.52310000,7.82991667,1254.00,49.233
10572,3,2715,7611.310749891655,3547.880933408011,2020-08-06T13:36:58Z,45.52306667,7.82980000,1252.00,49.225
10573,3,2716,7612.310749891655,3548.880933408011,2020-08-06T13:36:59Z,45.52301667,7.82970000,1252.00,49.215
10574,3,2717,7613.310749891655,3549.880933408011,2020-08-06T13:37:00Z,45.52298333,7.82960000,1254.00,49.207
10575,3,2718,7614.310749891655,3550.880933408011,2020-08-06T13:37:01Z,45.52295000,7.82950000,1250.00,49.199
10576,3,2719,7615.310749891655,3551.880933408011,2020-08-06T13:37:02Z,45.52291667,7.82941667,1241.00,49.192
10577,3,2720,7616.310749891655,3552.880933408011,2020-08-06T13:37:03Z,45.52288333,7.82931667,1246.00,49.184
10578,3,2721,7617.310749891655,3553.880933408011,2020-08-06T13:37:04Z,45.52283333,7.82921667,1239.00,49.175
10579,3,2722,7618.310749891655,3554.880933408011,2020-08-06T13:37:05Z,45.52280000,7.82913333,1239.00,49.168
10580,3,2723,7619.310749891655,3555.880933408011,2020-08-06T13:37:06Z,45.52276667,7.82903333,1240.00,49.16
10581,3,2724,7620.310749891655,3556.880933408011,2020-08-06T13:37:07Z,45.52273333,7.82895000,1235.00,49.153
10582,3,2725,7621.310749891655,3557.880933408011,2020-08-06T13:37:08Z,45.52270000,7.82888333,1240.00,49.147
10583,3,2726,7622.310749891655,3558.880933408011,2020-08-06T13:37:09Z,45.52266667,7.82881667,1235.00,49.14
10584,3,2727,7623.310749891655,3559.880933408011,2020-08-06T13:37:10Z,45.52261667,7.82873333,1227.00,49.132
10585,3,2728,7624.310749891655,3560.880933408011,2020-08-06T13:37:11Z,45.52258333,7.82865000,1232.00,49.125
10586,3,2729,7625.310749891655,3561.880933408011,2020-08-06T13:37:12Z,45.52253333,7.82855000,1227.00,49.116
10587,3,2730,7626.310749891655,3562.880933408011,2020-08-06T13:37:13Z,45.52248333,7.82846667,1223.00,49.107
10588,3,2731,7627.310749891655,3563.880933408011,2020-08-06T13:37:14Z,45.52245000,7.82838333,1228.00,49.1
10589,3,2732,7628.310749891655,3564.880933408011,2020-08-06T13:37:15Z,45.52241667,7.82831667,1222.00,49.094
10590,3,2733,7629.310749891655,3565.880933408011,2020-08-06T13:37:16Z,45.52238333,7.82825000,1224.00,49.088
10591,3,2734,7630.310749891655,3566.880933408011,2020-08-06T13:37:17Z,45.52233333,7.82818333,1222.00,49.08
10592,3,2735,7631.310749891655,3567.880933408011,2020-08-06T13:37:18Z,45.52230000,7.82810000,1216.00,49.073
10593,3,2736,7632.310749891655,3568.880933408011,2020-08-06T13:37:19Z,45.52225000,7.82801667,1219.00,49.064
10594,3,2737,7633.310749891655,3569.880933408011,2020-08-06T13:37:20Z,45.52221667,7.82791667,1220.00,49.056
10595,3,2738,7634.310749891655,3570.880933408011,2020-08-06T13:37:21Z,45.52216667,7.82783333,1214.00,49.048
10596,3,2739,7635.310749891655,3571.880933408011,2020-08-06T13:37:22Z,45.52213333,7.82776667,1212.00,49.042
10597,3,2740,7636.310749891655,3572.880933408011,2020-08-06T13:37:23Z,45.52210000,7.82770000,1211.00,49.036
10598,3,2741,7637.310749891655,3573.880933408011,2020-08-06T13:37:24Z,45.52206667,7.82763333,1210.00,49.029
10599,3,2742,7638.310749891655,3574.880933408011,2020-08-06T13:37:25Z,45.52203333,7.82756667,1208.00,49.023
10600,3,2743,7639.310749891655,3575.880933408011,2020-08-06T13:37:26Z,45.52198333,7.82750000,1203.00,49.015
10601,3,2744,7640.310749891655,3576.880933408011,2020-08-06T13:37:27Z,45.52191667,7.82743333,1197.00,49.006
10602,3,2745,7641.310749891655,3577.880933408011,2020-08-06T13:37:28Z,45.52186667,7.82735000,1201.00,48.998
10603,3,2746,7642.310749891655,3578.880933408011,2020-08-06T13:37:29Z,45.52183333,7.82728333,1198.00,48.992
10604,3,2747,7643.310749891655,3579.880933408011,2020-08-06T13:37:30Z,45.52178333,7.82720000,1198.00,48.983
10605,3,2748,7644.310749891655,3580.880933408011,2020-08-06T13:37:31Z,45.52173333,7.82715000,1198.00,48.977
10606,3,2749,7645.310749891655,3581.880933408011,2020-08-06T13:37:32Z,45.52168333,7.82708333,1194.00,48.969
10607,3,2750,7646.310749891655,3582.880933408011,2020-08-06T13:37:33Z,45.52163333,7.82701667,1190.00,48.961
10608,3,2751,7647.310749891655,3583.880933408011,2020-08-06T13:37:34Z,45.52158333,7.82693333,1177.00,48.953
10609,3,2752,7648.310749891655,3584.880933408011,2020-08-06T13:37:35Z,45.52153333,7.82685000,1143.00,48.944
10610,3,2753,7649.310749891655,3585.880933408011,2020-08-06T13:37:36Z,45.52148333,7.82676667,1184.00,48.936
10611,3,2754,7650.310749891655,3586.880933408011,2020-08-06T13:37:37Z,45.52145000,7.82668333,1234.00,48.929
10612,3,2755,7651.310749891655,3587.880933408011,2020-08-06T13:37:38Z,45.52141667,7.82658333,1203.00,48.921
10613,3,2756,7652.310749891655,3588.880933408011,2020-08-06T13:37:39Z,45.52138333,7.82650000,1194.00,48.914
10614,3,2757,7653.310749891655,3589.880933408011,2020-08-06T13:37:40Z,45.52133333,7.82641667,1186.00,48.905
10615,3,2758,7654.310749891655,3590.880933408011,2020-08-06T13:37:41Z,45.52128333,7.82633333,1185.00,48.897
10616,3,2759,7655.310749891655,3591.880933408011,2020-08-06T13:37:42Z,45.52125000,7.82625000,1184.00,48.89
10617,3,2760,7656.310749891655,3592.880933408011,2020-08-06T13:37:43Z,45.52121667,7.82616667,1184.00,48.883
10618,3,2761,7657.310749891655,3593.880933408011,2020-08-06T13:37:44Z,45.52116667,7.82608333,1184.00,48.874
10619,3,2762,7658.310749891655,3594.880933408011,2020-08-06T13:37:45Z,45.52113333,7.82600000,1180.00,48.867
10620,3,2763,7659.310749891655,3595.880933408011,2020-08-06T13:37:46Z,45.52110000,7.82591667,1178.00,48.86
10621,3,2764,7660.310749891655,3596.880933408011,2020-08-06T13:37:47Z,45.52106667,7.82583333,1178.00,48.853
10622,3,2765,7661.310749891655,3597.880933408011,2020-08-06T13:37:48Z,45.52103333,7.82573333,1180.00,48.845
10623,3,2766,7662.310749891655,3598.880933408011,2020-08-06T13:37:49Z,45.52100000,7.82565000,1178.00,48.838
10624,3,2767,7663.310749891655,3599.880933408011,2020-08-06T13:37:50Z,45.52096667,7.82556667,1179.00,48.831
10625,3,2768,7664.310749891655,3600.880933408011,2020-08-06T13:37:51Z,45.52091667,7.82550000,1178.00,48.823
10626,3,2769,7665.310749891655,3601.880933408011,2020-08-06T13:37:52Z,45.52086667,7.82543333,1175.00,48.816
10627,3,2770,7666.310749891655,3602.880933408011,2020-08-06T13:37:53Z,45.52081667,7.82535000,1172.00,48.807
10628,3,2771,7667.310749891655,3603.880933408011,2020-08-06T13:37:54Z,45.52076667,7.82526667,1175.00,48.799
10629,3,2772,7668.310749891655,3604.880933408011,2020-08-06T13:37:55Z,45.52073333,7.82520000,1174.00,48.793
10630,3,2773,7669.310749891655,3605.880933408011,2020-08-06T13:37:56Z,45.52068333,7.82513333,1174.00,48.785
10631,3,2774,7670.310749891655,3606.880933408011,2020-08-06T13:37:57Z,45.52063333,7.82506667,1178.00,48.777
10632,3,2775,7671.310749891655,3607.880933408011,2020-08-06T13:37:58Z,45.52058333,7.82500000,1172.00,48.77
10633,3,2776,7672.310749891655,3608.880933408011,2020-08-06T13:37:59Z,45.52055000,7.82491667,1173.00,48.763
10634,3,2777,7673.310749891655,3609.880933408011,2020-08-06T13:38:00Z,45.52051667,7.82485000,1178.00,48.756
10635,3,2778,7674.310749891655,3610.880933408011,2020-08-06T13:38:01Z,45.52048333,7.82480000,1170.00,48.751
10636,3,2779,7675.310749891655,3611.880933408011,2020-08-06T13:38:02Z,45.52043333,7.82473333,1170.00,48.743
10637,3,2780,7676.310749891655,3612.880933408011,2020-08-06T13:38:03Z,45.52038333,7.82466667,1167.00,48.736
10638,3,2781,7677.310749891655,3613.880933408011,2020-08-06T13:38:04Z,45.52035000,7.82460000,1170.00,48.73
10639,3,2782,7678.310749891655,3614.880933408011,2020-08-06T13:38:05Z,45.52030000,7.82453333,1164.00,48.722
10640,3,2783,7679.310749891655,3615.880933408011,2020-08-06T13:38:06Z,45.52026667,7.82448333,1162.00,48.717
10641,3,2784,7680.310749891655,3616.880933408011,2020-08-06T13:38:07Z,45.52023333,7.82441667,1160.00,48.71
10642,3,2785,7681.310749891655,3617.880933408011,2020-08-06T13:38:08Z,45.52018333,7.82436667,1161.00,48.704
10643,3,2786,7682.310749891655,3618.880933408011,2020-08-06T13:38:09Z,45.52015000,7.82431667,1152.00,48.698
10644,3,2787,7683.310749891655,3619.880933408011,2020-08-06T13:38:10Z,45.52008333,7.82425000,1151.00,48.689
10645,3,2788,7684.310749891655,3620.880933408011,2020-08-06T13:38:11Z,45.52003333,7.82418333,1148.00,48.682
10646,3,2789,7685.310749891655,3621.880933408011,2020-08-06T13:38:12Z,45.51998333,7.82413333,1149.00,48.675
10647,3,2790,7686.310749891655,3622.880933408011,2020-08-06T13:38:13Z,45.51993333,7.82406667,1151.00,48.667
10648,3,2791,7687.310749891655,3623.880933408011,2020-08-06T13:38:14Z,45.51990000,7.82400000,1148.00,48.661
10649,3,2792,7688.310749891655,3624.880933408011,2020-08-06T13:38:15Z,45.51986667,7.82395000,1146.00,48.656
10650,3,2793,7689.310749891655,3625.880933408011,2020-08-06T13:38:16Z,45.51981667,7.82388333,1141.00,48.648
10651,3,2794,7690.310749891655,3626.880933408011,2020-08-06T13:38:17Z,45.51976667,7.82381667,1137.00,48.641
10652,3,2795,7691.310749891655,3627.880933408011,2020-08-06T13:38:18Z,45.51971667,7.82375000,1138.00,48.633
10653,3,2796,7692.310749891655,3628.880933408011,2020-08-06T13:38:19Z,45.51966667,7.82368333,1137.00,48.625
10654,3,2797,7693.310749891655,3629.880933408011,2020-08-06T13:38:20Z,45.51961667,7.82361667,1135.00,48.618
10655,3,2798,7694.310749891655,3630.880933408011,2020-08-06T13:38:21Z,45.51958333,7.82353333,1133.00,48.611
10656,3,2799,7695.310749891655,3631.880933408011,2020-08-06T13:38:22Z,45.51953333,7.82348333,1135.00,48.604
10657,3,2800,7696.310749891655,3632.880933408011,2020-08-06T13:38:23Z,45.51950000,7.82341667,1134.00,48.598
10658,3,2801,7697.310749891655,3633.880933408011,2020-08-06T13:38:24Z,45.51946667,7.82336667,1129.00,48.592
10659,3,2802,7698.310749891655,3634.880933408011,2020-08-06T13:38:25Z,45.51941667,7.82330000,1129.00,48.585
10660,3,2803,7699.310749891655,3635.880933408011,2020-08-06T13:38:26Z,45.51938333,7.82323333,1125.00,48.579
10661,3,2804,7700.310749891655,3636.880933408011,2020-08-06T13:38:27Z,45.51935000,7.82318333,1120.00,48.573
10662,3,2805,7701.310749891655,3637.880933408011,2020-08-06T13:38:28Z,45.51931667,7.82310000,1135.00,48.566
10663,3,2806,7702.310749891655,3638.880933408011,2020-08-06T13:38:29Z,45.51928333,7.82305000,1129.00,48.561
10664,3,2807,7703.310749891655,3639.880933408011,2020-08-06T13:38:30Z,45.51925000,7.82300000,1122.00,48.555
10665,3,2808,7704.310749891655,3640.880933408011,2020-08-06T13:38:31Z,45.51921667,7.82295000,1112.00,48.55
10666,3,2809,7705.310749891655,3641.880933408011,2020-08-06T13:38:32Z,45.51916667,7.82288333,1101.00,48.542
10667,3,2810,7706.310749891655,3642.880933408011,2020-08-06T13:38:33Z,45.51915000,7.82281667,1110.00,48.538
10668,3,2811,7707.310749891655,3643.880933408011,2020-08-06T13:38:34Z,45.51911667,7.82276667,1095.00,48.532
10669,3,2812,7708.310749891655,3644.880933408011,2020-08-06T13:38:35Z,45.51908333,7.82270000,1103.00,48.526
10670,3,2813,7709.310749891655,3645.880933408011,2020-08-06T13:38:36Z,45.51906667,7.82265000,1105.00,48.522
10671,3,2814,7710.310749891655,3646.880933408011,2020-08-06T13:38:37Z,45.51905000,7.82258333,1112.00,48.517
10672,3,2815,7711.310749891655,3647.880933408011,2020-08-06T13:38:38Z,45.51903333,7.82251667,1135.00,48.512
10673,3,2816,7712.310749891655,3648.880933408011,2020-08-06T13:38:39Z,45.51900000,7.82246667,1113.00,48.507
10674,3,2817,7713.310749891655,3649.880933408011,2020-08-06T13:38:40Z,45.51898333,7.82240000,1110.00,48.502
10675,3,2818,7714.310749891655,3650.880933408011,2020-08-06T13:38:41Z,45.51896667,7.82235000,1110.00,48.498
10676,3,2819,7715.310749891655,3651.880933408011,2020-08-06T13:38:42Z,45.51895000,7.82231667,1107.00,48.495
10677,3,2820,7716.310749891655,3652.880933408011,2020-08-06T13:38:43Z,45.51895000,7.82226667,1106.00,48.493
10678,3,2821,7717.310749891655,3653.880933408011,2020-08-06T13:38:44Z,45.51893333,7.82221667,1108.00,48.489
10679,3,2822,7718.310749891655,3654.880933408011,2020-08-06T13:38:45Z,45.51891667,7.82216667,1105.00,48.485
10680,3,2823,7719.310749891655,3655.880933408011,2020-08-06T13:38:46Z,45.51890000,7.82213333,1104.00,48.481
10681,3,2824,7720.310749891655,3656.880933408011,2020-08-06T13:38:47Z,45.51888333,7.82206667,1110.00,48.477
10682,3,2825,7721.310749891655,3657.880933408011,2020-08-06T13:38:48Z,45.51888333,7.82201667,1116.00,48.474
10683,3,2826,7722.310749891655,3658.880933408011,2020-08-06T13:38:49Z,45.51888333,7.82195000,1113.00,48.471
10684,3,2827,7723.310749891655,3659.880933408011,2020-08-06T13:38:50Z,45.51888333,7.82190000,1102.00,48.468
10685,3,2828,7724.310749891655,3660.880933408011,2020-08-06T13:38:51Z,45.51886667,7.82183333,1098.00,48.463
10686,3,2829,7725.310749891655,3661.880933408011,2020-08-06T13:38:52Z,45.51883333,7.82176667,1102.00,48.457
10687,3,2830,7726.310749891655,3662.880933408011,2020-08-06T13:38:53Z,45.51881667,7.82171667,1099.00,48.453
10688,3,2831,7727.310749891655,3663.880933408011,2020-08-06T13:38:54Z,45.51878333,7.82163333,1100.00,48.446
10689,3,2832,7728.310749891655,3664.880933408011,2020-08-06T13:38:55Z,45.51876667,7.82158333,1113.00,48.442
10690,3,2833,7729.310749891655,3665.880933408011,2020-08-06T13:38:56Z,45.51875000,7.82155000,1114.00,48.439
10691,3,2834,7730.310749891655,3666.880933408011,2020-08-06T13:38:57Z,45.51873333,7.82151667,1112.00,48.436
10692,3,2835,7731.310749891655,3667.880933408011,2020-08-06T13:38:58Z,45.51871667,7.82150000,1113.00,48.434
10693,3,2836,7732.310749891655,3668.880933408011,2020-08-06T13:38:59Z,45.51870000,7.82148333,1100.00,48.431
10694,3,2837,7733.310749891655,3669.880933408011,2020-08-06T13:39:00Z,45.51868333,7.82143333,1093.00,48.427
10695,3,2838,7734.310749891655,3670.880933408011,2020-08-06T13:39:01Z,45.51866667,7.82136667,1113.00,48.422
10696,3,2839,7735.310749891655,3671.880933408011,2020-08-06T13:39:02Z,45.51866667,7.82131667,1111.00,48.42
10697,3,2840,7736.310749891655,3672.880933408011,2020-08-06T13:39:03Z,45.51866667,7.82125000,1113.00,48.416
10698,3,2841,7737.310749891655,3673.880933408011,2020-08-06T13:39:04Z,45.51866667,7.82118333,1115.00,48.413
10699,3,2842,7738.310749891655,3674.880933408011,2020-08-06T13:39:05Z,45.51865000,7.82113333,1117.00,48.409
10700,3,2843,7739.310749891655,3675.880933408011,2020-08-06T13:39:06Z,45.51863333,7.82108333,1111.00,48.405
10701,3,2844,7740.310749891655,3676.880933408011,2020-08-06T13:39:07Z,45.51861667,7.82101667,1108.00,48.4
10702,3,2845,7741.310749891655,3677.880933408011,2020-08-06T13:39:08Z,45.51858333,7.82095000,1106.00,48.394
10703,3,2846,7742.310749891655,3678.880933408011,2020-08-06T13:39:09Z,45.51856667,7.82090000,1108.00,48.39
10704,3,2847,7743.310749891655,3679.880933408011,2020-08-06T13:39:10Z,45.51853333,7.82083333,1104.00,48.384
10705,3,2848,7744.310749891655,3680.880933408011,2020-08-06T13:39:11Z,45.51851667,7.82078333,1115.00,48.38
10706,3,2849,7745.310749891655,3681.880933408011,2020-08-06T13:39:12Z,45.51848333,7.82073333,1110.00,48.375
10707,3,2850,7746.310749891655,3682.880933408011,2020-08-06T13:39:13Z,45.51846667,7.82068333,1088.00,48.371
10708,3,2851,7747.310749891655,3683.880933408011,2020-08-06T13:39:14Z,45.51845000,7.82063333,1097.00,48.367
10709,3,2852,7748.310749891655,3684.880933408011,2020-08-06T13:39:15Z,45.51841667,7.82056667,1096.00,48.36
10710,3,2853,7749.310749891655,3685.880933408011,2020-08-06T13:39:16Z,45.51838333,7.82050000,1096.00,48.354
10711,3,2854,7750.310749891655,3686.880933408011,2020-08-06T13:39:17Z,45.51833333,7.82043333,1091.00,48.347
10712,3,2855,7751.310749891655,3687.880933408011,2020-08-06T13:39:18Z,45.51830000,7.82036667,1087.00,48.34
10713,3,2856,7752.310749891655,3688.880933408011,2020-08-06T13:39:19Z,45.51825000,7.82028333,1088.00,48.332
10714,3,2857,7753.310749891655,3689.880933408011,2020-08-06T13:39:20Z,45.51820000,7.82023333,1087.00,48.325
10715,3,2858,7754.310749891655,3690.880933408011,2020-08-06T13:39:21Z,45.51816667,7.82018333,1087.00,48.32
10716,3,2859,7755.310749891655,3691.880933408011,2020-08-06T13:39:22Z,45.51813333,7.82015000,1086.00,48.315
10717,3,2860,7756.310749891655,3692.880933408011,2020-08-06T13:39:23Z,45.51808333,7.82010000,1085.00,48.309
10718,3,2861,7757.310749891655,3693.880933408011,2020-08-06T13:39:24Z,45.51805000,7.82006667,1085.00,48.304
10719,3,2862,7758.310749891655,3694.880933408011,2020-08-06T13:39:25Z,45.51800000,7.82001667,1082.00,48.297
10720,3,2863,7759.310749891655,3695.880933408011,2020-08-06T13:39:26Z,45.51796667,7.81998333,1079.00,48.293
10721,3,2864,7760.310749891655,3696.880933408011,2020-08-06T13:39:27Z,45.51790000,7.81993333,1079.00,48.285
10722,3,2865,7761.310749891655,3697.880933408011,2020-08-06T13:39:28Z,45.51785000,7.81988333,1081.00,48.278
10723,3,2866,7762.310749891655,3698.880933408011,2020-08-06T13:39:29Z,45.51781667,7.81983333,1081.00,48.273
10724,3,2867,7763.310749891655,3699.880933408011,2020-08-06T13:39:30Z,45.51776667,7.81978333,1082.00,48.266
10725,3,2868,7764.310749891655,3700.880933408011,2020-08-06T13:39:31Z,45.51773333,7.81973333,1081.00,48.26
10726,3,2869,7765.310749891655,3701.880933408011,2020-08-06T13:39:32Z,45.51770000,7.81966667,1081.00,48.254
10727,3,2870,7766.310749891655,3702.880933408011,2020-08-06T13:39:33Z,45.51766667,7.81960000,1082.00,48.248
10728,3,2871,7767.310749891655,3703.880933408011,2020-08-06T13:39:34Z,45.51765000,7.81953333,1078.00,48.243
10729,3,2872,7768.310749891655,3704.880933408011,2020-08-06T13:39:35Z,45.51760000,7.81946667,1078.00,48.236
10730,3,2873,7769.310749891655,3705.880933408011,2020-08-06T13:39:36Z,45.51756667,7.81938333,1081.00,48.229
10731,3,2874,7770.310749891655,3706.880933408011,2020-08-06T13:39:37Z,45.51751667,7.81930000,1076.00,48.22
10732,3,2875,7771.310749891655,3707.880933408011,2020-08-06T13:39:38Z,45.51746667,7.81921667,1077.00,48.212
10733,3,2876,7772.310749891655,3708.880933408011,2020-08-06T13:39:39Z,45.51743333,7.81913333,1080.00,48.205
10734,3,2877,7773.310749891655,3709.880933408011,2020-08-06T13:39:40Z,45.51738333,7.81908333,1079.00,48.198
10735,3,2878,7774.310749891655,3710.880933408011,2020-08-06T13:39:41Z,45.51735000,7.81903333,1074.00,48.192
10736,3,2879,7775.310749891655,3711.880933408011,2020-08-06T13:39:42Z,45.51731667,7.81896667,1068.00,48.186
10737,3,2880,7776.310749891655,3712.880933408011,2020-08-06T13:39:43Z,45.51728333,7.81891667,1072.00,48.181
10738,3,2881,7777.310749891655,3713.880933408011,2020-08-06T13:39:44Z,45.51723333,7.81883333,1076.00,48.172
10739,3,2882,7778.310749891655,3714.880933408011,2020-08-06T13:39:45Z,45.51718333,7.81876667,1069.00,48.165
10740,3,2883,7779.310749891655,3715.880933408011,2020-08-06T13:39:46Z,45.51715000,7.81870000,1071.00,48.159
10741,3,2884,7780.310749891655,3716.880933408011,2020-08-06T13:39:47Z,45.51711667,7.81863333,1075.00,48.152
10742,3,2885,7781.310749891655,3717.880933408011,2020-08-06T13:39:48Z,45.51708333,7.81856667,1063.00,48.146
10743,3,2886,7782.310749891655,3718.880933408011,2020-08-06T13:39:49Z,45.51705000,7.81850000,1069.00,48.14
10744,3,2887,7783.310749891655,3719.880933408011,2020-08-06T13:39:50Z,45.51701667,7.81843333,1067.00,48.134
10745,3,2888,7784.310749891655,3720.880933408011,2020-08-06T13:39:51Z,45.51696667,7.81835000,1064.00,48.125
10746,3,2889,7785.310749891655,3721.880933408011,2020-08-06T13:39:52Z,45.51693333,7.81826667,1065.00,48.118
10747,3,2890,7786.310749891655,3722.880933408011,2020-08-06T13:39:53Z,45.51690000,7.81818333,1060.00,48.111
10748,3,2891,7787.310749891655,3723.880933408011,2020-08-06T13:39:54Z,45.51685000,7.81811667,1063.00,48.103
10749,3,2892,7788.310749891655,3724.880933408011,2020-08-06T13:39:55Z,45.51680000,7.81805000,1063.00,48.096
10750,3,2893,7789.310749891655,3725.880933408011,2020-08-06T13:39:56Z,45.51675000,7.81798333,1058.00,48.088
10751,3,2894,7790.310749891655,3726.880933408011,2020-08-06T13:39:57Z,45.51671667,7.81791667,1060.00,48.082
10752,3,2895,7791.310749891655,3727.880933408011,2020-08-06T13:39:58Z,45.51666667,7.81785000,1059.00,48.074
10753,3,2896,7792.310749891655,3728.880933408011,2020-08-06T13:39:59Z,45.51663333,7.81776667,1056.00,48.067
10754,3,2897,7793.310749891655,3729.880933408011,2020-08-06T13:40:00Z,45.51660000,7.81770000,1059.00,48.061
10755,3,2898,7794.310749891655,3730.880933408011,2020-08-06T13:40:01Z,45.51656667,7.81763333,1057.00,48.055
10756,3,2899,7795.310749891655,3731.880933408011,2020-08-06T13:40:02Z,45.51653333,7.81756667,1057.00,48.049
10757,3,2900,7796.310749891655,3732.880933408011,2020-08-06T13:40:03Z,45.51648333,7.81750000,1049.00,48.041
10758,3,2901,7797.310749891655,3733.880933408011,2020-08-06T13:40:04Z,45.51645000,7.81741667,1059.00,48.034
10759,3,2902,7798.310749891655,3734.880933408011,2020-08-06T13:40:05Z,45.51641667,7.81733333,1046.00,48.027
10760,3,2903,7799.310749891655,3735.880933408011,2020-08-06T13:40:06Z,45.51640000,7.81725000,1053.00,48.021
10761,3,2904,7800.310749891655,3736.880933408011,2020-08-06T13:40:07Z,45.51636667,7.81718333,1063.00,48.015
10762,3,2905,7801.310749891655,3737.880933408011,2020-08-06T13:40:08Z,45.51633333,7.81710000,1054.00,48.008
10763,3,2906,7802.310749891655,3738.880933408011,2020-08-06T13:40:09Z,45.51630000,7.81703333,1049.00,48.002
10764,3,2907,7803.310749891655,3739.880933408011,2020-08-06T13:40:10Z,45.51628333,7.81695000,1056.00,47.996
10765,3,2908,7804.310749891655,3740.880933408011,2020-08-06T13:40:11Z,45.51625000,7.81688333,1055.00,47.99
10766,3,2909,7805.310749891655,3741.880933408011,2020-08-06T13:40:12Z,45.51621667,7.81681667,1052.00,47.984
10767,3,2910,7806.310749891655,3742.880933408011,2020-08-06T13:40:13Z,45.51618333,7.81673333,1047.00,47.977
10768,3,2911,7807.310749891655,3743.880933408011,2020-08-06T13:40:14Z,45.51613333,7.81666667,1051.00,47.969
10769,3,2912,7808.310749891655,3744.880933408011,2020-08-06T13:40:15Z,45.51610000,7.81661667,1047.00,47.964
10770,3,2913,7809.310749891655,3745.880933408011,2020-08-06T13:40:16Z,45.51605000,7.81656667,1056.00,47.957
10771,3,2914,7810.310749891655,3746.880933408011,2020-08-06T13:40:17Z,45.51600000,7.81653333,1046.00,47.951
10772,3,2915,7811.310749891655,3747.880933408011,2020-08-06T13:40:18Z,45.51596667,7.81650000,1050.00,47.947
10773,3,2916,7812.310749891655,3748.880933408011,2020-08-06T13:40:19Z,45.51591667,7.81646667,1053.00,47.941
10774,3,2917,7813.310749891655,3749.880933408011,2020-08-06T13:40:20Z,45.51588333,7.81643333,1049.00,47.936
10775,3,2918,7814.310749891655,3750.880933408011,2020-08-06T13:40:21Z,45.51585000,7.81640000,1046.00,47.932
10776,3,2919,7815.310749891655,3751.880933408011,2020-08-06T13:40:22Z,45.51580000,7.81635000,1051.00,47.925
10777,3,2920,7816.310749891655,3752.880933408011,2020-08-06T13:40:23Z,45.51576667,7.81631667,1041.00,47.92
10778,3,2921,7817.310749891655,3753.880933408011,2020-08-06T13:40:24Z,45.51573333,7.81626667,1037.00,47.915
10779,3,2922,7818.310749891655,3754.880933408011,2020-08-06T13:40:25Z,45.51568333,7.81621667,1035.00,47.908
10780,3,2923,7819.310749891655,3755.880933408011,2020-08-06T13:40:26Z,45.51565000,7.81618333,1053.00,47.904
10781,3,2924,7820.310749891655,3756.880933408011,2020-08-06T13:40:27Z,45.51560000,7.81615000,1044.00,47.898
10782,3,2925,7821.310749891655,3757.880933408011,2020-08-06T13:40:28Z,45.51555000,7.81613333,1036.00,47.893
10783,3,2926,7822.310749891655,3758.880933408011,2020-08-06T13:40:29Z,45.51550000,7.81611667,1039.00,47.888
10784,3,2927,7823.310749891655,3759.880933408011,2020-08-06T13:40:30Z,45.51543333,7.81610000,1039.00,47.881
10785,3,2928,7824.310749891655,3760.880933408011,2020-08-06T13:40:31Z,45.51536667,7.81606667,1051.00,47.874
10786,3,2929,7825.310749891655,3761.880933408011,2020-08-06T13:40:32Z,45.51530000,7.81605000,1040.00,47.868
10787,3,2930,7826.310749891655,3762.880933408011,2020-08-06T13:40:33Z,45.51526667,7.81601667,1037.00,47.863
10788,3,2931,7827.310749891655,3763.880933408011,2020-08-06T13:40:34Z,45.51523333,7.81598333,1046.00,47.859
10789,3,2932,7828.310749891655,3764.880933408011,2020-08-06T13:40:35Z,45.51520000,7.81596667,1040.00,47.855
10790,3,2933,7829.310749891655,3765.880933408011,2020-08-06T13:40:36Z,45.51516667,7.81593333,1026.00,47.851
10791,3,2934,7830.310749891655,3766.880933408011,2020-08-06T13:40:37Z,45.51513333,7.81591667,1039.00,47.847
10792,3,2935,7831.310749891655,3767.880933408011,2020-08-06T13:40:38Z,45.51508333,7.81590000,1052.00,47.842
10793,3,2936,7832.310749891655,3768.880933408011,2020-08-06T13:40:39Z,45.51503333,7.81588333,1033.00,47.837
10794,3,2937,7833.310749891655,3769.880933408011,2020-08-06T13:40:40Z,45.51500000,7.81583333,1041.00,47.832
10795,3,2938,7834.310749891655,3770.880933408011,2020-08-06T13:40:41Z,45.51496667,7.81578333,1040.00,47.826
10796,3,2939,7835.310749891655,3771.880933408011,2020-08-06T13:40:42Z,45.51495000,7.81573333,1043.00,47.822
10797,3,2940,7836.310749891655,3772.880933408011,2020-08-06T13:40:43Z,45.51491667,7.81566667,1043.00,47.816
10798,3,2941,7837.310749891655,3773.880933408011,2020-08-06T13:40:44Z,45.51486667,7.81561667,1043.00,47.809
10799,3,2942,7838.310749891655,3774.880933408011,2020-08-06T13:40:45Z,45.51481667,7.81558333,1035.00,47.803
10800,3,2943,7839.310749891655,3775.880933408011,2020-08-06T13:40:46Z,45.51476667,7.81553333,1029.00,47.797
10801,3,2944,7840.310749891655,3776.880933408011,2020-08-06T13:40:47Z,45.51471667,7.81550000,1048.00,47.791
10802,3,2945,7841.310749891655,3777.880933408011,2020-08-06T13:40:48Z,45.51466667,7.81546667,1049.00,47.785
10803,3,2946,7842.310749891655,3778.880933408011,2020-08-06T13:40:49Z,45.51461667,7.81545000,1026.00,47.78
10804,3,2947,7843.310749891655,3779.880933408011,2020-08-06T13:40:50Z,45.51458333,7.81543333,1029.00,47.776
10805,3,2948,7844.310749891655,3780.880933408011,2020-08-06T13:40:51Z,45.51456667,7.81541667,1034.00,47.774
10806,3,2949,7845.310749891655,3781.880933408011,2020-08-06T13:40:52Z,45.51453333,7.81540000,1045.00,47.77
10807,3,2950,7846.310749891655,3782.880933408011,2020-08-06T13:40:53Z,45.51448333,7.81536667,1039.00,47.764
10808,3,2951,7847.310749891655,3783.880933408011,2020-08-06T13:40:54Z,45.51443333,7.81531667,1044.00,47.758
10809,3,2952,7848.310749891655,3784.880933408011,2020-08-06T13:40:55Z,45.51440000,7.81528333,1044.00,47.753
10810,3,2953,7849.310749891655,3785.880933408011,2020-08-06T13:40:56Z,45.51435000,7.81523333,1050.00,47.746
10811,3,2954,7850.310749891655,3786.880933408011,2020-08-06T13:40:57Z,45.51433333,7.81520000,1039.00,47.743
10812,3,2955,7851.310749891655,3787.880933408011,2020-08-06T13:40:58Z,45.51430000,7.81515000,1047.00,47.738
10813,3,2956,7852.310749891655,3788.880933408011,2020-08-06T13:40:59Z,45.51428333,7.81511667,1039.00,47.735
10814,3,2957,7853.310749891655,3789.880933408011,2020-08-06T13:41:00Z,45.51425000,7.81506667,1047.00,47.729
10815,3,2958,7854.310749891655,3790.880933408011,2020-08-06T13:41:01Z,45.51420000,7.81500000,1049.00,47.722
10816,3,2959,7855.310749891655,3791.880933408011,2020-08-06T13:41:02Z,45.51416667,7.81495000,1051.00,47.717
10817,3,2960,7856.310749891655,3792.880933408011,2020-08-06T13:41:03Z,45.51415000,7.81488333,1046.00,47.712
10818,3,2961,7857.310749891655,3793.880933408011,2020-08-06T13:41:04Z,45.51413333,7.81481667,1045.00,47.707
10819,3,2962,7858.310749891655,3794.880933408011,2020-08-06T13:41:05Z,45.51411667,7.81475000,1044.00,47.702
10820,3,2963,7859.310749891655,3795.880933408011,2020-08-06T13:41:06Z,45.51411667,7.81468333,1037.00,47.699
10821,3,2964,7860.310749891655,3796.880933408011,2020-08-06T13:41:07Z,45.51410000,7.81463333,1039.00,47.695
10822,3,2965,7861.310749891655,3797.880933408011,2020-08-06T13:41:08Z,45.51406667,7.81458333,1035.00,47.689
10823,3,2966,7862.310749891655,3798.880933408011,2020-08-06T13:41:09Z,45.51403333,7.81451667,1033.00,47.683
10824,3,2967,7863.310749891655,3799.880933408011,2020-08-06T13:41:10Z,45.51400000,7.81446667,1047.00,47.678
10825,3,2968,7864.310749891655,3800.880933408011,2020-08-06T13:41:11Z,45.51396667,7.81441667,1038.00,47.672
10826,3,2969,7865.310749891655,3801.880933408011,2020-08-06T13:41:12Z,45.51393333,7.81436667,1049.00,47.667
10827,3,2970,7866.310749891655,3802.880933408011,2020-08-06T13:41:13Z,45.51390000,7.81431667,1024.00,47.662
10828,3,2971,7867.310749891655,3803.880933408011,2020-08-06T13:41:14Z,45.51388333,7.81426667,1036.00,47.658
10829,3,2972,7868.310749891655,3804.880933408011,2020-08-06T13:41:15Z,45.51383333,7.81420000,1039.00,47.65
10830,3,2973,7869.310749891655,3805.880933408011,2020-08-06T13:41:16Z,45.51380000,7.81415000,1028.00,47.645
10831,3,2974,7870.310749891655,3806.880933408011,2020-08-06T13:41:17Z,45.51375000,7.81406667,1043.00,47.636
10832,3,2975,7871.310749891655,3807.880933408011,2020-08-06T13:41:18Z,45.51370000,7.81398333,1034.00,47.628
10833,3,2976,7872.310749891655,3808.880933408011,2020-08-06T13:41:19Z,45.51366667,7.81390000,1040.00,47.621
10834,3,2977,7873.310749891655,3809.880933408011,2020-08-06T13:41:20Z,45.51363333,7.81383333,1034.00,47.615
10835,3,2978,7874.310749891655,3810.880933408011,2020-08-06T13:41:21Z,45.51360000,7.81380000,1016.00,47.61
10836,3,2979,7875.310749891655,3811.880933408011,2020-08-06T13:41:22Z,45.51358333,7.81378333,1037.00,47.608
10837,3,2980,7876.310749891655,3812.880933408011,2020-08-06T13:41:23Z,45.51355000,7.81375000,1035.00,47.603
10838,3,2981,7877.310749891655,3813.880933408011,2020-08-06T13:41:24Z,45.51351667,7.81368333,1037.00,47.597
10839,3,2982,7878.310749891655,3814.880933408011,2020-08-06T13:41:25Z,45.51346667,7.81361667,1039.00,47.589
10840,3,2983,7879.310749891655,3815.880933408011,2020-08-06T13:41:26Z,45.51343333,7.81355000,1043.00,47.583
10841,3,2984,7880.310749891655,3816.880933408011,2020-08-06T13:41:27Z,45.51340000,7.81348333,1040.00,47.577
10842,3,2985,7881.310749891655,3817.880933408011,2020-08-06T13:41:28Z,45.51336667,7.81343333,1041.00,47.572
10843,3,2986,7882.310749891655,3818.880933408011,2020-08-06T13:41:29Z,45.51333333,7.81338333,1036.00,47.566
10844,3,2987,7883.310749891655,3819.880933408011,2020-08-06T13:41:30Z,45.51330000,7.81333333,1046.00,47.561
10845,3,2988,7884.310749891655,3820.880933408011,2020-08-06T13:41:31Z,45.51326667,7.81326667,1031.00,47.555
10846,3,2989,7885.310749891655,3821.880933408011,2020-08-06T13:41:32Z,45.51323333,7.81318333,1050.00,47.548
10847,3,2990,7886.310749891655,3822.880933408011,2020-08-06T13:41:33Z,45.51320000,7.81311667,1037.00,47.541
10848,3,2991,7887.310749891655,3823.880933408011,2020-08-06T13:41:34Z,45.51316667,7.81303333,1035.00,47.534
10849,3,2992,7888.310749891655,3824.880933408011,2020-08-06T13:41:35Z,45.51315000,7.81296667,1028.00,47.53
10850,3,2993,7889.310749891655,3825.880933408011,2020-08-06T13:41:36Z,45.51311667,7.81291667,1033.00,47.524
10851,3,2994,7890.310749891655,3826.880933408011,2020-08-06T13:41:37Z,45.51305000,7.81283333,1031.00,47.514
10852,3,2995,7891.310749891655,3827.880933408011,2020-08-06T13:41:38Z,45.51300000,7.81276667,1034.00,47.507
10853,3,2996,7892.310749891655,3828.880933408011,2020-08-06T13:41:39Z,45.51295000,7.81270000,1034.00,47.499
10854,3,2997,7893.310749891655,3829.880933408011,2020-08-06T13:41:40Z,45.51291667,7.81265000,1038.00,47.494
10855,3,2998,7894.310749891655,3830.880933408011,2020-08-06T13:41:41Z,45.51288333,7.81260000,1036.00,47.488
10856,3,2999,7895.310749891655,3831.880933408011,2020-08-06T13:41:42Z,45.51286667,7.81255000,1038.00,47.484
10857,3,3000,7896.310749891655,3832.880933408011,2020-08-06T13:41:43Z,45.51285000,7.81248333,1033.00,47.48
10858,3,3001,7897.310749891655,3833.880933408011,2020-08-06T13:41:44Z,45.51281667,7.81243333,1037.00,47.474
10859,3,3002,7898.310749891655,3834.880933408011,2020-08-06T13:41:45Z,45.51276667,7.81236667,1036.00,47.467
10860,3,3003,7899.310749891655,3835.880933408011,2020-08-06T13:41:46Z,45.51270000,7.81230000,1037.00,47.458
10861,3,3004,7900.310749891655,3836.880933408011,2020-08-06T13:41:47Z,45.51265000,7.81225000,1047.00,47.451
10862,3,3005,7901.310749891655,3837.880933408011,2020-08-06T13:41:48Z,45.51260000,7.81218333,1040.00,47.443
10863,3,3006,7902.310749891655,3838.880933408011,2020-08-06T13:41:49Z,45.51256667,7.81211667,1042.00,47.437
10864,3,3007,7903.310749891655,3839.880933408011,2020-08-06T13:41:50Z,45.51251667,7.81203333,1045.00,47.429
10865,3,3008,7904.310749891655,3840.880933408011,2020-08-06T13:41:51Z,45.51248333,7.81195000,1025.00,47.422
10866,3,3009,7905.310749891655,3841.880933408011,2020-08-06T13:41:52Z,45.51245000,7.81188333,1046.00,47.415
10867,3,3010,7906.310749891655,3842.880933408011,2020-08-06T13:41:53Z,45.51240000,7.81181667,1047.00,47.408
10868,3,3011,7907.310749891655,3843.880933408011,2020-08-06T13:41:54Z,45.51235000,7.81175000,1041.00,47.4
10869,3,3012,7908.310749891655,3844.880933408011,2020-08-06T13:41:55Z,45.51230000,7.81168333,1044.00,47.393
10870,3,3013,7909.310749891655,3845.880933408011,2020-08-06T13:41:56Z,45.51225000,7.81160000,1045.00,47.384
10871,3,3014,7910.310749891655,3846.880933408011,2020-08-06T13:41:57Z,45.51220000,7.81153333,1054.00,47.376
10872,3,3015,7911.310749891655,3847.880933408011,2020-08-06T13:41:58Z,45.51215000,7.81145000,1041.00,47.368
10873,3,3016,7912.310749891655,3848.880933408011,2020-08-06T13:41:59Z,45.51210000,7.81135000,1044.00,47.359
10874,3,3017,7913.310749891655,3849.880933408011,2020-08-06T13:42:00Z,45.51206667,7.81126667,1044.00,47.352
10875,3,3018,7914.310749891655,3850.880933408011,2020-08-06T13:42:01Z,45.51201667,7.81116667,1050.00,47.342
10876,3,3019,7915.310749891655,3851.880933408011,2020-08-06T13:42:02Z,45.51196667,7.81108333,1044.00,47.334
10877,3,3020,7916.310749891655,3852.880933408011,2020-08-06T13:42:03Z,45.51191667,7.81101667,1049.00,47.326
10878,3,3021,7917.310749891655,3853.880933408011,2020-08-06T13:42:04Z,45.51186667,7.81095000,1044.00,47.319
10879,3,3022,7918.310749891655,3854.880933408011,2020-08-06T13:42:05Z,45.51181667,7.81086667,1050.00,47.31
10880,3,3023,7919.310749891655,3855.880933408011,2020-08-06T13:42:06Z,45.51176667,7.81078333,1053.00,47.302
10881,3,3024,7920.310749891655,3856.880933408011,2020-08-06T13:42:07Z,45.51171667,7.81070000,1051.00,47.293
10882,3,3025,7921.310749891655,3857.880933408011,2020-08-06T13:42:08Z,45.51165000,7.81061667,1052.00,47.283
10883,3,3026,7922.310749891655,3858.880933408011,2020-08-06T13:42:09Z,45.51160000,7.81053333,1054.00,47.275
10884,3,3027,7923.310749891655,3859.880933408011,2020-08-06T13:42:10Z,45.51153333,7.81045000,1052.00,47.265
10885,3,3028,7924.310749891655,3860.880933408011,2020-08-06T13:42:11Z,45.51148333,7.81036667,1052.00,47.257
10886,3,3029,7925.310749891655,3861.880933408011,2020-08-06T13:42:12Z,45.51143333,7.81033333,1049.00,47.251
10887,3,3030,7926.310749891655,3862.880933408011,2020-08-06T13:42:13Z,45.51138333,7.81026667,1057.00,47.243
10888,3,3031,7927.310749891655,3863.880933408011,2020-08-06T13:42:14Z,45.51135000,7.81020000,1060.00,47.237
10889,3,3032,7928.310749891655,3864.880933408011,2020-08-06T13:42:15Z,45.51130000,7.81013333,1054.00,47.229
10890,3,3033,7929.310749891655,3865.880933408011,2020-08-06T13:42:16Z,45.51125000,7.81006667,1057.00,47.222
10891,3,3034,7930.310749891655,3866.880933408011,2020-08-06T13:42:17Z,45.51120000,7.81001667,1064.00,47.215
10892,3,3035,7931.310749891655,3867.880933408011,2020-08-06T13:42:18Z,45.51113333,7.80996667,1068.00,47.207
10893,3,3036,7932.310749891655,3868.880933408011,2020-08-06T13:42:19Z,45.51108333,7.80993333,1061.00,47.201
10894,3,3037,7933.310749891655,3869.880933408011,2020-08-06T13:42:20Z,45.51103333,7.80988333,1066.00,47.194
10895,3,3038,7934.310749891655,3870.880933408011,2020-08-06T13:42:21Z,45.51100000,7.80980000,1041.00,47.187
10896,3,3039,7935.310749891655,3871.880933408011,2020-08-06T13:42:22Z,45.51096667,7.80973333,1070.00,47.181
10897,3,3040,7936.310749891655,3872.880933408011,2020-08-06T13:42:23Z,45.51095000,7.80965000,1049.00,47.175
10898,3,3041,7937.310749891655,3873.880933408011,2020-08-06T13:42:24Z,45.51091667,7.80956667,1071.00,47.168
10899,3,3042,7938.310749891655,3874.880933408011,2020-08-06T13:42:25Z,45.51088333,7.80950000,1061.00,47.162
10900,3,3043,7939.310749891655,3875.880933408011,2020-08-06T13:42:26Z,45.51085000,7.80941667,1061.00,47.155
10901,3,3044,7940.310749891655,3876.880933408011,2020-08-06T13:42:27Z,45.51080000,7.80933333,1066.00,47.146
10902,3,3045,7941.310749891655,3877.880933408011,2020-08-06T13:42:28Z,45.51076667,7.80926667,1058.00,47.14
10903,3,3046,7942.310749891655,3878.880933408011,2020-08-06T13:42:29Z,45.51073333,7.80918333,1057.00,47.133
10904,3,3047,7943.310749891655,3879.880933408011,2020-08-06T13:42:30Z,45.51068333,7.80911667,1060.00,47.126
10905,3,3048,7944.310749891655,3880.880933408011,2020-08-06T13:42:31Z,45.51065000,7.80903333,1060.00,47.118
10906,3,3049,7945.310749891655,3881.880933408011,2020-08-06T13:42:32Z,45.51060000,7.80896667,1055.00,47.111
10907,3,3050,7946.310749891655,3882.880933408011,2020-08-06T13:42:33Z,45.51056667,7.80888333,1050.00,47.104
10908,3,3051,7947.310749891655,3883.880933408011,2020-08-06T13:42:34Z,45.51051667,7.80881667,1056.00,47.096
10909,3,3052,7948.310749891655,3884.880933408011,2020-08-06T13:42:35Z,45.51048333,7.80875000,1050.00,47.09
10910,3,3053,7949.310749891655,3885.880933408011,2020-08-06T13:42:36Z,45.51043333,7.80868333,1053.00,47.082
10911,3,3054,7950.310749891655,3886.880933408011,2020-08-06T13:42:37Z,45.51038333,7.80863333,1059.00,47.076
10912,3,3055,7951.310749891655,3887.880933408011,2020-08-06T13:42:38Z,45.51035000,7.80858333,1053.00,47.07
10913,3,3056,7952.310749891655,3888.880933408011,2020-08-06T13:42:39Z,45.51030000,7.80853333,1045.00,47.064
10914,3,3057,7953.310749891655,3889.880933408011,2020-08-06T13:42:40Z,45.51025000,7.80848333,1048.00,47.057
10915,3,3058,7954.310749891655,3890.880933408011,2020-08-06T13:42:41Z,45.51020000,7.80845000,1057.00,47.051
10916,3,3059,7955.310749891655,3891.880933408011,2020-08-06T13:42:42Z,45.51015000,7.80840000,1052.00,47.044
10917,3,3060,7956.310749891655,3892.880933408011,2020-08-06T13:42:43Z,45.51010000,7.80835000,1054.00,47.037
10918,3,3061,7957.310749891655,3893.880933408011,2020-08-06T13:42:44Z,45.51005000,7.80831667,1050.00,47.032
10919,3,3062,7958.310749891655,3894.880933408011,2020-08-06T13:42:45Z,45.51000000,7.80826667,1056.00,47.025
10920,3,3063,7959.310749891655,3895.880933408011,2020-08-06T13:42:46Z,45.50993333,7.80823333,1051.00,47.017
10921,3,3064,7960.310749891655,3896.880933408011,2020-08-06T13:42:47Z,45.50986667,7.80818333,1052.00,47.009
10922,3,3065,7961.310749891655,3897.880933408011,2020-08-06T13:42:48Z,45.50980000,7.80811667,1053.00,47.0
10923,3,3066,7962.310749891655,3898.880933408011,2020-08-06T13:42:49Z,45.50973333,7.80806667,1055.00,46.992
10924,3,3067,7963.310749891655,3899.880933408011,2020-08-06T13:42:50Z,45.50966667,7.80798333,1054.00,46.982
10925,3,3068,7964.310749891655,3900.880933408011,2020-08-06T13:42:51Z,45.50960000,7.80791667,1067.00,46.973
10926,3,3069,7965.310749891655,3901.880933408011,2020-08-06T13:42:52Z,45.50955000,7.80783333,1060.00,46.965
10927,3,3070,7966.310749891655,3902.880933408011,2020-08-06T13:42:53Z,45.50950000,7.80771667,1062.00,46.955
10928,3,3071,7967.310749891655,3903.880933408011,2020-08-06T13:42:54Z,45.50948333,7.80760000,1061.00,46.947
10929,3,3072,7968.310749891655,3904.880933408011,2020-08-06T13:42:55Z,45.50946667,7.80750000,1063.00,46.941
10930,3,3073,7969.310749891655,3905.880933408011,2020-08-06T13:42:56Z,45.50945000,7.80740000,1062.00,46.934
10931,3,3074,7970.310749891655,3906.880933408011,2020-08-06T13:42:57Z,45.50941667,7.80731667,1061.00,46.927
10932,3,3075,7971.310749891655,3907.880933408011,2020-08-06T13:42:58Z,45.50938333,7.80725000,1057.00,46.921
10933,3,3076,7972.310749891655,3908.880933408011,2020-08-06T13:42:59Z,45.50931667,7.80720000,1056.00,46.913
10934,3,3077,7973.310749891655,3909.880933408011,2020-08-06T13:43:00Z,45.50926667,7.80720000,1065.00,46.909
10935,3,3078,7974.310749891655,3910.880933408011,2020-08-06T13:43:01Z,45.50921667,7.80723333,1059.00,46.906
10936,3,3079,7975.310749891655,3911.880933408011,2020-08-06T13:43:02Z,45.50918333,7.80728333,1059.00,46.906
10937,3,3080,7976.310749891655,3912.880933408011,2020-08-06T13:43:03Z,45.50915000,7.80735000,1060.00,46.907
10938,3,3081,7977.310749891655,3913.880933408011,2020-08-06T13:43:04Z,45.50913333,7.80746667,1050.00,46.911
10939,3,3082,7978.310749891655,3914.880933408011,2020-08-06T13:43:05Z,45.50915000,7.80760000,1051.00,46.919
10940,3,3083,7979.310749891655,3915.880933408011,2020-08-06T13:43:06Z,45.50920000,7.80773333,1057.00,46.93
10941,3,3084,7980.310749891655,3916.880933408011,2020-08-06T13:43:07Z,45.50928333,7.80786667,1054.00,46.944
10942,3,3085,7981.310749891655,3917.880933408011,2020-08-06T13:43:08Z,45.50938333,7.80796667,1059.00,46.958
10943,3,3086,7982.310749891655,3918.880933408011,2020-08-06T13:43:09Z,45.50948333,7.80805000,1056.00,46.97
10944,3,3087,7983.310749891655,3919.880933408011,2020-08-06T13:43:10Z,45.50955000,7.80813333,1033.00,46.98
10945,3,3088,7984.310749891655,3920.880933408011,2020-08-06T13:43:11Z,45.50961667,7.80823333,1055.00,46.991
10946,3,3089,7985.310749891655,3921.880933408011,2020-08-06T13:43:12Z,45.50966667,7.80835000,1061.00,47.001
10947,3,3090,7986.310749891655,3922.880933408011,2020-08-06T13:43:13Z,45.50968333,7.80846667,1061.00,47.009
10948,3,3091,7987.310749891655,3923.880933408011,2020-08-06T13:43:14Z,45.50970000,7.80856667,1064.00,47.015
10949,3,3092,7988.310749891655,3924.880933408011,2020-08-06T13:43:15Z,45.50968333,7.80865000,1066.00,47.018
10950,3,3093,7989.310749891655,3925.880933408011,2020-08-06T13:43:16Z,45.50965000,7.80868333,1067.00,47.017
10951,3,3094,7990.310749891655,3926.880933408011,2020-08-06T13:43:17Z,45.50960000,7.80871667,1064.00,47.014
10952,3,3095,7991.310749891655,3927.880933408011,2020-08-06T13:43:18Z,45.50955000,7.80868333,1058.00,47.009
10953,3,3096,7992.310749891655,3928.880933408011,2020-08-06T13:43:19Z,45.50950000,7.80861667,1060.00,47.001
10954,3,3097,7993.310749891655,3929.880933408011,2020-08-06T13:43:20Z,45.50946667,7.80855000,1051.00,46.995
10955,3,3098,7994.310749891655,3930.880933408011,2020-08-06T13:43:21Z,45.50943333,7.80846667,1068.00,46.988
10956,3,3099,7995.310749891655,3931.880933408011,2020-08-06T13:43:22Z,45.50940000,7.80838333,1058.00,46.981
10957,3,3100,7996.310749891655,3932.880933408011,2020-08-06T13:43:23Z,45.50935000,7.80830000,1065.00,46.972
10958,3,3101,7997.310749891655,3933.880933408011,2020-08-06T13:43:24Z,45.50931667,7.80821667,1053.00,46.965
10959,3,3102,7998.310749891655,3934.880933408011,2020-08-06T13:43:25Z,45.50930000,7.80811667,1053.00,46.959
10960,3,3103,7999.310749891655,3935.880933408011,2020-08-06T13:43:26Z,45.50926667,7.80801667,1050.00,46.951
10961,3,3104,8000.310749891655,3936.880933408011,2020-08-06T13:43:27Z,45.50923333,7.80790000,1054.00,46.942
10962,3,3105,8001.310749891655,3937.880933408011,2020-08-06T13:43:28Z,45.50918333,7.80780000,1057.00,46.932
10963,3,3106,8002.310749891655,3938.880933408011,2020-08-06T13:43:29Z,45.50913333,7.80771667,1053.00,46.924
10964,3,3107,8003.310749891655,3939.880933408011,2020-08-06T13:43:30Z,45.50908333,7.80761667,1059.00,46.915
10965,3,3108,8004.310749891655,3940.880933408011,2020-08-06T13:43:31Z,45.50903333,7.80753333,1043.00,46.906
10966,3,3109,8005.310749891655,3941.880933408011,2020-08-06T13:43:32Z,45.50900000,7.80743333,1071.00,46.898
10967,3,3110,8006.310749891655,3942.880933408011,2020-08-06T13:43:33Z,45.50896667,7.80733333,1066.00,46.89
10968,3,3111,8007.310749891655,3943.880933408011,2020-08-06T13:43:34Z,45.50891667,7.80726667,1069.00,46.883
10969,3,3112,8008.310749891655,3944.880933408011,2020-08-06T13:43:35Z,45.50886667,7.80721667,1060.00,46.876
10970,3,3113,8009.310749891655,3945.880933408011,2020-08-06T13:43:36Z,45.50881667,7.80721667,1060.00,46.872
10971,3,3114,8010.310749891655,3946.880933408011,2020-08-06T13:43:37Z,45.50873333,7.80725000,1057.00,46.867
10972,3,3115,8011.310749891655,3947.880933408011,2020-08-06T13:43:38Z,45.50868333,7.80733333,1055.00,46.867
10973,3,3116,8012.310749891655,3948.880933408011,2020-08-06T13:43:39Z,45.50868333,7.80746667,1058.00,46.874
10974,3,3117,8013.310749891655,3949.880933408011,2020-08-06T13:43:40Z,45.50870000,7.80758333,1057.00,46.881
10975,3,3118,8014.310749891655,3950.880933408011,2020-08-06T13:43:41Z,45.50873333,7.80768333,1050.00,46.889
10976,3,3119,8015.310749891655,3951.880933408011,2020-08-06T13:43:42Z,45.50880000,7.80778333,1053.00,46.9
10977,3,3120,8016.310749891655,3952.880933408011,2020-08-06T13:43:43Z,45.50888333,7.80786667,1052.00,46.911
10978,3,3121,8017.310749891655,3953.880933408011,2020-08-06T13:43:44Z,45.50896667,7.80793333,1052.00,46.921
10979,3,3122,8018.310749891655,3954.880933408011,2020-08-06T13:43:45Z,45.50906667,7.80801667,1053.00,46.934
10980,3,3123,8019.310749891655,3955.880933408011,2020-08-06T13:43:46Z,45.50916667,7.80810000,1054.00,46.947
10981,3,3124,8020.310749891655,3956.880933408011,2020-08-06T13:43:47Z,45.50926667,7.80820000,1050.00,46.96
10982,3,3125,8021.310749891655,3957.880933408011,2020-08-06T13:43:48Z,45.50938333,7.80828333,1053.00,46.974
10983,3,3126,8022.310749891655,3958.880933408011,2020-08-06T13:43:49Z,45.50948333,7.80835000,1059.00,46.986
10984,3,3127,8023.310749891655,3959.880933408011,2020-08-06T13:43:50Z,45.50958333,7.80841667,1054.00,46.998
10985,3,3128,8024.310749891655,3960.880933408011,2020-08-06T13:43:51Z,45.50966667,7.80846667,1063.00,47.007
10986,3,3129,8025.310749891655,3961.880933408011,2020-08-06T13:43:52Z,45.50973333,7.80853333,1054.00,47.016
10987,3,3130,8026.310749891655,3962.880933408011,2020-08-06T13:43:53Z,45.50980000,7.80863333,1060.00,47.027
10988,3,3131,8027.310749891655,3963.880933408011,2020-08-06T13:43:54Z,45.50988333,7.80873333,1056.00,47.039
10989,3,3132,8028.310749891655,3964.880933408011,2020-08-06T13:43:55Z,45.50996667,7.80883333,1054.00,47.051
10990,3,3133,8029.310749891655,3965.880933408011,2020-08-06T13:43:56Z,45.51005000,7.80895000,1049.00,47.064
10991,3,3134,8030.310749891655,3966.880933408011,2020-08-06T13:43:57Z,45.51015000,7.80903333,1054.00,47.077
10992,3,3135,8031.310749891655,3967.880933408011,2020-08-06T13:43:58Z,45.51023333,7.80913333,1054.00,47.089
10993,3,3136,8032.310749891655,3968.880933408011,2020-08-06T13:43:59Z,45.51033333,7.80921667,1050.00,47.101
10994,3,3137,8033.310749891655,3969.880933408011,2020-08-06T13:44:00Z,45.51040000,7.80931667,1068.00,47.112
10995,3,3138,8034.310749891655,3970.880933408011,2020-08-06T13:44:01Z,45.51048333,7.80943333,1033.00,47.125
10996,3,3139,8035.310749891655,3971.880933408011,2020-08-06T13:44:02Z,45.51056667,7.80955000,1041.00,47.138
10997,3,3140,8036.310749891655,3972.880933408011,2020-08-06T13:44:03Z,45.51065000,7.80968333,1045.00,47.152
10998,3,3141,8037.310749891655,3973.880933408011,2020-08-06T13:44:04Z,45.51071667,7.80981667,1050.00,47.164
10999,3,3142,8038.310749891655,3974.880933408011,2020-08-06T13:44:05Z,45.51080000,7.80993333,1050.00,47.177
11000,3,3143,8039.310749891655,3975.880933408011,2020-08-06T13:44:06Z,45.51086667,7.81005000,1050.00,47.189
11001,3,3144,8040.310749891655,3976.880933408011,2020-08-06T13:44:07Z,45.51091667,7.81015000,1051.00,47.198
11002,3,3145,8041.310749891655,3977.880933408011,2020-08-06T13:44:08Z,45.51095000,7.81026667,1051.00,47.207
11003,3,3146,8042.310749891655,3978.880933408011,2020-08-06T13:44:09Z,45.51100000,7.81038333,1053.00,47.217
11004,3,3147,8043.310749891655,3979.880933408011,2020-08-06T13:44:10Z,45.51103333,7.81051667,1053.00,47.227
11005,3,3148,8044.310749891655,3980.880933408011,2020-08-06T13:44:11Z,45.51105000,7.81065000,1063.00,47.235
11006,3,3149,8045.310749891655,3981.880933408011,2020-08-06T13:44:12Z,45.51106667,7.81076667,1054.00,47.242
11007,3,3150,8046.310749891655,3982.880933408011,2020-08-06T13:44:13Z,45.51105000,7.81086667,1051.00,47.246
11008,3,3151,8047.310749891655,3983.880933408011,2020-08-06T13:44:14Z,45.51103333,7.81096667,1063.00,47.25
11009,3,3152,8048.310749891655,3984.880933408011,2020-08-06T13:44:15Z,45.51098333,7.81103333,1062.00,47.249
11010,3,3153,8049.310749891655,3985.880933408011,2020-08-06T13:44:16Z,45.51091667,7.81105000,1063.00,47.244
11011,3,3154,8050.310749891655,3986.880933408011,2020-08-06T13:44:17Z,45.51086667,7.81101667,1061.00,47.239
11012,3,3155,8051.310749891655,3987.880933408011,2020-08-06T13:44:18Z,45.51081667,7.81095000,1061.00,47.231
11013,3,3156,8052.310749891655,3988.880933408011,2020-08-06T13:44:19Z,45.51080000,7.81085000,1062.00,47.224
11014,3,3157,8053.310749891655,3989.880933408011,2020-08-06T13:44:20Z,45.51083333,7.81073333,1064.00,47.221
11015,3,3158,8054.310749891655,3990.880933408011,2020-08-06T13:44:21Z,45.51091667,7.81063333,1053.00,47.223
11016,3,3159,8055.310749891655,3991.880933408011,2020-08-06T13:44:22Z,45.51101667,7.81056667,1065.00,47.228
11017,3,3160,8056.310749891655,3992.880933408011,2020-08-06T13:44:23Z,45.51113333,7.81058333,1071.00,47.239
11018,3,3161,8057.310749891655,3993.880933408011,2020-08-06T13:44:24Z,45.51125000,7.81061667,1065.00,47.25
11019,3,3162,8058.310749891655,3994.880933408011,2020-08-06T13:44:25Z,45.51135000,7.81070000,1070.00,47.263
11020,3,3163,8059.310749891655,3995.880933408011,2020-08-06T13:44:26Z,45.51140000,7.81081667,1072.00,47.273
11021,3,3164,8060.310749891655,3996.880933408011,2020-08-06T13:44:27Z,45.51143333,7.81093333,1076.00,47.282
11022,3,3165,8061.310749891655,3997.880933408011,2020-08-06T13:44:28Z,45.51143333,7.81105000,1075.00,47.288
11023,3,3166,8062.310749891655,3998.880933408011,2020-08-06T13:44:29Z,45.51143333,7.81115000,1068.00,47.293
11024,3,3167,8063.310749891655,3999.880933408011,2020-08-06T13:44:30Z,45.51140000,7.81123333,1068.00,47.294
11025,3,3168,8064.310749891655,4000.880933408011,2020-08-06T13:44:31Z,45.51135000,7.81126667,1067.00,47.292
11026,3,3169,8065.310749891655,4001.880933408011,2020-08-06T13:44:32Z,45.51128333,7.81125000,1070.00,47.285
11027,3,3170,8066.310749891655,4002.880933408011,2020-08-06T13:44:33Z,45.51121667,7.81118333,1071.00,47.276
11028,3,3171,8067.310749891655,4003.880933408011,2020-08-06T13:44:34Z,45.51118333,7.81108333,1068.00,47.268
11029,3,3172,8068.310749891655,4004.880933408011,2020-08-06T13:44:35Z,45.51118333,7.81098333,1070.00,47.263
11030,3,3173,8069.310749891655,4005.880933408011,2020-08-06T13:44:36Z,45.51123333,7.81090000,1071.00,47.263
11031,3,3174,8070.310749891655,4006.880933408011,2020-08-06T13:44:37Z,45.51130000,7.81080000,1085.00,47.264
11032,3,3175,8071.310749891655,4007.880933408011,2020-08-06T13:44:38Z,45.51138333,7.81073333,1075.00,47.267
11033,3,3176,8072.310749891655,4008.880933408011,2020-08-06T13:44:39Z,45.51146667,7.81070000,1072.00,47.272
11034,3,3177,8073.310749891655,4009.880933408011,2020-08-06T13:44:40Z,45.51156667,7.81070000,1080.00,47.281
11035,3,3178,8074.310749891655,4010.880933408011,2020-08-06T13:44:41Z,45.51168333,7.81071667,1076.00,47.291
11036,3,3179,8075.310749891655,4011.880933408011,2020-08-06T13:44:42Z,45.51180000,7.81075000,1087.00,47.303
11037,3,3180,8076.310749891655,4012.880933408011,2020-08-06T13:44:43Z,45.51190000,7.81083333,1079.00,47.315
11038,3,3181,8077.310749891655,4013.880933408011,2020-08-06T13:44:44Z,45.51196667,7.81093333,1083.00,47.326
11039,3,3182,8078.310749891655,4014.880933408011,2020-08-06T13:44:45Z,45.51201667,7.81106667,1075.00,47.337
11040,3,3183,8079.310749891655,4015.880933408011,2020-08-06T13:44:46Z,45.51201667,7.81118333,1083.00,47.343
11041,3,3184,8080.310749891655,4016.880933408011,2020-08-06T13:44:47Z,45.51200000,7.81130000,1081.00,47.348
11042,3,3185,8081.310749891655,4017.880933408011,2020-08-06T13:44:48Z,45.51196667,7.81138333,1079.00,47.349
11043,3,3186,8082.310749891655,4018.880933408011,2020-08-06T13:44:49Z,45.51191667,7.81143333,1086.00,47.348
11044,3,3187,8083.310749891655,4019.880933408011,2020-08-06T13:44:50Z,45.51186667,7.81145000,1077.00,47.344
11045,3,3188,8084.310749891655,4020.880933408011,2020-08-06T13:44:51Z,45.51181667,7.81143333,1077.00,47.339
11046,3,3189,8085.310749891655,4021.880933408011,2020-08-06T13:44:52Z,45.51176667,7.81138333,1081.00,47.333
11047,3,3190,8086.310749891655,4022.880933408011,2020-08-06T13:44:53Z,45.51173333,7.81130000,1080.00,47.326
11048,3,3191,8087.310749891655,4023.880933408011,2020-08-06T13:44:54Z,45.51173333,7.81120000,1083.00,47.32
11049,3,3192,8088.310749891655,4024.880933408011,2020-08-06T13:44:55Z,45.51178333,7.81110000,1084.00,47.319
11050,3,3193,8089.310749891655,4025.880933408011,2020-08-06T13:44:56Z,45.51185000,7.81100000,1080.00,47.32
11051,3,3194,8090.310749891655,4026.880933408011,2020-08-06T13:44:57Z,45.51193333,7.81090000,1090.00,47.322
11052,3,3195,8091.310749891655,4027.880933408011,2020-08-06T13:44:58Z,45.51203333,7.81080000,1096.00,47.325
11053,3,3196,8092.310749891655,4028.880933408011,2020-08-06T13:44:59Z,45.51213333,7.81075000,1083.00,47.331
11054,3,3197,8093.310749891655,4029.880933408011,2020-08-06T13:45:00Z,45.51226667,7.81073333,1078.00,47.341
11055,3,3198,8094.310749891655,4030.880933408011,2020-08-06T13:45:01Z,45.51238333,7.81076667,1093.00,47.352
11056,3,3199,8095.310749891655,4031.880933408011,2020-08-06T13:45:02Z,45.51248333,7.81085000,1090.00,47.365
11057,3,3200,8096.310749891655,4032.880933408011,2020-08-06T13:45:03Z,45.51256667,7.81096667,1088.00,47.378
11058,3,3201,8097.310749891655,4033.880933408011,2020-08-06T13:45:04Z,45.51261667,7.81110000,1088.00,47.389
11059,3,3202,8098.310749891655,4034.880933408011,2020-08-06T13:45:05Z,45.51263333,7.81123333,1083.00,47.397
11060,3,3203,8099.310749891655,4035.880933408011,2020-08-06T13:45:06Z,45.51261667,7.81135000,1089.00,47.402
11061,3,3204,8100.310749891655,4036.880933408011,2020-08-06T13:45:07Z,45.51258333,7.81141667,1087.00,47.403
11062,3,3205,8101.310749891655,4037.880933408011,2020-08-06T13:45:08Z,45.51253333,7.81146667,1085.00,47.401
11063,3,3206,8102.310749891655,4038.880933408011,2020-08-06T13:45:09Z,45.51248333,7.81148333,1092.00,47.398
11064,3,3207,8103.310749891655,4039.880933408011,2020-08-06T13:45:10Z,45.51243333,7.81148333,1085.00,47.393
11065,3,3208,8104.310749891655,4040.880933408011,2020-08-06T13:45:11Z,45.51238333,7.81143333,1085.00,47.387
11066,3,3209,8105.310749891655,4041.880933408011,2020-08-06T13:45:12Z,45.51235000,7.81136667,1088.00,47.38
11067,3,3210,8106.310749891655,4042.880933408011,2020-08-06T13:45:13Z,45.51233333,7.81125000,1086.00,47.373
11068,3,3211,8107.310749891655,4043.880933408011,2020-08-06T13:45:14Z,45.51233333,7.81115000,1091.00,47.368
11069,3,3212,8108.310749891655,4044.880933408011,2020-08-06T13:45:15Z,45.51238333,7.81103333,1095.00,47.366
11070,3,3213,8109.310749891655,4045.880933408011,2020-08-06T13:45:16Z,45.51245000,7.81091667,1080.00,47.366
11071,3,3214,8110.310749891655,4046.880933408011,2020-08-06T13:45:17Z,45.51253333,7.81081667,1090.00,47.368
11072,3,3215,8111.310749891655,4047.880933408011,2020-08-06T13:45:18Z,45.51265000,7.81073333,1100.00,47.373
11073,3,3216,8112.310749891655,4048.880933408011,2020-08-06T13:45:19Z,45.51276667,7.81066667,1084.00,47.379
11074,3,3217,8113.310749891655,4049.880933408011,2020-08-06T13:45:20Z,45.51288333,7.81063333,1091.00,47.388
11075,3,3218,8114.310749891655,4050.880933408011,2020-08-06T13:45:21Z,45.51298333,7.81063333,1097.00,47.396
11076,3,3219,8115.310749891655,4051.880933408011,2020-08-06T13:45:22Z,45.51310000,7.81066667,1097.00,47.407
11077,3,3220,8116.310749891655,4052.880933408011,2020-08-06T13:45:23Z,45.51321667,7.81071667,1094.00,47.42
11078,3,3221,8117.310749891655,4053.880933408011,2020-08-06T13:45:24Z,45.51331667,7.81081667,1093.00,47.433
11079,3,3222,8118.310749891655,4054.880933408011,2020-08-06T13:45:25Z,45.51340000,7.81091667,1097.00,47.445
11080,3,3223,8119.310749891655,4055.880933408011,2020-08-06T13:45:26Z,45.51343333,7.81103333,1096.00,47.454
11081,3,3224,8120.310749891655,4056.880933408011,2020-08-06T13:45:27Z,45.51345000,7.81115000,1089.00,47.462
11082,3,3225,8121.310749891655,4057.880933408011,2020-08-06T13:45:28Z,45.51343333,7.81126667,1097.00,47.466
11083,3,3226,8122.310749891655,4058.880933408011,2020-08-06T13:45:29Z,45.51341667,7.81136667,1101.00,47.47
11084,3,3227,8123.310749891655,4059.880933408011,2020-08-06T13:45:30Z,45.51338333,7.81146667,1095.00,47.472
11085,3,3228,8124.310749891655,4060.880933408011,2020-08-06T13:45:31Z,45.51335000,7.81155000,1096.00,47.474
11086,3,3229,8125.310749891655,4061.880933408011,2020-08-06T13:45:32Z,45.51331667,7.81160000,1088.00,47.473
11087,3,3230,8126.310749891655,4062.880933408011,2020-08-06T13:45:33Z,45.51326667,7.81163333,1082.00,47.471
11088,3,3231,8127.310749891655,4063.880933408011,2020-08-06T13:45:34Z,45.51321667,7.81161667,1095.00,47.466
11089,3,3232,8128.310749891655,4064.880933408011,2020-08-06T13:45:35Z,45.51315000,7.81155000,1091.00,47.457
11090,3,3233,8129.310749891655,4065.880933408011,2020-08-06T13:45:36Z,45.51313333,7.81145000,1107.00,47.45
11091,3,3234,8130.310749891655,4066.880933408011,2020-08-06T13:45:37Z,45.51311667,7.81133333,1098.00,47.443
11092,3,3235,8131.310749891655,4067.880933408011,2020-08-06T13:45:38Z,45.51313333,7.81121667,1099.00,47.438
11093,3,3236,8132.310749891655,4068.880933408011,2020-08-06T13:45:39Z,45.51315000,7.81110000,1103.00,47.434
11094,3,3237,8133.310749891655,4069.880933408011,2020-08-06T13:45:40Z,45.51313333,7.81096667,1091.00,47.426
11095,3,3238,8134.310749891655,4070.880933408011,2020-08-06T13:45:41Z,45.51311667,7.81085000,1096.00,47.418
11096,3,3239,8135.310749891655,4071.880933408011,2020-08-06T13:45:42Z,45.51308333,7.81075000,1067.00,47.41
11097,3,3240,8136.310749891655,4072.880933408011,2020-08-06T13:45:43Z,45.51306667,7.81065000,1100.00,47.404
11098,3,3241,8137.310749891655,4073.880933408011,2020-08-06T13:45:44Z,45.51303333,7.81056667,1100.00,47.397
11099,3,3242,8138.310749891655,4074.880933408011,2020-08-06T13:45:45Z,45.51301667,7.81050000,1099.00,47.392
11100,3,3243,8139.310749891655,4075.880933408011,2020-08-06T13:45:46Z,45.51296667,7.81045000,1095.00,47.385
11101,3,3244,8140.310749891655,4076.880933408011,2020-08-06T13:45:47Z,45.51291667,7.81043333,1094.00,47.38
11102,3,3245,8141.310749891655,4077.880933408011,2020-08-06T13:45:48Z,45.51285000,7.81041667,1096.00,47.374
11103,3,3246,8142.310749891655,4078.880933408011,2020-08-06T13:45:49Z,45.51278333,7.81043333,1098.00,47.369
11104,3,3247,8143.310749891655,4079.880933408011,2020-08-06T13:45:50Z,45.51275000,7.81051667,1099.00,47.37
11105,3,3248,8144.310749891655,4080.880933408011,2020-08-06T13:45:51Z,45.51273333,7.81061667,1095.00,47.374
11106,3,3249,8145.310749891655,4081.880933408011,2020-08-06T13:45:52Z,45.51276667,7.81076667,1092.00,47.385
11107,3,3250,8146.310749891655,4082.880933408011,2020-08-06T13:45:53Z,45.51281667,7.81090000,1091.00,47.396
11108,3,3251,8147.310749891655,4083.880933408011,2020-08-06T13:45:54Z,45.51290000,7.81101667,1101.00,47.409
11109,3,3252,8148.310749891655,4084.880933408011,2020-08-06T13:45:55Z,45.51300000,7.81110000,1097.00,47.421
11110,3,3253,8149.310749891655,4085.880933408011,2020-08-06T13:45:56Z,45.51310000,7.81118333,1098.00,47.434
11111,3,3254,8150.310749891655,4086.880933408011,2020-08-06T13:45:57Z,45.51320000,7.81126667,1090.00,47.447
11112,3,3255,8151.310749891655,4087.880933408011,2020-08-06T13:45:58Z,45.51330000,7.81135000,1090.00,47.459
11113,3,3256,8152.310749891655,4088.880933408011,2020-08-06T13:45:59Z,45.51340000,7.81146667,1091.00,47.474
11114,3,3257,8153.310749891655,4089.880933408011,2020-08-06T13:46:00Z,45.51350000,7.81156667,1095.00,47.487
11115,3,3258,8154.310749891655,4090.880933408011,2020-08-06T13:46:01Z,45.51360000,7.81166667,1096.00,47.501
11116,3,3259,8155.310749891655,4091.880933408011,2020-08-06T13:46:02Z,45.51368333,7.81175000,1095.00,47.512
11117,3,3260,8156.310749891655,4092.880933408011,2020-08-06T13:46:03Z,45.51378333,7.81185000,1093.00,47.525
11118,3,3261,8157.310749891655,4093.880933408011,2020-08-06T13:46:04Z,45.51386667,7.81195000,1094.00,47.537
11119,3,3262,8158.310749891655,4094.880933408011,2020-08-06T13:46:05Z,45.51393333,7.81206667,1091.00,47.549
11120,3,3263,8159.310749891655,4095.880933408011,2020-08-06T13:46:06Z,45.51398333,7.81218333,1094.00,47.559
11121,3,3264,8160.310749891655,4096.880933408011,2020-08-06T13:46:07Z,45.51401667,7.81228333,1090.00,47.567
11122,3,3265,8161.310749891655,4097.880933408011,2020-08-06T13:46:08Z,45.51403333,7.81238333,1095.00,47.574
11123,3,3266,8162.310749891655,4098.880933408011,2020-08-06T13:46:09Z,45.51401667,7.81246667,1096.00,47.576
11124,3,3267,8163.310749891655,4099.880933408011,2020-08-06T13:46:10Z,45.51398333,7.81253333,1095.00,47.577
11125,3,3268,8164.310749891655,4100.880933408011,2020-08-06T13:46:11Z,45.51393333,7.81258333,1095.00,47.575
11126,3,3269,8165.310749891655,4101.880933408011,2020-08-06T13:46:12Z,45.51386667,7.81260000,1095.00,47.571
11127,3,3270,8166.310749891655,4102.880933408011,2020-08-06T13:46:13Z,45.51380000,7.81256667,1094.00,47.563
11128,3,3271,8167.310749891655,4103.880933408011,2020-08-06T13:46:14Z,45.51373333,7.81251667,1087.00,47.555
11129,3,3272,8168.310749891655,4104.880933408011,2020-08-06T13:46:15Z,45.51368333,7.81245000,1088.00,47.548
11130,3,3273,8169.310749891655,4105.880933408011,2020-08-06T13:46:16Z,45.51363333,7.81238333,1093.00,47.54
11131,3,3274,8170.310749891655,4106.880933408011,2020-08-06T13:46:17Z,45.51356667,7.81231667,1098.00,47.531
11132,3,3275,8171.310749891655,4107.880933408011,2020-08-06T13:46:18Z,45.51351667,7.81225000,1090.00,47.523
11133,3,3276,8172.310749891655,4108.880933408011,2020-08-06T13:46:19Z,45.51346667,7.81220000,1092.00,47.517
11134,3,3277,8173.310749891655,4109.880933408011,2020-08-06T13:46:20Z,45.51341667,7.81211667,1087.00,47.508
11135,3,3278,8174.310749891655,4110.880933408011,2020-08-06T13:46:21Z,45.51336667,7.81201667,1088.00,47.499
11136,3,3279,8175.310749891655,4111.880933408011,2020-08-06T13:46:22Z,45.51333333,7.81191667,1088.00,47.491
11137,3,3280,8176.310749891655,4112.880933408011,2020-08-06T13:46:23Z,45.51331667,7.81180000,1096.00,47.484
11138,3,3281,8177.310749891655,4113.880933408011,2020-08-06T13:46:24Z,45.51328333,7.81170000,1082.00,47.476
11139,3,3282,8178.310749891655,4114.880933408011,2020-08-06T13:46:25Z,45.51325000,7.81160000,1090.00,47.468
11140,3,3283,8179.310749891655,4115.880933408011,2020-08-06T13:46:26Z,45.51320000,7.81151667,1086.00,47.459
11141,3,3284,8180.310749891655,4116.880933408011,2020-08-06T13:46:27Z,45.51316667,7.81143333,1088.00,47.452
11142,3,3285,8181.310749891655,4117.880933408011,2020-08-06T13:46:28Z,45.51315000,7.81135000,1088.00,47.447
11143,3,3286,8182.310749891655,4118.880933408011,2020-08-06T13:46:29Z,45.51311667,7.81128333,1086.00,47.44
11144,3,3287,8183.310749891655,4119.880933408011,2020-08-06T13:46:30Z,45.51308333,7.81121667,1092.00,47.434
11145,3,3288,8184.310749891655,4120.880933408011,2020-08-06T13:46:31Z,45.51303333,7.81115000,1084.00,47.427
11146,3,3289,8185.310749891655,4121.880933408011,2020-08-06T13:46:32Z,45.51298333,7.81108333,1092.00,47.419
11147,3,3290,8186.310749891655,4122.880933408011,2020-08-06T13:46:33Z,45.51293333,7.81101667,1087.00,47.411
11148,3,3291,8187.310749891655,4123.880933408011,2020-08-06T13:46:34Z,45.51286667,7.81095000,1093.00,47.402
11149,3,3292,8188.310749891655,4124.880933408011,2020-08-06T13:46:35Z,45.51281667,7.81088333,1093.00,47.395
11150,3,3293,8189.310749891655,4125.880933408011,2020-08-06T13:46:36Z,45.51278333,7.81083333,1091.00,47.389
11151,3,3294,8190.310749891655,4126.880933408011,2020-08-06T13:46:37Z,45.51275000,7.81078333,1096.00,47.384
11152,3,3295,8191.310749891655,4127.880933408011,2020-08-06T13:46:38Z,45.51271667,7.81075000,1096.00,47.38
11153,3,3296,8192.310749891654,4128.880933408011,2020-08-06T13:46:39Z,45.51268333,7.81070000,1098.00,47.374
11154,3,3297,8193.310749891654,4129.880933408011,2020-08-06T13:46:40Z,45.51263333,7.81065000,1095.00,47.367
11155,3,3298,8194.310749891654,4130.880933408011,2020-08-06T13:46:41Z,45.51260000,7.81058333,1088.00,47.361
11156,3,3299,8195.310749891654,4131.880933408011,2020-08-06T13:46:42Z,45.51255000,7.81053333,1100.00,47.354
11157,3,3300,8196.310749891654,4132.880933408011,2020-08-06T13:46:43Z,45.51250000,7.81048333,1086.00,47.348
11158,3,3301,8197.310749891654,4133.880933408011,2020-08-06T13:46:44Z,45.51246667,7.81045000,1098.00,47.343
11159,3,3302,8198.310749891654,4134.880933408011,2020-08-06T13:46:45Z,45.51243333,7.81043333,1100.00,47.34
11160,3,3303,8199.310749891654,4135.880933408011,2020-08-06T13:46:46Z,45.51240000,7.81041667,1093.00,47.336
11161,3,3304,8200.310749891654,4136.880933408011,2020-08-06T13:46:47Z,45.51235000,7.81040000,1086.00,47.331
11162,3,3305,8201.310749891654,4137.880933408011,2020-08-06T13:46:48Z,45.51228333,7.81036667,1084.00,47.324
11163,3,3306,8202.310749891654,4138.880933408011,2020-08-06T13:46:49Z,45.51221667,7.81033333,1085.00,47.316
11164,3,3307,8203.310749891654,4139.880933408011,2020-08-06T13:46:50Z,45.51215000,7.81028333,1088.00,47.308
11165,3,3308,8204.310749891654,4140.880933408011,2020-08-06T13:46:51Z,45.51210000,7.81023333,1094.00,47.301
11166,3,3309,8205.310749891654,4141.880933408011,2020-08-06T13:46:52Z,45.51205000,7.81020000,1081.00,47.296
11167,3,3310,8206.310749891654,4142.880933408011,2020-08-06T13:46:53Z,45.51200000,7.81016667,1085.00,47.29
11168,3,3311,8207.310749891654,4143.880933408011,2020-08-06T13:46:54Z,45.51195000,7.81013333,1083.00,47.284
11169,3,3312,8208.310749891654,4144.880933408011,2020-08-06T13:46:55Z,45.51188333,7.81008333,1079.00,47.276
11170,3,3313,8209.310749891654,4145.880933408011,2020-08-06T13:46:56Z,45.51183333,7.81003333,1085.00,47.269
11171,3,3314,8210.310749891654,4146.880933408011,2020-08-06T13:46:57Z,45.51176667,7.80998333,1073.00,47.261
11172,3,3315,8211.310749891654,4147.880933408011,2020-08-06T13:46:58Z,45.51171667,7.80991667,1085.00,47.253
11173,3,3316,8212.310749891654,4148.880933408011,2020-08-06T13:46:59Z,45.51166667,7.80985000,1070.00,47.245
11174,3,3317,8213.310749891654,4149.880933408011,2020-08-06T13:47:00Z,45.51163333,7.80978333,1082.00,47.239
11175,3,3318,8214.310749891654,4150.880933408011,2020-08-06T13:47:01Z,45.51156667,7.80971667,1074.00,47.23
11176,3,3319,8215.310749891654,4151.880933408011,2020-08-06T13:47:02Z,45.51151667,7.80963333,1078.00,47.222
11177,3,3320,8216.310749891654,4152.880933408011,2020-08-06T13:47:03Z,45.51145000,7.80956667,1074.00,47.213
11178,3,3321,8217.310749891654,4153.880933408011,2020-08-06T13:47:04Z,45.51140000,7.80948333,1075.00,47.204
11179,3,3322,8218.310749891654,4154.880933408011,2020-08-06T13:47:05Z,45.51135000,7.80941667,1068.00,47.197
11180,3,3323,8219.310749891654,4155.880933408011,2020-08-06T13:47:06Z,45.51130000,7.80933333,1073.00,47.188
11181,3,3324,8220.310749891654,4156.880933408011,2020-08-06T13:47:07Z,45.51125000,7.80926667,1072.00,47.181
11182,3,3325,8221.310749891654,4157.880933408011,2020-08-06T13:47:08Z,45.51120000,7.80920000,1074.00,47.173
11183,3,3326,8222.310749891654,4158.880933408011,2020-08-06T13:47:09Z,45.51115000,7.80913333,1070.00,47.165
11184,3,3327,8223.310749891654,4159.880933408011,2020-08-06T13:47:10Z,45.51108333,7.80906667,1072.00,47.156
11185,3,3328,8224.310749891654,4160.880933408011,2020-08-06T13:47:11Z,45.51103333,7.80898333,1070.00,47.148
11186,3,3329,8225.310749891654,4161.880933408011,2020-08-06T13:47:12Z,45.51100000,7.80891667,1071.00,47.142
11187,3,3330,8226.310749891654,4162.880933408011,2020-08-06T13:47:13Z,45.51095000,7.80885000,1071.00,47.134
11188,3,3331,8227.310749891654,4163.880933408011,2020-08-06T13:47:14Z,45.51090000,7.80876667,1069.00,47.126
11189,3,3332,8228.310749891654,4164.880933408011,2020-08-06T13:47:15Z,45.51085000,7.80871667,1070.00,47.119
11190,3,3333,8229.310749891654,4165.880933408011,2020-08-06T13:47:16Z,45.51080000,7.80866667,1073.00,47.112
11191,3,3334,8230.310749891654,4166.880933408011,2020-08-06T13:47:17Z,45.51076667,7.80860000,1068.00,47.106
11192,3,3335,8231.310749891654,4167.880933408011,2020-08-06T13:47:18Z,45.51071667,7.80855000,1068.00,47.099
11193,3,3336,8232.310749891654,4168.880933408011,2020-08-06T13:47:19Z,45.51068333,7.80850000,1074.00,47.094
11194,3,3337,8233.310749891654,4169.880933408011,2020-08-06T13:47:20Z,45.51065000,7.80845000,1067.00,47.089
11195,3,3338,8234.310749891654,4170.880933408011,2020-08-06T13:47:21Z,45.51060000,7.80841667,1073.00,47.083
11196,3,3339,8235.310749891654,4171.880933408011,2020-08-06T13:47:22Z,45.51056667,7.80840000,1069.00,47.079
11197,3,3340,8236.310749891654,4172.880933408011,2020-08-06T13:47:23Z,45.51051667,7.80835000,1074.00,47.072
11198,3,3341,8237.310749891654,4173.880933408011,2020-08-06T13:47:24Z,45.51046667,7.80831667,1072.00,47.066
11199,3,3342,8238.310749891654,4174.880933408011,2020-08-06T13:47:25Z,45.51041667,7.80826667,1068.00,47.06
11200,3,3343,8239.310749891654,4175.880933408011,2020-08-06T13:47:26Z,45.51036667,7.80820000,1073.00,47.052
11201,3,3344,8240.310749891654,4176.880933408011,2020-08-06T13:47:27Z,45.51031667,7.80811667,1076.00,47.044
11202,3,3345,8241.310749891654,4177.880933408011,2020-08-06T13:47:28Z,45.51026667,7.80803333,1073.00,47.035
11203,3,3346,8242.310749891654,4178.880933408011,2020-08-06T13:47:29Z,45.51023333,7.80795000,1068.00,47.028
11204,3,3347,8243.310749891654,4179.880933408011,2020-08-06T13:47:30Z,45.51018333,7.80786667,1072.00,47.02
11205,3,3348,8244.310749891654,4180.880933408011,2020-08-06T13:47:31Z,45.51015000,7.80778333,1069.00,47.013
11206,3,3349,8245.310749891654,4181.880933408011,2020-08-06T13:47:32Z,45.51010000,7.80770000,1072.00,47.004
11207,3,3350,8246.310749891654,4182.880933408011,2020-08-06T13:47:33Z,45.51006667,7.80763333,1067.00,46.998
11208,3,3351,8247.310749891654,4183.880933408011,2020-08-06T13:47:34Z,45.51001667,7.80756667,1067.00,46.99
11209,3,3352,8248.310749891654,4184.880933408011,2020-08-06T13:47:35Z,45.50998333,7.80750000,1072.00,46.984
11210,3,3353,8249.310749891654,4185.880933408011,2020-08-06T13:47:36Z,45.50993333,7.80741667,1080.00,46.976
11211,3,3354,8250.310749891654,4186.880933408011,2020-08-06T13:47:37Z,45.50986667,7.80735000,1067.00,46.967
11212,3,3355,8251.310749891654,4187.880933408011,2020-08-06T13:47:38Z,45.50981667,7.80728333,1072.00,46.959
11213,3,3356,8252.310749891654,4188.880933408011,2020-08-06T13:47:39Z,45.50975000,7.80723333,1070.00,46.951
11214,3,3357,8253.310749891654,4189.880933408011,2020-08-06T13:47:40Z,45.50968333,7.80716667,1070.00,46.942
11215,3,3358,8254.310749891654,4190.880933408011,2020-08-06T13:47:41Z,45.50963333,7.80711667,1071.00,46.935
11216,3,3359,8255.310749891654,4191.880933408011,2020-08-06T13:47:42Z,45.50956667,7.80706667,1069.00,46.927
11217,3,3360,8256.310749891654,4192.880933408011,2020-08-06T13:47:43Z,45.50950000,7.80701667,1066.00,46.919
11218,3,3361,8257.310749891654,4193.880933408011,2020-08-06T13:47:44Z,45.50945000,7.80698333,1071.00,46.913
11219,3,3362,8258.310749891654,4194.880933408011,2020-08-06T13:47:45Z,45.50938333,7.80693333,1072.00,46.905
11220,3,3363,8259.310749891654,4195.880933408011,2020-08-06T13:47:46Z,45.50931667,7.80688333,1069.00,46.897
11221,3,3364,8260.310749891654,4196.880933408011,2020-08-06T13:47:47Z,45.50925000,7.80681667,1067.00,46.888
11222,3,3365,8261.310749891654,4197.880933408011,2020-08-06T13:47:48Z,45.50920000,7.80675000,1067.00,46.88
11223,3,3366,8262.310749891654,4198.880933408011,2020-08-06T13:47:49Z,45.50915000,7.80670000,1066.00,46.873
11224,3,3367,8263.310749891654,4199.880933408011,2020-08-06T13:47:50Z,45.50908333,7.80663333,1063.00,46.864
11225,3,3368,8264.310749891654,4200.880933408011,2020-08-06T13:47:51Z,45.50903333,7.80656667,1066.00,46.857
11226,3,3369,8265.310749891654,4201.880933408011,2020-08-06T13:47:52Z,45.50898333,7.80651667,1064.00,46.85
11227,3,3370,8266.310749891654,4202.880933408011,2020-08-06T13:47:53Z,45.50893333,7.80646667,1065.00,46.843
11228,3,3371,8267.310749891654,4203.880933408011,2020-08-06T13:47:54Z,45.50886667,7.80643333,1063.00,46.836
11229,3,3372,8268.310749891654,4204.880933408011,2020-08-06T13:47:55Z,45.50880000,7.80645000,1058.00,46.831
11230,3,3373,8269.310749891654,4205.880933408011,2020-08-06T13:47:56Z,45.50873333,7.80648333,1060.00,46.827
11231,3,3374,8270.310749891654,4206.880933408011,2020-08-06T13:47:57Z,45.50868333,7.80653333,1056.00,46.826
11232,3,3375,8271.310749891654,4207.880933408011,2020-08-06T13:47:58Z,45.50863333,7.80661667,1052.00,46.826
11233,3,3376,8272.310749891654,4208.880933408011,2020-08-06T13:47:59Z,45.50860000,7.80671667,1054.00,46.828
11234,3,3377,8273.310749891654,4209.880933408011,2020-08-06T13:48:00Z,45.50856667,7.80681667,1050.00,46.83
11235,3,3378,8274.310749891654,4210.880933408011,2020-08-06T13:48:01Z,45.50853333,7.80693333,1057.00,46.834
11236,3,3379,8275.310749891654,4211.880933408011,2020-08-06T13:48:02Z,45.50850000,7.80705000,1044.00,46.837
11237,3,3380,8276.310749891654,4212.880933408011,2020-08-06T13:48:03Z,45.50848333,7.80718333,1049.00,46.842
11238,3,3381,8277.310749891654,4213.880933408011,2020-08-06T13:48:04Z,45.50846667,7.80730000,1049.00,46.847
11239,3,3382,8278.310749891654,4214.880933408011,2020-08-06T13:48:05Z,45.50846667,7.80740000,1055.00,46.852
11240,3,3383,8279.310749891654,4215.880933408011,2020-08-06T13:48:06Z,45.50846667,7.80750000,1045.00,46.857
11241,3,3384,8280.310749891654,4216.880933408011,2020-08-06T13:48:07Z,45.50846667,7.80760000,1047.00,46.862
11242,3,3385,8281.310749891654,4217.880933408011,2020-08-06T13:48:08Z,45.50846667,7.80771667,1047.00,46.868
11243,3,3386,8282.310749891654,4218.880933408011,2020-08-06T13:48:09Z,45.50845000,7.80785000,1047.00,46.874
11244,3,3387,8283.310749891654,4219.880933408011,2020-08-06T13:48:10Z,45.50843333,7.80798333,1047.00,46.879
11245,3,3388,8284.310749891654,4220.880933408011,2020-08-06T13:48:11Z,45.50841667,7.80811667,1049.00,46.885
11246,3,3389,8285.310749891654,4221.880933408011,2020-08-06T13:48:12Z,45.50841667,7.80825000,1054.00,46.892
11247,3,3390,8286.310749891654,4222.880933408011,2020-08-06T13:48:13Z,45.50841667,7.80835000,1048.00,46.897
11248,3,3391,8287.310749891654,4223.880933408011,2020-08-06T13:48:14Z,45.50841667,7.80845000,1047.00,46.902
11249,3,3392,8288.310749891654,4224.880933408011,2020-08-06T13:48:15Z,45.50840000,7.80855000,1042.00,46.906
11250,3,3393,8289.310749891654,4225.880933408011,2020-08-06T13:48:16Z,45.50840000,7.80865000,1044.00,46.911
11251,3,3394,8290.310749891654,4226.880933408011,2020-08-06T13:48:17Z,45.50838333,7.80876667,1038.00,46.916
11252,3,3395,8291.310749891654,4227.880933408011,2020-08-06T13:48:18Z,45.50836667,7.80890000,1049.00,46.921
11253,3,3396,8292.310749891654,4228.880933408011,2020-08-06T13:48:19Z,45.50836667,7.80903333,1037.00,46.928
11254,3,3397,8293.310749891654,4229.880933408011,2020-08-06T13:48:20Z,45.50835000,7.80916667,1034.00,46.933
11255,3,3398,8294.310749891654,4230.880933408011,2020-08-06T13:48:21Z,45.50835000,7.80930000,1041.00,46.94
11256,3,3399,8295.310749891654,4231.880933408011,2020-08-06T13:48:22Z,45.50833333,7.80943333,1035.00,46.946
11257,3,3400,8296.310749891654,4232.880933408011,2020-08-06T13:48:23Z,45.50831667,7.80956667,1035.00,46.951
11258,3,3401,8297.310749891654,4233.880933408011,2020-08-06T13:48:24Z,45.50830000,7.80968333,1035.00,46.956
11259,3,3402,8298.310749891654,4234.880933408011,2020-08-06T13:48:25Z,45.50828333,7.80981667,1035.00,46.962
11260,3,3403,8299.310749891654,4235.880933408011,2020-08-06T13:48:26Z,45.50826667,7.80993333,1035.00,46.966
11261,3,3404,8300.310749891654,4236.880933408011,2020-08-06T13:48:27Z,45.50826667,7.81006667,1034.00,46.973
11262,3,3405,8301.310749891654,4237.880933408011,2020-08-06T13:48:28Z,45.50825000,7.81016667,1033.00,46.977
11263,3,3406,8302.310749891654,4238.880933408011,2020-08-06T13:48:29Z,45.50823333,7.81028333,1029.00,46.982
11264,3,3407,8303.310749891654,4239.880933408011,2020-08-06T13:48:30Z,45.50821667,7.81040000,1034.00,46.986
11265,3,3408,8304.310749891654,4240.880933408011,2020-08-06T13:48:31Z,45.50821667,7.81053333,1032.00,46.993
11266,3,3409,8305.310749891654,4241.880933408011,2020-08-06T13:48:32Z,45.50820000,7.81066667,1028.00,46.999
11267,3,3410,8306.310749891654,4242.880933408011,2020-08-06T13:48:33Z,45.50818333,7.81080000,1026.00,47.004
11268,3,3411,8307.310749891654,4243.880933408011,2020-08-06T13:48:34Z,45.50816667,7.81093333,1033.00,47.01
11269,3,3412,8308.310749891654,4244.880933408011,2020-08-06T13:48:35Z,45.50815000,7.81105000,1028.00,47.014
11270,3,3413,8309.310749891654,4245.880933408011,2020-08-06T13:48:36Z,45.50815000,7.81116667,1031.00,47.02
11271,3,3414,8310.310749891654,4246.880933408011,2020-08-06T13:48:37Z,45.50815000,7.81128333,1026.00,47.027
11272,3,3415,8311.310749891654,4247.880933408011,2020-08-06T13:48:38Z,45.50815000,7.81141667,1027.00,47.033
11273,3,3416,8312.310749891654,4248.880933408011,2020-08-06T13:48:39Z,45.50813333,7.81155000,1026.00,47.039
11274,3,3417,8313.310749891654,4249.880933408011,2020-08-06T13:48:40Z,45.50813333,7.81168333,1026.00,47.046
11275,3,3418,8314.310749891654,4250.880933408011,2020-08-06T13:48:41Z,45.50813333,7.81181667,1031.00,47.053
11276,3,3419,8315.310749891654,4251.880933408011,2020-08-06T13:48:42Z,45.50811667,7.81195000,1022.00,47.058
11277,3,3420,8316.310749891654,4252.880933408011,2020-08-06T13:48:43Z,45.50810000,7.81206667,1025.00,47.063
11278,3,3421,8317.310749891654,4253.880933408011,2020-08-06T13:48:44Z,45.50808333,7.81216667,1019.00,47.067
11279,3,3422,8318.310749891654,4254.880933408011,2020-08-06T13:48:45Z,45.50805000,7.81226667,1026.00,47.069
11280,3,3423,8319.310749891654,4255.880933408011,2020-08-06T13:48:46Z,45.50803333,7.81238333,1025.00,47.074
11281,3,3424,8320.310749891654,4256.880933408011,2020-08-06T13:48:47Z,45.50801667,7.81250000,1023.00,47.079
11282,3,3425,8321.310749891654,4257.880933408011,2020-08-06T13:48:48Z,45.50801667,7.81263333,1025.00,47.086
11283,3,3426,8322.310749891654,4258.880933408011,2020-08-06T13:48:49Z,45.50801667,7.81278333,1020.00,47.094
11284,3,3427,8323.310749891654,4259.880933408011,2020-08-06T13:48:50Z,45.50801667,7.81293333,1016.00,47.101
11285,3,3428,8324.310749891654,4260.880933408011,2020-08-06T13:48:51Z,45.50801667,7.81308333,1012.00,47.109
11286,3,3429,8325.310749891654,4261.880933408011,2020-08-06T13:48:52Z,45.50803333,7.81321667,1025.00,47.118
11287,3,3430,8326.310749891654,4262.880933408011,2020-08-06T13:48:53Z,45.50808333,7.81333333,1023.00,47.128
11288,3,3431,8327.310749891654,4263.880933408011,2020-08-06T13:48:54Z,45.50816667,7.81341667,1021.00,47.139
11289,3,3432,8328.310749891654,4264.880933408011,2020-08-06T13:48:55Z,45.50826667,7.81346667,1009.00,47.15
11290,3,3433,8329.310749891654,4265.880933408011,2020-08-06T13:48:56Z,45.50838333,7.81343333,1022.00,47.158
11291,3,3434,8330.310749891654,4266.880933408011,2020-08-06T13:48:57Z,45.50848333,7.81333333,1016.00,47.161
11292,3,3435,8331.310749891654,4267.880933408011,2020-08-06T13:48:58Z,45.50853333,7.81318333,1021.00,47.157
11293,3,3436,8332.310749891654,4268.880933408011,2020-08-06T13:48:59Z,45.50853333,7.81305000,1023.00,47.15
11294,3,3437,8333.310749891654,4269.880933408011,2020-08-06T13:49:00Z,45.50850000,7.81296667,1027.00,47.143
11295,3,3438,8334.310749891654,4270.880933408011,2020-08-06T13:49:01Z,45.50845000,7.81291667,1034.00,47.136
11296,3,3439,8335.310749891654,4271.880933408011,2020-08-06T13:49:02Z,45.50840000,7.81288333,1021.00,47.131
11297,3,3440,8336.310749891654,4272.880933408011,2020-08-06T13:49:03Z,45.50835000,7.81286667,1031.00,47.126
11298,3,3441,8337.310749891654,4273.880933408011,2020-08-06T13:49:04Z,45.50830000,7.81285000,1028.00,47.121
11299,3,3442,8338.310749891654,4274.880933408011,2020-08-06T13:49:05Z,45.50823333,7.81285000,1019.00,47.115
11300,3,3443,8339.310749891654,4275.880933408011,2020-08-06T13:49:06Z,45.50816667,7.81286667,1025.00,47.11
11301,3,3444,8340.310749891654,4276.880933408011,2020-08-06T13:49:07Z,45.50808333,7.81290000,1023.00,47.105
11302,3,3445,8341.310749891654,4277.880933408011,2020-08-06T13:49:08Z,45.50801667,7.81295000,1020.00,47.102
11303,3,3446,8342.310749891654,4278.880933408011,2020-08-06T13:49:09Z,45.50796667,7.81306667,1026.00,47.104
11304,3,3447,8343.310749891654,4279.880933408011,2020-08-06T13:49:10Z,45.50795000,7.81320000,1025.00,47.11
11305,3,3448,8344.310749891654,4280.880933408011,2020-08-06T13:49:11Z,45.50795000,7.81336667,1023.00,47.119
11306,3,3449,8345.310749891654,4281.880933408011,2020-08-06T13:49:12Z,45.50798333,7.81351667,1022.00,47.129
11307,3,3450,8346.310749891654,4282.880933408011,2020-08-06T13:49:13Z,45.50805000,7.81365000,1024.00,47.142
11308,3,3451,8347.310749891654,4283.880933408011,2020-08-06T13:49:14Z,45.50815000,7.81375000,1028.00,47.155
11309,3,3452,8348.310749891654,4284.880933408011,2020-08-06T13:49:15Z,45.50826667,7.81381667,1026.00,47.168
11310,3,3453,8349.310749891654,4285.880933408011,2020-08-06T13:49:16Z,45.50838333,7.81383333,1025.00,47.179
11311,3,3454,8350.310749891654,4286.880933408011,2020-08-06T13:49:17Z,45.50850000,7.81383333,1031.00,47.188
11312,3,3455,8351.310749891654,4287.880933408011,2020-08-06T13:49:18Z,45.50861667,7.81383333,1027.00,47.198
11313,3,3456,8352.310749891654,4288.880933408011,2020-08-06T13:49:19Z,45.50871667,7.81380000,1011.00,47.205
11314,3,3457,8353.310749891654,4289.880933408011,2020-08-06T13:49:20Z,45.50881667,7.81378333,1040.00,47.212
11315,3,3458,8354.310749891654,4290.880933408011,2020-08-06T13:49:21Z,45.50891667,7.81373333,1036.00,47.218
11316,3,3459,8355.310749891654,4291.880933408011,2020-08-06T13:49:22Z,45.50900000,7.81368333,1034.00,47.222
11317,3,3460,8356.310749891654,4292.880933408011,2020-08-06T13:49:23Z,45.50908333,7.81360000,1036.00,47.224
11318,3,3461,8357.310749891654,4293.880933408011,2020-08-06T13:49:24Z,45.50918333,7.81353333,1041.00,47.229
11319,3,3462,8358.310749891654,4294.880933408011,2020-08-06T13:49:25Z,45.50928333,7.81348333,1035.00,47.235
11320,3,3463,8359.310749891654,4295.880933408011,2020-08-06T13:49:26Z,45.50941667,7.81346667,1035.00,47.245
11321,3,3464,8360.310749891654,4296.880933408011,2020-08-06T13:49:27Z,45.50953333,7.81350000,1050.00,47.256
11322,3,3465,8361.310749891654,4297.880933408011,2020-08-06T13:49:28Z,45.50965000,7.81358333,1042.00,47.27
11323,3,3466,8362.310749891654,4298.880933408011,2020-08-06T13:49:29Z,45.50973333,7.81368333,1044.00,47.282
11324,3,3467,8363.310749891654,4299.880933408011,2020-08-06T13:49:30Z,45.50980000,7.81378333,1048.00,47.293
11325,3,3468,8364.310749891654,4300.880933408011,2020-08-06T13:49:31Z,45.50983333,7.81390000,1053.00,47.302
11326,3,3469,8365.310749891654,4301.880933408011,2020-08-06T13:49:32Z,45.50986667,7.81401667,1051.00,47.311
11327,3,3470,8366.310749891654,4302.880933408011,2020-08-06T13:49:33Z,45.50988333,7.81413333,1050.00,47.318
11328,3,3471,8367.310749891654,4303.880933408011,2020-08-06T13:49:34Z,45.50986667,7.81425000,1056.00,47.323
11329,3,3472,8368.310749891654,4304.880933408011,2020-08-06T13:49:35Z,45.50985000,7.81433333,1060.00,47.326
11330,3,3473,8369.310749891654,4305.880933408011,2020-08-06T13:49:36Z,45.50980000,7.81441667,1060.00,47.326
11331,3,3474,8370.310749891654,4306.880933408011,2020-08-06T13:49:37Z,45.50975000,7.81448333,1046.00,47.326
11332,3,3475,8371.310749891654,4307.880933408011,2020-08-06T13:49:38Z,45.50970000,7.81451667,1053.00,47.323
11333,3,3476,8372.310749891654,4308.880933408011,2020-08-06T13:49:39Z,45.50963333,7.81455000,1053.00,47.319
11334,3,3477,8373.310749891654,4309.880933408011,2020-08-06T13:49:40Z,45.50956667,7.81458333,1059.00,47.316
11335,3,3478,8374.310749891654,4310.880933408011,2020-08-06T13:49:41Z,45.50950000,7.81460000,1050.00,47.311
11336,3,3479,8375.310749891654,4311.880933408011,2020-08-06T13:49:42Z,45.50945000,7.81460000,1056.00,47.307
11337,3,3480,8376.310749891654,4312.880933408011,2020-08-06T13:49:43Z,45.50938333,7.81460000,1056.00,47.301
11338,3,3481,8377.310749891654,4313.880933408011,2020-08-06T13:49:44Z,45.50933333,7.81458333,1054.00,47.296
11339,3,3482,8378.310749891654,4314.880933408011,2020-08-06T13:49:45Z,45.50928333,7.81455000,1058.00,47.29
11340,3,3483,8379.310749891654,4315.880933408011,2020-08-06T13:49:46Z,45.50925000,7.81451667,1062.00,47.286
11341,3,3484,8380.310749891654,4316.880933408011,2020-08-06T13:49:47Z,45.50921667,7.81445000,1054.00,47.28
11342,3,3485,8381.310749891654,4317.880933408011,2020-08-06T13:49:48Z,45.50921667,7.81436667,1061.00,47.275
11343,3,3486,8382.310749891654,4318.880933408011,2020-08-06T13:49:49Z,45.50921667,7.81428333,1069.00,47.271
11344,3,3487,8383.310749891654,4319.880933408011,2020-08-06T13:49:50Z,45.50925000,7.81420000,1064.00,47.269
11345,3,3488,8384.310749891654,4320.880933408011,2020-08-06T13:49:51Z,45.50930000,7.81411667,1060.00,47.269
11346,3,3489,8385.310749891654,4321.880933408011,2020-08-06T13:49:52Z,45.50935000,7.81403333,1063.00,47.269
11347,3,3490,8386.310749891654,4322.880933408011,2020-08-06T13:49:53Z,45.50943333,7.81396667,1064.00,47.272
11348,3,3491,8387.310749891654,4323.880933408011,2020-08-06T13:49:54Z,45.50951667,7.81393333,1059.00,47.278
11349,3,3492,8388.310749891654,4324.880933408011,2020-08-06T13:49:55Z,45.50961667,7.81391667,1049.00,47.285
11350,3,3493,8389.310749891654,4325.880933408011,2020-08-06T13:49:56Z,45.50971667,7.81391667,1062.00,47.293
11351,3,3494,8390.310749891654,4326.880933408011,2020-08-06T13:49:57Z,45.50983333,7.81390000,1057.00,47.302
11352,3,3495,8391.310749891654,4327.880933408011,2020-08-06T13:49:58Z,45.50996667,7.81388333,1053.00,47.312
11353,3,3496,8392.310749891654,4328.880933408011,2020-08-06T13:49:59Z,45.51010000,7.81385000,1054.00,47.322
11354,3,3497,8393.310749891654,4329.880933408011,2020-08-06T13:50:00Z,45.51023333,7.81385000,1059.00,47.333
11355,3,3498,8394.310749891654,4330.880933408011,2020-08-06T13:50:01Z,45.51035000,7.81383333,1057.00,47.341
11356,3,3499,8395.310749891654,4331.880933408011,2020-08-06T13:50:02Z,45.51046667,7.81381667,1057.00,47.35
11357,3,3500,8396.310749891654,4332.880933408011,2020-08-06T13:50:03Z,45.51058333,7.81378333,1050.00,47.358
11358,3,3501,8397.310749891654,4333.880933408011,2020-08-06T13:50:04Z,45.51070000,7.81373333,1068.00,47.365
11359,3,3502,8398.310749891654,4334.880933408011,2020-08-06T13:50:05Z,45.51080000,7.81368333,1057.00,47.371
11360,3,3503,8399.310749891654,4335.880933408011,2020-08-06T13:50:06Z,45.51090000,7.81361667,1065.00,47.376
11361,3,3504,8400.310749891654,4336.880933408011,2020-08-06T13:50:07Z,45.51101667,7.81355000,1049.00,47.382
11362,3,3505,8401.310749891654,4337.880933408011,2020-08-06T13:50:08Z,45.51111667,7.81350000,1066.00,47.388
11363,3,3506,8402.310749891654,4338.880933408011,2020-08-06T13:50:09Z,45.51123333,7.81345000,1068.00,47.395
11364,3,3507,8403.310749891654,4339.880933408011,2020-08-06T13:50:10Z,45.51135000,7.81343333,1059.00,47.404
11365,3,3508,8404.310749891654,4340.880933408011,2020-08-06T13:50:11Z,45.51148333,7.81343333,1067.00,47.415
11366,3,3509,8405.310749891654,4341.880933408011,2020-08-06T13:50:12Z,45.51160000,7.81348333,1061.00,47.427
11367,3,3510,8406.310749891654,4342.880933408011,2020-08-06T13:50:13Z,45.51171667,7.81355000,1070.00,47.44
11368,3,3511,8407.310749891654,4343.880933408011,2020-08-06T13:50:14Z,45.51180000,7.81363333,1073.00,47.451
11369,3,3512,8408.310749891654,4344.880933408011,2020-08-06T13:50:15Z,45.51185000,7.81375000,1079.00,47.462
11370,3,3513,8409.310749891654,4345.880933408011,2020-08-06T13:50:16Z,45.51188333,7.81386667,1079.00,47.47
11371,3,3514,8410.310749891654,4346.880933408011,2020-08-06T13:50:17Z,45.51188333,7.81398333,1076.00,47.476
11372,3,3515,8411.310749891654,4347.880933408011,2020-08-06T13:50:18Z,45.51186667,7.81408333,1073.00,47.48
11373,3,3516,8412.310749891654,4348.880933408011,2020-08-06T13:50:19Z,45.51183333,7.81416667,1080.00,47.482
11374,3,3517,8413.310749891654,4349.880933408011,2020-08-06T13:50:20Z,45.51178333,7.81423333,1080.00,47.481
11375,3,3518,8414.310749891654,4350.880933408011,2020-08-06T13:50:21Z,45.51171667,7.81425000,1071.00,47.476
11376,3,3519,8415.310749891654,4351.880933408011,2020-08-06T13:50:22Z,45.51165000,7.81425000,1082.00,47.471
11377,3,3520,8416.310749891654,4352.880933408011,2020-08-06T13:50:23Z,45.51160000,7.81421667,1080.00,47.465
11378,3,3521,8417.310749891654,4353.880933408011,2020-08-06T13:50:24Z,45.51153333,7.81415000,1079.00,47.456
11379,3,3522,8418.310749891654,4354.880933408011,2020-08-06T13:50:25Z,45.51150000,7.81405000,1081.00,47.448
11380,3,3523,8419.310749891654,4355.880933408011,2020-08-06T13:50:26Z,45.51148333,7.81395000,1089.00,47.441
11381,3,3524,8420.310749891654,4356.880933408011,2020-08-06T13:50:27Z,45.51148333,7.81385000,1078.00,47.436
11382,3,3525,8421.310749891654,4357.880933408011,2020-08-06T13:50:28Z,45.51151667,7.81375000,1092.00,47.434
11383,3,3526,8422.310749891654,4358.880933408011,2020-08-06T13:50:29Z,45.51155000,7.81368333,1089.00,47.433
11384,3,3527,8423.310749891654,4359.880933408011,2020-08-06T13:50:30Z,45.51160000,7.81360000,1088.00,47.433
11385,3,3528,8424.310749891654,4360.880933408011,2020-08-06T13:50:31Z,45.51166667,7.81350000,1088.00,47.433
11386,3,3529,8425.310749891654,4361.880933408011,2020-08-06T13:50:32Z,45.51175000,7.81338333,1081.00,47.434
11387,3,3530,8426.310749891654,4362.880933408011,2020-08-06T13:50:33Z,45.51186667,7.81330000,1088.00,47.44
11388,3,3531,8427.310749891654,4363.880933408011,2020-08-06T13:50:34Z,45.51200000,7.81325000,1089.00,47.448
11389,3,3532,8428.310749891654,4364.880933408011,2020-08-06T13:50:35Z,45.51211667,7.81325000,1090.00,47.458
11390,3,3533,8429.310749891654,4365.880933408011,2020-08-06T13:50:36Z,45.51221667,7.81328333,1086.00,47.468
11391,3,3534,8430.310749891654,4366.880933408011,2020-08-06T13:50:37Z,45.51231667,7.81336667,1097.00,47.481
11392,3,3535,8431.310749891654,4367.880933408011,2020-08-06T13:50:38Z,45.51240000,7.81345000,1100.00,47.492
11393,3,3536,8432.310749891654,4368.880933408011,2020-08-06T13:50:39Z,45.51248333,7.81353333,1098.00,47.503
11394,3,3537,8433.310749891654,4369.880933408011,2020-08-06T13:50:40Z,45.51255000,7.81365000,1096.00,47.515
11395,3,3538,8434.310749891654,4370.880933408011,2020-08-06T13:50:41Z,45.51258333,7.81376667,1100.00,47.523
11396,3,3539,8435.310749891654,4371.880933408011,2020-08-06T13:50:42Z,45.51261667,7.81388333,1104.00,47.532
11397,3,3540,8436.310749891654,4372.880933408011,2020-08-06T13:50:43Z,45.51261667,7.81400000,1101.00,47.538
11398,3,3541,8437.310749891654,4373.880933408011,2020-08-06T13:50:44Z,45.51260000,7.81410000,1108.00,47.542
11399,3,3542,8438.310749891654,4374.880933408011,2020-08-06T13:50:45Z,45.51258333,7.81418333,1098.00,47.545
11400,3,3543,8439.310749891654,4375.880933408011,2020-08-06T13:50:46Z,45.51253333,7.81423333,1105.00,47.543
11401,3,3544,8440.310749891654,4376.880933408011,2020-08-06T13:50:47Z,45.51248333,7.81426667,1107.00,47.541
11402,3,3545,8441.310749891654,4377.880933408011,2020-08-06T13:50:48Z,45.51241667,7.81425000,1103.00,47.535
11403,3,3546,8442.310749891654,4378.880933408011,2020-08-06T13:50:49Z,45.51236667,7.81421667,1104.00,47.529
11404,3,3547,8443.310749891654,4379.880933408011,2020-08-06T13:50:50Z,45.51231667,7.81416667,1113.00,47.522
11405,3,3548,8444.310749891654,4380.880933408011,2020-08-06T13:50:51Z,45.51226667,7.81413333,1103.00,47.516
11406,3,3549,8445.310749891654,4381.880933408011,2020-08-06T13:50:52Z,45.51225000,7.81408333,1107.00,47.512
11407,3,3550,8446.310749891654,4382.880933408011,2020-08-06T13:50:53Z,45.51221667,7.81403333,1103.00,47.507
11408,3,3551,8447.310749891654,4383.880933408011,2020-08-06T13:50:54Z,45.51220000,7.81396667,1106.00,47.502
11409,3,3552,8448.310749891654,4384.880933408011,2020-08-06T13:50:55Z,45.51218333,7.81388333,1110.00,47.496
11410,3,3553,8449.310749891654,4385.880933408011,2020-08-06T13:50:56Z,45.51216667,7.81381667,1107.00,47.491
11411,3,3554,8450.310749891654,4386.880933408011,2020-08-06T13:50:57Z,45.51216667,7.81371667,1107.00,47.486
11412,3,3555,8451.310749891654,4387.880933408011,2020-08-06T13:50:58Z,45.51218333,7.81361667,1104.00,47.482
11413,3,3556,8452.310749891654,4388.880933408011,2020-08-06T13:50:59Z,45.51218333,7.81350000,1107.00,47.476
11414,3,3557,8453.310749891654,4389.880933408011,2020-08-06T13:51:00Z,45.51218333,7.81338333,1108.00,47.47
11415,3,3558,8454.310749891654,4390.880933408011,2020-08-06T13:51:01Z,45.51220000,7.81326667,1108.00,47.466
11416,3,3559,8455.310749891654,4391.880933408011,2020-08-06T13:51:02Z,45.51220000,7.81315000,1106.00,47.46
11417,3,3560,8456.310749891654,4392.880933408011,2020-08-06T13:51:03Z,45.51221667,7.81303333,1121.00,47.455
11418,3,3561,8457.310749891654,4393.880933408011,2020-08-06T13:51:04Z,45.51225000,7.81291667,1105.00,47.452
11419,3,3562,8458.310749891654,4394.880933408011,2020-08-06T13:51:05Z,45.51228333,7.81281667,1110.00,47.449
11420,3,3563,8459.310749891654,4395.880933408011,2020-08-06T13:51:06Z,45.51233333,7.81271667,1111.00,47.449
11421,3,3564,8460.310749891654,4396.880933408011,2020-08-06T13:51:07Z,45.51236667,7.81261667,1120.00,47.446
11422,3,3565,8461.310749891654,4397.880933408011,2020-08-06T13:51:08Z,45.51240000,7.81251667,1115.00,47.444
11423,3,3566,8462.310749891654,4398.880933408011,2020-08-06T13:51:09Z,45.51243333,7.81240000,1119.00,47.441
11424,3,3567,8463.310749891654,4399.880933408011,2020-08-06T13:51:10Z,45.51246667,7.81228333,1115.00,47.437
11425,3,3568,8464.310749891654,4400.880933408011,2020-08-06T13:51:11Z,45.51251667,7.81218333,1111.00,47.436
11426,3,3569,8465.310749891654,4401.880933408011,2020-08-06T13:51:12Z,45.51258333,7.81208333,1111.00,47.437
11427,3,3570,8466.310749891654,4402.880933408011,2020-08-06T13:51:13Z,45.51266667,7.81198333,1119.00,47.439
11428,3,3571,8467.310749891654,4403.880933408011,2020-08-06T13:51:14Z,45.51276667,7.81190000,1121.00,47.443
11429,3,3572,8468.310749891654,4404.880933408011,2020-08-06T13:51:15Z,45.51286667,7.81181667,1112.00,47.447
11430,3,3573,8469.310749891654,4405.880933408011,2020-08-06T13:51:16Z,45.51298333,7.81176667,1123.00,47.454
11431,3,3574,8470.310749891654,4406.880933408011,2020-08-06T13:51:17Z,45.51311667,7.81173333,1127.00,47.463
11432,3,3575,8471.310749891654,4407.880933408011,2020-08-06T13:51:18Z,45.51323333,7.81173333,1129.00,47.473
11433,3,3576,8472.310749891654,4408.880933408011,2020-08-06T13:51:19Z,45.51335000,7.81175000,1128.00,47.484
11434,3,3577,8473.310749891654,4409.880933408011,2020-08-06T13:51:20Z,45.51345000,7.81180000,1111.00,47.495
11435,3,3578,8474.310749891654,4410.880933408011,2020-08-06T13:51:21Z,45.51355000,7.81186667,1131.00,47.507
11436,3,3579,8475.310749891654,4411.880933408011,2020-08-06T13:51:22Z,45.51365000,7.81195000,1128.00,47.519
11437,3,3580,8476.310749891654,4412.880933408011,2020-08-06T13:51:23Z,45.51375000,7.81205000,1126.00,47.533
11438,3,3581,8477.310749891654,4413.880933408011,2020-08-06T13:51:24Z,45.51383333,7.81218333,1129.00,47.547
11439,3,3582,8478.310749891654,4414.880933408011,2020-08-06T13:51:25Z,45.51390000,7.81230000,1134.00,47.558
11440,3,3583,8479.310749891654,4415.880933408011,2020-08-06T13:51:26Z,45.51396667,7.81243333,1139.00,47.571
11441,3,3584,8480.310749891654,4416.880933408011,2020-08-06T13:51:27Z,45.51401667,7.81253333,1124.00,47.58
11442,3,3585,8481.310749891654,4417.880933408011,2020-08-06T13:51:28Z,45.51405000,7.81263333,1142.00,47.588
11443,3,3586,8482.310749891654,4418.880933408011,2020-08-06T13:51:29Z,45.51405000,7.81275000,1121.00,47.594
11444,3,3587,8483.310749891654,4419.880933408011,2020-08-06T13:51:30Z,45.51403333,7.81286667,1135.00,47.598
11445,3,3588,8484.310749891654,4420.880933408011,2020-08-06T13:51:31Z,45.51400000,7.81295000,1139.00,47.6
11446,3,3589,8485.310749891654,4421.880933408011,2020-08-06T13:51:32Z,45.51396667,7.81300000,1134.00,47.6
11447,3,3590,8486.310749891654,4422.880933408011,2020-08-06T13:51:33Z,45.51391667,7.81301667,1146.00,47.596
11448,3,3591,8487.310749891654,4423.880933408011,2020-08-06T13:51:34Z,45.51388333,7.81301667,1139.00,47.593
11449,3,3592,8488.310749891654,4424.880933408011,2020-08-06T13:51:35Z,45.51385000,7.81296667,1145.00,47.588
11450,3,3593,8489.310749891654,4425.880933408011,2020-08-06T13:51:36Z,45.51380000,7.81291667,1140.00,47.581
11451,3,3594,8490.310749891654,4426.880933408011,2020-08-06T13:51:37Z,45.51376667,7.81283333,1146.00,47.574
11452,3,3595,8491.310749891654,4427.880933408011,2020-08-06T13:51:38Z,45.51375000,7.81275000,1148.00,47.569
11453,3,3596,8492.310749891654,4428.880933408011,2020-08-06T13:51:39Z,45.51371667,7.81266667,1146.00,47.562
11454,3,3597,8493.310749891654,4429.880933408011,2020-08-06T13:51:40Z,45.51370000,7.81258333,1155.00,47.556
11455,3,3598,8494.310749891654,4430.880933408011,2020-08-06T13:51:41Z,45.51368333,7.81251667,1140.00,47.551
11456,3,3599,8495.310749891654,4431.880933408011,2020-08-06T13:51:42Z,45.51368333,7.81243333,1143.00,47.547
11457,3,3600,8496.310749891654,4432.880933408011,2020-08-06T13:51:43Z,45.51370000,7.81233333,1140.00,47.543
11458,3,3601,8497.310749891654,4433.880933408011,2020-08-06T13:51:44Z,45.51373333,7.81221667,1159.00,47.54
11459,3,3602,8498.310749891654,4434.880933408011,2020-08-06T13:51:45Z,45.51380000,7.81211667,1153.00,47.54
11460,3,3603,8499.310749891654,4435.880933408011,2020-08-06T13:51:46Z,45.51386667,7.81203333,1149.00,47.542
11461,3,3604,8500.310749891654,4436.880933408011,2020-08-06T13:51:47Z,45.51396667,7.81196667,1154.00,47.547
11462,3,3605,8501.310749891654,4437.880933408011,2020-08-06T13:51:48Z,45.51408333,7.81191667,1152.00,47.554
11463,3,3606,8502.310749891654,4438.880933408011,2020-08-06T13:51:49Z,45.51421667,7.81188333,1157.00,47.563
11464,3,3607,8503.310749891654,4439.880933408011,2020-08-06T13:51:50Z,45.51435000,7.81190000,1154.00,47.575
11465,3,3608,8504.310749891654,4440.880933408011,2020-08-06T13:51:51Z,45.51446667,7.81193333,1148.00,47.587
11466,3,3609,8505.310749891654,4441.880933408011,2020-08-06T13:51:52Z,45.51458333,7.81198333,1151.00,47.599
11467,3,3610,8506.310749891654,4442.880933408011,2020-08-06T13:51:53Z,45.51468333,7.81206667,1154.00,47.612
11468,3,3611,8507.310749891654,4443.880933408011,2020-08-06T13:51:54Z,45.51476667,7.81216667,1154.00,47.624
11469,3,3612,8508.310749891654,4444.880933408011,2020-08-06T13:51:55Z,45.51483333,7.81226667,1160.00,47.635
11470,3,3613,8509.310749891654,4445.880933408011,2020-08-06T13:51:56Z,45.51488333,7.81236667,1159.00,47.644
11471,3,3614,8510.310749891654,4446.880933408011,2020-08-06T13:51:57Z,45.51491667,7.81248333,1155.00,47.653
11472,3,3615,8511.310749891654,4447.880933408011,2020-08-06T13:51:58Z,45.51491667,7.81256667,1157.00,47.657
11473,3,3616,8512.310749891654,4448.880933408011,2020-08-06T13:51:59Z,45.51490000,7.81266667,1163.00,47.661
11474,3,3617,8513.310749891654,4449.880933408011,2020-08-06T13:52:00Z,45.51488333,7.81273333,1160.00,47.663
11475,3,3618,8514.310749891654,4450.880933408011,2020-08-06T13:52:01Z,45.51483333,7.81278333,1154.00,47.661
11476,3,3619,8515.310749891654,4451.880933408011,2020-08-06T13:52:02Z,45.51480000,7.81280000,1159.00,47.659
11477,3,3620,8516.310749891654,4452.880933408011,2020-08-06T13:52:03Z,45.51473333,7.81280000,1161.00,47.654
11478,3,3621,8517.310749891654,4453.880933408011,2020-08-06T13:52:04Z,45.51468333,7.81278333,1162.00,47.649
11479,3,3622,8518.310749891654,4454.880933408011,2020-08-06T13:52:05Z,45.51463333,7.81276667,1162.00,47.643
11480,3,3623,8519.310749891654,4455.880933408011,2020-08-06T13:52:06Z,45.51460000,7.81273333,1162.00,47.639
11481,3,3624,8520.310749891654,4456.880933408011,2020-08-06T13:52:07Z,45.51455000,7.81270000,1172.00,47.633
11482,3,3625,8521.310749891654,4457.880933408011,2020-08-06T13:52:08Z,45.51451667,7.81266667,1166.00,47.629
11483,3,3626,8522.310749891654,4458.880933408011,2020-08-06T13:52:09Z,45.51448333,7.81261667,1162.00,47.623
11484,3,3627,8523.310749891654,4459.880933408011,2020-08-06T13:52:10Z,45.51443333,7.81256667,1168.00,47.616
11485,3,3628,8524.310749891654,4460.880933408011,2020-08-06T13:52:11Z,45.51438333,7.81250000,1166.00,47.609
11486,3,3629,8525.310749891654,4461.880933408011,2020-08-06T13:52:12Z,45.51433333,7.81243333,1164.00,47.601
11487,3,3630,8526.310749891654,4462.880933408011,2020-08-06T13:52:13Z,45.51428333,7.81238333,1168.00,47.595
11488,3,3631,8527.310749891654,4463.880933408011,2020-08-06T13:52:14Z,45.51425000,7.81235000,1166.00,47.59
11489,3,3632,8528.310749891654,4464.880933408011,2020-08-06T13:52:15Z,45.51421667,7.81228333,1171.00,47.584
11490,3,3633,8529.310749891654,4465.880933408011,2020-08-06T13:52:16Z,45.51420000,7.81223333,1169.00,47.58
11491,3,3634,8530.310749891654,4466.880933408011,2020-08-06T13:52:17Z,45.51420000,7.81216667,1169.00,47.576
11492,3,3635,8531.310749891654,4467.880933408011,2020-08-06T13:52:18Z,45.51423333,7.81208333,1174.00,47.575
11493,3,3636,8532.310749891654,4468.880933408011,2020-08-06T13:52:19Z,45.51428333,7.81196667,1169.00,47.573
11494,3,3637,8533.310749891654,4469.880933408011,2020-08-06T13:52:20Z,45.51438333,7.81186667,1169.00,47.576
11495,3,3638,8534.310749891654,4470.880933408011,2020-08-06T13:52:21Z,45.51451667,7.81176667,1170.00,47.583
11496,3,3639,8535.310749891654,4471.880933408011,2020-08-06T13:52:22Z,45.51466667,7.81175000,1174.00,47.594
11497,3,3640,8536.310749891654,4472.880933408011,2020-08-06T13:52:23Z,45.51481667,7.81176667,1166.00,47.608
11498,3,3641,8537.310749891654,4473.880933408011,2020-08-06T13:52:24Z,45.51495000,7.81183333,1169.00,47.622
11499,3,3642,8538.310749891654,4474.880933408011,2020-08-06T13:52:25Z,45.51506667,7.81193333,1178.00,47.637
11500,3,3643,8539.310749891654,4475.880933408011,2020-08-06T13:52:26Z,45.51513333,7.81205000,1167.00,47.649
11501,3,3644,8540.310749891654,4476.880933408011,2020-08-06T13:52:27Z,45.51515000,7.81218333,1177.00,47.657
11502,3,3645,8541.310749891654,4477.880933408011,2020-08-06T13:52:28Z,45.51515000,7.81230000,1175.00,47.663
11503,3,3646,8542.310749891654,4478.880933408011,2020-08-06T13:52:29Z,45.51511667,7.81240000,1179.00,47.665
11504,3,3647,8543.310749891654,4479.880933408011,2020-08-06T13:52:30Z,45.51506667,7.81245000,1181.00,47.664
11505,3,3648,8544.310749891654,4480.880933408011,2020-08-06T13:52:31Z,45.51501667,7.81248333,1175.00,47.661
11506,3,3649,8545.310749891654,4481.880933408011,2020-08-06T13:52:32Z,45.51495000,7.81248333,1172.00,47.656
11507,3,3650,8546.310749891654,4482.880933408011,2020-08-06T13:52:33Z,45.51490000,7.81245000,1179.00,47.65
11508,3,3651,8547.310749891654,4483.880933408011,2020-08-06T13:52:34Z,45.51488333,7.81240000,1177.00,47.646
11509,3,3652,8548.310749891654,4484.880933408011,2020-08-06T13:52:35Z,45.51486667,7.81238333,1183.00,47.643
11510,3,3653,8549.310749891654,4485.880933408011,2020-08-06T13:52:36Z,45.51486667,7.81233333,1179.00,47.641
11511,3,3654,8550.310749891654,4486.880933408011,2020-08-06T13:52:37Z,45.51485000,7.81226667,1182.00,47.636
11512,3,3655,8551.310749891654,4487.880933408011,2020-08-06T13:52:38Z,45.51485000,7.81216667,1182.00,47.631
11513,3,3656,8552.310749891654,4488.880933408011,2020-08-06T13:52:39Z,45.51485000,7.81205000,1169.00,47.625
11514,3,3657,8553.310749891654,4489.880933408011,2020-08-06T13:52:40Z,45.51488333,7.81191667,1181.00,47.621
11515,3,3658,8554.310749891654,4490.880933408011,2020-08-06T13:52:41Z,45.51495000,7.81180000,1176.00,47.621
11516,3,3659,8555.310749891654,4491.880933408011,2020-08-06T13:52:42Z,45.51505000,7.81170000,1169.00,47.624
11517,3,3660,8556.310749891654,4492.880933408011,2020-08-06T13:52:43Z,45.51518333,7.81166667,1180.00,47.634
11518,3,3661,8557.310749891654,4493.880933408011,2020-08-06T13:52:44Z,45.51531667,7.81166667,1187.00,47.645
11519,3,3662,8558.310749891654,4494.880933408011,2020-08-06T13:52:45Z,45.51545000,7.81170000,1188.00,47.658
11520,3,3663,8559.310749891654,4495.880933408011,2020-08-06T13:52:46Z,45.51556667,7.81175000,1182.00,47.67
11521,3,3664,8560.310749891654,4496.880933408011,2020-08-06T13:52:47Z,45.51566667,7.81185000,1172.00,47.684
11522,3,3665,8561.310749891654,4497.880933408011,2020-08-06T13:52:48Z,45.51571667,7.81196667,1187.00,47.694
11523,3,3666,8562.310749891654,4498.880933408011,2020-08-06T13:52:49Z,45.51573333,7.81210000,1188.00,47.702
11524,3,3667,8563.310749891654,4499.880933408011,2020-08-06T13:52:50Z,45.51571667,7.81220000,1183.00,47.706
11525,3,3668,8564.310749891654,4500.880933408011,2020-08-06T13:52:51Z,45.51568333,7.81230000,1184.00,47.708
11526,3,3669,8565.310749891654,4501.880933408011,2020-08-06T13:52:52Z,45.51563333,7.81236667,1183.00,47.707
11527,3,3670,8566.310749891654,4502.880933408011,2020-08-06T13:52:53Z,45.51558333,7.81238333,1182.00,47.704
11528,3,3671,8567.310749891654,4503.880933408011,2020-08-06T13:52:54Z,45.51553333,7.81235000,1166.00,47.698
11529,3,3672,8568.310749891654,4504.880933408011,2020-08-06T13:52:55Z,45.51550000,7.81226667,1184.00,47.691
11530,3,3673,8569.310749891654,4505.880933408011,2020-08-06T13:52:56Z,45.51551667,7.81216667,1185.00,47.687
11531,3,3674,8570.310749891654,4506.880933408011,2020-08-06T13:52:57Z,45.51553333,7.81208333,1185.00,47.684
11532,3,3675,8571.310749891654,4507.880933408011,2020-08-06T13:52:58Z,45.51558333,7.81196667,1196.00,47.682
11533,3,3676,8572.310749891654,4508.880933408011,2020-08-06T13:52:59Z,45.51565000,7.81186667,1185.00,47.683
11534,3,3677,8573.310749891654,4509.880933408011,2020-08-06T13:53:00Z,45.51575000,7.81176667,1189.00,47.686
11535,3,3678,8574.310749891654,4510.880933408011,2020-08-06T13:53:01Z,45.51588333,7.81168333,1188.00,47.693
11536,3,3679,8575.310749891654,4511.880933408011,2020-08-06T13:53:02Z,45.51601667,7.81166667,1197.00,47.704
11537,3,3680,8576.310749891654,4512.880933408011,2020-08-06T13:53:03Z,45.51615000,7.81168333,1179.00,47.716
11538,3,3681,8577.310749891654,4513.880933408011,2020-08-06T13:53:04Z,45.51626667,7.81175000,1201.00,47.729
11539,3,3682,8578.310749891654,4514.880933408011,2020-08-06T13:53:05Z,45.51635000,7.81185000,1190.00,47.741
11540,3,3683,8579.310749891654,4515.880933408011,2020-08-06T13:53:06Z,45.51641667,7.81195000,1189.00,47.752
11541,3,3684,8580.310749891654,4516.880933408011,2020-08-06T13:53:07Z,45.51643333,7.81206667,1192.00,47.759
11542,3,3685,8581.310749891654,4517.880933408011,2020-08-06T13:53:08Z,45.51643333,7.81216667,1197.00,47.764
11543,3,3686,8582.310749891654,4518.880933408011,2020-08-06T13:53:09Z,45.51638333,7.81223333,1195.00,47.763
11544,3,3687,8583.310749891654,4519.880933408011,2020-08-06T13:53:10Z,45.51635000,7.81223333,1199.00,47.761
11545,3,3688,8584.310749891654,4520.880933408011,2020-08-06T13:53:11Z,45.51631667,7.81221667,1192.00,47.757
11546,3,3689,8585.310749891654,4521.880933408011,2020-08-06T13:53:12Z,45.51628333,7.81216667,1201.00,47.752
11547,3,3690,8586.310749891654,4522.880933408011,2020-08-06T13:53:13Z,45.51626667,7.81211667,1191.00,47.748
11548,3,3691,8587.310749891654,4523.880933408011,2020-08-06T13:53:14Z,45.51625000,7.81203333,1196.00,47.742
11549,3,3692,8588.310749891654,4524.880933408011,2020-08-06T13:53:15Z,45.51623333,7.81193333,1200.00,47.736
11550,3,3693,8589.310749891654,4525.880933408011,2020-08-06T13:53:16Z,45.51623333,7.81181667,1201.00,47.73
11551,3,3694,8590.310749891654,4526.880933408011,2020-08-06T13:53:17Z,45.51626667,7.81171667,1187.00,47.727
11552,3,3695,8591.310749891654,4527.880933408011,2020-08-06T13:53:18Z,45.51631667,7.81156667,1192.00,47.724
11553,3,3696,8592.310749891654,4528.880933408011,2020-08-06T13:53:19Z,45.51640000,7.81145000,1205.00,47.725
11554,3,3697,8593.310749891654,4529.880933408011,2020-08-06T13:53:20Z,45.51651667,7.81133333,1196.00,47.729
11555,3,3698,8594.310749891654,4530.880933408011,2020-08-06T13:53:21Z,45.51663333,7.81125000,1211.00,47.735
11556,3,3699,8595.310749891654,4531.880933408011,2020-08-06T13:53:22Z,45.51676667,7.81120000,1211.00,47.743
11557,3,3700,8596.310749891654,4532.880933408011,2020-08-06T13:53:23Z,45.51690000,7.81118333,1206.00,47.754
11558,3,3701,8597.310749891654,4533.880933408011,2020-08-06T13:53:24Z,45.51701667,7.81120000,1195.00,47.764
11559,3,3702,8598.310749891654,4534.880933408011,2020-08-06T13:53:25Z,45.51713333,7.81126667,1206.00,47.778
11560,3,3703,8599.310749891654,4535.880933408011,2020-08-06T13:53:26Z,45.51723333,7.81135000,1204.00,47.79
11561,3,3704,8600.310749891654,4536.880933408011,2020-08-06T13:53:27Z,45.51731667,7.81145000,1204.00,47.802
11562,3,3705,8601.310749891654,4537.880933408011,2020-08-06T13:53:28Z,45.51736667,7.81158333,1209.00,47.813
11563,3,3706,8602.310749891654,4538.880933408011,2020-08-06T13:53:29Z,45.51738333,7.81168333,1203.00,47.82
11564,3,3707,8603.310749891654,4539.880933408011,2020-08-06T13:53:30Z,45.51738333,7.81180000,1203.00,47.826
11565,3,3708,8604.310749891654,4540.880933408011,2020-08-06T13:53:31Z,45.51735000,7.81186667,1208.00,47.826
11566,3,3709,8605.310749891654,4541.880933408011,2020-08-06T13:53:32Z,45.51730000,7.81190000,1208.00,47.824
11567,3,3710,8606.310749891654,4542.880933408011,2020-08-06T13:53:33Z,45.51725000,7.81188333,1201.00,47.819
11568,3,3711,8607.310749891654,4543.880933408011,2020-08-06T13:53:34Z,45.51720000,7.81180000,1207.00,47.81
11569,3,3712,8608.310749891654,4544.880933408011,2020-08-06T13:53:35Z,45.51715000,7.81168333,1202.00,47.8
11570,3,3713,8609.310749891654,4545.880933408011,2020-08-06T13:53:36Z,45.51713333,7.81156667,1219.00,47.793
11571,3,3714,8610.310749891654,4546.880933408011,2020-08-06T13:53:37Z,45.51713333,7.81146667,1212.00,47.788
11572,3,3715,8611.310749891654,4547.880933408011,2020-08-06T13:53:38Z,45.51713333,7.81136667,1229.00,47.783
11573,3,3716,8612.310749891654,4548.880933408011,2020-08-06T13:53:39Z,45.51711667,7.81126667,1223.00,47.776
11574,3,3717,8613.310749891654,4549.880933408011,2020-08-06T13:53:40Z,45.51710000,7.81118333,1223.00,47.771
11575,3,3718,8614.310749891654,4550.880933408011,2020-08-06T13:53:41Z,45.51706667,7.81111667,1221.00,47.764
11576,3,3719,8615.310749891654,4551.880933408011,2020-08-06T13:53:42Z,45.51703333,7.81108333,1220.00,47.76
11577,3,3720,8616.310749891654,4552.880933408011,2020-08-06T13:53:43Z,45.51700000,7.81113333,1211.00,47.76
11578,3,3721,8617.310749891654,4553.880933408011,2020-08-06T13:53:44Z,45.51700000,7.81123333,1214.00,47.765
11579,3,3722,8618.310749891654,4554.880933408011,2020-08-06T13:53:45Z,45.51705000,7.81138333,1208.00,47.777
11580,3,3723,8619.310749891654,4555.880933408011,2020-08-06T13:53:46Z,45.51711667,7.81151667,1221.00,47.789
11581,3,3724,8620.310749891654,4556.880933408011,2020-08-06T13:53:47Z,45.51723333,7.81160000,1220.00,47.803
11582,3,3725,8621.310749891654,4557.880933408011,2020-08-06T13:53:48Z,45.51733333,7.81166667,1207.00,47.815
11583,3,3726,8622.310749891654,4558.880933408011,2020-08-06T13:53:49Z,45.51743333,7.81173333,1203.00,47.827
11584,3,3727,8623.310749891654,4559.880933408011,2020-08-06T13:53:50Z,45.51751667,7.81183333,1207.00,47.839
11585,3,3728,8624.310749891654,4560.880933408011,2020-08-06T13:53:51Z,45.51760000,7.81195000,1222.00,47.852
11586,3,3729,8625.310749891654,4561.880933408011,2020-08-06T13:53:52Z,45.51765000,7.81208333,1223.00,47.863
11587,3,3730,8626.310749891654,4562.880933408011,2020-08-06T13:53:53Z,45.51768333,7.81220000,1211.00,47.871
11588,3,3731,8627.310749891654,4563.880933408011,2020-08-06T13:53:54Z,45.51770000,7.81231667,1225.00,47.879
11589,3,3732,8628.310749891654,4564.880933408011,2020-08-06T13:53:55Z,45.51768333,7.81240000,1225.00,47.882
11590,3,3733,8629.310749891654,4565.880933408011,2020-08-06T13:53:56Z,45.51765000,7.81246667,1219.00,47.882
11591,3,3734,8630.310749891654,4566.880933408011,2020-08-06T13:53:57Z,45.51761667,7.81250000,1231.00,47.881
11592,3,3735,8631.310749891654,4567.880933408011,2020-08-06T13:53:58Z,45.51756667,7.81251667,1227.00,47.878
11593,3,3736,8632.310749891654,4568.880933408011,2020-08-06T13:53:59Z,45.51751667,7.81251667,1234.00,47.873
11594,3,3737,8633.310749891654,4569.880933408011,2020-08-06T13:54:00Z,45.51745000,7.81246667,1225.00,47.865
11595,3,3738,8634.310749891654,4570.880933408011,2020-08-06T13:54:01Z,45.51738333,7.81240000,1232.00,47.856
11596,3,3739,8635.310749891654,4571.880933408011,2020-08-06T13:54:02Z,45.51733333,7.81235000,1238.00,47.849
11597,3,3740,8636.310749891654,4572.880933408011,2020-08-06T13:54:03Z,45.51726667,7.81230000,1232.00,47.841
11598,3,3741,8637.310749891654,4573.880933408011,2020-08-06T13:54:04Z,45.51721667,7.81221667,1232.00,47.833
11599,3,3742,8638.310749891654,4574.880933408011,2020-08-06T13:54:05Z,45.51720000,7.81211667,1243.00,47.826
11600,3,3743,8639.310749891654,4575.880933408011,2020-08-06T13:54:06Z,45.51720000,7.81198333,1229.00,47.82
11601,3,3744,8640.310749891654,4576.880933408011,2020-08-06T13:54:07Z,45.51723333,7.81185000,1242.00,47.816
11602,3,3745,8641.310749891654,4577.880933408011,2020-08-06T13:54:08Z,45.51731667,7.81171667,1223.00,47.816
11603,3,3746,8642.310749891654,4578.880933408011,2020-08-06T13:54:09Z,45.51743333,7.81163333,1244.00,47.822
11604,3,3747,8643.310749891654,4579.880933408011,2020-08-06T13:54:10Z,45.51756667,7.81160000,1246.00,47.831
11605,3,3748,8644.310749891654,4580.880933408011,2020-08-06T13:54:11Z,45.51768333,7.81161667,1230.00,47.842
11606,3,3749,8645.310749891654,4581.880933408011,2020-08-06T13:54:12Z,45.51780000,7.81170000,1247.00,47.856
11607,3,3750,8646.310749891654,4582.880933408011,2020-08-06T13:54:13Z,45.51790000,7.81181667,1238.00,47.87
11608,3,3751,8647.310749891654,4583.880933408011,2020-08-06T13:54:14Z,45.51795000,7.81195000,1239.00,47.881
11609,3,3752,8648.310749891654,4584.880933408011,2020-08-06T13:54:15Z,45.51795000,7.81205000,1240.00,47.886
11610,3,3753,8649.310749891654,4585.880933408011,2020-08-06T13:54:16Z,45.51793333,7.81215000,1254.00,47.89
11611,3,3754,8650.310749891654,4586.880933408011,2020-08-06T13:54:17Z,45.51788333,7.81220000,1264.00,47.888
11612,3,3755,8651.310749891654,4587.880933408011,2020-08-06T13:54:18Z,45.51785000,7.81221667,1261.00,47.886
11613,3,3756,8652.310749891654,4588.880933408011,2020-08-06T13:54:19Z,45.51783333,7.81220000,1261.00,47.884
11614,3,3757,8653.310749891654,4589.880933408011,2020-08-06T13:54:20Z,45.51781667,7.81213333,1239.00,47.879
11615,3,3758,8654.310749891654,4590.880933408011,2020-08-06T13:54:21Z,45.51781667,7.81203333,1273.00,47.874
11616,3,3759,8655.310749891654,4591.880933408011,2020-08-06T13:54:22Z,45.51785000,7.81190000,1240.00,47.87
11617,3,3760,8656.310749891654,4592.880933408011,2020-08-06T13:54:23Z,45.51791667,7.81176667,1266.00,47.869
11618,3,3761,8657.310749891654,4593.880933408011,2020-08-06T13:54:24Z,45.51805000,7.81170000,1239.00,47.877
11619,3,3762,8658.310749891654,4594.880933408011,2020-08-06T13:54:25Z,45.51820000,7.81168333,1281.00,47.889
11620,3,3763,8659.310749891654,4595.880933408011,2020-08-06T13:54:26Z,45.51833333,7.81176667,1263.00,47.905
11621,3,3764,8660.310749891654,4596.880933408011,2020-08-06T13:54:27Z,45.51841667,7.81190000,1259.00,47.918
11622,3,3765,8661.310749891654,4597.880933408011,2020-08-06T13:54:28Z,45.51846667,7.81205000,1272.00,47.93
11623,3,3766,8662.310749891654,4598.880933408011,2020-08-06T13:54:29Z,45.51845000,7.81216667,1274.00,47.935
11624,3,3767,8663.310749891654,4599.880933408011,2020-08-06T13:54:30Z,45.51843333,7.81223333,1272.00,47.937
11625,3,3768,8664.310749891654,4600.880933408011,2020-08-06T13:54:31Z,45.51840000,7.81221667,1261.00,47.933
11626,3,3769,8665.310749891654,4601.880933408011,2020-08-06T13:54:32Z,45.51838333,7.81215000,1273.00,47.928
11627,3,3770,8666.310749891654,4602.880933408011,2020-08-06T13:54:33Z,45.51840000,7.81205000,1267.00,47.924
11628,3,3771,8667.310749891654,4603.880933408011,2020-08-06T13:54:34Z,45.51841667,7.81196667,1268.00,47.922
11629,3,3772,8668.310749891654,4604.880933408011,2020-08-06T13:54:35Z,45.51845000,7.81186667,1269.00,47.919
11630,3,3773,8669.310749891654,4605.880933408011,2020-08-06T13:54:36Z,45.51850000,7.81175000,1281.00,47.918
11631,3,3774,8670.310749891654,4606.880933408011,2020-08-06T13:54:37Z,45.51858333,7.81166667,1271.00,47.921
11632,3,3775,8671.310749891654,4607.880933408011,2020-08-06T13:54:38Z,45.51868333,7.81158333,1272.00,47.925
11633,3,3776,8672.310749891654,4608.880933408011,2020-08-06T13:54:39Z,45.51880000,7.81151667,1270.00,47.931
11634,3,3777,8673.310749891654,4609.880933408011,2020-08-06T13:54:40Z,45.51895000,7.81150000,1276.00,47.943
11635,3,3778,8674.310749891654,4610.880933408011,2020-08-06T13:54:41Z,45.51910000,7.81153333,1274.00,47.958
11636,3,3779,8675.310749891654,4611.880933408011,2020-08-06T13:54:42Z,45.51923333,7.81163333,1271.00,47.974
11637,3,3780,8676.310749891654,4612.880933408011,2020-08-06T13:54:43Z,45.51931667,7.81176667,1281.00,47.988
11638,3,3781,8677.310749891654,4613.880933408011,2020-08-06T13:54:44Z,45.51938333,7.81190000,1275.00,48.0
11639,3,3782,8678.310749891654,4614.880933408011,2020-08-06T13:54:45Z,45.51941667,7.81203333,1282.00,48.01
11640,3,3783,8679.310749891654,4615.880933408011,2020-08-06T13:54:46Z,45.51941667,7.81213333,1286.00,48.015
11641,3,3784,8680.310749891654,4616.880933408011,2020-08-06T13:54:47Z,45.51940000,7.81221667,1281.00,48.018
11642,3,3785,8681.310749891654,4617.880933408011,2020-08-06T13:54:48Z,45.51938333,7.81226667,1288.00,48.019
11643,3,3786,8682.310749891654,4618.880933408011,2020-08-06T13:54:49Z,45.51935000,7.81231667,1280.00,48.018
11644,3,3787,8683.310749891654,4619.880933408011,2020-08-06T13:54:50Z,45.51931667,7.81233333,1289.00,48.016
11645,3,3788,8684.310749891654,4620.880933408011,2020-08-06T13:54:51Z,45.51930000,7.81231667,1279.00,48.014
11646,3,3789,8685.310749891654,4621.880933408011,2020-08-06T13:54:52Z,45.51926667,7.81228333,1289.00,48.01
11647,3,3790,8686.310749891654,4622.880933408011,2020-08-06T13:54:53Z,45.51926667,7.81221667,1286.00,48.006
11648,3,3791,8687.310749891654,4623.880933408011,2020-08-06T13:54:54Z,45.51928333,7.81211667,1286.00,48.003
11649,3,3792,8688.310749891654,4624.880933408011,2020-08-06T13:54:55Z,45.51930000,7.81201667,1290.00,47.999
11650,3,3793,8689.310749891654,4625.880933408011,2020-08-06T13:54:56Z,45.51933333,7.81191667,1280.00,47.997
11651,3,3794,8690.310749891654,4626.880933408011,2020-08-06T13:54:57Z,45.51935000,7.81181667,1297.00,47.993
11652,3,3795,8691.310749891654,4627.880933408011,2020-08-06T13:54:58Z,45.51938333,7.81170000,1289.00,47.99
11653,3,3796,8692.310749891654,4628.880933408011,2020-08-06T13:54:59Z,45.51940000,7.81160000,1295.00,47.987
11654,3,3797,8693.310749891654,4629.880933408011,2020-08-06T13:55:00Z,45.51941667,7.81146667,1273.00,47.981
11655,3,3798,8694.310749891654,4630.880933408011,2020-08-06T13:55:01Z,45.51945000,7.81135000,1296.00,47.978
11656,3,3799,8695.310749891654,4631.880933408011,2020-08-06T13:55:02Z,45.51946667,7.81121667,1299.00,47.973
11657,3,3800,8696.310749891654,4632.880933408011,2020-08-06T13:55:03Z,45.51948333,7.81110000,1301.00,47.969
11658,3,3801,8697.310749891654,4633.880933408011,2020-08-06T13:55:04Z,45.51950000,7.81096667,1306.00,47.963
11659,3,3802,8698.310749891654,4634.880933408011,2020-08-06T13:55:05Z,45.51951667,7.81085000,1304.00,47.959
11660,3,3803,8699.310749891654,4635.880933408011,2020-08-06T13:55:06Z,45.51953333,7.81073333,1301.00,47.954
11661,3,3804,8700.310749891654,4636.880933408011,2020-08-06T13:55:07Z,45.51956667,7.81061667,1308.00,47.951
11662,3,3805,8701.310749891654,4637.880933408011,2020-08-06T13:55:08Z,45.51960000,7.81050000,1316.00,47.948
11663,3,3806,8702.310749891654,4638.880933408011,2020-08-06T13:55:09Z,45.51960000,7.81038333,1305.00,47.943
11664,3,3807,8703.310749891654,4639.880933408011,2020-08-06T13:55:10Z,45.51960000,7.81026667,1311.00,47.937
11665,3,3808,8704.310749891654,4640.880933408011,2020-08-06T13:55:11Z,45.51960000,7.81013333,1314.00,47.93
11666,3,3809,8705.310749891654,4641.880933408011,2020-08-06T13:55:12Z,45.51961667,7.81000000,1313.00,47.925
11667,3,3810,8706.310749891654,4642.880933408011,2020-08-06T13:55:13Z,45.51963333,7.80986667,1317.00,47.919
11668,3,3811,8707.310749891654,4643.880933408011,2020-08-06T13:55:14Z,45.51963333,7.80973333,1318.00,47.913
11669,3,3812,8708.310749891654,4644.880933408011,2020-08-06T13:55:15Z,45.51963333,7.80963333,1327.00,47.908
11670,3,3813,8709.310749891654,4645.880933408011,2020-08-06T13:55:16Z,45.51960000,7.80953333,1324.00,47.9
11671,3,3814,8710.310749891654,4646.880933408011,2020-08-06T13:55:17Z,45.51956667,7.80948333,1323.00,47.895
11672,3,3815,8711.310749891654,4647.880933408011,2020-08-06T13:55:18Z,45.51950000,7.80945000,1324.00,47.887
11673,3,3816,8712.310749891654,4648.880933408011,2020-08-06T13:55:19Z,45.51943333,7.80948333,1327.00,47.883
11674,3,3817,8713.310749891654,4649.880933408011,2020-08-06T13:55:20Z,45.51940000,7.80955000,1333.00,47.884
11675,3,3818,8714.310749891654,4650.880933408011,2020-08-06T13:55:21Z,45.51938333,7.80965000,1334.00,47.887
11676,3,3819,8715.310749891654,4651.880933408011,2020-08-06T13:55:22Z,45.51940000,7.80978333,1328.00,47.895
11677,3,3820,8716.310749891654,4652.880933408011,2020-08-06T13:55:23Z,45.51945000,7.80993333,1336.00,47.907
11678,3,3821,8717.310749891654,4653.880933408011,2020-08-06T13:55:24Z,45.51948333,7.81008333,1320.00,47.918
11679,3,3822,8718.310749891654,4654.880933408011,2020-08-06T13:55:25Z,45.51955000,7.81023333,1336.00,47.931
11680,3,3823,8719.310749891654,4655.880933408011,2020-08-06T13:55:26Z,45.51961667,7.81036667,1333.00,47.943
11681,3,3824,8720.310749891654,4656.880933408011,2020-08-06T13:55:27Z,45.51966667,7.81051667,1327.00,47.955
11682,3,3825,8721.310749891654,4657.880933408011,2020-08-06T13:55:28Z,45.51971667,7.81065000,1330.00,47.966
11683,3,3826,8722.310749891654,4658.880933408011,2020-08-06T13:55:29Z,45.51971667,7.81078333,1331.00,47.973
11684,3,3827,8723.310749891654,4659.880933408011,2020-08-06T13:55:30Z,45.51968333,7.81088333,1337.00,47.975
11685,3,3828,8724.310749891654,4660.880933408011,2020-08-06T13:55:31Z,45.51965000,7.81093333,1341.00,47.974
11686,3,3829,8725.310749891654,4661.880933408011,2020-08-06T13:55:32Z,45.51960000,7.81093333,1336.00,47.97
11687,3,3830,8726.310749891654,4662.880933408011,2020-08-06T13:55:33Z,45.51956667,7.81088333,1337.00,47.965
11688,3,3831,8727.310749891654,4663.880933408011,2020-08-06T13:55:34Z,45.51956667,7.81081667,1339.00,47.961
11689,3,3832,8728.310749891654,4664.880933408011,2020-08-06T13:55:35Z,45.51958333,7.81071667,1341.00,47.958
11690,3,3833,8729.310749891654,4665.880933408011,2020-08-06T13:55:36Z,45.51960000,7.81060000,1346.00,47.953
11691,3,3834,8730.310749891654,4666.880933408011,2020-08-06T13:55:37Z,45.51963333,7.81048333,1337.00,47.95
11692,3,3835,8731.310749891654,4667.880933408011,2020-08-06T13:55:38Z,45.51966667,7.81035000,1341.00,47.947
11693,3,3836,8732.310749891654,4668.880933408011,2020-08-06T13:55:39Z,45.51970000,7.81021667,1345.00,47.943
11694,3,3837,8733.310749891654,4669.880933408011,2020-08-06T13:55:40Z,45.51973333,7.81010000,1344.00,47.94
11695,3,3838,8734.310749891654,4670.880933408011,2020-08-06T13:55:41Z,45.51976667,7.80998333,1343.00,47.937
11696,3,3839,8735.310749891654,4671.880933408011,2020-08-06T13:55:42Z,45.51978333,7.80986667,1338.00,47.932
11697,3,3840,8736.310749891654,4672.880933408011,2020-08-06T13:55:43Z,45.51981667,7.80975000,1348.00,47.929
11698,3,3841,8737.310749891654,4673.880933408011,2020-08-06T13:55:44Z,45.51983333,7.80963333,1338.00,47.925
11699,3,3842,8738.310749891654,4674.880933408011,2020-08-06T13:55:45Z,45.51986667,7.80950000,1342.00,47.921
11700,3,3843,8739.310749891654,4675.880933408011,2020-08-06T13:55:46Z,45.51988333,7.80940000,1352.00,47.917
11701,3,3844,8740.310749891654,4676.880933408011,2020-08-06T13:55:47Z,45.51988333,7.80930000,1348.00,47.912
11702,3,3845,8741.310749891654,4677.880933408011,2020-08-06T13:55:48Z,45.51990000,7.80921667,1352.00,47.91
11703,3,3846,8742.310749891654,4678.880933408011,2020-08-06T13:55:49Z,45.51990000,7.80911667,1343.00,47.905
11704,3,3847,8743.310749891654,4679.880933408011,2020-08-06T13:55:50Z,45.51990000,7.80901667,1354.00,47.9
11705,3,3848,8744.310749891654,4680.880933408011,2020-08-06T13:55:51Z,45.51990000,7.80888333,1350.00,47.893
11706,3,3849,8745.310749891654,4681.880933408011,2020-08-06T13:55:52Z,45.51990000,7.80876667,1357.00,47.887
11707,3,3850,8746.310749891654,4682.880933408011,2020-08-06T13:55:53Z,45.51988333,7.80866667,1351.00,47.881
11708,3,3851,8747.310749891654,4683.880933408011,2020-08-06T13:55:54Z,45.51986667,7.80855000,1362.00,47.874
11709,3,3852,8748.310749891654,4684.880933408011,2020-08-06T13:55:55Z,45.51985000,7.80845000,1356.00,47.867
11710,3,3853,8749.310749891654,4685.880933408011,2020-08-06T13:55:56Z,45.51983333,7.80835000,1357.00,47.861
11711,3,3854,8750.310749891654,4686.880933408011,2020-08-06T13:55:57Z,45.51983333,7.80823333,1363.00,47.855
11712,3,3855,8751.310749891654,4687.880933408011,2020-08-06T13:55:58Z,45.51983333,7.80813333,1355.00,47.85
11713,3,3856,8752.310749891654,4688.880933408011,2020-08-06T13:55:59Z,45.51983333,7.80801667,1358.00,47.844
11714,3,3857,8753.310749891654,4689.880933408011,2020-08-06T13:56:00Z,45.51981667,7.80788333,1363.00,47.836
11715,3,3858,8754.310749891654,4690.880933408011,2020-08-06T13:56:01Z,45.51980000,7.80778333,1363.00,47.83
11716,3,3859,8755.310749891654,4691.880933408011,2020-08-06T13:56:02Z,45.51980000,7.80766667,1363.00,47.824
11717,3,3860,8756.310749891654,4692.880933408011,2020-08-06T13:56:03Z,45.51980000,7.80756667,1367.00,47.819
11718,3,3861,8757.310749891654,4693.880933408011,2020-08-06T13:56:04Z,45.51978333,7.80746667,1361.00,47.813
11719,3,3862,8758.310749891654,4694.880933408011,2020-08-06T13:56:05Z,45.51975000,7.80738333,1364.00,47.806
11720,3,3863,8759.310749891654,4695.880933408011,2020-08-06T13:56:06Z,45.51971667,7.80730000,1367.00,47.799
11721,3,3864,8760.310749891654,4696.880933408011,2020-08-06T13:56:07Z,45.51966667,7.80723333,1363.00,47.791
11722,3,3865,8761.310749891654,4697.880933408011,2020-08-06T13:56:08Z,45.51961667,7.80723333,1369.00,47.787
11723,3,3866,8762.310749891654,4698.880933408011,2020-08-06T13:56:09Z,45.51956667,7.80726667,1364.00,47.784
11724,3,3867,8763.310749891654,4699.880933408011,2020-08-06T13:56:10Z,45.51955000,7.80736667,1358.00,47.788
11725,3,3868,8764.310749891654,4700.880933408011,2020-08-06T13:56:11Z,45.51955000,7.80751667,1357.00,47.795
11726,3,3869,8765.310749891654,4701.880933408011,2020-08-06T13:56:12Z,45.51958333,7.80765000,1358.00,47.805
11727,3,3870,8766.310749891654,4702.880933408011,2020-08-06T13:56:13Z,45.51965000,7.80778333,1357.00,47.817
11728,3,3871,8767.310749891654,4703.880933408011,2020-08-06T13:56:14Z,45.51971667,7.80790000,1362.00,47.828
11729,3,3872,8768.310749891654,4704.880933408011,2020-08-06T13:56:15Z,45.51980000,7.80801667,1354.00,47.841
11730,3,3873,8769.310749891654,4705.880933408011,2020-08-06T13:56:16Z,45.51986667,7.80813333,1350.00,47.853
11731,3,3874,8770.310749891654,4706.880933408011,2020-08-06T13:56:17Z,45.51991667,7.80825000,1357.00,47.863
11732,3,3875,8771.310749891654,4707.880933408011,2020-08-06T13:56:18Z,45.51996667,7.80836667,1367.00,47.873
11733,3,3876,8772.310749891654,4708.880933408011,2020-08-06T13:56:19Z,45.52000000,7.80850000,1361.00,47.883
11734,3,3877,8773.310749891654,4709.880933408011,2020-08-06T13:56:20Z,45.52005000,7.80863333,1366.00,47.893
11735,3,3878,8774.310749891654,4710.880933408011,2020-08-06T13:56:21Z,45.52008333,7.80876667,1355.00,47.903
11736,3,3879,8775.310749891654,4711.880933408011,2020-08-06T13:56:22Z,45.52011667,7.80890000,1366.00,47.912
11737,3,3880,8776.310749891654,4712.880933408011,2020-08-06T13:56:23Z,45.52015000,7.80903333,1369.00,47.922
11738,3,3881,8777.310749891654,4713.880933408011,2020-08-06T13:56:24Z,45.52016667,7.80915000,1369.00,47.929
11739,3,3882,8778.310749891654,4714.880933408011,2020-08-06T13:56:25Z,45.52018333,7.80928333,1365.00,47.937
11740,3,3883,8779.310749891654,4715.880933408011,2020-08-06T13:56:26Z,45.52016667,7.80940000,1361.00,47.942
11741,3,3884,8780.310749891654,4716.880933408011,2020-08-06T13:56:27Z,45.52015000,7.80950000,1366.00,47.945
11742,3,3885,8781.310749891654,4717.880933408011,2020-08-06T13:56:28Z,45.52010000,7.80955000,1368.00,47.943
11743,3,3886,8782.310749891654,4718.880933408011,2020-08-06T13:56:29Z,45.52005000,7.80956667,1371.00,47.94
11744,3,3887,8783.310749891654,4719.880933408011,2020-08-06T13:56:30Z,45.52001667,7.80953333,1374.00,47.936
11745,3,3888,8784.310749891654,4720.880933408011,2020-08-06T13:56:31Z,45.51998333,7.80946667,1359.00,47.929
11746,3,3889,8785.310749891654,4721.880933408011,2020-08-06T13:56:32Z,45.51996667,7.80938333,1373.00,47.924
11747,3,3890,8786.310749891654,4722.880933408011,2020-08-06T13:56:33Z,45.51995000,7.80926667,1364.00,47.917
11748,3,3891,8787.310749891654,4723.880933408011,2020-08-06T13:56:34Z,45.51995000,7.80915000,1375.00,47.911
11749,3,3892,8788.310749891654,4724.880933408011,2020-08-06T13:56:35Z,45.51991667,7.80903333,1369.00,47.902
11750,3,3893,8789.310749891654,4725.880933408011,2020-08-06T13:56:36Z,45.51991667,7.80890000,1358.00,47.895
11751,3,3894,8790.310749891654,4726.880933408011,2020-08-06T13:56:37Z,45.51990000,7.80878333,1363.00,47.888
11752,3,3895,8791.310749891654,4727.880933408011,2020-08-06T13:56:38Z,45.51991667,7.80866667,1366.00,47.884
11753,3,3896,8792.310749891654,4728.880933408011,2020-08-06T13:56:39Z,45.51991667,7.80855000,1367.00,47.878
11754,3,3897,8793.310749891654,4729.880933408011,2020-08-06T13:56:40Z,45.51990000,7.80845000,1366.00,47.872
11755,3,3898,8794.310749891654,4730.880933408011,2020-08-06T13:56:41Z,45.51988333,7.80835000,1368.00,47.865
11756,3,3899,8795.310749891654,4731.880933408011,2020-08-06T13:56:42Z,45.51985000,7.80825000,1365.00,47.857
11757,3,3900,8796.310749891654,4732.880933408011,2020-08-06T13:56:43Z,45.51983333,7.80813333,1364.00,47.85
11758,3,3901,8797.310749891654,4733.880933408011,2020-08-06T13:56:44Z,45.51981667,7.80801667,1361.00,47.843
11759,3,3902,8798.310749891654,4734.880933408011,2020-08-06T13:56:45Z,45.51980000,7.80790000,1363.00,47.836
11760,3,3903,8799.310749891654,4735.880933408011,2020-08-06T13:56:46Z,45.51976667,7.80780000,1367.00,47.828
11761,3,3904,8800.310749891654,4736.880933408011,2020-08-06T13:56:47Z,45.51973333,7.80770000,1368.00,47.82
11762,3,3905,8801.310749891654,4737.880933408011,2020-08-06T13:56:48Z,45.51970000,7.80761667,1368.00,47.813
11763,3,3906,8802.310749891654,4738.880933408011,2020-08-06T13:56:49Z,45.51966667,7.80753333,1362.00,47.806
11764,3,3907,8803.310749891654,4739.880933408011,2020-08-06T13:56:50Z,45.51965000,7.80746667,1367.00,47.801
11765,3,3908,8804.310749891654,4740.880933408011,2020-08-06T13:56:51Z,45.51960000,7.80740000,1372.00,47.794
11766,3,3909,8805.310749891654,4741.880933408011,2020-08-06T13:56:52Z,45.51953333,7.80733333,1363.00,47.785
11767,3,3910,8806.310749891654,4742.880933408011,2020-08-06T13:56:53Z,45.51948333,7.80726667,1366.00,47.777
11768,3,3911,8807.310749891654,4743.880933408011,2020-08-06T13:56:54Z,45.51941667,7.80720000,1384.00,47.768
11769,3,3912,8808.310749891654,4744.880933408011,2020-08-06T13:56:55Z,45.51936667,7.80715000,1371.00,47.761
11770,3,3913,8809.310749891654,4745.880933408011,2020-08-06T13:56:56Z,45.51933333,7.80711667,1372.00,47.757
11771,3,3914,8810.310749891654,4746.880933408011,2020-08-06T13:56:57Z,45.51930000,7.80708333,1379.00,47.752
11772,3,3915,8811.310749891654,4747.880933408011,2020-08-06T13:56:58Z,45.51926667,7.80703333,1371.00,47.747
11773,3,3916,8812.310749891654,4748.880933408011,2020-08-06T13:56:59Z,45.51923333,7.80698333,1375.00,47.741
11774,3,3917,8813.310749891654,4749.880933408011,2020-08-06T13:57:00Z,45.51918333,7.80691667,1378.00,47.734
11775,3,3918,8814.310749891654,4750.880933408011,2020-08-06T13:57:01Z,45.51910000,7.80685000,1369.00,47.723
11776,3,3919,8815.310749891654,4751.880933408011,2020-08-06T13:57:02Z,45.51903333,7.80676667,1367.00,47.714
11777,3,3920,8816.310749891654,4752.880933408011,2020-08-06T13:57:03Z,45.51896667,7.80670000,1374.00,47.705
11778,3,3921,8817.310749891654,4753.880933408011,2020-08-06T13:57:04Z,45.51891667,7.80665000,1376.00,47.698
11779,3,3922,8818.310749891654,4754.880933408011,2020-08-06T13:57:05Z,45.51886667,7.80660000,1367.00,47.691
11780,3,3923,8819.310749891654,4755.880933408011,2020-08-06T13:57:06Z,45.51883333,7.80655000,1386.00,47.686
11781,3,3924,8820.310749891654,4756.880933408011,2020-08-06T13:57:07Z,45.51878333,7.80651667,1373.00,47.68
11782,3,3925,8821.310749891654,4757.880933408011,2020-08-06T13:57:08Z,45.51873333,7.80648333,1377.00,47.674
11783,3,3926,8822.310749891654,4758.880933408011,2020-08-06T13:57:09Z,45.51868333,7.80645000,1383.00,47.668
11784,3,3927,8823.310749891654,4759.880933408011,2020-08-06T13:57:10Z,45.51863333,7.80638333,1376.00,47.66
11785,3,3928,8824.310749891654,4760.880933408011,2020-08-06T13:57:11Z,45.51858333,7.80631667,1378.00,47.653
11786,3,3929,8825.310749891654,4761.880933408011,2020-08-06T13:57:12Z,45.51853333,7.80626667,1387.00,47.646
11787,3,3930,8826.310749891654,4762.880933408011,2020-08-06T13:57:13Z,45.51850000,7.80621667,1390.00,47.641
11788,3,3931,8827.310749891654,4763.880933408011,2020-08-06T13:57:14Z,45.51848333,7.80618333,1387.00,47.638
11789,3,3932,8828.310749891654,4764.880933408011,2020-08-06T13:57:15Z,45.51845000,7.80615000,1382.00,47.633
11790,3,3933,8829.310749891654,4765.880933408011,2020-08-06T13:57:16Z,45.51840000,7.80610000,1383.00,47.626
11791,3,3934,8830.310749891654,4766.880933408011,2020-08-06T13:57:17Z,45.51835000,7.80603333,1382.00,47.619
11792,3,3935,8831.310749891654,4767.880933408011,2020-08-06T13:57:18Z,45.51830000,7.80596667,1388.00,47.611
11793,3,3936,8832.310749891654,4768.880933408011,2020-08-06T13:57:19Z,45.51825000,7.80591667,1377.00,47.604
11794,3,3937,8833.310749891654,4769.880933408011,2020-08-06T13:57:20Z,45.51820000,7.80588333,1385.00,47.598
11795,3,3938,8834.310749891654,4770.880933408011,2020-08-06T13:57:21Z,45.51816667,7.80585000,1382.00,47.594
11796,3,3939,8835.310749891654,4771.880933408011,2020-08-06T13:57:22Z,45.51811667,7.80581667,1371.00,47.588
11797,3,3940,8836.310749891654,4772.880933408011,2020-08-06T13:57:23Z,45.51808333,7.80578333,1380.00,47.583
11798,3,3941,8837.310749891654,4773.880933408011,2020-08-06T13:57:24Z,45.51803333,7.80573333,1375.00,47.577
11799,3,3942,8838.310749891654,4774.880933408011,2020-08-06T13:57:25Z,45.51796667,7.80566667,1379.00,47.568
11800,3,3943,8839.310749891654,4775.880933408011,2020-08-06T13:57:26Z,45.51791667,7.80560000,1380.00,47.56
11801,3,3944,8840.310749891654,4776.880933408011,2020-08-06T13:57:27Z,45.51788333,7.80555000,1375.00,47.555
11802,3,3945,8841.310749891654,4777.880933408011,2020-08-06T13:57:28Z,45.51785000,7.80550000,1374.00,47.549
11803,3,3946,8842.310749891654,4778.880933408011,2020-08-06T13:57:29Z,45.51781667,7.80545000,1380.00,47.544
11804,3,3947,8843.310749891654,4779.880933408011,2020-08-06T13:57:30Z,45.51776667,7.80540000,1374.00,47.537
11805,3,3948,8844.310749891654,4780.880933408011,2020-08-06T13:57:31Z,45.51771667,7.80533333,1375.00,47.53
11806,3,3949,8845.310749891654,4781.880933408011,2020-08-06T13:57:32Z,45.51765000,7.80528333,1378.00,47.521
11807,3,3950,8846.310749891654,4782.880933408011,2020-08-06T13:57:33Z,45.51758333,7.80523333,1372.00,47.513
11808,3,3951,8847.310749891654,4783.880933408011,2020-08-06T13:57:34Z,45.51753333,7.80518333,1374.00,47.506
11809,3,3952,8848.310749891654,4784.880933408011,2020-08-06T13:57:35Z,45.51748333,7.80515000,1366.00,47.501
11810,3,3953,8849.310749891654,4785.880933408011,2020-08-06T13:57:36Z,45.51743333,7.80511667,1375.00,47.495
11811,3,3954,8850.310749891654,4786.880933408011,2020-08-06T13:57:37Z,45.51738333,7.80508333,1376.00,47.489
11812,3,3955,8851.310749891654,4787.880933408011,2020-08-06T13:57:38Z,45.51733333,7.80505000,1374.00,47.483
11813,3,3956,8852.310749891654,4788.880933408011,2020-08-06T13:57:39Z,45.51728333,7.80503333,1370.00,47.478
11814,3,3957,8853.310749891654,4789.880933408011,2020-08-06T13:57:40Z,45.51723333,7.80498333,1366.00,47.471
11815,3,3958,8854.310749891654,4790.880933408011,2020-08-06T13:57:41Z,45.51718333,7.80495000,1377.00,47.465
11816,3,3959,8855.310749891654,4791.880933408011,2020-08-06T13:57:42Z,45.51713333,7.80491667,1373.00,47.459
11817,3,3960,8856.310749891654,4792.880933408011,2020-08-06T13:57:43Z,45.51708333,7.80488333,1378.00,47.453
11818,3,3961,8857.310749891654,4793.880933408011,2020-08-06T13:57:44Z,45.51703333,7.80486667,1374.00,47.448
11819,3,3962,8858.310749891654,4794.880933408011,2020-08-06T13:57:45Z,45.51698333,7.80483333,1367.00,47.442
11820,3,3963,8859.310749891654,4795.880933408011,2020-08-06T13:57:46Z,45.51693333,7.80480000,1366.00,47.436
11821,3,3964,8860.310749891654,4796.880933408011,2020-08-06T13:57:47Z,45.51688333,7.80476667,1370.00,47.43
11822,3,3965,8861.310749891654,4797.880933408011,2020-08-06T13:57:48Z,45.51683333,7.80473333,1380.00,47.424
11823,3,3966,8862.310749891654,4798.880933408011,2020-08-06T13:57:49Z,45.51678333,7.80470000,1370.00,47.418
11824,3,3967,8863.310749891654,4799.880933408011,2020-08-06T13:57:50Z,45.51673333,7.80466667,1369.00,47.412
11825,3,3968,8864.310749891654,4800.880933408011,2020-08-06T13:57:51Z,45.51666667,7.80463333,1353.00,47.405
11826,3,3969,8865.310749891654,4801.880933408011,2020-08-06T13:57:52Z,45.51661667,7.80460000,1360.00,47.399
11827,3,3970,8866.310749891654,4802.880933408011,2020-08-06T13:57:53Z,45.51656667,7.80456667,1363.00,47.393
11828,3,3971,8867.310749891654,4803.880933408011,2020-08-06T13:57:54Z,45.51650000,7.80453333,1361.00,47.386
11829,3,3972,8868.310749891654,4804.880933408011,2020-08-06T13:57:55Z,45.51643333,7.80450000,1359.00,47.378
11830,3,3973,8869.310749891654,4805.880933408011,2020-08-06T13:57:56Z,45.51635000,7.80445000,1358.00,47.369
11831,3,3974,8870.310749891654,4806.880933408011,2020-08-06T13:57:57Z,45.51628333,7.80438333,1369.00,47.36
11832,3,3975,8871.310749891654,4807.880933408011,2020-08-06T13:57:58Z,45.51620000,7.80433333,1367.00,47.35
11833,3,3976,8872.310749891654,4808.880933408011,2020-08-06T13:57:59Z,45.51615000,7.80428333,1365.00,47.343
11834,3,3977,8873.310749891654,4809.880933408011,2020-08-06T13:58:00Z,45.51610000,7.80425000,1370.00,47.337
11835,3,3978,8874.310749891654,4810.880933408011,2020-08-06T13:58:01Z,45.51606667,7.80423333,1371.00,47.334
11836,3,3979,8875.310749891654,4811.880933408011,2020-08-06T13:58:02Z,45.51603333,7.80421667,1373.00,47.33
11837,3,3980,8876.310749891654,4812.880933408011,2020-08-06T13:58:03Z,45.51598333,7.80420000,1371.00,47.325
11838,3,3981,8877.310749891654,4813.880933408011,2020-08-06T13:58:04Z,45.51593333,7.80416667,1371.00,47.319
11839,3,3982,8878.310749891654,4814.880933408011,2020-08-06T13:58:05Z,45.51588333,7.80411667,1369.00,47.312
11840,3,3983,8879.310749891654,4815.880933408011,2020-08-06T13:58:06Z,45.51583333,7.80406667,1371.00,47.305
11841,3,3984,8880.310749891654,4816.880933408011,2020-08-06T13:58:07Z,45.51580000,7.80401667,1372.00,47.3
11842,3,3985,8881.310749891654,4817.880933408011,2020-08-06T13:58:08Z,45.51575000,7.80396667,1373.00,47.293
11843,3,3986,8882.310749891654,4818.880933408011,2020-08-06T13:58:09Z,45.51573333,7.80393333,1374.00,47.29
11844,3,3987,8883.310749891654,4819.880933408011,2020-08-06T13:58:10Z,45.51571667,7.80388333,1374.00,47.286
11845,3,3988,8884.310749891654,4820.880933408011,2020-08-06T13:58:11Z,45.51566667,7.80385000,1372.00,47.28
11846,3,3989,8885.310749891654,4821.880933408011,2020-08-06T13:58:12Z,45.51563333,7.80380000,1369.00,47.275
11847,3,3990,8886.310749891654,4822.880933408011,2020-08-06T13:58:13Z,45.51558333,7.80375000,1369.00,47.268
11848,3,3991,8887.310749891654,4823.880933408011,2020-08-06T13:58:14Z,45.51553333,7.80368333,1367.00,47.261
11849,3,3992,8888.310749891654,4824.880933408011,2020-08-06T13:58:15Z,45.51550000,7.80363333,1369.00,47.255
11850,3,3993,8889.310749891654,4825.880933408011,2020-08-06T13:58:16Z,45.51545000,7.80358333,1369.00,47.249
11851,3,3994,8890.310749891654,4826.880933408011,2020-08-06T13:58:17Z,45.51543333,7.80353333,1368.00,47.245
11852,3,3995,8891.310749891654,4827.880933408011,2020-08-06T13:58:18Z,45.51540000,7.80348333,1369.00,47.239
11853,3,3996,8892.310749891654,4828.880933408011,2020-08-06T13:58:19Z,45.51536667,7.80343333,1369.00,47.234
11854,3,3997,8893.310749891654,4829.880933408011,2020-08-06T13:58:20Z,45.51531667,7.80338333,1366.00,47.227
11855,3,3998,8894.310749891654,4830.880933408011,2020-08-06T13:58:21Z,45.51526667,7.80331667,1363.00,47.22
11856,3,3999,8895.310749891654,4831.880933408011,2020-08-06T13:58:22Z,45.51523333,7.80326667,1365.00,47.214
11857,3,4000,8896.310749891654,4832.880933408011,2020-08-06T13:58:23Z,45.51518333,7.80320000,1365.00,47.207
11858,3,4001,8897.310749891654,4833.880933408011,2020-08-06T13:58:24Z,45.51515000,7.80315000,1363.00,47.201
11859,3,4002,8898.310749891654,4834.880933408011,2020-08-06T13:58:25Z,45.51513333,7.80310000,1362.00,47.197
11860,3,4003,8899.310749891654,4835.880933408011,2020-08-06T13:58:26Z,45.51510000,7.80303333,1360.00,47.191
11861,3,4004,8900.310749891654,4836.880933408011,2020-08-06T13:58:27Z,45.51505000,7.80295000,1357.00,47.183
11862,3,4005,8901.310749891654,4837.880933408011,2020-08-06T13:58:28Z,45.51500000,7.80286667,1357.00,47.174
11863,3,4006,8902.310749891654,4838.880933408011,2020-08-06T13:58:29Z,45.51495000,7.80278333,1356.00,47.166
11864,3,4007,8903.310749891654,4839.880933408011,2020-08-06T13:58:30Z,45.51491667,7.80268333,1354.00,47.158
11865,3,4008,8904.310749891654,4840.880933408011,2020-08-06T13:58:31Z,45.51488333,7.80260000,1358.00,47.151
11866,3,4009,8905.310749891654,4841.880933408011,2020-08-06T13:58:32Z,45.51486667,7.80251667,1357.00,47.146
11867,3,4010,8906.310749891654,4842.880933408011,2020-08-06T13:58:33Z,45.51483333,7.80243333,1357.00,47.139
11868,3,4011,8907.310749891654,4843.880933408011,2020-08-06T13:58:34Z,45.51481667,7.80233333,1354.00,47.132
11869,3,4012,8908.310749891654,4844.880933408011,2020-08-06T13:58:35Z,45.51480000,7.80223333,1356.00,47.126
11870,3,4013,8909.310749891654,4845.880933408011,2020-08-06T13:58:36Z,45.51476667,7.80213333,1355.00,47.118
11871,3,4014,8910.310749891654,4846.880933408011,2020-08-06T13:58:37Z,45.51475000,7.80203333,1356.00,47.112
11872,3,4015,8911.310749891654,4847.880933408011,2020-08-06T13:58:38Z,45.51471667,7.80193333,1355.00,47.104
11873,3,4016,8912.310749891654,4848.880933408011,2020-08-06T13:58:39Z,45.51468333,7.80183333,1353.00,47.096
11874,3,4017,8913.310749891654,4849.880933408011,2020-08-06T13:58:40Z,45.51463333,7.80173333,1352.00,47.087
11875,3,4018,8914.310749891654,4850.880933408011,2020-08-06T13:58:41Z,45.51460000,7.80161667,1352.00,47.078
11876,3,4019,8915.310749891654,4851.880933408011,2020-08-06T13:58:42Z,45.51456667,7.80151667,1352.00,47.07
11877,3,4020,8916.310749891654,4852.880933408011,2020-08-06T13:58:43Z,45.51455000,7.80141667,1351.00,47.064
11878,3,4021,8917.310749891654,4853.880933408011,2020-08-06T13:58:44Z,45.51451667,7.80135000,1352.00,47.058
11879,3,4022,8918.310749891654,4854.880933408011,2020-08-06T13:58:45Z,45.51448333,7.80128333,1354.00,47.051
11880,3,4023,8919.310749891654,4855.880933408011,2020-08-06T13:58:46Z,45.51446667,7.80121667,1351.00,47.047
11881,3,4024,8920.310749891654,4856.880933408011,2020-08-06T13:58:47Z,45.51443333,7.80113333,1352.00,47.04
11882,3,4025,8921.310749891654,4857.880933408011,2020-08-06T13:58:48Z,45.51438333,7.80106667,1351.00,47.032
11883,3,4026,8922.310749891654,4858.880933408011,2020-08-06T13:58:49Z,45.51433333,7.80100000,1349.00,47.025
11884,3,4027,8923.310749891654,4859.880933408011,2020-08-06T13:58:50Z,45.51428333,7.80093333,1350.00,47.017
11885,3,4028,8924.310749891654,4860.880933408011,2020-08-06T13:58:51Z,45.51425000,7.80086667,1351.00,47.011
11886,3,4029,8925.310749891654,4861.880933408011,2020-08-06T13:58:52Z,45.51421667,7.80080000,1352.00,47.005
11887,3,4030,8926.310749891654,4862.880933408011,2020-08-06T13:58:53Z,45.51418333,7.80073333,1350.00,46.998
11888,3,4031,8927.310749891654,4863.880933408011,2020-08-06T13:58:54Z,45.51415000,7.80068333,1329.00,46.993
11889,3,4032,8928.310749891654,4864.880933408011,2020-08-06T13:58:55Z,45.51411667,7.80065000,1349.00,46.989
11890,3,4033,8929.310749891654,4865.880933408011,2020-08-06T13:58:56Z,45.51408333,7.80060000,1349.00,46.983
11891,3,4034,8930.310749891654,4866.880933408011,2020-08-06T13:58:57Z,45.51403333,7.80055000,1347.00,46.976
11892,3,4035,8931.310749891654,4867.880933408011,2020-08-06T13:58:58Z,45.51398333,7.80048333,1347.00,46.969
11893,3,4036,8932.310749891654,4868.880933408011,2020-08-06T13:58:59Z,45.51395000,7.80041667,1349.00,46.963
11894,3,4037,8933.310749891654,4869.880933408011,2020-08-06T13:59:00Z,45.51393333,7.80036667,1353.00,46.959
11895,3,4038,8934.310749891654,4870.880933408011,2020-08-06T13:59:01Z,45.51388333,7.80028333,1346.00,46.95
11896,3,4039,8935.310749891654,4871.880933408011,2020-08-06T13:59:02Z,45.51385000,7.80021667,1351.00,46.944
11897,3,4040,8936.310749891654,4872.880933408011,2020-08-06T13:59:03Z,45.51383333,7.80015000,1349.00,46.939
11898,3,4041,8937.310749891654,4873.880933408011,2020-08-06T13:59:04Z,45.51380000,7.80006667,1346.00,46.932
11899,3,4042,8938.310749891654,4874.880933408011,2020-08-06T13:59:05Z,45.51378333,7.79998333,1347.00,46.927
11900,3,4043,8939.310749891654,4875.880933408011,2020-08-06T13:59:06Z,45.51375000,7.79990000,1345.00,46.92
11901,3,4044,8940.310749891654,4876.880933408011,2020-08-06T13:59:07Z,45.51370000,7.79985000,1348.00,46.913
11902,3,4045,8941.310749891654,4877.880933408011,2020-08-06T13:59:08Z,45.51366667,7.79978333,1343.00,46.907
11903,3,4046,8942.310749891654,4878.880933408011,2020-08-06T13:59:09Z,45.51363333,7.79973333,1342.00,46.902
11904,3,4047,8943.310749891654,4879.880933408011,2020-08-06T13:59:10Z,45.51360000,7.79968333,1341.00,46.896
11905,3,4048,8944.310749891654,4880.880933408011,2020-08-06T13:59:11Z,45.51356667,7.79961667,1343.00,46.89
11906,3,4049,8945.310749891654,4881.880933408011,2020-08-06T13:59:12Z,45.51353333,7.79956667,1340.00,46.885
11907,3,4050,8946.310749891654,4882.880933408011,2020-08-06T13:59:13Z,45.51348333,7.79948333,1338.00,46.876
11908,3,4051,8947.310749891654,4883.880933408011,2020-08-06T13:59:14Z,45.51345000,7.79941667,1337.00,46.87
11909,3,4052,8948.310749891654,4884.880933408011,2020-08-06T13:59:15Z,45.51341667,7.79933333,1344.00,46.863
11910,3,4053,8949.310749891654,4885.880933408011,2020-08-06T13:59:16Z,45.51338333,7.79926667,1343.00,46.857
11911,3,4054,8950.310749891654,4886.880933408011,2020-08-06T13:59:17Z,45.51335000,7.79918333,1337.00,46.85
11912,3,4055,8951.310749891654,4887.880933408011,2020-08-06T13:59:18Z,45.51330000,7.79913333,1343.00,46.843
11913,3,4056,8952.310749891654,4888.880933408011,2020-08-06T13:59:19Z,45.51326667,7.79906667,1345.00,46.837
11914,3,4057,8953.310749891654,4889.880933408011,2020-08-06T13:59:20Z,45.51320000,7.79901667,1344.00,46.829
11915,3,4058,8954.310749891654,4890.880933408011,2020-08-06T13:59:21Z,45.51315000,7.79896667,1346.00,46.822
11916,3,4059,8955.310749891654,4891.880933408011,2020-08-06T13:59:22Z,45.51310000,7.79890000,1336.00,46.815
11917,3,4060,8956.310749891654,4892.880933408011,2020-08-06T13:59:23Z,45.51303333,7.79885000,1346.00,46.806
11918,3,4061,8957.310749891654,4893.880933408011,2020-08-06T13:59:24Z,45.51296667,7.79881667,1352.00,46.799
11919,3,4062,8958.310749891654,4894.880933408011,2020-08-06T13:59:25Z,45.51290000,7.79880000,1347.00,46.792
11920,3,4063,8959.310749891654,4895.880933408011,2020-08-06T13:59:26Z,45.51285000,7.79878333,1353.00,46.787
11921,3,4064,8960.310749891654,4896.880933408011,2020-08-06T13:59:27Z,45.51280000,7.79876667,1337.00,46.782
11922,3,4065,8961.310749891654,4897.880933408011,2020-08-06T13:59:28Z,45.51276667,7.79871667,1350.00,46.777
11923,3,4066,8962.310749891654,4898.880933408011,2020-08-06T13:59:29Z,45.51273333,7.79865000,1352.00,46.771
11924,3,4067,8963.310749891654,4899.880933408011,2020-08-06T13:59:30Z,45.51273333,7.79856667,1362.00,46.767
11925,3,4068,8964.310749891654,4900.880933408011,2020-08-06T13:59:31Z,45.51275000,7.79848333,1351.00,46.764
11926,3,4069,8965.310749891654,4901.880933408011,2020-08-06T13:59:32Z,45.51278333,7.79838333,1353.00,46.762
11927,3,4070,8966.310749891654,4902.880933408011,2020-08-06T13:59:33Z,45.51285000,7.79831667,1362.00,46.764
11928,3,4071,8967.310749891654,4903.880933408011,2020-08-06T13:59:34Z,45.51295000,7.79831667,1348.00,46.773
11929,3,4072,8968.310749891654,4904.880933408011,2020-08-06T13:59:35Z,45.51310000,7.79836667,1350.00,46.788
11930,3,4073,8969.310749891654,4905.880933408011,2020-08-06T13:59:36Z,45.51321667,7.79846667,1351.00,46.803
11931,3,4074,8970.310749891654,4906.880933408011,2020-08-06T13:59:37Z,45.51330000,7.79860000,1350.00,46.817
11932,3,4075,8971.310749891654,4907.880933408011,2020-08-06T13:59:38Z,45.51331667,7.79873333,1354.00,46.825
11933,3,4076,8972.310749891654,4908.880933408011,2020-08-06T13:59:39Z,45.51330000,7.79886667,1356.00,46.83
11934,3,4077,8973.310749891654,4909.880933408011,2020-08-06T13:59:40Z,45.51328333,7.79901667,1351.00,46.836
11935,3,4078,8974.310749891654,4910.880933408011,2020-08-06T13:59:41Z,45.51323333,7.79911667,1347.00,46.837
11936,3,4079,8975.310749891654,4911.880933408011,2020-08-06T13:59:42Z,45.51318333,7.79920000,1350.00,46.837
11937,3,4080,8976.310749891654,4912.880933408011,2020-08-06T13:59:43Z,45.51311667,7.79920000,1360.00,46.831
11938,3,4081,8977.310749891654,4913.880933408011,2020-08-06T13:59:44Z,45.51308333,7.79918333,1349.00,46.827
11939,3,4082,8978.310749891654,4914.880933408011,2020-08-06T13:59:45Z,45.51305000,7.79913333,1351.00,46.822
11940,3,4083,8979.310749891654,4915.880933408011,2020-08-06T13:59:46Z,45.51301667,7.79908333,1373.00,46.816
11941,3,4084,8980.310749891654,4916.880933408011,2020-08-06T13:59:47Z,45.51298333,7.79901667,1349.00,46.81
11942,3,4085,8981.310749891654,4917.880933408011,2020-08-06T13:59:48Z,45.51293333,7.79896667,1365.00,46.804
11943,3,4086,8982.310749891654,4918.880933408011,2020-08-06T13:59:49Z,45.51290000,7.79890000,1347.00,46.797
11944,3,4087,8983.310749891654,4919.880933408011,2020-08-06T13:59:50Z,45.51286667,7.79881667,1346.00,46.79
11945,3,4088,8984.310749891654,4920.880933408011,2020-08-06T13:59:51Z,45.51285000,7.79871667,1348.00,46.784
11946,3,4089,8985.310749891654,4921.880933408011,2020-08-06T13:59:52Z,45.51281667,7.79861667,1355.00,46.776
11947,3,4090,8986.310749891654,4922.880933408011,2020-08-06T13:59:53Z,45.51278333,7.79851667,1349.00,46.768
11948,3,4091,8987.310749891654,4923.880933408011,2020-08-06T13:59:54Z,45.51276667,7.79841667,1350.00,46.762
11949,3,4092,8988.310749891654,4924.880933408011,2020-08-06T13:59:55Z,45.51275000,7.79831667,1340.00,46.756
11950,3,4093,8989.310749891654,4925.880933408011,2020-08-06T13:59:56Z,45.51273333,7.79820000,1348.00,46.748
11951,3,4094,8990.310749891654,4926.880933408011,2020-08-06T13:59:57Z,45.51271667,7.79806667,1340.00,46.74
11952,3,4095,8991.310749891654,4927.880933408011,2020-08-06T13:59:58Z,45.51270000,7.79795000,1342.00,46.733
11953,3,4096,8992.310749891654,4928.880933408011,2020-08-06T13:59:59Z,45.51268333,7.79781667,1349.00,46.725
11954,3,4097,8993.310749891654,4929.880933408011,2020-08-06T14:00:00Z,45.51268333,7.79770000,1333.00,46.719
11955,3,4098,8994.310749891654,4930.880933408011,2020-08-06T14:00:01Z,45.51270000,7.79758333,1343.00,46.715
11956,3,4099,8995.310749891654,4931.880933408011,2020-08-06T14:00:02Z,45.51270000,7.79748333,1342.00,46.71
11957,3,4100,8996.310749891654,4932.880933408011,2020-08-06T14:00:03Z,45.51270000,7.79736667,1333.00,46.704
11958,3,4101,8997.310749891654,4933.880933408011,2020-08-06T14:00:04Z,45.51270000,7.79726667,1344.00,46.699
11959,3,4102,8998.310749891654,4934.880933408011,2020-08-06T14:00:05Z,45.51270000,7.79716667,1335.00,46.694
11960,3,4103,8999.310749891654,4935.880933408011,2020-08-06T14:00:06Z,45.51271667,7.79706667,1346.00,46.691
11961,3,4104,9000.310749891654,4936.880933408011,2020-08-06T14:00:07Z,45.51271667,7.79696667,1348.00,46.686
11962,3,4105,9001.310749891654,4937.880933408011,2020-08-06T14:00:08Z,45.51270000,7.79686667,1345.00,46.68
11963,3,4106,9002.310749891654,4938.880933408011,2020-08-06T14:00:09Z,45.51266667,7.79678333,1337.00,46.673
11964,3,4107,9003.310749891654,4939.880933408011,2020-08-06T14:00:10Z,45.51261667,7.79673333,1344.00,46.666
11965,3,4108,9004.310749891654,4940.880933408011,2020-08-06T14:00:11Z,45.51255000,7.79671667,1344.00,46.659
11966,3,4109,9005.310749891654,4941.880933408011,2020-08-06T14:00:12Z,45.51248333,7.79671667,1346.00,46.653
11967,3,4110,9006.310749891654,4942.880933408011,2020-08-06T14:00:13Z,45.51241667,7.79675000,1344.00,46.649
11968,3,4111,9007.310749891654,4943.880933408011,2020-08-06T14:00:14Z,45.51236667,7.79680000,1344.00,46.648
11969,3,4112,9008.310749891654,4944.880933408011,2020-08-06T14:00:15Z,45.51233333,7.79686667,1351.00,46.648
11970,3,4113,9009.310749891654,4945.880933408011,2020-08-06T14:00:16Z,45.51228333,7.79691667,1332.00,46.646
11971,3,4114,9010.310749891654,4946.880933408011,2020-08-06T14:00:17Z,45.51221667,7.79696667,1343.00,46.643
11972,3,4115,9011.310749891654,4947.880933408011,2020-08-06T14:00:18Z,45.51215000,7.79700000,1345.00,46.639
11973,3,4116,9012.310749891654,4948.880933408011,2020-08-06T14:00:19Z,45.51208333,7.79703333,1349.00,46.635
11974,3,4117,9013.310749891654,4949.880933408011,2020-08-06T14:00:20Z,45.51201667,7.79706667,1346.00,46.631
11975,3,4118,9014.310749891654,4950.880933408011,2020-08-06T14:00:21Z,45.51196667,7.79706667,1349.00,46.626
11976,3,4119,9015.310749891654,4951.880933408011,2020-08-06T14:00:22Z,45.51191667,7.79705000,1343.00,46.621
11977,3,4120,9016.310749891654,4952.880933408011,2020-08-06T14:00:23Z,45.51190000,7.79700000,1345.00,46.617
11978,3,4121,9017.310749891654,4953.880933408011,2020-08-06T14:00:24Z,45.51188333,7.79690000,1350.00,46.611
11979,3,4122,9018.310749891654,4954.880933408011,2020-08-06T14:00:25Z,45.51190000,7.79678333,1345.00,46.607
11980,3,4123,9019.310749891654,4955.880933408011,2020-08-06T14:00:26Z,45.51191667,7.79666667,1362.00,46.602
11981,3,4124,9020.310749891654,4956.880933408011,2020-08-06T14:00:27Z,45.51198333,7.79656667,1327.00,46.603
11982,3,4125,9021.310749891654,4957.880933408011,2020-08-06T14:00:28Z,45.51205000,7.79650000,1349.00,46.606
11983,3,4126,9022.310749891654,4958.880933408011,2020-08-06T14:00:29Z,45.51215000,7.79646667,1341.00,46.612
11984,3,4127,9023.310749891654,4959.880933408011,2020-08-06T14:00:30Z,45.51226667,7.79645000,1349.00,46.622
11985,3,4128,9024.310749891654,4960.880933408011,2020-08-06T14:00:31Z,45.51236667,7.79645000,1354.00,46.63
11986,3,4129,9025.310749891654,4961.880933408011,2020-08-06T14:00:32Z,45.51246667,7.79646667,1347.00,46.64
11987,3,4130,9026.310749891654,4962.880933408011,2020-08-06T14:00:33Z,45.51258333,7.79646667,1346.00,46.65
11988,3,4131,9027.310749891654,4963.880933408011,2020-08-06T14:00:34Z,45.51268333,7.79645000,1341.00,46.658
11989,3,4132,9028.310749891654,4964.880933408011,2020-08-06T14:00:35Z,45.51280000,7.79643333,1347.00,46.667
11990,3,4133,9029.310749891654,4965.880933408011,2020-08-06T14:00:36Z,45.51291667,7.79641667,1342.00,46.676
11991,3,4134,9030.310749891654,4966.880933408011,2020-08-06T14:00:37Z,45.51301667,7.79638333,1333.00,46.683
11992,3,4135,9031.310749891654,4967.880933408011,2020-08-06T14:00:38Z,45.51311667,7.79635000,1337.00,46.69
11993,3,4136,9032.310749891654,4968.880933408011,2020-08-06T14:00:39Z,45.51321667,7.79630000,1332.00,46.696
11994,3,4137,9033.310749891654,4969.880933408011,2020-08-06T14:00:40Z,45.51331667,7.79625000,1336.00,46.702
11995,3,4138,9034.310749891654,4970.880933408011,2020-08-06T14:00:41Z,45.51340000,7.79618333,1338.00,46.706
11996,3,4139,9035.310749891654,4971.880933408011,2020-08-06T14:00:42Z,45.51348333,7.79611667,1334.00,46.71
11997,3,4140,9036.310749891654,4972.880933408011,2020-08-06T14:00:43Z,45.51355000,7.79603333,1337.00,46.712
11998,3,4141,9037.310749891654,4973.880933408011,2020-08-06T14:00:44Z,45.51361667,7.79596667,1337.00,46.714
11999,3,4142,9038.310749891654,4974.880933408011,2020-08-06T14:00:45Z,45.51368333,7.79588333,1326.00,46.716
12000,3,4143,9039.310749891654,4975.880933408011,2020-08-06T14:00:46Z,45.51376667,7.79578333,1334.00,46.718
12001,3,4144,9040.310749891654,4976.880933408011,2020-08-06T14:00:47Z,45.51386667,7.79568333,1337.00,46.722
12002,3,4145,9041.310749891654,4977.880933408011,2020-08-06T14:00:48Z,45.51396667,7.79560000,1347.00,46.726
12003,3,4146,9042.310749891654,4978.880933408011,2020-08-06T14:00:49Z,45.51405000,7.79553333,1342.00,46.73
12004,3,4147,9043.310749891654,4979.880933408011,2020-08-06T14:00:50Z,45.51411667,7.79546667,1338.00,46.733
12005,3,4148,9044.310749891654,4980.880933408011,2020-08-06T14:00:51Z,45.51416667,7.79540000,1332.00,46.734
12006,3,4149,9045.310749891654,4981.880933408011,2020-08-06T14:00:52Z,45.51421667,7.79530000,1339.00,46.733
12007,3,4150,9046.310749891654,4982.880933408011,2020-08-06T14:00:53Z,45.51425000,7.79518333,1335.00,46.73
12008,3,4151,9047.310749891654,4983.880933408011,2020-08-06T14:00:54Z,45.51426667,7.79508333,1335.00,46.727
12009,3,4152,9048.310749891654,4984.880933408011,2020-08-06T14:00:55Z,45.51425000,7.79498333,1338.00,46.721
12010,3,4153,9049.310749891654,4985.880933408011,2020-08-06T14:00:56Z,45.51420000,7.79490000,1328.00,46.712
12011,3,4154,9050.310749891654,4986.880933408011,2020-08-06T14:00:57Z,45.51410000,7.79485000,1335.00,46.701
12012,3,4155,9051.310749891654,4987.880933408011,2020-08-06T14:00:58Z,45.51401667,7.79481667,1337.00,46.692
12013,3,4156,9052.310749891654,4988.880933408011,2020-08-06T14:00:59Z,45.51391667,7.79481667,1340.00,46.684
12014,3,4157,9053.310749891654,4989.880933408011,2020-08-06T14:01:00Z,45.51385000,7.79483333,1333.00,46.679
12015,3,4158,9054.310749891654,4990.880933408011,2020-08-06T14:01:01Z,45.51378333,7.79485000,1325.00,46.674
12016,3,4159,9055.310749891654,4991.880933408011,2020-08-06T14:01:02Z,45.51370000,7.79485000,1339.00,46.667
12017,3,4160,9056.310749891654,4992.880933408011,2020-08-06T14:01:03Z,45.51363333,7.79485000,1332.00,46.661
12018,3,4161,9057.310749891654,4993.880933408011,2020-08-06T14:01:04Z,45.51355000,7.79486667,1333.00,46.654
12019,3,4162,9058.310749891654,4994.880933408011,2020-08-06T14:01:05Z,45.51348333,7.79488333,1332.00,46.649
12020,3,4163,9059.310749891654,4995.880933408011,2020-08-06T14:01:06Z,45.51340000,7.79491667,1329.00,46.644
12021,3,4164,9060.310749891654,4996.880933408011,2020-08-06T14:01:07Z,45.51333333,7.79493333,1329.00,46.639
12022,3,4165,9061.310749891654,4997.880933408011,2020-08-06T14:01:08Z,45.51326667,7.79495000,1328.00,46.634
12023,3,4166,9062.310749891654,4998.880933408011,2020-08-06T14:01:09Z,45.51320000,7.79496667,1323.00,46.629
12024,3,4167,9063.310749891654,4999.880933408011,2020-08-06T14:01:10Z,45.51311667,7.79500000,1334.00,46.623
12025,3,4168,9064.310749891654,5000.880933408011,2020-08-06T14:01:11Z,45.51305000,7.79505000,1325.00,46.62
12026,3,4169,9065.310749891654,5001.880933408011,2020-08-06T14:01:12Z,45.51296667,7.79511667,1322.00,46.616
12027,3,4170,9066.310749891654,5002.880933408011,2020-08-06T14:01:13Z,45.51290000,7.79518333,1328.00,46.614
12028,3,4171,9067.310749891654,5003.880933408011,2020-08-06T14:01:14Z,45.51283333,7.79523333,1320.00,46.61
12029,3,4172,9068.310749891654,5004.880933408011,2020-08-06T14:01:15Z,45.51275000,7.79528333,1321.00,46.606
12030,3,4173,9069.310749891654,5005.880933408011,2020-08-06T14:01:16Z,45.51266667,7.79531667,1318.00,46.6
12031,3,4174,9070.310749891654,5006.880933408011,2020-08-06T14:01:17Z,45.51260000,7.79538333,1325.00,46.598
12032,3,4175,9071.310749891654,5007.880933408011,2020-08-06T14:01:18Z,45.51255000,7.79546667,1320.00,46.598
12033,3,4176,9072.310749891654,5008.880933408011,2020-08-06T14:01:19Z,45.51250000,7.79556667,1322.00,46.598
12034,3,4177,9073.310749891654,5009.880933408011,2020-08-06T14:01:20Z,45.51245000,7.79565000,1318.00,46.598
12035,3,4178,9074.310749891654,5010.880933408011,2020-08-06T14:01:21Z,45.51240000,7.79573333,1316.00,46.598
12036,3,4179,9075.310749891654,5011.880933408011,2020-08-06T14:01:22Z,45.51231667,7.79580000,1312.00,46.594
12037,3,4180,9076.310749891654,5012.880933408011,2020-08-06T14:01:23Z,45.51225000,7.79586667,1316.00,46.591
12038,3,4181,9077.310749891654,5013.880933408011,2020-08-06T14:01:24Z,45.51220000,7.79595000,1318.00,46.591
12039,3,4182,9078.310749891654,5014.880933408011,2020-08-06T14:01:25Z,45.51215000,7.79603333,1316.00,46.591
12040,3,4183,9079.310749891654,5015.880933408011,2020-08-06T14:01:26Z,45.51211667,7.79611667,1319.00,46.592
12041,3,4184,9080.310749891654,5016.880933408011,2020-08-06T14:01:27Z,45.51208333,7.79621667,1321.00,46.594
12042,3,4185,9081.310749891654,5017.880933408011,2020-08-06T14:01:28Z,45.51206667,7.79631667,1315.00,46.598
12043,3,4186,9082.310749891654,5018.880933408011,2020-08-06T14:01:29Z,45.51203333,7.79643333,1318.00,46.601
12044,3,4187,9083.310749891654,5019.880933408011,2020-08-06T14:01:30Z,45.51200000,7.79655000,1317.00,46.604
12045,3,4188,9084.310749891654,5020.880933408011,2020-08-06T14:01:31Z,45.51196667,7.79668333,1322.00,46.607
12046,3,4189,9085.310749891654,5021.880933408011,2020-08-06T14:01:32Z,45.51193333,7.79680000,1319.00,46.61
12047,3,4190,9086.310749891654,5022.880933408011,2020-08-06T14:01:33Z,45.51191667,7.79693333,1323.00,46.616
12048,3,4191,9087.310749891654,5023.880933408011,2020-08-06T14:01:34Z,45.51188333,7.79705000,1325.00,46.618
12049,3,4192,9088.310749891654,5024.880933408011,2020-08-06T14:01:35Z,45.51185000,7.79716667,1323.00,46.621
12050,3,4193,9089.310749891654,5025.880933408011,2020-08-06T14:01:36Z,45.51181667,7.79726667,1323.00,46.623
12051,3,4194,9090.310749891654,5026.880933408011,2020-08-06T14:01:37Z,45.51178333,7.79738333,1328.00,46.626
12052,3,4195,9091.310749891654,5027.880933408011,2020-08-06T14:01:38Z,45.51175000,7.79748333,1317.00,46.629
12053,3,4196,9092.310749891654,5028.880933408011,2020-08-06T14:01:39Z,45.51170000,7.79760000,1328.00,46.63
12054,3,4197,9093.310749891654,5029.880933408011,2020-08-06T14:01:40Z,45.51163333,7.79768333,1326.00,46.628
12055,3,4198,9094.310749891654,5030.880933408011,2020-08-06T14:01:41Z,45.51158333,7.79778333,1323.00,46.629
12056,3,4199,9095.310749891654,5031.880933408011,2020-08-06T14:01:42Z,45.51153333,7.79785000,1329.00,46.628
12057,3,4200,9096.310749891654,5032.880933408011,2020-08-06T14:01:43Z,45.51146667,7.79791667,1328.00,46.626
12058,3,4201,9097.310749891654,5033.880933408011,2020-08-06T14:01:44Z,45.51141667,7.79798333,1328.00,46.625
12059,3,4202,9098.310749891654,5034.880933408011,2020-08-06T14:01:45Z,45.51135000,7.79801667,1337.00,46.621
12060,3,4203,9099.310749891654,5035.880933408011,2020-08-06T14:01:46Z,45.51128333,7.79803333,1335.00,46.616
12061,3,4204,9100.310749891654,5036.880933408011,2020-08-06T14:01:47Z,45.51121667,7.79801667,1328.00,46.609
12062,3,4205,9101.310749891654,5037.880933408011,2020-08-06T14:01:48Z,45.51116667,7.79796667,1319.00,46.603
12063,3,4206,9102.310749891654,5038.880933408011,2020-08-06T14:01:49Z,45.51111667,7.79790000,1335.00,46.595
12064,3,4207,9103.310749891654,5039.880933408011,2020-08-06T14:01:50Z,45.51110000,7.79778333,1337.00,46.588
12065,3,4208,9104.310749891654,5040.880933408011,2020-08-06T14:01:51Z,45.51111667,7.79768333,1333.00,46.584
12066,3,4209,9105.310749891654,5041.880933408011,2020-08-06T14:01:52Z,45.51115000,7.79756667,1335.00,46.581
12067,3,4210,9106.310749891654,5042.880933408011,2020-08-06T14:01:53Z,45.51123333,7.79750000,1339.00,46.585
12068,3,4211,9107.310749891654,5043.880933408011,2020-08-06T14:01:54Z,45.51133333,7.79746667,1344.00,46.592
12069,3,4212,9108.310749891654,5044.880933408011,2020-08-06T14:01:55Z,45.51145000,7.79748333,1328.00,46.603
12070,3,4213,9109.310749891654,5045.880933408011,2020-08-06T14:01:56Z,45.51155000,7.79751667,1347.00,46.613
12071,3,4214,9110.310749891654,5046.880933408011,2020-08-06T14:01:57Z,45.51165000,7.79760000,1346.00,46.626
12072,3,4215,9111.310749891654,5047.880933408011,2020-08-06T14:01:58Z,45.51171667,7.79768333,1331.00,46.636
12073,3,4216,9112.310749891654,5048.880933408011,2020-08-06T14:01:59Z,45.51180000,7.79780000,1344.00,46.649
12074,3,4217,9113.310749891654,5049.880933408011,2020-08-06T14:02:00Z,45.51186667,7.79791667,1336.00,46.66
12075,3,4218,9114.310749891654,5050.880933408011,2020-08-06T14:02:01Z,45.51190000,7.79806667,1336.00,46.67
12076,3,4219,9115.310749891654,5051.880933408011,2020-08-06T14:02:02Z,45.51193333,7.79823333,1342.00,46.681
12077,3,4220,9116.310749891654,5052.880933408011,2020-08-06T14:02:03Z,45.51191667,7.79836667,1335.00,46.687
12078,3,4221,9117.310749891654,5053.880933408011,2020-08-06T14:02:04Z,45.51188333,7.79848333,1341.00,46.69
12079,3,4222,9118.310749891654,5054.880933408011,2020-08-06T14:02:05Z,45.51181667,7.79853333,1342.00,46.686
12080,3,4223,9119.310749891654,5055.880933408011,2020-08-06T14:02:06Z,45.51176667,7.79856667,1341.00,46.684
12081,3,4224,9120.310749891654,5056.880933408011,2020-08-06T14:02:07Z,45.51170000,7.79856667,1346.00,46.678
12082,3,4225,9121.310749891654,5057.880933408011,2020-08-06T14:02:08Z,45.51165000,7.79856667,1342.00,46.674
12083,3,4226,9122.310749891654,5058.880933408011,2020-08-06T14:02:09Z,45.51158333,7.79856667,1338.00,46.668
12084,3,4227,9123.310749891654,5059.880933408011,2020-08-06T14:02:10Z,45.51153333,7.79855000,1347.00,46.663
12085,3,4228,9124.310749891654,5060.880933408011,2020-08-06T14:02:11Z,45.51146667,7.79853333,1347.00,46.656
12086,3,4229,9125.310749891654,5061.880933408011,2020-08-06T14:02:12Z,45.51141667,7.79850000,1337.00,46.651
12087,3,4230,9126.310749891654,5062.880933408011,2020-08-06T14:02:13Z,45.51136667,7.79845000,1346.00,46.644
12088,3,4231,9127.310749891654,5063.880933408011,2020-08-06T14:02:14Z,45.51131667,7.79838333,1344.00,46.636
12089,3,4232,9128.310749891654,5064.880933408011,2020-08-06T14:02:15Z,45.51128333,7.79830000,1359.00,46.629
12090,3,4233,9129.310749891654,5065.880933408011,2020-08-06T14:02:16Z,45.51123333,7.79823333,1355.00,46.622
12091,3,4234,9130.310749891654,5066.880933408011,2020-08-06T14:02:17Z,45.51116667,7.79820000,1350.00,46.614
12092,3,4235,9131.310749891654,5067.880933408011,2020-08-06T14:02:18Z,45.51110000,7.79820000,1340.00,46.609
12093,3,4236,9132.310749891654,5068.880933408011,2020-08-06T14:02:19Z,45.51105000,7.79823333,1344.00,46.606
12094,3,4237,9133.310749891654,5069.880933408011,2020-08-06T14:02:20Z,45.51098333,7.79825000,1343.00,46.601
12095,3,4238,9134.310749891654,5070.880933408011,2020-08-06T14:02:21Z,45.51090000,7.79826667,1347.00,46.595
12096,3,4239,9135.310749891654,5071.880933408011,2020-08-06T14:02:22Z,45.51083333,7.79826667,1356.00,46.589
12097,3,4240,9136.310749891654,5072.880933408011,2020-08-06T14:02:23Z,45.51076667,7.79823333,1346.00,46.582
12098,3,4241,9137.310749891654,5073.880933408011,2020-08-06T14:02:24Z,45.51068333,7.79820000,1357.00,46.573
12099,3,4242,9138.310749891654,5074.880933408011,2020-08-06T14:02:25Z,45.51061667,7.79815000,1353.00,46.565
12100,3,4243,9139.310749891654,5075.880933408011,2020-08-06T14:02:26Z,45.51056667,7.79806667,1359.00,46.556
12101,3,4244,9140.310749891654,5076.880933408011,2020-08-06T14:02:27Z,45.51055000,7.79796667,1359.00,46.55
12102,3,4245,9141.310749891654,5077.880933408011,2020-08-06T14:02:28Z,45.51056667,7.79786667,1344.00,46.546
12103,3,4246,9142.310749891654,5078.880933408011,2020-08-06T14:02:29Z,45.51060000,7.79775000,1346.00,46.543
12104,3,4247,9143.310749891654,5079.880933408011,2020-08-06T14:02:30Z,45.51065000,7.79763333,1354.00,46.542
12105,3,4248,9144.310749891654,5080.880933408011,2020-08-06T14:02:31Z,45.51071667,7.79753333,1355.00,46.543
12106,3,4249,9145.310749891654,5081.880933408011,2020-08-06T14:02:32Z,45.51081667,7.79746667,1352.00,46.548
12107,3,4250,9146.310749891654,5082.880933408011,2020-08-06T14:02:33Z,45.51091667,7.79743333,1360.00,46.555
12108,3,4251,9147.310749891654,5083.880933408011,2020-08-06T14:02:34Z,45.51103333,7.79745000,1364.00,46.565
12109,3,4252,9148.310749891654,5084.880933408011,2020-08-06T14:02:35Z,45.51115000,7.79751667,1368.00,46.579
12110,3,4253,9149.310749891654,5085.880933408011,2020-08-06T14:02:36Z,45.51123333,7.79761667,1367.00,46.591
12111,3,4254,9150.310749891654,5086.880933408011,2020-08-06T14:02:37Z,45.51131667,7.79775000,1363.00,46.605
12112,3,4255,9151.310749891654,5087.880933408011,2020-08-06T14:02:38Z,45.51138333,7.79790000,1365.00,46.618
12113,3,4256,9152.310749891654,5088.880933408011,2020-08-06T14:02:39Z,45.51140000,7.79806667,1366.00,46.628
12114,3,4257,9153.310749891654,5089.880933408011,2020-08-06T14:02:40Z,45.51140000,7.79823333,1368.00,46.636
12115,3,4258,9154.310749891654,5090.880933408011,2020-08-06T14:02:41Z,45.51138333,7.79836667,1367.00,46.641
12116,3,4259,9155.310749891654,5091.880933408011,2020-08-06T14:02:42Z,45.51135000,7.79848333,1369.00,46.644
12117,3,4260,9156.310749891654,5092.880933408011,2020-08-06T14:02:43Z,45.51130000,7.79856667,1374.00,46.644
12118,3,4261,9157.310749891654,5093.880933408011,2020-08-06T14:02:44Z,45.51123333,7.79863333,1372.00,46.642
12119,3,4262,9158.310749891654,5094.880933408011,2020-08-06T14:02:45Z,45.51115000,7.79865000,1368.00,46.635
12120,3,4263,9159.310749891654,5095.880933408011,2020-08-06T14:02:46Z,45.51106667,7.79863333,1373.00,46.627
12121,3,4264,9160.310749891654,5096.880933408011,2020-08-06T14:02:47Z,45.51100000,7.79856667,1380.00,46.618
12122,3,4265,9161.310749891654,5097.880933408011,2020-08-06T14:02:48Z,45.51095000,7.79848333,1369.00,46.61
12123,3,4266,9162.310749891654,5098.880933408011,2020-08-06T14:02:49Z,45.51090000,7.79840000,1375.00,46.601
12124,3,4267,9163.310749891654,5099.880933408011,2020-08-06T14:02:50Z,45.51086667,7.79833333,1382.00,46.595
12125,3,4268,9164.310749891654,5100.880933408011,2020-08-06T14:02:51Z,45.51083333,7.79825000,1374.00,46.588
12126,3,4269,9165.310749891654,5101.880933408011,2020-08-06T14:02:52Z,45.51081667,7.79816667,1376.00,46.583
12127,3,4270,9166.310749891654,5102.880933408011,2020-08-06T14:02:53Z,45.51080000,7.79806667,1379.00,46.576
12128,3,4271,9167.310749891654,5103.880933408011,2020-08-06T14:02:54Z,45.51078333,7.79796667,1374.00,46.57
12129,3,4272,9168.310749891654,5104.880933408011,2020-08-06T14:02:55Z,45.51076667,7.79785000,1381.00,46.563
12130,3,4273,9169.310749891654,5105.880933408011,2020-08-06T14:02:56Z,45.51076667,7.79775000,1382.00,46.558
12131,3,4274,9170.310749891654,5106.880933408011,2020-08-06T14:02:57Z,45.51078333,7.79763333,1372.00,46.553
12132,3,4275,9171.310749891654,5107.880933408011,2020-08-06T14:02:58Z,45.51080000,7.79751667,1377.00,46.549
12133,3,4276,9172.310749891654,5108.880933408011,2020-08-06T14:02:59Z,45.51083333,7.79740000,1377.00,46.546
12134,3,4277,9173.310749891654,5109.880933408011,2020-08-06T14:03:00Z,45.51088333,7.79728333,1388.00,46.544
12135,3,4278,9174.310749891654,5110.880933408011,2020-08-06T14:03:01Z,45.51093333,7.79718333,1391.00,46.544
12136,3,4279,9175.310749891654,5111.880933408011,2020-08-06T14:03:02Z,45.51098333,7.79711667,1376.00,46.545
12137,3,4280,9176.310749891654,5112.880933408011,2020-08-06T14:03:03Z,45.51106667,7.79706667,1384.00,46.549
12138,3,4281,9177.310749891654,5113.880933408011,2020-08-06T14:03:04Z,45.51116667,7.79705000,1396.00,46.557
12139,3,4282,9178.310749891654,5114.880933408011,2020-08-06T14:03:05Z,45.51128333,7.79705000,1395.00,46.567
12140,3,4283,9179.310749891654,5115.880933408011,2020-08-06T14:03:06Z,45.51140000,7.79705000,1401.00,46.577
12141,3,4284,9180.310749891654,5116.880933408011,2020-08-06T14:03:07Z,45.51151667,7.79706667,1397.00,46.588
12142,3,4285,9181.310749891654,5117.880933408011,2020-08-06T14:03:08Z,45.51161667,7.79710000,1397.00,46.598
12143,3,4286,9182.310749891654,5118.880933408011,2020-08-06T14:03:09Z,45.51173333,7.79715000,1393.00,46.611
12144,3,4287,9183.310749891654,5119.880933408011,2020-08-06T14:03:10Z,45.51185000,7.79723333,1405.00,46.625
12145,3,4288,9184.310749891654,5120.880933408011,2020-08-06T14:03:11Z,45.51196667,7.79730000,1389.00,46.638
12146,3,4289,9185.310749891654,5121.880933408011,2020-08-06T14:03:12Z,45.51208333,7.79735000,1398.00,46.65
12147,3,4290,9186.310749891654,5122.880933408011,2020-08-06T14:03:13Z,45.51220000,7.79741667,1402.00,46.664
12148,3,4291,9187.310749891654,5123.880933408011,2020-08-06T14:03:14Z,45.51231667,7.79745000,1403.00,46.675
12149,3,4292,9188.310749891654,5124.880933408011,2020-08-06T14:03:15Z,45.51241667,7.79750000,1392.00,46.687
12150,3,4293,9189.310749891654,5125.880933408011,2020-08-06T14:03:16Z,45.51250000,7.79758333,1406.00,46.698
12151,3,4294,9190.310749891654,5126.880933408011,2020-08-06T14:03:17Z,45.51260000,7.79766667,1403.00,46.711
12152,3,4295,9191.310749891654,5127.880933408011,2020-08-06T14:03:18Z,45.51268333,7.79778333,1405.00,46.723
12153,3,4296,9192.310749891654,5128.880933408011,2020-08-06T14:03:19Z,45.51276667,7.79791667,1409.00,46.737
12154,3,4297,9193.310749891654,5129.880933408011,2020-08-06T14:03:20Z,45.51285000,7.79805000,1403.00,46.751
12155,3,4298,9194.310749891654,5130.880933408011,2020-08-06T14:03:21Z,45.51291667,7.79820000,1407.00,46.764
12156,3,4299,9195.310749891654,5131.880933408011,2020-08-06T14:03:22Z,45.51298333,7.79835000,1415.00,46.777
12157,3,4300,9196.310749891654,5132.880933408011,2020-08-06T14:03:23Z,45.51303333,7.79848333,1413.00,46.788
12158,3,4301,9197.310749891654,5133.880933408011,2020-08-06T14:03:24Z,45.51306667,7.79861667,1410.00,46.798
12159,3,4302,9198.310749891654,5134.880933408011,2020-08-06T14:03:25Z,45.51308333,7.79873333,1406.00,46.805
12160,3,4303,9199.310749891654,5135.880933408011,2020-08-06T14:03:26Z,45.51308333,7.79886667,1412.00,46.811
12161,3,4304,9200.310749891654,5136.880933408011,2020-08-06T14:03:27Z,45.51306667,7.79901667,1420.00,46.817
12162,3,4305,9201.310749891654,5137.880933408011,2020-08-06T14:03:28Z,45.51301667,7.79915000,1425.00,46.82
12163,3,4306,9202.310749891654,5138.880933408011,2020-08-06T14:03:29Z,45.51296667,7.79925000,1417.00,46.82
12164,3,4307,9203.310749891654,5139.880933408011,2020-08-06T14:03:30Z,45.51290000,7.79930000,1425.00,46.817
12165,3,4308,9204.310749891654,5140.880933408011,2020-08-06T14:03:31Z,45.51283333,7.79931667,1415.00,46.812
12166,3,4309,9205.310749891654,5141.880933408011,2020-08-06T14:03:32Z,45.51276667,7.79930000,1422.00,46.806
12167,3,4310,9206.310749891654,5142.880933408011,2020-08-06T14:03:33Z,45.51270000,7.79925000,1423.00,46.798
12168,3,4311,9207.310749891654,5143.880933408011,2020-08-06T14:03:34Z,45.51265000,7.79921667,1403.00,46.792
12169,3,4312,9208.310749891654,5144.880933408011,2020-08-06T14:03:35Z,45.51260000,7.79916667,1422.00,46.785
12170,3,4313,9209.310749891654,5145.880933408011,2020-08-06T14:03:36Z,45.51256667,7.79908333,1422.00,46.778
12171,3,4314,9210.310749891654,5146.880933408011,2020-08-06T14:03:37Z,45.51255000,7.79900000,1444.00,46.772
12172,3,4315,9211.310749891654,5147.880933408011,2020-08-06T14:03:38Z,45.51256667,7.79891667,1418.00,46.77
12173,3,4316,9212.310749891654,5148.880933408011,2020-08-06T14:03:39Z,45.51258333,7.79885000,1427.00,46.768
12174,3,4317,9213.310749891654,5149.880933408011,2020-08-06T14:03:40Z,45.51263333,7.79875000,1420.00,46.767
12175,3,4318,9214.310749891654,5150.880933408011,2020-08-06T14:03:41Z,45.51266667,7.79866667,1426.00,46.766
12176,3,4319,9215.310749891654,5151.880933408011,2020-08-06T14:03:42Z,45.51271667,7.79855000,1432.00,46.764
12177,3,4320,9216.310749891654,5152.880933408011,2020-08-06T14:03:43Z,45.51275000,7.79845000,1437.00,46.762
12178,3,4321,9217.310749891654,5153.880933408011,2020-08-06T14:03:44Z,45.51281667,7.79833333,1430.00,46.762
12179,3,4322,9218.310749891654,5154.880933408011,2020-08-06T14:03:45Z,45.51288333,7.79823333,1436.00,46.763
12180,3,4323,9219.310749891654,5155.880933408011,2020-08-06T14:03:46Z,45.51296667,7.79815000,1434.00,46.766
12181,3,4324,9220.310749891654,5156.880933408011,2020-08-06T14:03:47Z,45.51306667,7.79810000,1422.00,46.772
12182,3,4325,9221.310749891654,5157.880933408011,2020-08-06T14:03:48Z,45.51316667,7.79806667,1435.00,46.779
12183,3,4326,9222.310749891654,5158.880933408011,2020-08-06T14:03:49Z,45.51326667,7.79805000,1435.00,46.787
12184,3,4327,9223.310749891654,5159.880933408011,2020-08-06T14:03:50Z,45.51338333,7.79803333,1432.00,46.796
12185,3,4328,9224.310749891654,5160.880933408011,2020-08-06T14:03:51Z,45.51351667,7.79801667,1433.00,46.807
12186,3,4329,9225.310749891654,5161.880933408011,2020-08-06T14:03:52Z,45.51365000,7.79801667,1424.00,46.818
12187,3,4330,9226.310749891654,5162.880933408011,2020-08-06T14:03:53Z,45.51378333,7.79803333,1440.00,46.83
12188,3,4331,9227.310749891654,5163.880933408011,2020-08-06T14:03:54Z,45.51391667,7.79808333,1430.00,46.844
12189,3,4332,9228.310749891654,5164.880933408011,2020-08-06T14:03:55Z,45.51403333,7.79816667,1431.00,46.858
12190,3,4333,9229.310749891654,5165.880933408011,2020-08-06T14:03:56Z,45.51411667,7.79825000,1437.00,46.87
12191,3,4334,9230.310749891654,5166.880933408011,2020-08-06T14:03:57Z,45.51421667,7.79836667,1435.00,46.884
12192,3,4335,9231.310749891654,5167.880933408011,2020-08-06T14:03:58Z,45.51428333,7.79848333,1438.00,46.896
12193,3,4336,9232.310749891654,5168.880933408011,2020-08-06T14:03:59Z,45.51435000,7.79863333,1435.00,46.909
12194,3,4337,9233.310749891654,5169.880933408011,2020-08-06T14:04:00Z,45.51440000,7.79881667,1437.00,46.922
12195,3,4338,9234.310749891654,5170.880933408011,2020-08-06T14:04:01Z,45.51441667,7.79898333,1438.00,46.932
12196,3,4339,9235.310749891654,5171.880933408011,2020-08-06T14:04:02Z,45.51440000,7.79915000,1438.00,46.939
12197,3,4340,9236.310749891654,5172.880933408011,2020-08-06T14:04:03Z,45.51438333,7.79928333,1449.00,46.944
12198,3,4341,9237.310749891654,5173.880933408011,2020-08-06T14:04:04Z,45.51435000,7.79941667,1434.00,46.947
12199,3,4342,9238.310749891654,5174.880933408011,2020-08-06T14:04:05Z,45.51430000,7.79953333,1443.00,46.949
12200,3,4343,9239.310749891654,5175.880933408011,2020-08-06T14:04:06Z,45.51425000,7.79963333,1448.00,46.95
12201,3,4344,9240.310749891654,5176.880933408011,2020-08-06T14:04:07Z,45.51418333,7.79970000,1437.00,46.947
12202,3,4345,9241.310749891654,5177.880933408011,2020-08-06T14:04:08Z,45.51411667,7.79973333,1443.00,46.943
12203,3,4346,9242.310749891654,5178.880933408011,2020-08-06T14:04:09Z,45.51403333,7.79975000,1451.00,46.937
12204,3,4347,9243.310749891654,5179.880933408011,2020-08-06T14:04:10Z,45.51396667,7.79971667,1450.00,46.929
12205,3,4348,9244.310749891654,5180.880933408011,2020-08-06T14:04:11Z,45.51391667,7.79968333,1451.00,46.923
12206,3,4349,9245.310749891654,5181.880933408011,2020-08-06T14:04:12Z,45.51385000,7.79961667,1451.00,46.914
12207,3,4350,9246.310749891654,5182.880933408011,2020-08-06T14:04:13Z,45.51383333,7.79953333,1447.00,46.909
12208,3,4351,9247.310749891654,5183.880933408011,2020-08-06T14:04:14Z,45.51381667,7.79943333,1460.00,46.902
12209,3,4352,9248.310749891654,5184.880933408011,2020-08-06T14:04:15Z,45.51385000,7.79933333,1464.00,46.9
12210,3,4353,9249.310749891654,5185.880933408011,2020-08-06T14:04:16Z,45.51390000,7.79926667,1457.00,46.901
12211,3,4354,9250.310749891654,5186.880933408011,2020-08-06T14:04:17Z,45.51398333,7.79920000,1454.00,46.905
12212,3,4355,9251.310749891654,5187.880933408011,2020-08-06T14:04:18Z,45.51408333,7.79916667,1461.00,46.912
12213,3,4356,9252.310749891654,5188.880933408011,2020-08-06T14:04:19Z,45.51418333,7.79915000,1454.00,46.92
12214,3,4357,9253.310749891654,5189.880933408011,2020-08-06T14:04:20Z,45.51431667,7.79913333,1446.00,46.931
12215,3,4358,9254.310749891654,5190.880933408011,2020-08-06T14:04:21Z,45.51443333,7.79915000,1471.00,46.941
12216,3,4359,9255.310749891654,5191.880933408011,2020-08-06T14:04:22Z,45.51455000,7.79921667,1445.00,46.955
12217,3,4360,9256.310749891654,5192.880933408011,2020-08-06T14:04:23Z,45.51466667,7.79931667,1456.00,46.97
12218,3,4361,9257.310749891654,5193.880933408011,2020-08-06T14:04:24Z,45.51476667,7.79945000,1462.00,46.985
12219,3,4362,9258.310749891654,5194.880933408011,2020-08-06T14:04:25Z,45.51483333,7.79961667,1461.00,46.999
12220,3,4363,9259.310749891654,5195.880933408011,2020-08-06T14:04:26Z,45.51486667,7.79980000,1451.00,47.011
12221,3,4364,9260.310749891654,5196.880933408011,2020-08-06T14:04:27Z,45.51485000,7.79996667,1461.00,47.018
12222,3,4365,9261.310749891654,5197.880933408011,2020-08-06T14:04:28Z,45.51481667,7.80011667,1455.00,47.022
12223,3,4366,9262.310749891654,5198.880933408011,2020-08-06T14:04:29Z,45.51476667,7.80025000,1459.00,47.024
12224,3,4367,9263.310749891654,5199.880933408011,2020-08-06T14:04:30Z,45.51471667,7.80035000,1465.00,47.025
12225,3,4368,9264.310749891654,5200.880933408011,2020-08-06T14:04:31Z,45.51465000,7.80046667,1471.00,47.025
12226,3,4369,9265.310749891654,5201.880933408011,2020-08-06T14:04:32Z,45.51456667,7.80056667,1465.00,47.023
12227,3,4370,9266.310749891654,5202.880933408011,2020-08-06T14:04:33Z,45.51450000,7.80065000,1466.00,47.021
12228,3,4371,9267.310749891654,5203.880933408011,2020-08-06T14:04:34Z,45.51443333,7.80071667,1466.00,47.019
12229,3,4372,9268.310749891654,5204.880933408011,2020-08-06T14:04:35Z,45.51436667,7.80076667,1465.00,47.016
12230,3,4373,9269.310749891654,5205.880933408011,2020-08-06T14:04:36Z,45.51428333,7.80081667,1469.00,47.011
12231,3,4374,9270.310749891654,5206.880933408011,2020-08-06T14:04:37Z,45.51421667,7.80085000,1469.00,47.007
12232,3,4375,9271.310749891654,5207.880933408011,2020-08-06T14:04:38Z,45.51413333,7.80088333,1475.00,47.002
12233,3,4376,9272.310749891654,5208.880933408011,2020-08-06T14:04:39Z,45.51405000,7.80091667,1471.00,46.996
12234,3,4377,9273.310749891654,5209.880933408011,2020-08-06T14:04:40Z,45.51395000,7.80095000,1477.00,46.989
12235,3,4378,9274.310749891654,5210.880933408011,2020-08-06T14:04:41Z,45.51386667,7.80098333,1473.00,46.984
12236,3,4379,9275.310749891654,5211.880933408011,2020-08-06T14:04:42Z,45.51380000,7.80100000,1476.00,46.979
12237,3,4380,9276.310749891654,5212.880933408011,2020-08-06T14:04:43Z,45.51373333,7.80100000,1475.00,46.973
12238,3,4381,9277.310749891654,5213.880933408011,2020-08-06T14:04:44Z,45.51368333,7.80096667,1480.00,46.967
12239,3,4382,9278.310749891654,5214.880933408011,2020-08-06T14:04:45Z,45.51363333,7.80091667,1474.00,46.96
12240,3,4383,9279.310749891654,5215.880933408011,2020-08-06T14:04:46Z,45.51356667,7.80083333,1475.00,46.951
12241,3,4384,9280.310749891654,5216.880933408011,2020-08-06T14:04:47Z,45.51353333,7.80075000,1470.00,46.944
12242,3,4385,9281.310749891654,5217.880933408011,2020-08-06T14:04:48Z,45.51350000,7.80066667,1480.00,46.937
12243,3,4386,9282.310749891654,5218.880933408011,2020-08-06T14:04:49Z,45.51348333,7.80056667,1484.00,46.93
12244,3,4387,9283.310749891654,5219.880933408011,2020-08-06T14:04:50Z,45.51348333,7.80050000,1479.00,46.927
12245,3,4388,9284.310749891654,5220.880933408011,2020-08-06T14:04:51Z,45.51350000,7.80041667,1478.00,46.924
12246,3,4389,9285.310749891654,5221.880933408011,2020-08-06T14:04:52Z,45.51351667,7.80033333,1480.00,46.921
12247,3,4390,9286.310749891654,5222.880933408011,2020-08-06T14:04:53Z,45.51356667,7.80025000,1478.00,46.922
12248,3,4391,9287.310749891654,5223.880933408011,2020-08-06T14:04:54Z,45.51363333,7.80016667,1480.00,46.923
12249,3,4392,9288.310749891654,5224.880933408011,2020-08-06T14:04:55Z,45.51371667,7.80008333,1480.00,46.926
12250,3,4393,9289.310749891654,5225.880933408011,2020-08-06T14:04:56Z,45.51381667,7.80003333,1486.00,46.932
12251,3,4394,9290.310749891654,5226.880933408011,2020-08-06T14:04:57Z,45.51391667,7.79998333,1486.00,46.938
12252,3,4395,9291.310749891654,5227.880933408011,2020-08-06T14:04:58Z,45.51401667,7.79996667,1482.00,46.946
12253,3,4396,9292.310749891654,5228.880933408011,2020-08-06T14:04:59Z,45.51413333,7.80000000,1490.00,46.958
12254,3,4397,9293.310749891654,5229.880933408011,2020-08-06T14:05:00Z,45.51423333,7.80005000,1503.00,46.969
12255,3,4398,9294.310749891654,5230.880933408011,2020-08-06T14:05:01Z,45.51433333,7.80013333,1488.00,46.981
12256,3,4399,9295.310749891654,5231.880933408011,2020-08-06T14:05:02Z,45.51441667,7.80025000,1501.00,46.994
12257,3,4400,9296.310749891654,5232.880933408011,2020-08-06T14:05:03Z,45.51446667,7.80041667,1488.00,47.007
12258,3,4401,9297.310749891654,5233.880933408011,2020-08-06T14:05:04Z,45.51450000,7.80058333,1505.00,47.018
12259,3,4402,9298.310749891654,5234.880933408011,2020-08-06T14:05:05Z,45.51455000,7.80075000,1502.00,47.031
12260,3,4403,9299.310749891654,5235.880933408011,2020-08-06T14:05:06Z,45.51460000,7.80091667,1504.00,47.043
12261,3,4404,9300.310749891654,5236.880933408011,2020-08-06T14:05:07Z,45.51463333,7.80106667,1502.00,47.054
12262,3,4405,9301.310749891654,5237.880933408011,2020-08-06T14:05:08Z,45.51463333,7.80123333,1492.00,47.062
12263,3,4406,9302.310749891654,5238.880933408011,2020-08-06T14:05:09Z,45.51463333,7.80140000,1508.00,47.07
12264,3,4407,9303.310749891654,5239.880933408011,2020-08-06T14:05:10Z,45.51458333,7.80155000,1503.00,47.073
12265,3,4408,9304.310749891654,5240.880933408011,2020-08-06T14:05:11Z,45.51453333,7.80168333,1512.00,47.076
12266,3,4409,9305.310749891654,5241.880933408011,2020-08-06T14:05:12Z,45.51445000,7.80178333,1495.00,47.073
12267,3,4410,9306.310749891654,5242.880933408011,2020-08-06T14:05:13Z,45.51438333,7.80183333,1506.00,47.07
12268,3,4411,9307.310749891654,5243.880933408011,2020-08-06T14:05:14Z,45.51430000,7.80185000,1500.00,47.064
12269,3,4412,9308.310749891654,5244.880933408011,2020-08-06T14:05:15Z,45.51423333,7.80185000,1514.00,47.058
12270,3,4413,9309.310749891654,5245.880933408011,2020-08-06T14:05:16Z,45.51416667,7.80183333,1508.00,47.052
12271,3,4414,9310.310749891654,5246.880933408011,2020-08-06T14:05:17Z,45.51411667,7.80178333,1501.00,47.045
12272,3,4415,9311.310749891654,5247.880933408011,2020-08-06T14:05:18Z,45.51406667,7.80175000,1510.00,47.039
12273,3,4416,9312.310749891654,5248.880933408011,2020-08-06T14:05:19Z,45.51401667,7.80168333,1509.00,47.031
12274,3,4417,9313.310749891654,5249.880933408011,2020-08-06T14:05:20Z,45.51396667,7.80161667,1504.00,47.024
12275,3,4418,9314.310749891654,5250.880933408011,2020-08-06T14:05:21Z,45.51393333,7.80155000,1506.00,47.018
12276,3,4419,9315.310749891654,5251.880933408011,2020-08-06T14:05:22Z,45.51390000,7.80145000,1505.00,47.01
12277,3,4420,9316.310749891654,5252.880933408011,2020-08-06T14:05:23Z,45.51390000,7.80136667,1508.00,47.006
12278,3,4421,9317.310749891654,5253.880933408011,2020-08-06T14:05:24Z,45.51391667,7.80126667,1501.00,47.002
12279,3,4422,9318.310749891654,5254.880933408011,2020-08-06T14:05:25Z,45.51393333,7.80116667,1499.00,46.999
12280,3,4423,9319.310749891654,5255.880933408011,2020-08-06T14:05:26Z,45.51396667,7.80105000,1510.00,46.996
12281,3,4424,9320.310749891654,5256.880933408011,2020-08-06T14:05:27Z,45.51398333,7.80095000,1505.00,46.992
12282,3,4425,9321.310749891654,5257.880933408011,2020-08-06T14:05:28Z,45.51400000,7.80083333,1506.00,46.988
12283,3,4426,9322.310749891654,5258.880933408011,2020-08-06T14:05:29Z,45.51403333,7.80075000,1503.00,46.986
12284,3,4427,9323.310749891654,5259.880933408011,2020-08-06T14:05:30Z,45.51405000,7.80066667,1505.00,46.984
12285,3,4428,9324.310749891654,5260.880933408011,2020-08-06T14:05:31Z,45.51406667,7.80056667,1509.00,46.98
12286,3,4429,9325.310749891654,5261.880933408011,2020-08-06T14:05:32Z,45.51410000,7.80046667,1506.00,46.978
12287,3,4430,9326.310749891654,5262.880933408011,2020-08-06T14:05:33Z,45.51411667,7.80036667,1513.00,46.974
12288,3,4431,9327.310749891654,5263.880933408011,2020-08-06T14:05:34Z,45.51413333,7.80026667,1510.00,46.971
12289,3,4432,9328.310749891654,5264.880933408011,2020-08-06T14:05:35Z,45.51413333,7.80016667,1505.00,46.966
12290,3,4433,9329.310749891654,5265.880933408011,2020-08-06T14:05:36Z,45.51411667,7.80006667,1508.00,46.96
12291,3,4434,9330.310749891654,5266.880933408011,2020-08-06T14:05:37Z,45.51410000,7.79995000,1515.00,46.952
12292,3,4435,9331.310749891654,5267.880933408011,2020-08-06T14:05:38Z,45.51406667,7.79985000,1504.00,46.945
12293,3,4436,9332.310749891654,5268.880933408011,2020-08-06T14:05:39Z,45.51405000,7.79975000,1514.00,46.938
12294,3,4437,9333.310749891654,5269.880933408011,2020-08-06T14:05:40Z,45.51401667,7.79966667,1520.00,46.931
12295,3,4438,9334.310749891654,5270.880933408011,2020-08-06T14:05:41Z,45.51398333,7.79960000,1523.00,46.925
12296,3,4439,9335.310749891654,5271.880933408011,2020-08-06T14:05:42Z,45.51396667,7.79951667,1500.00,46.919
12297,3,4440,9336.310749891654,5272.880933408011,2020-08-06T14:05:43Z,45.51398333,7.79943333,1517.00,46.917
12298,3,4441,9337.310749891654,5273.880933408011,2020-08-06T14:05:44Z,45.51401667,7.79933333,1519.00,46.915
12299,3,4442,9338.310749891654,5274.880933408011,2020-08-06T14:05:45Z,45.51408333,7.79925000,1519.00,46.916
12300,3,4443,9339.310749891654,5275.880933408011,2020-08-06T14:05:46Z,45.51418333,7.79918333,1521.00,46.922
12301,3,4444,9340.310749891654,5276.880933408011,2020-08-06T14:05:47Z,45.51430000,7.79916667,1522.00,46.931
12302,3,4445,9341.310749891654,5277.880933408011,2020-08-06T14:05:48Z,45.51441667,7.79921667,1529.00,46.943
12303,3,4446,9342.310749891654,5278.880933408011,2020-08-06T14:05:49Z,45.51450000,7.79928333,1524.00,46.954
12304,3,4447,9343.310749891654,5279.880933408011,2020-08-06T14:05:50Z,45.51458333,7.79940000,1523.00,46.967
12305,3,4448,9344.310749891654,5280.880933408011,2020-08-06T14:05:51Z,45.51463333,7.79955000,1519.00,46.978
12306,3,4449,9345.310749891654,5281.880933408011,2020-08-06T14:05:52Z,45.51465000,7.79971667,1518.00,46.988
12307,3,4450,9346.310749891654,5282.880933408011,2020-08-06T14:05:53Z,45.51465000,7.79988333,1521.00,46.996
12308,3,4451,9347.310749891654,5283.880933408011,2020-08-06T14:05:54Z,45.51465000,7.80006667,1518.00,47.005
12309,3,4452,9348.310749891654,5284.880933408011,2020-08-06T14:05:55Z,45.51460000,7.80023333,1521.00,47.009
12310,3,4453,9349.310749891654,5285.880933408011,2020-08-06T14:05:56Z,45.51451667,7.80036667,1522.00,47.009
12311,3,4454,9350.310749891654,5286.880933408011,2020-08-06T14:05:57Z,45.51443333,7.80043333,1517.00,47.005
12312,3,4455,9351.310749891654,5287.880933408011,2020-08-06T14:05:58Z,45.51436667,7.80045000,1522.00,47.0
12313,3,4456,9352.310749891654,5288.880933408011,2020-08-06T14:05:59Z,45.51428333,7.80041667,1524.00,46.991
12314,3,4457,9353.310749891654,5289.880933408011,2020-08-06T14:06:00Z,45.51423333,7.80035000,1526.00,46.984
12315,3,4458,9354.310749891654,5290.880933408011,2020-08-06T14:06:01Z,45.51418333,7.80025000,1524.00,46.974
12316,3,4459,9355.310749891654,5291.880933408011,2020-08-06T14:06:02Z,45.51416667,7.80015000,1527.00,46.968
12317,3,4460,9356.310749891654,5292.880933408011,2020-08-06T14:06:03Z,45.51418333,7.80005000,1535.00,46.964
12318,3,4461,9357.310749891654,5293.880933408011,2020-08-06T14:06:04Z,45.51420000,7.79995000,1537.00,46.961
12319,3,4462,9358.310749891654,5294.880933408011,2020-08-06T14:06:05Z,45.51425000,7.79988333,1530.00,46.962
12320,3,4463,9359.310749891654,5295.880933408011,2020-08-06T14:06:06Z,45.51431667,7.79983333,1528.00,46.965
12321,3,4464,9360.310749891654,5296.880933408011,2020-08-06T14:06:07Z,45.51440000,7.79981667,1531.00,46.972
12322,3,4465,9361.310749891654,5297.880933408011,2020-08-06T14:06:08Z,45.51448333,7.79981667,1539.00,46.979
12323,3,4466,9362.310749891654,5298.880933408011,2020-08-06T14:06:09Z,45.51458333,7.79983333,1537.00,46.988
12324,3,4467,9363.310749891654,5299.880933408011,2020-08-06T14:06:10Z,45.51470000,7.79990000,1524.00,47.001
12325,3,4468,9364.310749891654,5300.880933408011,2020-08-06T14:06:11Z,45.51480000,7.80001667,1535.00,47.016
12326,3,4469,9365.310749891654,5301.880933408011,2020-08-06T14:06:12Z,45.51486667,7.80013333,1529.00,47.027
12327,3,4470,9366.310749891654,5302.880933408011,2020-08-06T14:06:13Z,45.51491667,7.80030000,1535.00,47.04
12328,3,4471,9367.310749891654,5303.880933408011,2020-08-06T14:06:14Z,45.51495000,7.80046667,1533.00,47.051
12329,3,4472,9368.310749891654,5304.880933408011,2020-08-06T14:06:15Z,45.51495000,7.80063333,1518.00,47.059
12330,3,4473,9369.310749891654,5305.880933408011,2020-08-06T14:06:16Z,45.51491667,7.80080000,1532.00,47.065
12331,3,4474,9370.310749891654,5306.880933408011,2020-08-06T14:06:17Z,45.51486667,7.80093333,1533.00,47.067
12332,3,4475,9371.310749891654,5307.880933408011,2020-08-06T14:06:18Z,45.51478333,7.80106667,1531.00,47.066
12333,3,4476,9372.310749891654,5308.880933408011,2020-08-06T14:06:19Z,45.51470000,7.80116667,1535.00,47.064
12334,3,4477,9373.310749891654,5309.880933408011,2020-08-06T14:06:20Z,45.51461667,7.80123333,1530.00,47.06
12335,3,4478,9374.310749891654,5310.880933408011,2020-08-06T14:06:21Z,45.51453333,7.80128333,1539.00,47.056
12336,3,4479,9375.310749891654,5311.880933408011,2020-08-06T14:06:22Z,45.51446667,7.80130000,1528.00,47.051
12337,3,4480,9376.310749891654,5312.880933408011,2020-08-06T14:06:23Z,45.51440000,7.80128333,1532.00,47.044
12338,3,4481,9377.310749891654,5313.880933408011,2020-08-06T14:06:24Z,45.51433333,7.80123333,1526.00,47.036
12339,3,4482,9378.310749891654,5314.880933408011,2020-08-06T14:06:25Z,45.51426667,7.80115000,1535.00,47.026
12340,3,4483,9379.310749891654,5315.880933408011,2020-08-06T14:06:26Z,45.51421667,7.80105000,1536.00,47.017
12341,3,4484,9380.310749891654,5316.880933408011,2020-08-06T14:06:27Z,45.51416667,7.80096667,1555.00,47.009
12342,3,4485,9381.310749891654,5317.880933408011,2020-08-06T14:06:28Z,45.51411667,7.80088333,1551.00,47.0
12343,3,4486,9382.310749891654,5318.880933408011,2020-08-06T14:06:29Z,45.51408333,7.80081667,1540.00,46.994
12344,3,4487,9383.310749891654,5319.880933408011,2020-08-06T14:06:30Z,45.51406667,7.80075000,1542.00,46.989
12345,3,4488,9384.310749891654,5320.880933408011,2020-08-06T14:06:31Z,45.51405000,7.80068333,1537.00,46.985
12346,3,4489,9385.310749891654,5321.880933408011,2020-08-06T14:06:32Z,45.51403333,7.80063333,1547.00,46.981
12347,3,4490,9386.310749891654,5322.880933408011,2020-08-06T14:06:33Z,45.51401667,7.80055000,1525.00,46.975
12348,3,4491,9387.310749891654,5323.880933408011,2020-08-06T14:06:34Z,45.51400000,7.80046667,1536.00,46.969
12349,3,4492,9388.310749891654,5324.880933408011,2020-08-06T14:06:35Z,45.51396667,7.80035000,1533.00,46.961
12350,3,4493,9389.310749891654,5325.880933408011,2020-08-06T14:06:36Z,45.51393333,7.80023333,1525.00,46.952
12351,3,4494,9390.310749891654,5326.880933408011,2020-08-06T14:06:37Z,45.51391667,7.80010000,1532.00,46.944
12352,3,4495,9391.310749891654,5327.880933408011,2020-08-06T14:06:38Z,45.51390000,7.79998333,1523.00,46.937
12353,3,4496,9392.310749891654,5328.880933408011,2020-08-06T14:06:39Z,45.51386667,7.79988333,1527.00,46.929
12354,3,4497,9393.310749891654,5329.880933408011,2020-08-06T14:06:40Z,45.51383333,7.79978333,1529.00,46.921
12355,3,4498,9394.310749891654,5330.880933408011,2020-08-06T14:06:41Z,45.51381667,7.79966667,1522.00,46.914
12356,3,4499,9395.310749891654,5331.880933408011,2020-08-06T14:06:42Z,45.51378333,7.79953333,1510.00,46.905
12357,3,4500,9396.310749891654,5332.880933408011,2020-08-06T14:06:43Z,45.51375000,7.79941667,1512.00,46.896
12358,3,4501,9397.310749891654,5333.880933408011,2020-08-06T14:06:44Z,45.51373333,7.79928333,1520.00,46.888
12359,3,4502,9398.310749891654,5334.880933408011,2020-08-06T14:06:45Z,45.51370000,7.79916667,1509.00,46.879
12360,3,4503,9399.310749891654,5335.880933408011,2020-08-06T14:06:46Z,45.51366667,7.79905000,1507.00,46.871
12361,3,4504,9400.310749891654,5336.880933408011,2020-08-06T14:06:47Z,45.51363333,7.79895000,1504.00,46.863
12362,3,4505,9401.310749891654,5337.880933408011,2020-08-06T14:06:48Z,45.51360000,7.79883333,1498.00,46.854
12363,3,4506,9402.310749891654,5338.880933408011,2020-08-06T14:06:49Z,45.51356667,7.79871667,1496.00,46.845
12364,3,4507,9403.310749891654,5339.880933408011,2020-08-06T14:06:50Z,45.51355000,7.79860000,1493.00,46.838
12365,3,4508,9404.310749891654,5340.880933408011,2020-08-06T14:06:51Z,45.51353333,7.79846667,1491.00,46.83
12366,3,4509,9405.310749891654,5341.880933408011,2020-08-06T14:06:52Z,45.51350000,7.79835000,1489.00,46.822
12367,3,4510,9406.310749891654,5342.880933408011,2020-08-06T14:06:53Z,45.51348333,7.79823333,1490.00,46.814
12368,3,4511,9407.310749891654,5343.880933408011,2020-08-06T14:06:54Z,45.51346667,7.79811667,1488.00,46.807
12369,3,4512,9408.310749891654,5344.880933408011,2020-08-06T14:06:55Z,45.51343333,7.79801667,1483.00,46.799
12370,3,4513,9409.310749891654,5345.880933408011,2020-08-06T14:06:56Z,45.51341667,7.79790000,1482.00,46.792
12371,3,4514,9410.310749891654,5346.880933408011,2020-08-06T14:06:57Z,45.51340000,7.79776667,1481.00,46.784
12372,3,4515,9411.310749891654,5347.880933408011,2020-08-06T14:06:58Z,45.51336667,7.79765000,1481.00,46.776
12373,3,4516,9412.310749891654,5348.880933408011,2020-08-06T14:06:59Z,45.51335000,7.79751667,1478.00,46.768
12374,3,4517,9413.310749891654,5349.880933408011,2020-08-06T14:07:00Z,45.51333333,7.79740000,1477.00,46.76
12375,3,4518,9414.310749891654,5350.880933408011,2020-08-06T14:07:01Z,45.51330000,7.79728333,1472.00,46.752
12376,3,4519,9415.310749891654,5351.880933408011,2020-08-06T14:07:02Z,45.51328333,7.79716667,1474.00,46.744
12377,3,4520,9416.310749891654,5352.880933408011,2020-08-06T14:07:03Z,45.51326667,7.79705000,1477.00,46.737
12378,3,4521,9417.310749891654,5353.880933408011,2020-08-06T14:07:04Z,45.51323333,7.79695000,1469.00,46.73
12379,3,4522,9418.310749891654,5354.880933408011,2020-08-06T14:07:05Z,45.51321667,7.79683333,1473.00,46.722
12380,3,4523,9419.310749891654,5355.880933408011,2020-08-06T14:07:06Z,45.51318333,7.79673333,1472.00,46.715
12381,3,4524,9420.310749891654,5356.880933408011,2020-08-06T14:07:07Z,45.51316667,7.79661667,1469.00,46.707
12382,3,4525,9421.310749891654,5357.880933408011,2020-08-06T14:07:08Z,45.51313333,7.79648333,1461.00,46.698
12383,3,4526,9422.310749891654,5358.880933408011,2020-08-06T14:07:09Z,45.51311667,7.79635000,1460.00,46.69
12384,3,4527,9423.310749891654,5359.880933408011,2020-08-06T14:07:10Z,45.51308333,7.79620000,1464.00,46.68
12385,3,4528,9424.310749891654,5360.880933408011,2020-08-06T14:07:11Z,45.51306667,7.79606667,1458.00,46.672
12386,3,4529,9425.310749891654,5361.880933408011,2020-08-06T14:07:12Z,45.51303333,7.79595000,1458.00,46.663
12387,3,4530,9426.310749891654,5362.880933408011,2020-08-06T14:07:13Z,45.51301667,7.79583333,1457.00,46.656
12388,3,4531,9427.310749891654,5363.880933408011,2020-08-06T14:07:14Z,45.51300000,7.79571667,1455.00,46.649
12389,3,4532,9428.310749891654,5364.880933408011,2020-08-06T14:07:15Z,45.51298333,7.79561667,1460.00,46.642
12390,3,4533,9429.310749891654,5365.880933408011,2020-08-06T14:07:16Z,45.51296667,7.79550000,1461.00,46.635
12391,3,4534,9430.310749891654,5366.880933408011,2020-08-06T14:07:17Z,45.51295000,7.79538333,1452.00,46.628
12392,3,4535,9431.310749891654,5367.880933408011,2020-08-06T14:07:18Z,45.51293333,7.79525000,1451.00,46.62
12393,3,4536,9432.310749891654,5368.880933408011,2020-08-06T14:07:19Z,45.51291667,7.79511667,1450.00,46.612
12394,3,4537,9433.310749891654,5369.880933408011,2020-08-06T14:07:20Z,45.51290000,7.79500000,1454.00,46.605
12395,3,4538,9434.310749891654,5370.880933408011,2020-08-06T14:07:21Z,45.51288333,7.79488333,1452.00,46.598
12396,3,4539,9435.310749891654,5371.880933408011,2020-08-06T14:07:22Z,45.51285000,7.79478333,1447.00,46.59
12397,3,4540,9436.310749891654,5372.880933408011,2020-08-06T14:07:23Z,45.51285000,7.79466667,1453.00,46.584
12398,3,4541,9437.310749891654,5373.880933408011,2020-08-06T14:07:24Z,45.51283333,7.79455000,1440.00,46.577
12399,3,4542,9438.310749891654,5374.880933408011,2020-08-06T14:07:25Z,45.51280000,7.79441667,1436.00,46.567
12400,3,4543,9439.310749891654,5375.880933408011,2020-08-06T14:07:26Z,45.51278333,7.79426667,1447.00,46.559
12401,3,4544,9440.310749891654,5376.880933408011,2020-08-06T14:07:27Z,45.51276667,7.79413333,1446.00,46.551
12402,3,4545,9441.310749891654,5377.880933408011,2020-08-06T14:07:28Z,45.51276667,7.79400000,1440.00,46.544
12403,3,4546,9442.310749891654,5378.880933408011,2020-08-06T14:07:29Z,45.51275000,7.79388333,1442.00,46.537
12404,3,4547,9443.310749891654,5379.880933408011,2020-08-06T14:07:30Z,45.51275000,7.79376667,1441.00,46.531
12405,3,4548,9444.310749891654,5380.880933408011,2020-08-06T14:07:31Z,45.51273333,7.79363333,1442.00,46.523
12406,3,4549,9445.310749891654,5381.880933408011,2020-08-06T14:07:32Z,45.51271667,7.79350000,1441.00,46.515
12407,3,4550,9446.310749891654,5382.880933408011,2020-08-06T14:07:33Z,45.51270000,7.79336667,1434.00,46.507
12408,3,4551,9447.310749891654,5383.880933408011,2020-08-06T14:07:34Z,45.51268333,7.79321667,1433.00,46.499
12409,3,4552,9448.310749891654,5384.880933408011,2020-08-06T14:07:35Z,45.51265000,7.79306667,1440.00,46.488
12410,3,4553,9449.310749891654,5385.880933408011,2020-08-06T14:07:36Z,45.51263333,7.79293333,1431.00,46.48
12411,3,4554,9450.310749891654,5386.880933408011,2020-08-06T14:07:37Z,45.51261667,7.79280000,1428.00,46.472
12412,3,4555,9451.310749891654,5387.880933408011,2020-08-06T14:07:38Z,45.51260000,7.79266667,1436.00,46.465
12413,3,4556,9452.310749891654,5388.880933408011,2020-08-06T14:07:39Z,45.51258333,7.79253333,1432.00,46.457
12414,3,4557,9453.310749891654,5389.880933408011,2020-08-06T14:07:40Z,45.51255000,7.79240000,1426.00,46.447
12415,3,4558,9454.310749891654,5390.880933408011,2020-08-06T14:07:41Z,45.51253333,7.79226667,1426.00,46.439
12416,3,4559,9455.310749891654,5391.880933408011,2020-08-06T14:07:42Z,45.51251667,7.79215000,1422.00,46.432
12417,3,4560,9456.310749891654,5392.880933408011,2020-08-06T14:07:43Z,45.51248333,7.79201667,1420.00,46.423
12418,3,4561,9457.310749891654,5393.880933408011,2020-08-06T14:07:44Z,45.51245000,7.79190000,1424.00,46.414
12419,3,4562,9458.310749891654,5394.880933408011,2020-08-06T14:07:45Z,45.51243333,7.79178333,1422.00,46.407
12420,3,4563,9459.310749891654,5395.880933408011,2020-08-06T14:07:46Z,45.51240000,7.79168333,1414.00,46.399
12421,3,4564,9460.310749891654,5396.880933408011,2020-08-06T14:07:47Z,45.51236667,7.79156667,1415.00,46.391
12422,3,4565,9461.310749891654,5397.880933408011,2020-08-06T14:07:48Z,45.51233333,7.79143333,1414.00,46.381
12423,3,4566,9462.310749891654,5398.880933408011,2020-08-06T14:07:49Z,45.51231667,7.79130000,1405.00,46.373
12424,3,4567,9463.310749891654,5399.880933408011,2020-08-06T14:07:50Z,45.51230000,7.79115000,1416.00,46.365
12425,3,4568,9464.310749891654,5400.880933408011,2020-08-06T14:07:51Z,45.51228333,7.79101667,1412.00,46.357
12426,3,4569,9465.310749891654,5401.880933408011,2020-08-06T14:07:52Z,45.51226667,7.79090000,1411.00,46.349
12427,3,4570,9466.310749891654,5402.880933408011,2020-08-06T14:07:53Z,45.51226667,7.79078333,1415.00,46.344
12428,3,4571,9467.310749891654,5403.880933408011,2020-08-06T14:07:54Z,45.51225000,7.79066667,1415.00,46.337
12429,3,4572,9468.310749891654,5404.880933408011,2020-08-06T14:07:55Z,45.51221667,7.79055000,1419.00,46.328
12430,3,4573,9469.310749891654,5405.880933408011,2020-08-06T14:07:56Z,45.51220000,7.79041667,1409.00,46.32
12431,3,4574,9470.310749891654,5406.880933408011,2020-08-06T14:07:57Z,45.51218333,7.79028333,1411.00,46.312
12432,3,4575,9471.310749891654,5407.880933408011,2020-08-06T14:07:58Z,45.51216667,7.79015000,1405.00,46.304
12433,3,4576,9472.310749891654,5408.880933408011,2020-08-06T14:07:59Z,45.51213333,7.79001667,1410.00,46.295
12434,3,4577,9473.310749891654,5409.880933408011,2020-08-06T14:08:00Z,45.51211667,7.78988333,1411.00,46.287
12435,3,4578,9474.310749891654,5410.880933408011,2020-08-06T14:08:01Z,45.51208333,7.78975000,1407.00,46.278
12436,3,4579,9475.310749891654,5411.880933408011,2020-08-06T14:08:02Z,45.51205000,7.78960000,1402.00,46.267
12437,3,4580,9476.310749891654,5412.880933408011,2020-08-06T14:08:03Z,45.51203333,7.78946667,1407.00,46.26
12438,3,4581,9477.310749891654,5413.880933408011,2020-08-06T14:08:04Z,45.51200000,7.78933333,1407.00,46.25
12439,3,4582,9478.310749891654,5414.880933408011,2020-08-06T14:08:05Z,45.51198333,7.78921667,1405.00,46.243
12440,3,4583,9479.310749891654,5415.880933408011,2020-08-06T14:08:06Z,45.51196667,7.78910000,1404.00,46.236
12441,3,4584,9480.310749891654,5416.880933408011,2020-08-06T14:08:07Z,45.51195000,7.78896667,1403.00,46.228
12442,3,4585,9481.310749891654,5417.880933408011,2020-08-06T14:08:08Z,45.51191667,7.78883333,1397.00,46.219
12443,3,4586,9482.310749891654,5418.880933408011,2020-08-06T14:08:09Z,45.51188333,7.78868333,1399.00,46.208
12444,3,4587,9483.310749891654,5419.880933408011,2020-08-06T14:08:10Z,45.51186667,7.78855000,1402.00,46.201
12445,3,4588,9484.310749891654,5420.880933408011,2020-08-06T14:08:11Z,45.51183333,7.78841667,1394.00,46.191
12446,3,4589,9485.310749891654,5421.880933408011,2020-08-06T14:08:12Z,45.51183333,7.78828333,1395.00,46.185
12447,3,4590,9486.310749891654,5422.880933408011,2020-08-06T14:08:13Z,45.51180000,7.78816667,1402.00,46.176
12448,3,4591,9487.310749891654,5423.880933408011,2020-08-06T14:08:14Z,45.51178333,7.78805000,1399.00,46.169
12449,3,4592,9488.310749891654,5424.880933408011,2020-08-06T14:08:15Z,45.51176667,7.78793333,1380.00,46.162
12450,3,4593,9489.310749891654,5425.880933408011,2020-08-06T14:08:16Z,45.51175000,7.78780000,1394.00,46.154
12451,3,4594,9490.310749891654,5426.880933408011,2020-08-06T14:08:17Z,45.51173333,7.78768333,1393.00,46.147
12452,3,4595,9491.310749891654,5427.880933408011,2020-08-06T14:08:18Z,45.51170000,7.78756667,1396.00,46.139
12453,3,4596,9492.310749891654,5428.880933408011,2020-08-06T14:08:19Z,45.51168333,7.78745000,1389.00,46.131
12454,3,4597,9493.310749891654,5429.880933408011,2020-08-06T14:08:20Z,45.51165000,7.78733333,1386.00,46.123
12455,3,4598,9494.310749891654,5430.880933408011,2020-08-06T14:08:21Z,45.51163333,7.78720000,1386.00,46.115
12456,3,4599,9495.310749891654,5431.880933408011,2020-08-06T14:08:22Z,45.51160000,7.78705000,1387.00,46.105
12457,3,4600,9496.310749891654,5432.880933408011,2020-08-06T14:08:23Z,45.51156667,7.78691667,1381.00,46.096
12458,3,4601,9497.310749891654,5433.880933408011,2020-08-06T14:08:24Z,45.51153333,7.78676667,1394.00,46.085
12459,3,4602,9498.310749891654,5434.880933408011,2020-08-06T14:08:25Z,45.51151667,7.78663333,1372.00,46.077
12460,3,4603,9499.310749891654,5435.880933408011,2020-08-06T14:08:26Z,45.51151667,7.78650000,1377.00,46.071
12461,3,4604,9500.310749891654,5436.880933408011,2020-08-06T14:08:27Z,45.51150000,7.78636667,1391.00,46.063
12462,3,4605,9501.310749891654,5437.880933408011,2020-08-06T14:08:28Z,45.51150000,7.78623333,1383.00,46.057
12463,3,4606,9502.310749891654,5438.880933408011,2020-08-06T14:08:29Z,45.51148333,7.78611667,1383.00,46.05
12464,3,4607,9503.310749891654,5439.880933408011,2020-08-06T14:08:30Z,45.51146667,7.78600000,1380.00,46.043
12465,3,4608,9504.310749891654,5440.880933408011,2020-08-06T14:08:31Z,45.51145000,7.78585000,1378.00,46.034
12466,3,4609,9505.310749891654,5441.880933408011,2020-08-06T14:08:32Z,45.51143333,7.78570000,1378.00,46.025
12467,3,4610,9506.310749891654,5442.880933408011,2020-08-06T14:08:33Z,45.51140000,7.78553333,1377.00,46.014
12468,3,4611,9507.310749891654,5443.880933408011,2020-08-06T14:08:34Z,45.51138333,7.78538333,1382.00,46.006
12469,3,4612,9508.310749891654,5444.880933408011,2020-08-06T14:08:35Z,45.51136667,7.78525000,1392.00,45.998
12470,3,4613,9509.310749891654,5445.880933408011,2020-08-06T14:08:36Z,45.51136667,7.78513333,1386.00,45.992
12471,3,4614,9510.310749891654,5446.880933408011,2020-08-06T14:08:37Z,45.51138333,7.78503333,1360.00,45.989
12472,3,4615,9511.310749891654,5447.880933408011,2020-08-06T14:08:38Z,45.51136667,7.78495000,1383.00,45.983
12473,3,4616,9512.310749891654,5448.880933408011,2020-08-06T14:08:39Z,45.51135000,7.78483333,1383.00,45.976
12474,3,4617,9513.310749891654,5449.880933408011,2020-08-06T14:08:40Z,45.51131667,7.78471667,1377.00,45.968
12475,3,4618,9514.310749891654,5450.880933408011,2020-08-06T14:08:41Z,45.51130000,7.78456667,1391.00,45.959
12476,3,4619,9515.310749891654,5451.880933408011,2020-08-06T14:08:42Z,45.51130000,7.78443333,1377.00,45.953
12477,3,4620,9516.310749891654,5452.880933408011,2020-08-06T14:08:43Z,45.51130000,7.78430000,1401.00,45.946
12478,3,4621,9517.310749891654,5453.880933408011,2020-08-06T14:08:44Z,45.51130000,7.78418333,1387.00,45.941
12479,3,4622,9518.310749891654,5454.880933408011,2020-08-06T14:08:45Z,45.51128333,7.78406667,1400.00,45.934
12480,3,4623,9519.310749891654,5455.880933408011,2020-08-06T14:08:46Z,45.51126667,7.78395000,1385.00,45.927
12481,3,4624,9520.310749891654,5456.880933408011,2020-08-06T14:08:47Z,45.51125000,7.78383333,1407.00,45.92
12482,3,4625,9521.310749891654,5457.880933408011,2020-08-06T14:08:48Z,45.51125000,7.78370000,1372.00,45.913
12483,3,4626,9522.310749891654,5458.880933408011,2020-08-06T14:08:49Z,45.51128333,7.78358333,1378.00,45.911
12484,3,4627,9523.310749891654,5459.880933408011,2020-08-06T14:08:50Z,45.51133333,7.78346667,1392.00,45.909
12485,3,4628,9524.310749891654,5460.880933408011,2020-08-06T14:08:51Z,45.51141667,7.78338333,1401.00,45.913
12486,3,4629,9525.310749891654,5461.880933408011,2020-08-06T14:08:52Z,45.51151667,7.78333333,1404.00,45.919
12487,3,4630,9526.310749891654,5462.880933408011,2020-08-06T14:08:53Z,45.51163333,7.78333333,1409.00,45.929
12488,3,4631,9527.310749891654,5463.880933408011,2020-08-06T14:08:54Z,45.51171667,7.78338333,1403.00,45.939
12489,3,4632,9528.310749891654,5464.880933408011,2020-08-06T14:08:55Z,45.51180000,7.78348333,1414.00,45.951
12490,3,4633,9529.310749891654,5465.880933408011,2020-08-06T14:08:56Z,45.51185000,7.78360000,1397.00,45.961
12491,3,4634,9530.310749891654,5466.880933408011,2020-08-06T14:08:57Z,45.51186667,7.78375000,1408.00,45.97
12492,3,4635,9531.310749891654,5467.880933408011,2020-08-06T14:08:58Z,45.51186667,7.78388333,1410.00,45.976
12493,3,4636,9532.310749891654,5468.880933408011,2020-08-06T14:08:59Z,45.51183333,7.78400000,1413.00,45.979
12494,3,4637,9533.310749891654,5469.880933408011,2020-08-06T14:09:00Z,45.51178333,7.78410000,1403.00,45.979
12495,3,4638,9534.310749891654,5470.880933408011,2020-08-06T14:09:01Z,45.51170000,7.78416667,1408.00,45.975
12496,3,4639,9535.310749891654,5471.880933408011,2020-08-06T14:09:02Z,45.51161667,7.78420000,1422.00,45.969
12497,3,4640,9536.310749891654,5472.880933408011,2020-08-06T14:09:03Z,45.51153333,7.78425000,1415.00,45.965
12498,3,4641,9537.310749891654,5473.880933408011,2020-08-06T14:09:04Z,45.51145000,7.78428333,1413.00,45.959
12499,3,4642,9538.310749891654,5474.880933408011,2020-08-06T14:09:05Z,45.51136667,7.78431667,1421.00,45.953
12500,3,4643,9539.310749891654,5475.880933408011,2020-08-06T14:09:06Z,45.51130000,7.78433333,1413.00,45.948
12501,3,4644,9540.310749891654,5476.880933408011,2020-08-06T14:09:07Z,45.51121667,7.78433333,1415.00,45.941
12502,3,4645,9541.310749891654,5477.880933408011,2020-08-06T14:09:08Z,45.51115000,7.78430000,1422.00,45.933
12503,3,4646,9542.310749891654,5478.880933408011,2020-08-06T14:09:09Z,45.51111667,7.78425000,1421.00,45.928
12504,3,4647,9543.310749891654,5479.880933408011,2020-08-06T14:09:10Z,45.51108333,7.78416667,1424.00,45.921
12505,3,4648,9544.310749891654,5480.880933408011,2020-08-06T14:09:11Z,45.51106667,7.78406667,1421.00,45.915
12506,3,4649,9545.310749891654,5481.880933408011,2020-08-06T14:09:12Z,45.51105000,7.78395000,1425.00,45.908
12507,3,4650,9546.310749891654,5482.880933408011,2020-08-06T14:09:13Z,45.51103333,7.78383333,1417.00,45.901
12508,3,4651,9547.310749891654,5483.880933408011,2020-08-06T14:09:14Z,45.51105000,7.78371667,1436.00,45.897
12509,3,4652,9548.310749891654,5484.880933408011,2020-08-06T14:09:15Z,45.51108333,7.78363333,1417.00,45.896
12510,3,4653,9549.310749891654,5485.880933408011,2020-08-06T14:09:16Z,45.51113333,7.78356667,1427.00,45.897
12511,3,4654,9550.310749891654,5486.880933408011,2020-08-06T14:09:17Z,45.51121667,7.78351667,1435.00,45.902
12512,3,4655,9551.310749891654,5487.880933408011,2020-08-06T14:09:18Z,45.51130000,7.78348333,1442.00,45.907
12513,3,4656,9552.310749891654,5488.880933408011,2020-08-06T14:09:19Z,45.51138333,7.78346667,1437.00,45.914
12514,3,4657,9553.310749891654,5489.880933408011,2020-08-06T14:09:20Z,45.51148333,7.78348333,1442.00,45.923
12515,3,4658,9554.310749891654,5490.880933408011,2020-08-06T14:09:21Z,45.51156667,7.78356667,1439.00,45.935
12516,3,4659,9555.310749891654,5491.880933408011,2020-08-06T14:09:22Z,45.51165000,7.78368333,1446.00,45.948
12517,3,4660,9556.310749891654,5492.880933408011,2020-08-06T14:09:23Z,45.51166667,7.78383333,1441.00,45.956
12518,3,4661,9557.310749891654,5493.880933408011,2020-08-06T14:09:24Z,45.51165000,7.78398333,1441.00,45.962
12519,3,4662,9558.310749891654,5494.880933408011,2020-08-06T14:09:25Z,45.51158333,7.78408333,1451.00,45.961
12520,3,4663,9559.310749891654,5495.880933408011,2020-08-06T14:09:26Z,45.51148333,7.78413333,1435.00,45.955
12521,3,4664,9560.310749891654,5496.880933408011,2020-08-06T14:09:27Z,45.51138333,7.78413333,1442.00,45.946
12522,3,4665,9561.310749891654,5497.880933408011,2020-08-06T14:09:28Z,45.51130000,7.78413333,1464.00,45.938
12523,3,4666,9562.310749891654,5498.880933408011,2020-08-06T14:09:29Z,45.51123333,7.78416667,1458.00,45.934
12524,3,4667,9563.310749891654,5499.880933408011,2020-08-06T14:09:30Z,45.51118333,7.78418333,1469.00,45.931
12525,3,4668,9564.310749891654,5500.880933408011,2020-08-06T14:09:31Z,45.51111667,7.78420000,1451.00,45.926
12526,3,4669,9565.310749891654,5501.880933408011,2020-08-06T14:09:32Z,45.51105000,7.78418333,1447.00,45.919
12527,3,4670,9566.310749891654,5502.880933408011,2020-08-06T14:09:33Z,45.51098333,7.78411667,1466.00,45.91
12528,3,4671,9567.310749891654,5503.880933408011,2020-08-06T14:09:34Z,45.51095000,7.78400000,1449.00,45.901
12529,3,4672,9568.310749891654,5504.880933408011,2020-08-06T14:09:35Z,45.51098333,7.78386667,1461.00,45.898
12530,3,4673,9569.310749891654,5505.880933408011,2020-08-06T14:09:36Z,45.51105000,7.78375000,1459.00,45.898
12531,3,4674,9570.310749891654,5506.880933408011,2020-08-06T14:09:37Z,45.51115000,7.78371667,1466.00,45.905
12532,3,4675,9571.310749891654,5507.880933408011,2020-08-06T14:09:38Z,45.51126667,7.78373333,1471.00,45.916
12533,3,4676,9572.310749891654,5508.880933408011,2020-08-06T14:09:39Z,45.51136667,7.78378333,1472.00,45.928
12534,3,4677,9573.310749891654,5509.880933408011,2020-08-06T14:09:40Z,45.51145000,7.78390000,1474.00,45.94
12535,3,4678,9574.310749891654,5510.880933408011,2020-08-06T14:09:41Z,45.51148333,7.78401667,1473.00,45.949
12536,3,4679,9575.310749891654,5511.880933408011,2020-08-06T14:09:42Z,45.51150000,7.78413333,1468.00,45.956
12537,3,4680,9576.310749891654,5512.880933408011,2020-08-06T14:09:43Z,45.51150000,7.78426667,1484.00,45.962
12538,3,4681,9577.310749891654,5513.880933408011,2020-08-06T14:09:44Z,45.51148333,7.78438333,1477.00,45.966
12539,3,4682,9578.310749891654,5514.880933408011,2020-08-06T14:09:45Z,45.51146667,7.78450000,1488.00,45.971
12540,3,4683,9579.310749891654,5515.880933408011,2020-08-06T14:09:46Z,45.51141667,7.78460000,1487.00,45.971
12541,3,4684,9580.310749891654,5516.880933408011,2020-08-06T14:09:47Z,45.51136667,7.78466667,1474.00,45.97
12542,3,4685,9581.310749891654,5517.880933408011,2020-08-06T14:09:48Z,45.51130000,7.78468333,1490.00,45.965
12543,3,4686,9582.310749891654,5518.880933408011,2020-08-06T14:09:49Z,45.51121667,7.78466667,1485.00,45.957
12544,3,4687,9583.310749891654,5519.880933408011,2020-08-06T14:09:50Z,45.51115000,7.78461667,1483.00,45.948
12545,3,4688,9584.310749891654,5520.880933408011,2020-08-06T14:09:51Z,45.51111667,7.78455000,1489.00,45.942
12546,3,4689,9585.310749891654,5521.880933408011,2020-08-06T14:09:52Z,45.51108333,7.78445000,1492.00,45.935
12547,3,4690,9586.310749891654,5522.880933408011,2020-08-06T14:09:53Z,45.51108333,7.78435000,1476.00,45.93
12548,3,4691,9587.310749891654,5523.880933408011,2020-08-06T14:09:54Z,45.51113333,7.78425000,1486.00,45.929
12549,3,4692,9588.310749891654,5524.880933408011,2020-08-06T14:09:55Z,45.51120000,7.78416667,1489.00,45.931
12550,3,4693,9589.310749891654,5525.880933408011,2020-08-06T14:09:56Z,45.51128333,7.78413333,1478.00,45.937
12551,3,4694,9590.310749891654,5526.880933408011,2020-08-06T14:09:57Z,45.51140000,7.78416667,1488.00,45.949
12552,3,4695,9591.310749891654,5527.880933408011,2020-08-06T14:09:58Z,45.51148333,7.78423333,1479.00,45.959
12553,3,4696,9592.310749891654,5528.880933408011,2020-08-06T14:09:59Z,45.51155000,7.78435000,1491.00,45.971
12554,3,4697,9593.310749891654,5529.880933408011,2020-08-06T14:10:00Z,45.51161667,7.78448333,1505.00,45.983
12555,3,4698,9594.310749891654,5530.880933408011,2020-08-06T14:10:01Z,45.51166667,7.78461667,1493.00,45.994
12556,3,4699,9595.310749891654,5531.880933408011,2020-08-06T14:10:02Z,45.51171667,7.78475000,1511.00,46.005
12557,3,4700,9596.310749891654,5532.880933408011,2020-08-06T14:10:03Z,45.51173333,7.78488333,1497.00,46.012
12558,3,4701,9597.310749891654,5533.880933408011,2020-08-06T14:10:04Z,45.51173333,7.78501667,1506.00,46.019
12559,3,4702,9598.310749891654,5534.880933408011,2020-08-06T14:10:05Z,45.51171667,7.78513333,1492.00,46.023
12560,3,4703,9599.310749891654,5535.880933408011,2020-08-06T14:10:06Z,45.51166667,7.78523333,1507.00,46.023
12561,3,4704,9600.310749891654,5536.880933408011,2020-08-06T14:10:07Z,45.51161667,7.78533333,1498.00,46.024
12562,3,4705,9601.310749891654,5537.880933408011,2020-08-06T14:10:08Z,45.51155000,7.78541667,1503.00,46.022
12563,3,4706,9602.310749891654,5538.880933408011,2020-08-06T14:10:09Z,45.51148333,7.78543333,1504.00,46.017
12564,3,4707,9603.310749891654,5539.880933408011,2020-08-06T14:10:10Z,45.51141667,7.78540000,1499.00,46.009
12565,3,4708,9604.310749891654,5540.880933408011,2020-08-06T14:10:11Z,45.51135000,7.78533333,1494.00,46.0
12566,3,4709,9605.310749891654,5541.880933408011,2020-08-06T14:10:12Z,45.51131667,7.78523333,1499.00,45.993
12567,3,4710,9606.310749891654,5542.880933408011,2020-08-06T14:10:13Z,45.51128333,7.78513333,1504.00,45.985
12568,3,4711,9607.310749891654,5543.880933408011,2020-08-06T14:10:14Z,45.51128333,7.78501667,1501.00,45.979
12569,3,4712,9608.310749891654,5544.880933408011,2020-08-06T14:10:15Z,45.51128333,7.78490000,1499.00,45.974
12570,3,4713,9609.310749891654,5545.880933408011,2020-08-06T14:10:16Z,45.51128333,7.78480000,1508.00,45.969
12571,3,4714,9610.310749891654,5546.880933408011,2020-08-06T14:10:17Z,45.51126667,7.78471667,1497.00,45.963
12572,3,4715,9611.310749891654,5547.880933408011,2020-08-06T14:10:18Z,45.51126667,7.78463333,1494.00,45.959
12573,3,4716,9612.310749891654,5548.880933408011,2020-08-06T14:10:19Z,45.51128333,7.78455000,1492.00,45.957
12574,3,4717,9613.310749891654,5549.880933408011,2020-08-06T14:10:20Z,45.51130000,7.78446667,1500.00,45.954
12575,3,4718,9614.310749891654,5550.880933408011,2020-08-06T14:10:21Z,45.51135000,7.78438333,1509.00,45.955
12576,3,4719,9615.310749891654,5551.880933408011,2020-08-06T14:10:22Z,45.51143333,7.78433333,1502.00,45.96
12577,3,4720,9616.310749891654,5552.880933408011,2020-08-06T14:10:23Z,45.51153333,7.78433333,1517.00,45.968
12578,3,4721,9617.310749891654,5553.880933408011,2020-08-06T14:10:24Z,45.51163333,7.78438333,1511.00,45.98
12579,3,4722,9618.310749891654,5554.880933408011,2020-08-06T14:10:25Z,45.51170000,7.78448333,1513.00,45.99
12580,3,4723,9619.310749891654,5555.880933408011,2020-08-06T14:10:26Z,45.51175000,7.78461667,1503.00,46.001
12581,3,4724,9620.310749891654,5556.880933408011,2020-08-06T14:10:27Z,45.51175000,7.78476667,1512.00,46.008
12582,3,4725,9621.310749891654,5557.880933408011,2020-08-06T14:10:28Z,45.51170000,7.78491667,1513.00,46.011
12583,3,4726,9622.310749891654,5558.880933408011,2020-08-06T14:10:29Z,45.51163333,7.78503333,1513.00,46.011
12584,3,4727,9623.310749891654,5559.880933408011,2020-08-06T14:10:30Z,45.51155000,7.78511667,1504.00,46.007
12585,3,4728,9624.310749891654,5560.880933408011,2020-08-06T14:10:31Z,45.51146667,7.78513333,1514.00,46.001
12586,3,4729,9625.310749891654,5561.880933408011,2020-08-06T14:10:32Z,45.51140000,7.78511667,1509.00,45.994
12587,3,4730,9626.310749891654,5562.880933408011,2020-08-06T14:10:33Z,45.51135000,7.78506667,1518.00,45.988
12588,3,4731,9627.310749891654,5563.880933408011,2020-08-06T14:10:34Z,45.51131667,7.78498333,1523.00,45.981
12589,3,4732,9628.310749891654,5564.880933408011,2020-08-06T14:10:35Z,45.51128333,7.78488333,1521.00,45.973
12590,3,4733,9629.310749891654,5565.880933408011,2020-08-06T14:10:36Z,45.51128333,7.78480000,1520.00,45.969
12591,3,4734,9630.310749891654,5566.880933408011,2020-08-06T14:10:37Z,45.51131667,7.78470000,1511.00,45.967
12592,3,4735,9631.310749891654,5567.880933408011,2020-08-06T14:10:38Z,45.51136667,7.78463333,1518.00,45.968
12593,3,4736,9632.310749891654,5568.880933408011,2020-08-06T14:10:39Z,45.51145000,7.78458333,1512.00,45.973
12594,3,4737,9633.310749891654,5569.880933408011,2020-08-06T14:10:40Z,45.51153333,7.78458333,1522.00,45.98
12595,3,4738,9634.310749891654,5570.880933408011,2020-08-06T14:10:41Z,45.51161667,7.78461667,1517.00,45.989
12596,3,4739,9635.310749891654,5571.880933408011,2020-08-06T14:10:42Z,45.51170000,7.78471667,1523.00,46.001
12597,3,4740,9636.310749891654,5572.880933408011,2020-08-06T14:10:43Z,45.51176667,7.78481667,1518.00,46.012
12598,3,4741,9637.310749891654,5573.880933408011,2020-08-06T14:10:44Z,45.51180000,7.78495000,1524.00,46.021
12599,3,4742,9638.310749891654,5574.880933408011,2020-08-06T14:10:45Z,45.51181667,7.78510000,1516.00,46.03
12600,3,4743,9639.310749891654,5575.880933408011,2020-08-06T14:10:46Z,45.51181667,7.78525000,1525.00,46.037
12601,3,4744,9640.310749891654,5576.880933408011,2020-08-06T14:10:47Z,45.51176667,7.78538333,1523.00,46.039
12602,3,4745,9641.310749891654,5577.880933408011,2020-08-06T14:10:48Z,45.51170000,7.78550000,1520.00,46.039
12603,3,4746,9642.310749891654,5578.880933408011,2020-08-06T14:10:49Z,45.51161667,7.78556667,1532.00,46.035
12604,3,4747,9643.310749891654,5579.880933408011,2020-08-06T14:10:50Z,45.51153333,7.78560000,1524.00,46.029
12605,3,4748,9644.310749891654,5580.880933408011,2020-08-06T14:10:51Z,45.51145000,7.78558333,1521.00,46.021
12606,3,4749,9645.310749891654,5581.880933408011,2020-08-06T14:10:52Z,45.51138333,7.78555000,1530.00,46.014
12607,3,4750,9646.310749891654,5582.880933408011,2020-08-06T14:10:53Z,45.51131667,7.78550000,1529.00,46.005
12608,3,4751,9647.310749891654,5583.880933408011,2020-08-06T14:10:54Z,45.51126667,7.78543333,1514.00,45.998
12609,3,4752,9648.310749891654,5584.880933408011,2020-08-06T14:10:55Z,45.51123333,7.78536667,1524.00,45.992
12610,3,4753,9649.310749891654,5585.880933408011,2020-08-06T14:10:56Z,45.51123333,7.78528333,1524.00,45.988
12611,3,4754,9650.310749891654,5586.880933408011,2020-08-06T14:10:57Z,45.51125000,7.78520000,1532.00,45.985
12612,3,4755,9651.310749891654,5587.880933408011,2020-08-06T14:10:58Z,45.51130000,7.78511667,1526.00,45.986
12613,3,4756,9652.310749891654,5588.880933408011,2020-08-06T14:10:59Z,45.51136667,7.78506667,1538.00,45.989
12614,3,4757,9653.310749891654,5589.880933408011,2020-08-06T14:11:00Z,45.51145000,7.78503333,1523.00,45.995
12615,3,4758,9654.310749891654,5590.880933408011,2020-08-06T14:11:01Z,45.51151667,7.78503333,1532.00,46.001
12616,3,4759,9655.310749891654,5591.880933408011,2020-08-06T14:11:02Z,45.51160000,7.78506667,1537.00,46.009
12617,3,4760,9656.310749891654,5592.880933408011,2020-08-06T14:11:03Z,45.51168333,7.78510000,1538.00,46.018
12618,3,4761,9657.310749891654,5593.880933408011,2020-08-06T14:11:04Z,45.51175000,7.78515000,1529.00,46.027
12619,3,4762,9658.310749891654,5594.880933408011,2020-08-06T14:11:05Z,45.51181667,7.78523333,1526.00,46.036
12620,3,4763,9659.310749891654,5595.880933408011,2020-08-06T14:11:06Z,45.51186667,7.78533333,1530.00,46.046
12621,3,4764,9660.310749891654,5596.880933408011,2020-08-06T14:11:07Z,45.51188333,7.78546667,1532.00,46.053
12622,3,4765,9661.310749891654,5597.880933408011,2020-08-06T14:11:08Z,45.51188333,7.78561667,1535.00,46.061
12623,3,4766,9662.310749891654,5598.880933408011,2020-08-06T14:11:09Z,45.51185000,7.78575000,1524.00,46.064
12624,3,4767,9663.310749891654,5599.880933408011,2020-08-06T14:11:10Z,45.51178333,7.78586667,1537.00,46.064
12625,3,4768,9664.310749891654,5600.880933408011,2020-08-06T14:11:11Z,45.51171667,7.78593333,1533.00,46.061
12626,3,4769,9665.310749891654,5601.880933408011,2020-08-06T14:11:12Z,45.51163333,7.78601667,1535.00,46.058
12627,3,4770,9666.310749891654,5602.880933408011,2020-08-06T14:11:13Z,45.51155000,7.78606667,1531.00,46.053
12628,3,4771,9667.310749891654,5603.880933408011,2020-08-06T14:11:14Z,45.51146667,7.78606667,1535.00,46.046
12629,3,4772,9668.310749891654,5604.880933408011,2020-08-06T14:11:15Z,45.51140000,7.78605000,1533.00,46.039
12630,3,4773,9669.310749891654,5605.880933408011,2020-08-06T14:11:16Z,45.51133333,7.78598333,1526.00,46.03
12631,3,4774,9670.310749891654,5606.880933408011,2020-08-06T14:11:17Z,45.51130000,7.78586667,1536.00,46.022
12632,3,4775,9671.310749891654,5607.880933408011,2020-08-06T14:11:18Z,45.51125000,7.78576667,1528.00,46.012
12633,3,4776,9672.310749891654,5608.880933408011,2020-08-06T14:11:19Z,45.51121667,7.78566667,1538.00,46.005
12634,3,4777,9673.310749891654,5609.880933408011,2020-08-06T14:11:20Z,45.51118333,7.78558333,1531.00,45.998
12635,3,4778,9674.310749891654,5610.880933408011,2020-08-06T14:11:21Z,45.51115000,7.78550000,1531.00,45.991
12636,3,4779,9675.310749891654,5611.880933408011,2020-08-06T14:11:22Z,45.51113333,7.78540000,1529.00,45.985
12637,3,4780,9676.310749891654,5612.880933408011,2020-08-06T14:11:23Z,45.51110000,7.78528333,1534.00,45.976
12638,3,4781,9677.310749891654,5613.880933408011,2020-08-06T14:11:24Z,45.51110000,7.78516667,1532.00,45.97
12639,3,4782,9678.310749891654,5614.880933408011,2020-08-06T14:11:25Z,45.51108333,7.78503333,1540.00,45.963
12640,3,4783,9679.310749891654,5615.880933408011,2020-08-06T14:11:26Z,45.51106667,7.78491667,1533.00,45.956
12641,3,4784,9680.310749891654,5616.880933408011,2020-08-06T14:11:27Z,45.51106667,7.78483333,1524.00,45.952
12642,3,4785,9681.310749891654,5617.880933408011,2020-08-06T14:11:28Z,45.51105000,7.78475000,1540.00,45.946
12643,3,4786,9682.310749891654,5618.880933408011,2020-08-06T14:11:29Z,45.51105000,7.78466667,1538.00,45.942
12644,3,4787,9683.310749891654,5619.880933408011,2020-08-06T14:11:30Z,45.51105000,7.78460000,1530.00,45.939
12645,3,4788,9684.310749891654,5620.880933408011,2020-08-06T14:11:31Z,45.51105000,7.78448333,1528.00,45.933
12646,3,4789,9685.310749891654,5621.880933408011,2020-08-06T14:11:32Z,45.51105000,7.78435000,1521.00,45.927
12647,3,4790,9686.310749891654,5622.880933408011,2020-08-06T14:11:33Z,45.51103333,7.78420000,1521.00,45.918
12648,3,4791,9687.310749891654,5623.880933408011,2020-08-06T14:11:34Z,45.51105000,7.78406667,1523.00,45.913
12649,3,4792,9688.310749891654,5624.880933408011,2020-08-06T14:11:35Z,45.51106667,7.78395000,1521.00,45.909
12650,3,4793,9689.310749891654,5625.880933408011,2020-08-06T14:11:36Z,45.51108333,7.78386667,1519.00,45.907
12651,3,4794,9690.310749891654,5626.880933408011,2020-08-06T14:11:37Z,45.51110000,7.78376667,1518.00,45.903
12652,3,4795,9691.310749891654,5627.880933408011,2020-08-06T14:11:38Z,45.51110000,7.78366667,1515.00,45.899
12653,3,4796,9692.310749891654,5628.880933408011,2020-08-06T14:11:39Z,45.51111667,7.78355000,1508.00,45.894
12654,3,4797,9693.310749891654,5629.880933408011,2020-08-06T14:11:40Z,45.51115000,7.78341667,1508.00,45.891
12655,3,4798,9694.310749891654,5630.880933408011,2020-08-06T14:11:41Z,45.51118333,7.78328333,1514.00,45.888
12656,3,4799,9695.310749891654,5631.880933408011,2020-08-06T14:11:42Z,45.51121667,7.78318333,1504.00,45.886
12657,3,4800,9696.310749891654,5632.880933408011,2020-08-06T14:11:43Z,45.51125000,7.78308333,1505.00,45.884
12658,3,4801,9697.310749891654,5633.880933408011,2020-08-06T14:11:44Z,45.51126667,7.78298333,1509.00,45.881
12659,3,4802,9698.310749891654,5634.880933408011,2020-08-06T14:11:45Z,45.51126667,7.78288333,1496.00,45.876
12660,3,4803,9699.310749891654,5635.880933408011,2020-08-06T14:11:46Z,45.51126667,7.78278333,1498.00,45.871
12661,3,4804,9700.310749891654,5636.880933408011,2020-08-06T14:11:47Z,45.51126667,7.78266667,1500.00,45.865
12662,3,4805,9701.310749891654,5637.880933408011,2020-08-06T14:11:48Z,45.51128333,7.78255000,1501.00,45.861
12663,3,4806,9702.310749891654,5638.880933408011,2020-08-06T14:11:49Z,45.51128333,7.78241667,1498.00,45.855
12664,3,4807,9703.310749891654,5639.880933408011,2020-08-06T14:11:50Z,45.51126667,7.78230000,1499.00,45.848
12665,3,4808,9704.310749891654,5640.880933408011,2020-08-06T14:11:51Z,45.51123333,7.78218333,1498.00,45.84
12666,3,4809,9705.310749891654,5641.880933408011,2020-08-06T14:11:52Z,45.51118333,7.78208333,1494.00,45.83
12667,3,4810,9706.310749891654,5642.880933408011,2020-08-06T14:11:53Z,45.51115000,7.78198333,1490.00,45.823
12668,3,4811,9707.310749891654,5643.880933408011,2020-08-06T14:11:54Z,45.51111667,7.78188333,1478.00,45.815
12669,3,4812,9708.310749891654,5644.880933408011,2020-08-06T14:11:55Z,45.51108333,7.78176667,1492.00,45.806
12670,3,4813,9709.310749891654,5645.880933408011,2020-08-06T14:11:56Z,45.51105000,7.78165000,1495.00,45.798
12671,3,4814,9710.310749891654,5646.880933408011,2020-08-06T14:11:57Z,45.51100000,7.78153333,1491.00,45.788
12672,3,4815,9711.310749891654,5647.880933408011,2020-08-06T14:11:58Z,45.51093333,7.78143333,1487.00,45.777
12673,3,4816,9712.310749891654,5648.880933408011,2020-08-06T14:11:59Z,45.51088333,7.78133333,1480.00,45.768
12674,3,4817,9713.310749891654,5649.880933408011,2020-08-06T14:12:00Z,45.51083333,7.78123333,1477.00,45.759
12675,3,4818,9714.310749891654,5650.880933408011,2020-08-06T14:12:01Z,45.51076667,7.78113333,1478.00,45.748
12676,3,4819,9715.310749891654,5651.880933408011,2020-08-06T14:12:02Z,45.51070000,7.78105000,1479.00,45.739
12677,3,4820,9716.310749891654,5652.880933408011,2020-08-06T14:12:03Z,45.51061667,7.78095000,1479.00,45.727
12678,3,4821,9717.310749891654,5653.880933408011,2020-08-06T14:12:04Z,45.51053333,7.78086667,1475.00,45.715
12679,3,4822,9718.310749891654,5654.880933408011,2020-08-06T14:12:05Z,45.51045000,7.78078333,1472.00,45.704
12680,3,4823,9719.310749891654,5655.880933408011,2020-08-06T14:12:06Z,45.51038333,7.78070000,1478.00,45.694
12681,3,4824,9720.310749891654,5656.880933408011,2020-08-06T14:12:07Z,45.51030000,7.78060000,1472.00,45.682
12682,3,4825,9721.310749891654,5657.880933408011,2020-08-06T14:12:08Z,45.51021667,7.78051667,1468.00,45.671
12683,3,4826,9722.310749891654,5658.880933408011,2020-08-06T14:12:09Z,45.51013333,7.78043333,1474.00,45.659
12684,3,4827,9723.310749891654,5659.880933408011,2020-08-06T14:12:10Z,45.51005000,7.78035000,1476.00,45.648
12685,3,4828,9724.310749891654,5660.880933408011,2020-08-06T14:12:11Z,45.50998333,7.78026667,1468.00,45.638
12686,3,4829,9725.310749891654,5661.880933408011,2020-08-06T14:12:12Z,45.50990000,7.78016667,1469.00,45.626
12687,3,4830,9726.310749891654,5662.880933408011,2020-08-06T14:12:13Z,45.50983333,7.78006667,1468.00,45.616
12688,3,4831,9727.310749891654,5663.880933408011,2020-08-06T14:12:14Z,45.50975000,7.77996667,1473.00,45.603
12689,3,4832,9728.310749891654,5664.880933408011,2020-08-06T14:12:15Z,45.50968333,7.77986667,1476.00,45.593
12690,3,4833,9729.310749891654,5665.880933408011,2020-08-06T14:12:16Z,45.50961667,7.77976667,1475.00,45.582
12691,3,4834,9730.310749891654,5666.880933408011,2020-08-06T14:12:17Z,45.50955000,7.77968333,1463.00,45.572
12692,3,4835,9731.310749891654,5667.880933408011,2020-08-06T14:12:18Z,45.50948333,7.77960000,1447.00,45.563
12693,3,4836,9732.310749891654,5668.880933408011,2020-08-06T14:12:19Z,45.50941667,7.77953333,1472.00,45.553
12694,3,4837,9733.310749891654,5669.880933408011,2020-08-06T14:12:20Z,45.50935000,7.77945000,1477.00,45.544
12695,3,4838,9734.310749891654,5670.880933408011,2020-08-06T14:12:21Z,45.50930000,7.77936667,1447.00,45.535
12696,3,4839,9735.310749891654,5671.880933408011,2020-08-06T14:12:22Z,45.50928333,7.77928333,1465.00,45.53
12697,3,4840,9736.310749891654,5672.880933408011,2020-08-06T14:12:23Z,45.50930000,7.77916667,1477.00,45.526
12698,3,4841,9737.310749891654,5673.880933408011,2020-08-06T14:12:24Z,45.50938333,7.77908333,1482.00,45.529
12699,3,4842,9738.310749891654,5674.880933408011,2020-08-06T14:12:25Z,45.50950000,7.77906667,1477.00,45.539
12700,3,4843,9739.310749891654,5675.880933408011,2020-08-06T14:12:26Z,45.50961667,7.77911667,1478.00,45.551
12701,3,4844,9740.310749891654,5676.880933408011,2020-08-06T14:12:27Z,45.50970000,7.77925000,1486.00,45.565
12702,3,4845,9741.310749891654,5677.880933408011,2020-08-06T14:12:28Z,45.50973333,7.77940000,1493.00,45.575
12703,3,4846,9742.310749891654,5678.880933408011,2020-08-06T14:12:29Z,45.50973333,7.77955000,1483.00,45.582
12704,3,4847,9743.310749891654,5679.880933408011,2020-08-06T14:12:30Z,45.50970000,7.77968333,1477.00,45.586
12705,3,4848,9744.310749891654,5680.880933408011,2020-08-06T14:12:31Z,45.50965000,7.77978333,1489.00,45.586
12706,3,4849,9745.310749891654,5681.880933408011,2020-08-06T14:12:32Z,45.50958333,7.77986667,1474.00,45.584
12707,3,4850,9746.310749891654,5682.880933408011,2020-08-06T14:12:33Z,45.50950000,7.77993333,1484.00,45.58
12708,3,4851,9747.310749891654,5683.880933408011,2020-08-06T14:12:34Z,45.50940000,7.77995000,1479.00,45.572
12709,3,4852,9748.310749891654,5684.880933408011,2020-08-06T14:12:35Z,45.50931667,7.77991667,1490.00,45.563
12710,3,4853,9749.310749891654,5685.880933408011,2020-08-06T14:12:36Z,45.50923333,7.77986667,1481.00,45.553
12711,3,4854,9750.310749891654,5686.880933408011,2020-08-06T14:12:37Z,45.50918333,7.77978333,1489.00,45.545
12712,3,4855,9751.310749891654,5687.880933408011,2020-08-06T14:12:38Z,45.50913333,7.77966667,1485.00,45.535
12713,3,4856,9752.310749891654,5688.880933408011,2020-08-06T14:12:39Z,45.50910000,7.77956667,1488.00,45.527
12714,3,4857,9753.310749891654,5689.880933408011,2020-08-06T14:12:40Z,45.50908333,7.77945000,1491.00,45.52
12715,3,4858,9754.310749891654,5690.880933408011,2020-08-06T14:12:41Z,45.50906667,7.77933333,1486.00,45.513
12716,3,4859,9755.310749891654,5691.880933408011,2020-08-06T14:12:42Z,45.50908333,7.77921667,1489.00,45.509
12717,3,4860,9756.310749891654,5692.880933408011,2020-08-06T14:12:43Z,45.50911667,7.77911667,1477.00,45.507
12718,3,4861,9757.310749891654,5693.880933408011,2020-08-06T14:12:44Z,45.50920000,7.77901667,1491.00,45.51
12719,3,4862,9758.310749891654,5694.880933408011,2020-08-06T14:12:45Z,45.50928333,7.77895000,1490.00,45.514
12720,3,4863,9759.310749891654,5695.880933408011,2020-08-06T14:12:46Z,45.50936667,7.77893333,1497.00,45.521
12721,3,4864,9760.310749891654,5696.880933408011,2020-08-06T14:12:47Z,45.50946667,7.77895000,1485.00,45.53
12722,3,4865,9761.310749891654,5697.880933408011,2020-08-06T14:12:48Z,45.50956667,7.77900000,1492.00,45.541
12723,3,4866,9762.310749891654,5698.880933408011,2020-08-06T14:12:49Z,45.50965000,7.77908333,1501.00,45.553
12724,3,4867,9763.310749891654,5699.880933408011,2020-08-06T14:12:50Z,45.50973333,7.77921667,1484.00,45.566
12725,3,4868,9764.310749891654,5700.880933408011,2020-08-06T14:12:51Z,45.50978333,7.77936667,1497.00,45.578
12726,3,4869,9765.310749891654,5701.880933408011,2020-08-06T14:12:52Z,45.50980000,7.77951667,1494.00,45.586
12727,3,4870,9766.310749891654,5702.880933408011,2020-08-06T14:12:53Z,45.50978333,7.77966667,1498.00,45.592
12728,3,4871,9767.310749891654,5703.880933408011,2020-08-06T14:12:54Z,45.50975000,7.77978333,1492.00,45.595
12729,3,4872,9768.310749891654,5704.880933408011,2020-08-06T14:12:55Z,45.50968333,7.77988333,1498.00,45.594
12730,3,4873,9769.310749891654,5705.880933408011,2020-08-06T14:12:56Z,45.50961667,7.77991667,1495.00,45.589
12731,3,4874,9770.310749891654,5706.880933408011,2020-08-06T14:12:57Z,45.50953333,7.77991667,1502.00,45.582
12732,3,4875,9771.310749891654,5707.880933408011,2020-08-06T14:12:58Z,45.50946667,7.77988333,1497.00,45.575
12733,3,4876,9772.310749891654,5708.880933408011,2020-08-06T14:12:59Z,45.50938333,7.77981667,1495.00,45.564
12734,3,4877,9773.310749891654,5709.880933408011,2020-08-06T14:13:00Z,45.50933333,7.77973333,1497.00,45.556
12735,3,4878,9774.310749891654,5710.880933408011,2020-08-06T14:13:01Z,45.50928333,7.77963333,1505.00,45.546
12736,3,4879,9775.310749891654,5711.880933408011,2020-08-06T14:13:02Z,45.50923333,7.77953333,1499.00,45.537
12737,3,4880,9776.310749891654,5712.880933408011,2020-08-06T14:13:03Z,45.50918333,7.77943333,1497.00,45.528
12738,3,4881,9777.310749891654,5713.880933408011,2020-08-06T14:13:04Z,45.50915000,7.77933333,1501.00,45.52
12739,3,4882,9778.310749891654,5714.880933408011,2020-08-06T14:13:05Z,45.50913333,7.77923333,1496.00,45.514
12740,3,4883,9779.310749891654,5715.880933408011,2020-08-06T14:13:06Z,45.50913333,7.77913333,1496.00,45.509
12741,3,4884,9780.310749891654,5716.880933408011,2020-08-06T14:13:07Z,45.50913333,7.77903333,1506.00,45.505
12742,3,4885,9781.310749891654,5717.880933408011,2020-08-06T14:13:08Z,45.50916667,7.77891667,1506.00,45.502
12743,3,4886,9782.310749891654,5718.880933408011,2020-08-06T14:13:09Z,45.50920000,7.77880000,1508.00,45.5
12744,3,4887,9783.310749891654,5719.880933408011,2020-08-06T14:13:10Z,45.50925000,7.77868333,1496.00,45.498
12745,3,4888,9784.310749891654,5720.880933408011,2020-08-06T14:13:11Z,45.50931667,7.77858333,1502.00,45.5
12746,3,4889,9785.310749891654,5721.880933408011,2020-08-06T14:13:12Z,45.50940000,7.77848333,1500.00,45.502
12747,3,4890,9786.310749891654,5722.880933408011,2020-08-06T14:13:13Z,45.50948333,7.77841667,1501.00,45.506
12748,3,4891,9787.310749891654,5723.880933408011,2020-08-06T14:13:14Z,45.50956667,7.77835000,1503.00,45.511
12749,3,4892,9788.310749891654,5724.880933408011,2020-08-06T14:13:15Z,45.50966667,7.77830000,1505.00,45.517
12750,3,4893,9789.310749891654,5725.880933408011,2020-08-06T14:13:16Z,45.50976667,7.77825000,1498.00,45.524
12751,3,4894,9790.310749891654,5726.880933408011,2020-08-06T14:13:17Z,45.50985000,7.77820000,1508.00,45.529
12752,3,4895,9791.310749891654,5727.880933408011,2020-08-06T14:13:18Z,45.50991667,7.77815000,1506.00,45.532
12753,3,4896,9792.310749891654,5728.880933408011,2020-08-06T14:13:19Z,45.50998333,7.77810000,1503.00,45.536
12754,3,4897,9793.310749891654,5729.880933408011,2020-08-06T14:13:20Z,45.51005000,7.77803333,1501.00,45.538
12755,3,4898,9794.310749891654,5730.880933408011,2020-08-06T14:13:21Z,45.51011667,7.77795000,1503.00,45.54
12756,3,4899,9795.310749891654,5731.880933408011,2020-08-06T14:13:22Z,45.51020000,7.77786667,1498.00,45.544
12757,3,4900,9796.310749891654,5732.880933408011,2020-08-06T14:13:23Z,45.51026667,7.77776667,1501.00,45.545
12758,3,4901,9797.310749891654,5733.880933408011,2020-08-06T14:13:24Z,45.51033333,7.77766667,1507.00,45.546
12759,3,4902,9798.310749891654,5734.880933408011,2020-08-06T14:13:25Z,45.51040000,7.77758333,1501.00,45.548
12760,3,4903,9799.310749891654,5735.880933408011,2020-08-06T14:13:26Z,45.51046667,7.77750000,1506.00,45.55
12761,3,4904,9800.310749891654,5736.880933408011,2020-08-06T14:13:27Z,45.51055000,7.77745000,1504.00,45.555
12762,3,4905,9801.310749891654,5737.880933408011,2020-08-06T14:13:28Z,45.51061667,7.77738333,1508.00,45.558
12763,3,4906,9802.310749891654,5738.880933408011,2020-08-06T14:13:29Z,45.51066667,7.77730000,1505.00,45.559
12764,3,4907,9803.310749891654,5739.880933408011,2020-08-06T14:13:30Z,45.51073333,7.77720000,1506.00,45.56
12765,3,4908,9804.310749891654,5740.880933408011,2020-08-06T14:13:31Z,45.51081667,7.77711667,1503.00,45.563
12766,3,4909,9805.310749891654,5741.880933408011,2020-08-06T14:13:32Z,45.51088333,7.77703333,1503.00,45.565
12767,3,4910,9806.310749891654,5742.880933408011,2020-08-06T14:13:33Z,45.51096667,7.77695000,1501.00,45.569
12768,3,4911,9807.310749891654,5743.880933408011,2020-08-06T14:13:34Z,45.51106667,7.77690000,1501.00,45.575
12769,3,4912,9808.310749891654,5744.880933408011,2020-08-06T14:13:35Z,45.51113333,7.77685000,1501.00,45.579
12770,3,4913,9809.310749891654,5745.880933408011,2020-08-06T14:13:36Z,45.51121667,7.77680000,1497.00,45.584
12771,3,4914,9810.310749891654,5746.880933408011,2020-08-06T14:13:37Z,45.51130000,7.77673333,1495.00,45.588
12772,3,4915,9811.310749891654,5747.880933408011,2020-08-06T14:13:38Z,45.51140000,7.77666667,1496.00,45.594
12773,3,4916,9812.310749891654,5748.880933408011,2020-08-06T14:13:39Z,45.51148333,7.77660000,1495.00,45.598
12774,3,4917,9813.310749891654,5749.880933408011,2020-08-06T14:13:40Z,45.51158333,7.77653333,1500.00,45.604
12775,3,4918,9814.310749891654,5750.880933408011,2020-08-06T14:13:41Z,45.51166667,7.77648333,1495.00,45.609
12776,3,4919,9815.310749891654,5751.880933408011,2020-08-06T14:13:42Z,45.51176667,7.77643333,1499.00,45.616
12777,3,4920,9816.310749891654,5752.880933408011,2020-08-06T14:13:43Z,45.51185000,7.77638333,1498.00,45.621
12778,3,4921,9817.310749891654,5753.880933408011,2020-08-06T14:13:44Z,45.51195000,7.77633333,1499.00,45.627
12779,3,4922,9818.310749891654,5754.880933408011,2020-08-06T14:13:45Z,45.51203333,7.77628333,1492.00,45.633
12780,3,4923,9819.310749891654,5755.880933408011,2020-08-06T14:13:46Z,45.51213333,7.77621667,1495.00,45.638
12781,3,4924,9820.310749891654,5756.880933408011,2020-08-06T14:13:47Z,45.51223333,7.77613333,1493.00,45.643
12782,3,4925,9821.310749891654,5757.880933408011,2020-08-06T14:13:48Z,45.51231667,7.77605000,1494.00,45.647
12783,3,4926,9822.310749891654,5758.880933408011,2020-08-06T14:13:49Z,45.51240000,7.77596667,1492.00,45.65
12784,3,4927,9823.310749891654,5759.880933408011,2020-08-06T14:13:50Z,45.51246667,7.77588333,1487.00,45.653
12785,3,4928,9824.310749891654,5760.880933408011,2020-08-06T14:13:51Z,45.51255000,7.77580000,1487.00,45.656
12786,3,4929,9825.310749891654,5761.880933408011,2020-08-06T14:13:52Z,45.51261667,7.77571667,1483.00,45.658
12787,3,4930,9826.310749891654,5762.880933408011,2020-08-06T14:13:53Z,45.51268333,7.77563333,1485.00,45.66
12788,3,4931,9827.310749891654,5763.880933408011,2020-08-06T14:13:54Z,45.51276667,7.77553333,1491.00,45.663
12789,3,4932,9828.310749891654,5764.880933408011,2020-08-06T14:13:55Z,45.51283333,7.77543333,1478.00,45.664
12790,3,4933,9829.310749891654,5765.880933408011,2020-08-06T14:13:56Z,45.51291667,7.77535000,1485.00,45.668
12791,3,4934,9830.310749891654,5766.880933408011,2020-08-06T14:13:57Z,45.51300000,7.77525000,1481.00,45.671
12792,3,4935,9831.310749891654,5767.880933408011,2020-08-06T14:13:58Z,45.51308333,7.77516667,1480.00,45.674
12793,3,4936,9832.310749891654,5768.880933408011,2020-08-06T14:13:59Z,45.51316667,7.77506667,1485.00,45.677
12794,3,4937,9833.310749891654,5769.880933408011,2020-08-06T14:14:00Z,45.51325000,7.77498333,1484.00,45.681
12795,3,4938,9834.310749891654,5770.880933408011,2020-08-06T14:14:01Z,45.51331667,7.77488333,1481.00,45.682
12796,3,4939,9835.310749891654,5771.880933408011,2020-08-06T14:14:02Z,45.51338333,7.77478333,1485.00,45.684
12797,3,4940,9836.310749891654,5772.880933408011,2020-08-06T14:14:03Z,45.51345000,7.77468333,1483.00,45.685
12798,3,4941,9837.310749891654,5773.880933408011,2020-08-06T14:14:04Z,45.51353333,7.77458333,1484.00,45.688
12799,3,4942,9838.310749891654,5774.880933408011,2020-08-06T14:14:05Z,45.51360000,7.77446667,1482.00,45.688
12800,3,4943,9839.310749891654,5775.880933408011,2020-08-06T14:14:06Z,45.51368333,7.77436667,1490.00,45.691
12801,3,4944,9840.310749891654,5776.880933408011,2020-08-06T14:14:07Z,45.51375000,7.77425000,1489.00,45.692
12802,3,4945,9841.310749891654,5777.880933408011,2020-08-06T14:14:08Z,45.51383333,7.77418333,1486.00,45.696
12803,3,4946,9842.310749891654,5778.880933408011,2020-08-06T14:14:09Z,45.51390000,7.77411667,1468.00,45.699
12804,3,4947,9843.310749891654,5779.880933408011,2020-08-06T14:14:10Z,45.51400000,7.77405000,1500.00,45.705
12805,3,4948,9844.310749891654,5780.880933408011,2020-08-06T14:14:11Z,45.51406667,7.77398333,1498.00,45.708
12806,3,4949,9845.310749891654,5781.880933408011,2020-08-06T14:14:12Z,45.51413333,7.77388333,1494.00,45.709
12807,3,4950,9846.310749891654,5782.880933408011,2020-08-06T14:14:13Z,45.51415000,7.77378333,1491.00,45.706
12808,3,4951,9847.310749891654,5783.880933408011,2020-08-06T14:14:14Z,45.51413333,7.77366667,1490.00,45.7
12809,3,4952,9848.310749891654,5784.880933408011,2020-08-06T14:14:15Z,45.51411667,7.77356667,1491.00,45.693
12810,3,4953,9849.310749891654,5785.880933408011,2020-08-06T14:14:16Z,45.51405000,7.77350000,1487.00,45.684
12811,3,4954,9850.310749891654,5786.880933408011,2020-08-06T14:14:17Z,45.51398333,7.77346667,1483.00,45.677
12812,3,4955,9851.310749891654,5787.880933408011,2020-08-06T14:14:18Z,45.51388333,7.77346667,1486.00,45.668
12813,3,4956,9852.310749891654,5788.880933408011,2020-08-06T14:14:19Z,45.51380000,7.77353333,1485.00,45.663
12814,3,4957,9853.310749891654,5789.880933408011,2020-08-06T14:14:20Z,45.51370000,7.77363333,1480.00,45.659
12815,3,4958,9854.310749891654,5790.880933408011,2020-08-06T14:14:21Z,45.51365000,7.77378333,1486.00,45.661
12816,3,4959,9855.310749891654,5791.880933408011,2020-08-06T14:14:22Z,45.51363333,7.77393333,1481.00,45.667
12817,3,4960,9856.310749891654,5792.880933408011,2020-08-06T14:14:23Z,45.51363333,7.77410000,1481.00,45.675
12818,3,4961,9857.310749891654,5793.880933408011,2020-08-06T14:14:24Z,45.51363333,7.77421667,1470.00,45.68
12819,3,4962,9858.310749891654,5794.880933408011,2020-08-06T14:14:25Z,45.51361667,7.77433333,1482.00,45.684
12820,3,4963,9859.310749891654,5795.880933408011,2020-08-06T14:14:26Z,45.51356667,7.77440000,1493.00,45.682
12821,3,4964,9860.310749891654,5796.880933408011,2020-08-06T14:14:27Z,45.51348333,7.77443333,1488.00,45.676
12822,3,4965,9861.310749891654,5797.880933408011,2020-08-06T14:14:28Z,45.51340000,7.77441667,1504.00,45.668
12823,3,4966,9862.310749891654,5798.880933408011,2020-08-06T14:14:29Z,45.51331667,7.77435000,1500.00,45.658
12824,3,4967,9863.310749891654,5799.880933408011,2020-08-06T14:14:30Z,45.51328333,7.77423333,1478.00,45.649
12825,3,4968,9864.310749891654,5800.880933408011,2020-08-06T14:14:31Z,45.51330000,7.77410000,1489.00,45.645
12826,3,4969,9865.310749891654,5801.880933408011,2020-08-06T14:14:32Z,45.51336667,7.77398333,1490.00,45.645
12827,3,4970,9866.310749891654,5802.880933408011,2020-08-06T14:14:33Z,45.51346667,7.77391667,1491.00,45.651
12828,3,4971,9867.310749891654,5803.880933408011,2020-08-06T14:14:34Z,45.51358333,7.77391667,1489.00,45.662
12829,3,4972,9868.310749891654,5804.880933408011,2020-08-06T14:14:35Z,45.51368333,7.77398333,1500.00,45.674
12830,3,4973,9869.310749891654,5805.880933408011,2020-08-06T14:14:36Z,45.51376667,7.77410000,1495.00,45.686
12831,3,4974,9870.310749891654,5806.880933408011,2020-08-06T14:14:37Z,45.51381667,7.77423333,1503.00,45.697
12832,3,4975,9871.310749891654,5807.880933408011,2020-08-06T14:14:38Z,45.51381667,7.77438333,1502.00,45.704
12833,3,4976,9872.310749891654,5808.880933408011,2020-08-06T14:14:39Z,45.51378333,7.77450000,1492.00,45.706
12834,3,4977,9873.310749891654,5809.880933408011,2020-08-06T14:14:40Z,45.51370000,7.77458333,1499.00,45.703
12835,3,4978,9874.310749891654,5810.880933408011,2020-08-06T14:14:41Z,45.51363333,7.77460000,1502.00,45.698
12836,3,4979,9875.310749891654,5811.880933408011,2020-08-06T14:14:42Z,45.51355000,7.77456667,1493.00,45.689
12837,3,4980,9876.310749891654,5812.880933408011,2020-08-06T14:14:43Z,45.51350000,7.77448333,1499.00,45.68
12838,3,4981,9877.310749891654,5813.880933408011,2020-08-06T14:14:44Z,45.51348333,7.77436667,1503.00,45.673
12839,3,4982,9878.310749891654,5814.880933408011,2020-08-06T14:14:45Z,45.51350000,7.77425000,1497.00,45.669
12840,3,4983,9879.310749891654,5815.880933408011,2020-08-06T14:14:46Z,45.51353333,7.77413333,1512.00,45.667
12841,3,4984,9880.310749891654,5816.880933408011,2020-08-06T14:14:47Z,45.51360000,7.77403333,1505.00,45.668
12842,3,4985,9881.310749891654,5817.880933408011,2020-08-06T14:14:48Z,45.51368333,7.77396667,1503.00,45.673
12843,3,4986,9882.310749891654,5818.880933408011,2020-08-06T14:14:49Z,45.51378333,7.77393333,1506.00,45.68
12844,3,4987,9883.310749891654,5819.880933408011,2020-08-06T14:14:50Z,45.51388333,7.77393333,1499.00,45.689
12845,3,4988,9884.310749891654,5820.880933408011,2020-08-06T14:14:51Z,45.51400000,7.77398333,1505.00,45.702
12846,3,4989,9885.310749891654,5821.880933408011,2020-08-06T14:14:52Z,45.51408333,7.77406667,1505.00,45.713
12847,3,4990,9886.310749891654,5822.880933408011,2020-08-06T14:14:53Z,45.51415000,7.77418333,1514.00,45.725
12848,3,4991,9887.310749891654,5823.880933408011,2020-08-06T14:14:54Z,45.51418333,7.77433333,1506.00,45.735
12849,3,4992,9888.310749891654,5824.880933408011,2020-08-06T14:14:55Z,45.51420000,7.77448333,1513.00,45.743
12850,3,4993,9889.310749891654,5825.880933408011,2020-08-06T14:14:56Z,45.51420000,7.77465000,1512.00,45.751
12851,3,4994,9890.310749891654,5826.880933408011,2020-08-06T14:14:57Z,45.51416667,7.77478333,1518.00,45.754
12852,3,4995,9891.310749891654,5827.880933408011,2020-08-06T14:14:58Z,45.51410000,7.77490000,1504.00,45.753
12853,3,4996,9892.310749891654,5828.880933408011,2020-08-06T14:14:59Z,45.51403333,7.77496667,1510.00,45.75
12854,3,4997,9893.310749891654,5829.880933408011,2020-08-06T14:15:00Z,45.51396667,7.77498333,1513.00,45.745
12855,3,4998,9894.310749891654,5830.880933408011,2020-08-06T14:15:01Z,45.51390000,7.77496667,1508.00,45.738
12856,3,4999,9895.310749891654,5831.880933408011,2020-08-06T14:15:02Z,45.51383333,7.77491667,1517.00,45.73
12857,3,5000,9896.310749891654,5832.880933408011,2020-08-06T14:15:03Z,45.51380000,7.77481667,1519.00,45.722
12858,3,5001,9897.310749891654,5833.880933408011,2020-08-06T14:15:04Z,45.51376667,7.77471667,1512.00,45.715
12859,3,5002,9898.310749891654,5834.880933408011,2020-08-06T14:15:05Z,45.51376667,7.77458333,1516.00,45.709
12860,3,5003,9899.310749891654,5835.880933408011,2020-08-06T14:15:06Z,45.51380000,7.77445000,1518.00,45.706
12861,3,5004,9900.310749891654,5836.880933408011,2020-08-06T14:15:07Z,45.51385000,7.77435000,1519.00,45.705
12862,3,5005,9901.310749891654,5837.880933408011,2020-08-06T14:15:08Z,45.51393333,7.77426667,1520.00,45.709
12863,3,5006,9902.310749891654,5838.880933408011,2020-08-06T14:15:09Z,45.51401667,7.77423333,1524.00,45.715
12864,3,5007,9903.310749891654,5839.880933408011,2020-08-06T14:15:10Z,45.51413333,7.77425000,1523.00,45.726
12865,3,5008,9904.310749891654,5840.880933408011,2020-08-06T14:15:11Z,45.51425000,7.77428333,1534.00,45.738
12866,3,5009,9905.310749891654,5841.880933408011,2020-08-06T14:15:12Z,45.51435000,7.77435000,1524.00,45.75
12867,3,5010,9906.310749891654,5842.880933408011,2020-08-06T14:15:13Z,45.51443333,7.77445000,1520.00,45.762
12868,3,5011,9907.310749891654,5843.880933408011,2020-08-06T14:15:14Z,45.51450000,7.77458333,1537.00,45.775
12869,3,5012,9908.310749891654,5844.880933408011,2020-08-06T14:15:15Z,45.51453333,7.77473333,1530.00,45.784
12870,3,5013,9909.310749891654,5845.880933408011,2020-08-06T14:15:16Z,45.51453333,7.77488333,1520.00,45.791
12871,3,5014,9910.310749891654,5846.880933408011,2020-08-06T14:15:17Z,45.51450000,7.77503333,1522.00,45.795
12872,3,5015,9911.310749891654,5847.880933408011,2020-08-06T14:15:18Z,45.51445000,7.77516667,1539.00,45.797
12873,3,5016,9912.310749891654,5848.880933408011,2020-08-06T14:15:19Z,45.51438333,7.77525000,1528.00,45.795
12874,3,5017,9913.310749891654,5849.880933408011,2020-08-06T14:15:20Z,45.51431667,7.77530000,1523.00,45.791
12875,3,5018,9914.310749891654,5850.880933408011,2020-08-06T14:15:21Z,45.51425000,7.77530000,1530.00,45.785
12876,3,5019,9915.310749891654,5851.880933408011,2020-08-06T14:15:22Z,45.51420000,7.77530000,1536.00,45.781
12877,3,5020,9916.310749891654,5852.880933408011,2020-08-06T14:15:23Z,45.51411667,7.77526667,1532.00,45.772
12878,3,5021,9917.310749891654,5853.880933408011,2020-08-06T14:15:24Z,45.51405000,7.77525000,1539.00,45.765
12879,3,5022,9918.310749891654,5854.880933408011,2020-08-06T14:15:25Z,45.51398333,7.77521667,1529.00,45.757
12880,3,5023,9919.310749891654,5855.880933408011,2020-08-06T14:15:26Z,45.51390000,7.77516667,1530.00,45.748
12881,3,5024,9920.310749891654,5856.880933408011,2020-08-06T14:15:27Z,45.51383333,7.77513333,1534.00,45.74
12882,3,5025,9921.310749891654,5857.880933408011,2020-08-06T14:15:28Z,45.51375000,7.77508333,1538.00,45.73
12883,3,5026,9922.310749891654,5858.880933408011,2020-08-06T14:15:29Z,45.51370000,7.77501667,1530.00,45.723
12884,3,5027,9923.310749891654,5859.880933408011,2020-08-06T14:15:30Z,45.51365000,7.77493333,1525.00,45.714
12885,3,5028,9924.310749891654,5860.880933408011,2020-08-06T14:15:31Z,45.51360000,7.77483333,1533.00,45.705
12886,3,5029,9925.310749891654,5861.880933408011,2020-08-06T14:15:32Z,45.51358333,7.77473333,1526.00,45.699
12887,3,5030,9926.310749891654,5862.880933408011,2020-08-06T14:15:33Z,45.51358333,7.77460000,1536.00,45.693
12888,3,5031,9927.310749891654,5863.880933408011,2020-08-06T14:15:34Z,45.51360000,7.77448333,1542.00,45.689
12889,3,5032,9928.310749891654,5864.880933408011,2020-08-06T14:15:35Z,45.51361667,7.77435000,1533.00,45.685
12890,3,5033,9929.310749891654,5865.880933408011,2020-08-06T14:15:36Z,45.51366667,7.77423333,1541.00,45.684
12891,3,5034,9930.310749891654,5866.880933408011,2020-08-06T14:15:37Z,45.51373333,7.77413333,1527.00,45.685
12892,3,5035,9931.310749891654,5867.880933408011,2020-08-06T14:15:38Z,45.51381667,7.77403333,1537.00,45.688
12893,3,5036,9932.310749891654,5868.880933408011,2020-08-06T14:15:39Z,45.51391667,7.77395000,1536.00,45.693
12894,3,5037,9933.310749891654,5869.880933408011,2020-08-06T14:15:40Z,45.51401667,7.77390000,1529.00,45.7
12895,3,5038,9934.310749891654,5870.880933408011,2020-08-06T14:15:41Z,45.51413333,7.77386667,1535.00,45.709
12896,3,5039,9935.310749891654,5871.880933408011,2020-08-06T14:15:42Z,45.51423333,7.77386667,1532.00,45.718
12897,3,5040,9936.310749891654,5872.880933408011,2020-08-06T14:15:43Z,45.51433333,7.77390000,1524.00,45.728
12898,3,5041,9937.310749891654,5873.880933408011,2020-08-06T14:15:44Z,45.51443333,7.77396667,1542.00,45.74
12899,3,5042,9938.310749891654,5874.880933408011,2020-08-06T14:15:45Z,45.51451667,7.77406667,1530.00,45.752
12900,3,5043,9939.310749891654,5875.880933408011,2020-08-06T14:15:46Z,45.51458333,7.77418333,1548.00,45.764
12901,3,5044,9940.310749891654,5876.880933408011,2020-08-06T14:15:47Z,45.51463333,7.77428333,1538.00,45.773
12902,3,5045,9941.310749891654,5877.880933408011,2020-08-06T14:15:48Z,45.51466667,7.77441667,1547.00,45.782
12903,3,5046,9942.310749891654,5878.880933408011,2020-08-06T14:15:49Z,45.51466667,7.77455000,1540.00,45.788
12904,3,5047,9943.310749891654,5879.880933408011,2020-08-06T14:15:50Z,45.51465000,7.77466667,1548.00,45.792
12905,3,5048,9944.310749891654,5880.880933408011,2020-08-06T14:15:51Z,45.51460000,7.77480000,1546.00,45.793
12906,3,5049,9945.310749891654,5881.880933408011,2020-08-06T14:15:52Z,45.51456667,7.77491667,1558.00,45.796
12907,3,5050,9946.310749891654,5882.880933408011,2020-08-06T14:15:53Z,45.51450000,7.77501667,1545.00,45.794
12908,3,5051,9947.310749891654,5883.880933408011,2020-08-06T14:15:54Z,45.51443333,7.77506667,1540.00,45.791
12909,3,5052,9948.310749891654,5884.880933408011,2020-08-06T14:15:55Z,45.51436667,7.77506667,1544.00,45.785
12910,3,5053,9949.310749891654,5885.880933408011,2020-08-06T14:15:56Z,45.51430000,7.77501667,1547.00,45.777
12911,3,5054,9950.310749891654,5886.880933408011,2020-08-06T14:15:57Z,45.51425000,7.77490000,1546.00,45.767
12912,3,5055,9951.310749891654,5887.880933408011,2020-08-06T14:15:58Z,45.51426667,7.77473333,1553.00,45.76
12913,3,5056,9952.310749891654,5888.880933408011,2020-08-06T14:15:59Z,45.51431667,7.77460000,1558.00,45.759
12914,3,5057,9953.310749891654,5889.880933408011,2020-08-06T14:16:00Z,45.51441667,7.77448333,1570.00,45.762
12915,3,5058,9954.310749891654,5890.880933408011,2020-08-06T14:16:01Z,45.51453333,7.77443333,1550.00,45.771
12916,3,5059,9955.310749891654,5891.880933408011,2020-08-06T14:16:02Z,45.51465000,7.77446667,1558.00,45.783
12917,3,5060,9956.310749891654,5892.880933408011,2020-08-06T14:16:03Z,45.51473333,7.77456667,1563.00,45.795
12918,3,5061,9957.310749891654,5893.880933408011,2020-08-06T14:16:04Z,45.51480000,7.77470000,1558.00,45.807
12919,3,5062,9958.310749891654,5894.880933408011,2020-08-06T14:16:05Z,45.51483333,7.77481667,1557.00,45.815
12920,3,5063,9959.310749891654,5895.880933408011,2020-08-06T14:16:06Z,45.51483333,7.77496667,1570.00,45.822
12921,3,5064,9960.310749891654,5896.880933408011,2020-08-06T14:16:07Z,45.51480000,7.77508333,1573.00,45.824
12922,3,5065,9961.310749891654,5897.880933408011,2020-08-06T14:16:08Z,45.51475000,7.77516667,1573.00,45.824
12923,3,5066,9962.310749891654,5898.880933408011,2020-08-06T14:16:09Z,45.51468333,7.77518333,1553.00,45.819
12924,3,5067,9963.310749891654,5899.880933408011,2020-08-06T14:16:10Z,45.51461667,7.77515000,1571.00,45.811
12925,3,5068,9964.310749891654,5900.880933408011,2020-08-06T14:16:11Z,45.51458333,7.77505000,1569.00,45.803
12926,3,5069,9965.310749891654,5901.880933408011,2020-08-06T14:16:12Z,45.51455000,7.77493333,1573.00,45.795
12927,3,5070,9966.310749891654,5902.880933408011,2020-08-06T14:16:13Z,45.51455000,7.77480000,1581.00,45.789
12928,3,5071,9967.310749891654,5903.880933408011,2020-08-06T14:16:14Z,45.51456667,7.77470000,1583.00,45.786
12929,3,5072,9968.310749891654,5904.880933408011,2020-08-06T14:16:15Z,45.51463333,7.77460000,1573.00,45.787
12930,3,5073,9969.310749891654,5905.880933408011,2020-08-06T14:16:16Z,45.51471667,7.77456667,1569.00,45.793
12931,3,5074,9970.310749891654,5906.880933408011,2020-08-06T14:16:17Z,45.51483333,7.77456667,1581.00,45.804
12932,3,5075,9971.310749891654,5907.880933408011,2020-08-06T14:16:18Z,45.51496667,7.77463333,1572.00,45.819
12933,3,5076,9972.310749891654,5908.880933408011,2020-08-06T14:16:19Z,45.51506667,7.77473333,1573.00,45.832
12934,3,5077,9973.310749891654,5909.880933408011,2020-08-06T14:16:20Z,45.51513333,7.77486667,1578.00,45.844
12935,3,5078,9974.310749891654,5910.880933408011,2020-08-06T14:16:21Z,45.51515000,7.77500000,1579.00,45.852
12936,3,5079,9975.310749891654,5911.880933408011,2020-08-06T14:16:22Z,45.51513333,7.77513333,1583.00,45.857
12937,3,5080,9976.310749891654,5912.880933408011,2020-08-06T14:16:23Z,45.51510000,7.77526667,1590.00,45.86
12938,3,5081,9977.310749891654,5913.880933408011,2020-08-06T14:16:24Z,45.51506667,7.77536667,1580.00,45.861
12939,3,5082,9978.310749891654,5914.880933408011,2020-08-06T14:16:25Z,45.51501667,7.77543333,1577.00,45.86
12940,3,5083,9979.310749891654,5915.880933408011,2020-08-06T14:16:26Z,45.51496667,7.77545000,1586.00,45.856
12941,3,5084,9980.310749891654,5916.880933408011,2020-08-06T14:16:27Z,45.51488333,7.77545000,1595.00,45.849
12942,3,5085,9981.310749891654,5917.880933408011,2020-08-06T14:16:28Z,45.51481667,7.77541667,1583.00,45.841
12943,3,5086,9982.310749891654,5918.880933408011,2020-08-06T14:16:29Z,45.51473333,7.77535000,1589.00,45.831
12944,3,5087,9983.310749891654,5919.880933408011,2020-08-06T14:16:30Z,45.51466667,7.77528333,1588.00,45.822
12945,3,5088,9984.310749891654,5920.880933408011,2020-08-06T14:16:31Z,45.51460000,7.77521667,1589.00,45.813
12946,3,5089,9985.310749891654,5921.880933408011,2020-08-06T14:16:32Z,45.51453333,7.77515000,1587.00,45.804
12947,3,5090,9986.310749891654,5922.880933408011,2020-08-06T14:16:33Z,45.51448333,7.77508333,1590.00,45.796
12948,3,5091,9987.310749891654,5923.880933408011,2020-08-06T14:16:34Z,45.51443333,7.77500000,1585.00,45.788
12949,3,5092,9988.310749891654,5924.880933408011,2020-08-06T14:16:35Z,45.51440000,7.77491667,1597.00,45.781
12950,3,5093,9989.310749891654,5925.880933408011,2020-08-06T14:16:36Z,45.51436667,7.77483333,1587.00,45.774
12951,3,5094,9990.310749891654,5926.880933408011,2020-08-06T14:16:37Z,45.51435000,7.77471667,1597.00,45.767
12952,3,5095,9991.310749891654,5927.880933408011,2020-08-06T14:16:38Z,45.51435000,7.77460000,1599.00,45.762
12953,3,5096,9992.310749891654,5928.880933408011,2020-08-06T14:16:39Z,45.51438333,7.77446667,1597.00,45.759
12954,3,5097,9993.310749891654,5929.880933408011,2020-08-06T14:16:40Z,45.51443333,7.77433333,1599.00,45.757
12955,3,5098,9994.310749891654,5930.880933408011,2020-08-06T14:16:41Z,45.51450000,7.77423333,1598.00,45.758
12956,3,5099,9995.310749891654,5931.880933408011,2020-08-06T14:16:42Z,45.51460000,7.77418333,1597.00,45.765
12957,3,5100,9996.310749891654,5932.880933408011,2020-08-06T14:16:43Z,45.51471667,7.77416667,1596.00,45.775
12958,3,5101,9997.310749891654,5933.880933408011,2020-08-06T14:16:44Z,45.51481667,7.77418333,1595.00,45.785
12959,3,5102,9998.310749891654,5934.880933408011,2020-08-06T14:16:45Z,45.51491667,7.77423333,1605.00,45.796
12960,3,5103,9999.310749891654,5935.880933408011,2020-08-06T14:16:46Z,45.51500000,7.77430000,1586.00,45.806
12961,3,5104,10000.310749891654,5936.880933408011,2020-08-06T14:16:47Z,45.51506667,7.77440000,1603.00,45.817
12962,3,5105,10001.310749891654,5937.880933408011,2020-08-06T14:16:48Z,45.51511667,7.77453333,1599.00,45.828
12963,3,5106,10002.310749891654,5938.880933408011,2020-08-06T14:16:49Z,45.51513333,7.77466667,1605.00,45.835
12964,3,5107,10003.310749891654,5939.880933408011,2020-08-06T14:16:50Z,45.51513333,7.77480000,1598.00,45.841
12965,3,5108,10004.310749891654,5940.880933408011,2020-08-06T14:16:51Z,45.51511667,7.77493333,1606.00,45.846
12966,3,5109,10005.310749891654,5941.880933408011,2020-08-06T14:16:52Z,45.51508333,7.77503333,1601.00,45.848
12967,3,5110,10006.310749891654,5942.880933408011,2020-08-06T14:16:53Z,45.51501667,7.77510000,1608.00,45.845
12968,3,5111,10007.310749891654,5943.880933408011,2020-08-06T14:16:54Z,45.51496667,7.77513333,1598.00,45.842
12969,3,5112,10008.310749891654,5944.880933408011,2020-08-06T14:16:55Z,45.51490000,7.77516667,1604.00,45.837
12970,3,5113,10009.310749891654,5945.880933408011,2020-08-06T14:16:56Z,45.51483333,7.77523333,1615.00,45.834
12971,3,5114,10010.310749891654,5946.880933408011,2020-08-06T14:16:57Z,45.51476667,7.77535000,1601.00,45.834
12972,3,5115,10011.310749891654,5947.880933408011,2020-08-06T14:16:58Z,45.51470000,7.77545000,1615.00,45.832
12973,3,5116,10012.310749891654,5948.880933408011,2020-08-06T14:16:59Z,45.51465000,7.77553333,1616.00,45.832
12974,3,5117,10013.310749891654,5949.880933408011,2020-08-06T14:17:00Z,45.51458333,7.77555000,1597.00,45.826
12975,3,5118,10014.310749891654,5950.880933408011,2020-08-06T14:17:01Z,45.51453333,7.77553333,1622.00,45.821
12976,3,5119,10015.310749891654,5951.880933408011,2020-08-06T14:17:02Z,45.51446667,7.77548333,1613.00,45.813
12977,3,5120,10016.310749891654,5952.880933408011,2020-08-06T14:17:03Z,45.51440000,7.77540000,1623.00,45.803
12978,3,5121,10017.310749891654,5953.880933408011,2020-08-06T14:17:04Z,45.51435000,7.77531667,1611.00,45.795
12979,3,5122,10018.310749891654,5954.880933408011,2020-08-06T14:17:05Z,45.51433333,7.77521667,1625.00,45.789
12980,3,5123,10019.310749891654,5955.880933408011,2020-08-06T14:17:06Z,45.51435000,7.77510000,1628.00,45.785
12981,3,5124,10020.310749891654,5956.880933408011,2020-08-06T14:17:07Z,45.51441667,7.77500000,1632.00,45.786
12982,3,5125,10021.310749891654,5957.880933408011,2020-08-06T14:17:08Z,45.51450000,7.77493333,1632.00,45.791
12983,3,5126,10022.310749891654,5958.880933408011,2020-08-06T14:17:09Z,45.51460000,7.77491667,1620.00,45.799
12984,3,5127,10023.310749891654,5959.880933408011,2020-08-06T14:17:10Z,45.51471667,7.77496667,1632.00,45.812
12985,3,5128,10024.310749891654,5960.880933408011,2020-08-06T14:17:11Z,45.51481667,7.77505000,1635.00,45.824
12986,3,5129,10025.310749891654,5961.880933408011,2020-08-06T14:17:12Z,45.51486667,7.77516667,1631.00,45.834
12987,3,5130,10026.310749891654,5962.880933408011,2020-08-06T14:17:13Z,45.51490000,7.77530000,1633.00,45.843
12988,3,5131,10027.310749891654,5963.880933408011,2020-08-06T14:17:14Z,45.51490000,7.77545000,1639.00,45.85
12989,3,5132,10028.310749891654,5964.880933408011,2020-08-06T14:17:15Z,45.51485000,7.77558333,1637.00,45.852
12990,3,5133,10029.310749891654,5965.880933408011,2020-08-06T14:17:16Z,45.51480000,7.77566667,1642.00,45.851
12991,3,5134,10030.310749891654,5966.880933408011,2020-08-06T14:17:17Z,45.51471667,7.77570000,1630.00,45.845
12992,3,5135,10031.310749891654,5967.880933408011,2020-08-06T14:17:18Z,45.51463333,7.77568333,1648.00,45.837
12993,3,5136,10032.310749891654,5968.880933408011,2020-08-06T14:17:19Z,45.51456667,7.77563333,1646.00,45.829
12994,3,5137,10033.310749891654,5969.880933408011,2020-08-06T14:17:20Z,45.51450000,7.77556667,1642.00,45.82
12995,3,5138,10034.310749891654,5970.880933408011,2020-08-06T14:17:21Z,45.51446667,7.77550000,1649.00,45.814
12996,3,5139,10035.310749891654,5971.880933408011,2020-08-06T14:17:22Z,45.51445000,7.77540000,1649.00,45.808
12997,3,5140,10036.310749891654,5972.880933408011,2020-08-06T14:17:23Z,45.51446667,7.77528333,1648.00,45.804
12998,3,5141,10037.310749891654,5973.880933408011,2020-08-06T14:17:24Z,45.51450000,7.77516667,1646.00,45.801
12999,3,5142,10038.310749891654,5974.880933408011,2020-08-06T14:17:25Z,45.51456667,7.77506667,1652.00,45.803
13000,3,5143,10039.310749891654,5975.880933408011,2020-08-06T14:17:26Z,45.51466667,7.77500000,1655.00,45.809
13001,3,5144,10040.310749891654,5976.880933408011,2020-08-06T14:17:27Z,45.51476667,7.77500000,1651.00,45.818
13002,3,5145,10041.310749891654,5977.880933408011,2020-08-06T14:17:28Z,45.51486667,7.77505000,1655.00,45.829
13003,3,5146,10042.310749891654,5978.880933408011,2020-08-06T14:17:29Z,45.51496667,7.77511667,1660.00,45.841
13004,3,5147,10043.310749891654,5979.880933408011,2020-08-06T14:17:30Z,45.51503333,7.77521667,1657.00,45.852
13005,3,5148,10044.310749891654,5980.880933408011,2020-08-06T14:17:31Z,45.51510000,7.77535000,1655.00,45.864
13006,3,5149,10045.310749891654,5981.880933408011,2020-08-06T14:17:32Z,45.51513333,7.77546667,1659.00,45.872
13007,3,5150,10046.310749891654,5982.880933408011,2020-08-06T14:17:33Z,45.51516667,7.77560000,1666.00,45.881
13008,3,5151,10047.310749891654,5983.880933408011,2020-08-06T14:17:34Z,45.51515000,7.77571667,1656.00,45.885
13009,3,5152,10048.310749891654,5984.880933408011,2020-08-06T14:17:35Z,45.51510000,7.77581667,1653.00,45.885
13010,3,5153,10049.310749891654,5985.880933408011,2020-08-06T14:17:36Z,45.51503333,7.77588333,1662.00,45.882
13011,3,5154,10050.310749891654,5986.880933408011,2020-08-06T14:17:37Z,45.51496667,7.77593333,1670.00,45.879
13012,3,5155,10051.310749891654,5987.880933408011,2020-08-06T14:17:38Z,45.51488333,7.77598333,1669.00,45.873
13013,3,5156,10052.310749891654,5988.880933408011,2020-08-06T14:17:39Z,45.51480000,7.77598333,1669.00,45.866
13014,3,5157,10053.310749891654,5989.880933408011,2020-08-06T14:17:40Z,45.51473333,7.77596667,1668.00,45.859
13015,3,5158,10054.310749891654,5990.880933408011,2020-08-06T14:17:41Z,45.51465000,7.77590000,1668.00,45.849
13016,3,5159,10055.310749891654,5991.880933408011,2020-08-06T14:17:42Z,45.51460000,7.77580000,1668.00,45.84
13017,3,5160,10056.310749891654,5992.880933408011,2020-08-06T14:17:43Z,45.51458333,7.77568333,1669.00,45.833
13018,3,5161,10057.310749891654,5993.880933408011,2020-08-06T14:17:44Z,45.51458333,7.77556667,1670.00,45.827
13019,3,5162,10058.310749891654,5994.880933408011,2020-08-06T14:17:45Z,45.51460000,7.77543333,1672.00,45.823
13020,3,5163,10059.310749891654,5995.880933408011,2020-08-06T14:17:46Z,45.51463333,7.77531667,1675.00,45.82
13021,3,5164,10060.310749891654,5996.880933408011,2020-08-06T14:17:47Z,45.51468333,7.77518333,1673.00,45.819
13022,3,5165,10061.310749891654,5997.880933408011,2020-08-06T14:17:48Z,45.51475000,7.77508333,1673.00,45.82
13023,3,5166,10062.310749891654,5998.880933408011,2020-08-06T14:17:49Z,45.51485000,7.77501667,1671.00,45.826
13024,3,5167,10063.310749891654,5999.880933408011,2020-08-06T14:17:50Z,45.51493333,7.77498333,1666.00,45.832
13025,3,5168,10064.310749891654,6000.880933408011,2020-08-06T14:17:51Z,45.51503333,7.77498333,1667.00,45.841
13026,3,5169,10065.310749891654,6001.880933408011,2020-08-06T14:17:52Z,45.51513333,7.77501667,1673.00,45.851
13027,3,5170,10066.310749891654,6002.880933408011,2020-08-06T14:17:53Z,45.51523333,7.77506667,1681.00,45.863
13028,3,5171,10067.310749891654,6003.880933408011,2020-08-06T14:17:54Z,45.51533333,7.77515000,1677.00,45.875
13029,3,5172,10068.310749891654,6004.880933408011,2020-08-06T14:17:55Z,45.51543333,7.77525000,1675.00,45.889
13030,3,5173,10069.310749891654,6005.880933408011,2020-08-06T14:17:56Z,45.51550000,7.77536667,1681.00,45.9
13031,3,5174,10070.310749891654,6006.880933408011,2020-08-06T14:17:57Z,45.51556667,7.77548333,1688.00,45.912
13032,3,5175,10071.310749891654,6007.880933408011,2020-08-06T14:17:58Z,45.51560000,7.77558333,1684.00,45.919
13033,3,5176,10072.310749891654,6008.880933408011,2020-08-06T14:17:59Z,45.51560000,7.77568333,1677.00,45.924
13034,3,5177,10073.310749891654,6009.880933408011,2020-08-06T14:18:00Z,45.51558333,7.77578333,1693.00,45.927
13035,3,5178,10074.310749891654,6010.880933408011,2020-08-06T14:18:01Z,45.51555000,7.77588333,1667.00,45.929
13036,3,5179,10075.310749891654,6011.880933408011,2020-08-06T14:18:02Z,45.51548333,7.77595000,1692.00,45.926
13037,3,5180,10076.310749891654,6012.880933408011,2020-08-06T14:18:03Z,45.51541667,7.77598333,1681.00,45.921
13038,3,5181,10077.310749891654,6013.880933408011,2020-08-06T14:18:04Z,45.51531667,7.77598333,1687.00,45.912
13039,3,5182,10078.310749891654,6014.880933408011,2020-08-06T14:18:05Z,45.51521667,7.77596667,1688.00,45.902
13040,3,5183,10079.310749891654,6015.880933408011,2020-08-06T14:18:06Z,45.51513333,7.77593333,1697.00,45.893
13041,3,5184,10080.310749891654,6016.880933408011,2020-08-06T14:18:07Z,45.51508333,7.77588333,1686.00,45.887
13042,3,5185,10081.310749891654,6017.880933408011,2020-08-06T14:18:08Z,45.51505000,7.77578333,1681.00,45.879
13043,3,5186,10082.310749891654,6018.880933408011,2020-08-06T14:18:09Z,45.51503333,7.77566667,1689.00,45.872
13044,3,5187,10083.310749891654,6019.880933408011,2020-08-06T14:18:10Z,45.51503333,7.77555000,1693.00,45.867
13045,3,5188,10084.310749891654,6020.880933408011,2020-08-06T14:18:11Z,45.51506667,7.77541667,1686.00,45.864
13046,3,5189,10085.310749891654,6021.880933408011,2020-08-06T14:18:12Z,45.51511667,7.77531667,1687.00,45.864
13047,3,5190,10086.310749891654,6022.880933408011,2020-08-06T14:18:13Z,45.51520000,7.77521667,1688.00,45.866
13048,3,5191,10087.310749891654,6023.880933408011,2020-08-06T14:18:14Z,45.51530000,7.77515000,1689.00,45.872
13049,3,5192,10088.310749891654,6024.880933408011,2020-08-06T14:18:15Z,45.51540000,7.77510000,1686.00,45.879
13050,3,5193,10089.310749891654,6025.880933408011,2020-08-06T14:18:16Z,45.51550000,7.77506667,1698.00,45.887
13051,3,5194,10090.310749891654,6026.880933408011,2020-08-06T14:18:17Z,45.51560000,7.77508333,1691.00,45.896
13052,3,5195,10091.310749891654,6027.880933408011,2020-08-06T14:18:18Z,45.51571667,7.77511667,1689.00,45.908
13053,3,5196,10092.310749891654,6028.880933408011,2020-08-06T14:18:19Z,45.51581667,7.77518333,1691.00,45.92
13054,3,5197,10093.310749891654,6029.880933408011,2020-08-06T14:18:20Z,45.51590000,7.77525000,1695.00,45.931
13055,3,5198,10094.310749891654,6030.880933408011,2020-08-06T14:18:21Z,45.51596667,7.77535000,1693.00,45.942
13056,3,5199,10095.310749891654,6031.880933408011,2020-08-06T14:18:22Z,45.51600000,7.77546667,1694.00,45.95
13057,3,5200,10096.310749891654,6032.880933408011,2020-08-06T14:18:23Z,45.51600000,7.77558333,1700.00,45.955
13058,3,5201,10097.310749891654,6033.880933408011,2020-08-06T14:18:24Z,45.51598333,7.77570000,1699.00,45.959
13059,3,5202,10098.310749891654,6034.880933408011,2020-08-06T14:18:25Z,45.51595000,7.77580000,1699.00,45.961
13060,3,5203,10099.310749891654,6035.880933408011,2020-08-06T14:18:26Z,45.51590000,7.77588333,1694.00,45.96
13061,3,5204,10100.310749891654,6036.880933408011,2020-08-06T14:18:27Z,45.51583333,7.77593333,1701.00,45.956
13062,3,5205,10101.310749891654,6037.880933408011,2020-08-06T14:18:28Z,45.51575000,7.77596667,1699.00,45.95
13063,3,5206,10102.310749891654,6038.880933408011,2020-08-06T14:18:29Z,45.51568333,7.77596667,1699.00,45.944
13064,3,5207,10103.310749891654,6039.880933408011,2020-08-06T14:18:30Z,45.51560000,7.77595000,1701.00,45.936
13065,3,5208,10104.310749891654,6040.880933408011,2020-08-06T14:18:31Z,45.51551667,7.77591667,1696.00,45.927
13066,3,5209,10105.310749891654,6041.880933408011,2020-08-06T14:18:32Z,45.51543333,7.77590000,1704.00,45.919
13067,3,5210,10106.310749891654,6042.880933408011,2020-08-06T14:18:33Z,45.51536667,7.77586667,1705.00,45.911
13068,3,5211,10107.310749891654,6043.880933408011,2020-08-06T14:18:34Z,45.51530000,7.77585000,1698.00,45.905
13069,3,5212,10108.310749891654,6044.880933408011,2020-08-06T14:18:35Z,45.51521667,7.77581667,1699.00,45.896
13070,3,5213,10109.310749891654,6045.880933408011,2020-08-06T14:18:36Z,45.51513333,7.77578333,1706.00,45.887
13071,3,5214,10110.310749891654,6046.880933408011,2020-08-06T14:18:37Z,45.51505000,7.77575000,1699.00,45.878
13072,3,5215,10111.310749891654,6047.880933408011,2020-08-06T14:18:38Z,45.51496667,7.77573333,1701.00,45.869
13073,3,5216,10112.310749891654,6048.880933408011,2020-08-06T14:18:39Z,45.51488333,7.77571667,1702.00,45.861
13074,3,5217,10113.310749891654,6049.880933408011,2020-08-06T14:18:40Z,45.51480000,7.77568333,1717.00,45.852
13075,3,5218,10114.310749891654,6050.880933408011,2020-08-06T14:18:41Z,45.51473333,7.77565000,1704.00,45.845
13076,3,5219,10115.310749891654,6051.880933408011,2020-08-06T14:18:42Z,45.51466667,7.77561667,1702.00,45.837
13077,3,5220,10116.310749891654,6052.880933408011,2020-08-06T14:18:43Z,45.51458333,7.77560000,1702.00,45.829
13078,3,5221,10117.310749891654,6053.880933408011,2020-08-06T14:18:44Z,45.51450000,7.77558333,1702.00,45.821
13079,3,5222,10118.310749891654,6054.880933408011,2020-08-06T14:18:45Z,45.51440000,7.77555000,1681.00,45.81
13080,3,5223,10119.310749891654,6055.880933408011,2020-08-06T14:18:46Z,45.51430000,7.77550000,1680.00,45.799
13081,3,5224,10120.310749891654,6056.880933408011,2020-08-06T14:18:47Z,45.51420000,7.77543333,1700.00,45.787
13082,3,5225,10121.310749891654,6057.880933408011,2020-08-06T14:18:48Z,45.51411667,7.77536667,1693.00,45.776
13083,3,5226,10122.310749891654,6058.880933408011,2020-08-06T14:18:49Z,45.51403333,7.77528333,1697.00,45.765
13084,3,5227,10123.310749891654,6059.880933408011,2020-08-06T14:18:50Z,45.51393333,7.77521667,1696.00,45.753
13085,3,5228,10124.310749891654,6060.880933408011,2020-08-06T14:18:51Z,45.51385000,7.77515000,1690.00,45.742
13086,3,5229,10125.310749891654,6061.880933408011,2020-08-06T14:18:52Z,45.51375000,7.77506667,1690.00,45.73
13087,3,5230,10126.310749891654,6062.880933408011,2020-08-06T14:18:53Z,45.51365000,7.77500000,1684.00,45.717
13088,3,5231,10127.310749891654,6063.880933408011,2020-08-06T14:18:54Z,45.51355000,7.77491667,1683.00,45.705
13089,3,5232,10128.310749891654,6064.880933408011,2020-08-06T14:18:55Z,45.51345000,7.77483333,1684.00,45.692
13090,3,5233,10129.310749891654,6065.880933408011,2020-08-06T14:18:56Z,45.51335000,7.77476667,1683.00,45.68
13091,3,5234,10130.310749891654,6066.880933408011,2020-08-06T14:18:57Z,45.51325000,7.77470000,1688.00,45.668
13092,3,5235,10131.310749891654,6067.880933408011,2020-08-06T14:18:58Z,45.51313333,7.77463333,1683.00,45.654
13093,3,5236,10132.310749891654,6068.880933408011,2020-08-06T14:18:59Z,45.51303333,7.77455000,1680.00,45.641
13094,3,5237,10133.310749891654,6069.880933408011,2020-08-06T14:19:00Z,45.51293333,7.77448333,1675.00,45.629
13095,3,5238,10134.310749891654,6070.880933408011,2020-08-06T14:19:01Z,45.51281667,7.77441667,1680.00,45.616
13096,3,5239,10135.310749891654,6071.880933408011,2020-08-06T14:19:02Z,45.51271667,7.77435000,1676.00,45.604
13097,3,5240,10136.310749891654,6072.880933408011,2020-08-06T14:19:03Z,45.51261667,7.77431667,1681.00,45.593
13098,3,5241,10137.310749891654,6073.880933408011,2020-08-06T14:19:04Z,45.51250000,7.77426667,1706.00,45.581
13099,3,5242,10138.310749891654,6074.880933408011,2020-08-06T14:19:05Z,45.51238333,7.77421667,1693.00,45.568
13100,3,5243,10139.310749891654,6075.880933408011,2020-08-06T14:19:06Z,45.51228333,7.77416667,1690.00,45.557
13101,3,5244,10140.310749891654,6076.880933408011,2020-08-06T14:19:07Z,45.51218333,7.77411667,1690.00,45.545
13102,3,5245,10141.310749891654,6077.880933408011,2020-08-06T14:19:08Z,45.51210000,7.77406667,1689.00,45.536
13103,3,5246,10142.310749891654,6078.880933408011,2020-08-06T14:19:09Z,45.51201667,7.77403333,1687.00,45.527
13104,3,5247,10143.310749891654,6079.880933408011,2020-08-06T14:19:10Z,45.51191667,7.77396667,1677.00,45.515
13105,3,5248,10144.310749891654,6080.880933408011,2020-08-06T14:19:11Z,45.51181667,7.77391667,1682.00,45.503
13106,3,5249,10145.310749891654,6081.880933408011,2020-08-06T14:19:12Z,45.51171667,7.77383333,1673.00,45.49
13107,3,5250,10146.310749891654,6082.880933408011,2020-08-06T14:19:13Z,45.51160000,7.77375000,1665.00,45.476
13108,3,5251,10147.310749891654,6083.880933408011,2020-08-06T14:19:14Z,45.51148333,7.77366667,1677.00,45.462
13109,3,5252,10148.310749891654,6084.880933408011,2020-08-06T14:19:15Z,45.51136667,7.77358333,1670.00,45.448
13110,3,5253,10149.310749891654,6085.880933408011,2020-08-06T14:19:16Z,45.51126667,7.77351667,1666.00,45.436
13111,3,5254,10150.310749891654,6086.880933408011,2020-08-06T14:19:17Z,45.51116667,7.77345000,1667.00,45.424
13112,3,5255,10151.310749891654,6087.880933408011,2020-08-06T14:19:18Z,45.51106667,7.77338333,1666.00,45.411
13113,3,5256,10152.310749891654,6088.880933408011,2020-08-06T14:19:19Z,45.51096667,7.77333333,1663.00,45.4
13114,3,5257,10153.310749891654,6089.880933408011,2020-08-06T14:19:20Z,45.51085000,7.77325000,1660.00,45.386
13115,3,5258,10154.310749891654,6090.880933408011,2020-08-06T14:19:21Z,45.51073333,7.77318333,1658.00,45.372
13116,3,5259,10155.310749891654,6091.880933408011,2020-08-06T14:19:22Z,45.51063333,7.77311667,1658.00,45.36
13117,3,5260,10156.310749891654,6092.880933408011,2020-08-06T14:19:23Z,45.51053333,7.77305000,1655.00,45.348
13118,3,5261,10157.310749891654,6093.880933408011,2020-08-06T14:19:24Z,45.51043333,7.77298333,1649.00,45.336
13119,3,5262,10158.310749891654,6094.880933408011,2020-08-06T14:19:25Z,45.51035000,7.77293333,1656.00,45.327
13120,3,5263,10159.310749891654,6095.880933408011,2020-08-06T14:19:26Z,45.51025000,7.77288333,1650.00,45.315
13121,3,5264,10160.310749891654,6096.880933408011,2020-08-06T14:19:27Z,45.51015000,7.77281667,1648.00,45.303
13122,3,5265,10161.310749891654,6097.880933408011,2020-08-06T14:19:28Z,45.51003333,7.77273333,1644.00,45.289
13123,3,5266,10162.310749891654,6098.880933408011,2020-08-06T14:19:29Z,45.50993333,7.77265000,1643.00,45.276
13124,3,5267,10163.310749891654,6099.880933408011,2020-08-06T14:19:30Z,45.50983333,7.77258333,1641.00,45.264
13125,3,5268,10164.310749891654,6100.880933408011,2020-08-06T14:19:31Z,45.50973333,7.77250000,1640.00,45.251
13126,3,5269,10165.310749891654,6101.880933408011,2020-08-06T14:19:32Z,45.50963333,7.77243333,1641.00,45.239
13127,3,5270,10166.310749891654,6102.880933408011,2020-08-06T14:19:33Z,45.50955000,7.77235000,1639.00,45.228
13128,3,5271,10167.310749891654,6103.880933408011,2020-08-06T14:19:34Z,45.50945000,7.77228333,1635.00,45.216
13129,3,5272,10168.310749891654,6104.880933408011,2020-08-06T14:19:35Z,45.50935000,7.77220000,1635.00,45.203
13130,3,5273,10169.310749891654,6105.880933408011,2020-08-06T14:19:36Z,45.50925000,7.77213333,1630.00,45.191
13131,3,5274,10170.310749891654,6106.880933408011,2020-08-06T14:19:37Z,45.50915000,7.77205000,1628.00,45.178
13132,3,5275,10171.310749891654,6107.880933408011,2020-08-06T14:19:38Z,45.50905000,7.77195000,1629.00,45.165
13133,3,5276,10172.310749891654,6108.880933408011,2020-08-06T14:19:39Z,45.50895000,7.77186667,1625.00,45.152
13134,3,5277,10173.310749891654,6109.880933408011,2020-08-06T14:19:40Z,45.50885000,7.77178333,1625.00,45.139
13135,3,5278,10174.310749891654,6110.880933408011,2020-08-06T14:19:41Z,45.50876667,7.77170000,1624.00,45.128
13136,3,5279,10175.310749891654,6111.880933408011,2020-08-06T14:19:42Z,45.50866667,7.77161667,1622.00,45.115
13137,3,5280,10176.310749891654,6112.880933408011,2020-08-06T14:19:43Z,45.50856667,7.77153333,1619.00,45.102
13138,3,5281,10177.310749891654,6113.880933408011,2020-08-06T14:19:44Z,45.50848333,7.77143333,1617.00,45.09
13139,3,5282,10178.310749891654,6114.880933408011,2020-08-06T14:19:45Z,45.50838333,7.77133333,1615.00,45.077
13140,3,5283,10179.310749891654,6115.880933408011,2020-08-06T14:19:46Z,45.50830000,7.77123333,1612.00,45.065
13141,3,5284,10180.310749891654,6116.880933408011,2020-08-06T14:19:47Z,45.50820000,7.77113333,1612.00,45.051
13142,3,5285,10181.310749891654,6117.880933408011,2020-08-06T14:19:48Z,45.50811667,7.77103333,1611.00,45.039
13143,3,5286,10182.310749891654,6118.880933408011,2020-08-06T14:19:49Z,45.50803333,7.77095000,1609.00,45.028
13144,3,5287,10183.310749891654,6119.880933408011,2020-08-06T14:19:50Z,45.50795000,7.77085000,1608.00,45.016
13145,3,5288,10184.310749891654,6120.880933408011,2020-08-06T14:19:51Z,45.50786667,7.77076667,1606.00,45.004
13146,3,5289,10185.310749891654,6121.880933408011,2020-08-06T14:19:52Z,45.50776667,7.77066667,1603.00,44.991
13147,3,5290,10186.310749891654,6122.880933408011,2020-08-06T14:19:53Z,45.50768333,7.77058333,1602.00,44.979
13148,3,5291,10187.310749891654,6123.880933408011,2020-08-06T14:19:54Z,45.50758333,7.77048333,1601.00,44.966
13149,3,5292,10188.310749891654,6124.880933408011,2020-08-06T14:19:55Z,45.50750000,7.77040000,1598.00,44.954
13150,3,5293,10189.310749891654,6125.880933408011,2020-08-06T14:19:56Z,45.50740000,7.77030000,1596.00,44.941
13151,3,5294,10190.310749891654,6126.880933408011,2020-08-06T14:19:57Z,45.50731667,7.77021667,1593.00,44.93
13152,3,5295,10191.310749891654,6127.880933408011,2020-08-06T14:19:58Z,45.50723333,7.77011667,1595.00,44.917
13153,3,5296,10192.310749891654,6128.880933408011,2020-08-06T14:19:59Z,45.50715000,7.77001667,1591.00,44.905
13154,3,5297,10193.310749891654,6129.880933408011,2020-08-06T14:20:00Z,45.50705000,7.76991667,1587.00,44.892
13155,3,5298,10194.310749891654,6130.880933408011,2020-08-06T14:20:01Z,45.50696667,7.76981667,1588.00,44.88
13156,3,5299,10195.310749891654,6131.880933408011,2020-08-06T14:20:02Z,45.50688333,7.76973333,1584.00,44.868
13157,3,5300,10196.310749891654,6132.880933408011,2020-08-06T14:20:03Z,45.50680000,7.76963333,1583.00,44.856
13158,3,5301,10197.310749891654,6133.880933408011,2020-08-06T14:20:04Z,45.50670000,7.76953333,1581.00,44.843
13159,3,5302,10198.310749891654,6134.880933408011,2020-08-06T14:20:05Z,45.50661667,7.76945000,1580.00,44.831
13160,3,5303,10199.310749891654,6135.880933408011,2020-08-06T14:20:06Z,45.50653333,7.76935000,1577.00,44.819
13161,3,5304,10200.310749891654,6136.880933408011,2020-08-06T14:20:07Z,45.50643333,7.76925000,1575.00,44.806
13162,3,5305,10201.310749891654,6137.880933408011,2020-08-06T14:20:08Z,45.50635000,7.76915000,1574.00,44.794
13163,3,5306,10202.310749891654,6138.880933408011,2020-08-06T14:20:09Z,45.50625000,7.76905000,1573.00,44.78
13164,3,5307,10203.310749891654,6139.880933408011,2020-08-06T14:20:10Z,45.50615000,7.76895000,1571.00,44.767
13165,3,5308,10204.310749891654,6140.880933408011,2020-08-06T14:20:11Z,45.50606667,7.76886667,1569.00,44.755
13166,3,5309,10205.310749891654,6141.880933408011,2020-08-06T14:20:12Z,45.50596667,7.76876667,1568.00,44.742
13167,3,5310,10206.310749891654,6142.880933408011,2020-08-06T14:20:13Z,45.50588333,7.76866667,1566.00,44.73
13168,3,5311,10207.310749891654,6143.880933408011,2020-08-06T14:20:14Z,45.50578333,7.76856667,1564.00,44.716
13169,3,5312,10208.310749891654,6144.880933408011,2020-08-06T14:20:15Z,45.50570000,7.76846667,1562.00,44.704
13170,3,5313,10209.310749891654,6145.880933408011,2020-08-06T14:20:16Z,45.50560000,7.76836667,1561.00,44.69
13171,3,5314,10210.310749891654,6146.880933408011,2020-08-06T14:20:17Z,45.50551667,7.76826667,1559.00,44.678
13172,3,5315,10211.310749891654,6147.880933408011,2020-08-06T14:20:18Z,45.50541667,7.76816667,1557.00,44.665
13173,3,5316,10212.310749891654,6148.880933408011,2020-08-06T14:20:19Z,45.50533333,7.76806667,1557.00,44.653
13174,3,5317,10213.310749891654,6149.880933408011,2020-08-06T14:20:20Z,45.50523333,7.76798333,1555.00,44.64
13175,3,5318,10214.310749891654,6150.880933408011,2020-08-06T14:20:21Z,45.50515000,7.76788333,1554.00,44.628
13176,3,5319,10215.310749891654,6151.880933408011,2020-08-06T14:20:22Z,45.50506667,7.76778333,1553.00,44.616
13177,3,5320,10216.310749891654,6152.880933408011,2020-08-06T14:20:23Z,45.50498333,7.76770000,1551.00,44.604
13178,3,5321,10217.310749891654,6153.880933408011,2020-08-06T14:20:24Z,45.50490000,7.76758333,1552.00,44.591
13179,3,5322,10218.310749891654,6154.880933408011,2020-08-06T14:20:25Z,45.50481667,7.76748333,1550.00,44.579
13180,3,5323,10219.310749891654,6155.880933408011,2020-08-06T14:20:26Z,45.50473333,7.76738333,1548.00,44.567
13181,3,5324,10220.310749891654,6156.880933408011,2020-08-06T14:20:27Z,45.50466667,7.76728333,1547.00,44.557
13182,3,5325,10221.310749891654,6157.880933408011,2020-08-06T14:20:28Z,45.50458333,7.76718333,1546.00,44.545
13183,3,5326,10222.310749891654,6158.880933408011,2020-08-06T14:20:29Z,45.50451667,7.76708333,1545.00,44.534
13184,3,5327,10223.310749891654,6159.880933408011,2020-08-06T14:20:30Z,45.50441667,7.76698333,1543.00,44.52
13185,3,5328,10224.310749891654,6160.880933408011,2020-08-06T14:20:31Z,45.50433333,7.76688333,1542.00,44.508
13186,3,5329,10225.310749891654,6161.880933408011,2020-08-06T14:20:32Z,45.50426667,7.76678333,1542.00,44.498
13187,3,5330,10226.310749891654,6162.880933408011,2020-08-06T14:20:33Z,45.50418333,7.76668333,1541.00,44.486
13188,3,5331,10227.310749891654,6163.880933408011,2020-08-06T14:20:34Z,45.50410000,7.76658333,1540.00,44.474
13189,3,5332,10228.310749891654,6164.880933408011,2020-08-06T14:20:35Z,45.50401667,7.76650000,1539.00,44.462
13190,3,5333,10229.310749891654,6165.880933408011,2020-08-06T14:20:36Z,45.50393333,7.76640000,1536.00,44.45
13191,3,5334,10230.310749891654,6166.880933408011,2020-08-06T14:20:37Z,45.50385000,7.76630000,1535.00,44.438
13192,3,5335,10231.310749891654,6167.880933408011,2020-08-06T14:20:38Z,45.50376667,7.76620000,1534.00,44.426
13193,3,5336,10232.310749891654,6168.880933408011,2020-08-06T14:20:39Z,45.50366667,7.76610000,1532.00,44.412
13194,3,5337,10233.310749891654,6169.880933408011,2020-08-06T14:20:40Z,45.50358333,7.76601667,1530.00,44.401
13195,3,5338,10234.310749891654,6170.880933408011,2020-08-06T14:20:41Z,45.50351667,7.76591667,1531.00,44.391
13196,3,5339,10235.310749891654,6171.880933408011,2020-08-06T14:20:42Z,45.50343333,7.76583333,1530.00,44.379
13197,3,5340,10236.310749891654,6172.880933408011,2020-08-06T14:20:43Z,45.50335000,7.76575000,1529.00,44.368
13198,3,5341,10237.310749891654,6173.880933408011,2020-08-06T14:20:44Z,45.50326667,7.76566667,1526.00,44.357
13199,3,5342,10238.310749891654,6174.880933408011,2020-08-06T14:20:45Z,45.50318333,7.76558333,1527.00,44.345
13200,3,5343,10239.310749891654,6175.880933408011,2020-08-06T14:20:46Z,45.50311667,7.76548333,1524.00,44.335
13201,3,5344,10240.310749891654,6176.880933408011,2020-08-06T14:20:47Z,45.50301667,7.76540000,1522.00,44.322
13202,3,5345,10241.310749891654,6177.880933408011,2020-08-06T14:20:48Z,45.50293333,7.76530000,1523.00,44.31
13203,3,5346,10242.310749891654,6178.880933408011,2020-08-06T14:20:49Z,45.50285000,7.76521667,1522.00,44.298
13204,3,5347,10243.310749891654,6179.880933408011,2020-08-06T14:20:50Z,45.50276667,7.76515000,1520.00,44.288
13205,3,5348,10244.310749891654,6180.880933408011,2020-08-06T14:20:51Z,45.50268333,7.76506667,1520.00,44.277
13206,3,5349,10245.310749891654,6181.880933408011,2020-08-06T14:20:52Z,45.50260000,7.76500000,1517.00,44.266
13207,3,5350,10246.310749891654,6182.880933408011,2020-08-06T14:20:53Z,45.50251667,7.76491667,1515.00,44.255
13208,3,5351,10247.310749891654,6183.880933408011,2020-08-06T14:20:54Z,45.50241667,7.76483333,1514.00,44.242
13209,3,5352,10248.310749891654,6184.880933408011,2020-08-06T14:20:55Z,45.50233333,7.76473333,1514.00,44.23
13210,3,5353,10249.310749891654,6185.880933408011,2020-08-06T14:20:56Z,45.50225000,7.76465000,1512.00,44.219
13211,3,5354,10250.310749891654,6186.880933408011,2020-08-06T14:20:57Z,45.50216667,7.76456667,1512.00,44.207
13212,3,5355,10251.310749891654,6187.880933408011,2020-08-06T14:20:58Z,45.50208333,7.76446667,1511.00,44.195
13213,3,5356,10252.310749891654,6188.880933408011,2020-08-06T14:20:59Z,45.50201667,7.76438333,1508.00,44.185
13214,3,5357,10253.310749891654,6189.880933408011,2020-08-06T14:21:00Z,45.50193333,7.76428333,1508.00,44.173
13215,3,5358,10254.310749891654,6190.880933408011,2020-08-06T14:21:01Z,45.50185000,7.76420000,1507.00,44.162
13216,3,5359,10255.310749891654,6191.880933408011,2020-08-06T14:21:02Z,45.50176667,7.76410000,1505.00,44.15
13217,3,5360,10256.310749891654,6192.880933408011,2020-08-06T14:21:03Z,45.50168333,7.76400000,1506.00,44.138
13218,3,5361,10257.310749891654,6193.880933408011,2020-08-06T14:21:04Z,45.50160000,7.76391667,1506.00,44.127
13219,3,5362,10258.310749891654,6194.880933408011,2020-08-06T14:21:05Z,45.50151667,7.76381667,1502.00,44.114
13220,3,5363,10259.310749891654,6195.880933408011,2020-08-06T14:21:06Z,45.50143333,7.76371667,1503.00,44.102
13221,3,5364,10260.310749891654,6196.880933408011,2020-08-06T14:21:07Z,45.50135000,7.76363333,1501.00,44.091
13222,3,5365,10261.310749891654,6197.880933408011,2020-08-06T14:21:08Z,45.50126667,7.76353333,1498.00,44.079
13223,3,5366,10262.310749891654,6198.880933408011,2020-08-06T14:21:09Z,45.50118333,7.76345000,1498.00,44.068
13224,3,5367,10263.310749891654,6199.880933408011,2020-08-06T14:21:10Z,45.50108333,7.76336667,1497.00,44.055
13225,3,5368,10264.310749891654,6200.880933408011,2020-08-06T14:21:11Z,45.50100000,7.76328333,1498.00,44.044
13226,3,5369,10265.310749891654,6201.880933408011,2020-08-06T14:21:12Z,45.50090000,7.76320000,1496.00,44.031
13227,3,5370,10266.310749891654,6202.880933408011,2020-08-06T14:21:13Z,45.50081667,7.76311667,1494.00,44.019
13228,3,5371,10267.310749891654,6203.880933408011,2020-08-06T14:21:14Z,45.50071667,7.76303333,1494.00,44.007
13229,3,5372,10268.310749891654,6204.880933408011,2020-08-06T14:21:15Z,45.50063333,7.76295000,1492.00,43.995
13230,3,5373,10269.310749891654,6205.880933408011,2020-08-06T14:21:16Z,45.50053333,7.76286667,1490.00,43.982
13231,3,5374,10270.310749891654,6206.880933408011,2020-08-06T14:21:17Z,45.50045000,7.76276667,1489.00,43.97
13232,3,5375,10271.310749891654,6207.880933408011,2020-08-06T14:21:18Z,45.50035000,7.76268333,1488.00,43.958
13233,3,5376,10272.310749891654,6208.880933408011,2020-08-06T14:21:19Z,45.50026667,7.76258333,1487.00,43.946
13234,3,5377,10273.310749891654,6209.880933408011,2020-08-06T14:21:20Z,45.50016667,7.76250000,1486.00,43.933
13235,3,5378,10274.310749891654,6210.880933408011,2020-08-06T14:21:21Z,45.50008333,7.76241667,1484.00,43.921
13236,3,5379,10275.310749891654,6211.880933408011,2020-08-06T14:21:22Z,45.50000000,7.76233333,1484.00,43.91
13237,3,5380,10276.310749891654,6212.880933408011,2020-08-06T14:21:23Z,45.49991667,7.76225000,1482.00,43.899
13238,3,5381,10277.310749891654,6213.880933408011,2020-08-06T14:21:24Z,45.49981667,7.76216667,1480.00,43.886
13239,3,5382,10278.310749891654,6214.880933408011,2020-08-06T14:21:25Z,45.49973333,7.76208333,1479.00,43.875
13240,3,5383,10279.310749891654,6215.880933408011,2020-08-06T14:21:26Z,45.49965000,7.76200000,1477.00,43.863
13241,3,5384,10280.310749891654,6216.880933408011,2020-08-06T14:21:27Z,45.49956667,7.76191667,1475.00,43.852
13242,3,5385,10281.310749891654,6217.880933408011,2020-08-06T14:21:28Z,45.49948333,7.76181667,1474.00,43.84
13243,3,5386,10282.310749891654,6218.880933408011,2020-08-06T14:21:29Z,45.49940000,7.76173333,1472.00,43.829
13244,3,5387,10283.310749891654,6219.880933408011,2020-08-06T14:21:30Z,45.49931667,7.76163333,1472.00,43.817
13245,3,5388,10284.310749891654,6220.880933408011,2020-08-06T14:21:31Z,45.49923333,7.76155000,1468.00,43.805
13246,3,5389,10285.310749891654,6221.880933408011,2020-08-06T14:21:32Z,45.49915000,7.76146667,1469.00,43.794
13247,3,5390,10286.310749891654,6222.880933408011,2020-08-06T14:21:33Z,45.49906667,7.76138333,1469.00,43.783
13248,3,5391,10287.310749891654,6223.880933408011,2020-08-06T14:21:34Z,45.49898333,7.76128333,1467.00,43.771
13249,3,5392,10288.310749891654,6224.880933408011,2020-08-06T14:21:35Z,45.49890000,7.76120000,1465.00,43.759
13250,3,5393,10289.310749891654,6225.880933408011,2020-08-06T14:21:36Z,45.49881667,7.76110000,1463.00,43.747
13251,3,5394,10290.310749891654,6226.880933408011,2020-08-06T14:21:37Z,45.49873333,7.76098333,1463.00,43.734
13252,3,5395,10291.310749891654,6227.880933408011,2020-08-06T14:21:38Z,45.49866667,7.76088333,1461.00,43.724
13253,3,5396,10292.310749891654,6228.880933408011,2020-08-06T14:21:39Z,45.49858333,7.76078333,1458.00,43.712
13254,3,5397,10293.310749891654,6229.880933408011,2020-08-06T14:21:40Z,45.49850000,7.76068333,1457.00,43.7
13255,3,5398,10294.310749891654,6230.880933408011,2020-08-06T14:21:41Z,45.49843333,7.76056667,1456.00,43.688
13256,3,5399,10295.310749891654,6231.880933408011,2020-08-06T14:21:42Z,45.49835000,7.76045000,1455.00,43.675
13257,3,5400,10296.310749891654,6232.880933408011,2020-08-06T14:21:43Z,45.49826667,7.76033333,1456.00,43.662
13258,3,5401,10297.310749891654,6233.880933408011,2020-08-06T14:21:44Z,45.49820000,7.76023333,1454.00,43.652
13259,3,5402,10298.310749891654,6234.880933408011,2020-08-06T14:21:45Z,45.49811667,7.76013333,1453.00,43.64
13260,3,5403,10299.310749891654,6235.880933408011,2020-08-06T14:21:46Z,45.49805000,7.76005000,1455.00,43.63
13261,3,5404,10300.310749891654,6236.880933408011,2020-08-06T14:21:47Z,45.49796667,7.75995000,1453.00,43.618
13262,3,5405,10301.310749891654,6237.880933408011,2020-08-06T14:21:48Z,45.49790000,7.75986667,1453.00,43.608
13263,3,5406,10302.310749891654,6238.880933408011,2020-08-06T14:21:49Z,45.49781667,7.75975000,1451.00,43.595
13264,3,5407,10303.310749891654,6239.880933408011,2020-08-06T14:21:50Z,45.49775000,7.75965000,1449.00,43.585
13265,3,5408,10304.310749891654,6240.880933408011,2020-08-06T14:21:51Z,45.49766667,7.75955000,1449.00,43.572
13266,3,5409,10305.310749891654,6241.880933408011,2020-08-06T14:21:52Z,45.49760000,7.75946667,1448.00,43.563
13267,3,5410,10306.310749891654,6242.880933408011,2020-08-06T14:21:53Z,45.49753333,7.75938333,1448.00,43.553
13268,3,5411,10307.310749891654,6243.880933408011,2020-08-06T14:21:54Z,45.49745000,7.75931667,1448.00,43.542
13269,3,5412,10308.310749891654,6244.880933408011,2020-08-06T14:21:55Z,45.49736667,7.75923333,1444.00,43.531
13270,3,5413,10309.310749891654,6245.880933408011,2020-08-06T14:21:56Z,45.49730000,7.75915000,1443.00,43.521
13271,3,5414,10310.310749891654,6246.880933408011,2020-08-06T14:21:57Z,45.49721667,7.75906667,1442.00,43.51
13272,3,5415,10311.310749891654,6247.880933408011,2020-08-06T14:21:58Z,45.49713333,7.75896667,1440.00,43.498
13273,3,5416,10312.310749891654,6248.880933408011,2020-08-06T14:21:59Z,45.49705000,7.75888333,1440.00,43.486
13274,3,5417,10313.310749891654,6249.880933408011,2020-08-06T14:22:00Z,45.49698333,7.75881667,1440.00,43.477
13275,3,5418,10314.310749891654,6250.880933408011,2020-08-06T14:22:01Z,45.49691667,7.75875000,1440.00,43.468
13276,3,5419,10315.310749891654,6251.880933408011,2020-08-06T14:22:02Z,45.49685000,7.75866667,1438.00,43.459
13277,3,5420,10316.310749891654,6252.880933408011,2020-08-06T14:22:03Z,45.49676667,7.75860000,1436.00,43.448
13278,3,5421,10317.310749891654,6253.880933408011,2020-08-06T14:22:04Z,45.49668333,7.75851667,1434.00,43.437
13279,3,5422,10318.310749891654,6254.880933408011,2020-08-06T14:22:05Z,45.49660000,7.75843333,1434.00,43.425
13280,3,5423,10319.310749891654,6255.880933408011,2020-08-06T14:22:06Z,45.49653333,7.75833333,1434.00,43.415
13281,3,5424,10320.310749891654,6256.880933408011,2020-08-06T14:22:07Z,45.49645000,7.75825000,1433.00,43.403
13282,3,5425,10321.310749891654,6257.880933408011,2020-08-06T14:22:08Z,45.49638333,7.75818333,1436.00,43.394
13283,3,5426,10322.310749891654,6258.880933408011,2020-08-06T14:22:09Z,45.49631667,7.75810000,1433.00,43.385
13284,3,5427,10323.310749891654,6259.880933408011,2020-08-06T14:22:10Z,45.49625000,7.75801667,1431.00,43.375
13285,3,5428,10324.310749891654,6260.880933408011,2020-08-06T14:22:11Z,45.49618333,7.75793333,1430.00,43.365
13286,3,5429,10325.310749891654,6261.880933408011,2020-08-06T14:22:12Z,45.49613333,7.75785000,1432.00,43.357
13287,3,5430,10326.310749891654,6262.880933408011,2020-08-06T14:22:13Z,45.49606667,7.75776667,1430.00,43.347
13288,3,5431,10327.310749891654,6263.880933408011,2020-08-06T14:22:14Z,45.49601667,7.75770000,1431.00,43.339
13289,3,5432,10328.310749891654,6264.880933408011,2020-08-06T14:22:15Z,45.49595000,7.75761667,1429.00,43.329
13290,3,5433,10329.310749891654,6265.880933408011,2020-08-06T14:22:16Z,45.49588333,7.75751667,1425.00,43.319
13291,3,5434,10330.310749891654,6266.880933408011,2020-08-06T14:22:17Z,45.49581667,7.75741667,1421.00,43.308
13292,3,5435,10331.310749891654,6267.880933408011,2020-08-06T14:22:18Z,45.49575000,7.75730000,1422.00,43.297
13293,3,5436,10332.310749891654,6268.880933408011,2020-08-06T14:22:19Z,45.49568333,7.75720000,1422.00,43.286
13294,3,5437,10333.310749891654,6269.880933408011,2020-08-06T14:22:20Z,45.49563333,7.75711667,1419.00,43.278
13295,3,5438,10334.310749891654,6270.880933408011,2020-08-06T14:22:21Z,45.49558333,7.75703333,1420.00,43.27
13296,3,5439,10335.310749891654,6271.880933408011,2020-08-06T14:22:22Z,45.49551667,7.75695000,1419.00,43.26
13297,3,5440,10336.310749891654,6272.880933408011,2020-08-06T14:22:23Z,45.49545000,7.75686667,1419.00,43.25
13298,3,5441,10337.310749891654,6273.880933408011,2020-08-06T14:22:24Z,45.49538333,7.75680000,1416.00,43.241
13299,3,5442,10338.310749891654,6274.880933408011,2020-08-06T14:22:25Z,45.49531667,7.75671667,1417.00,43.231
13300,3,5443,10339.310749891654,6275.880933408011,2020-08-06T14:22:26Z,45.49523333,7.75665000,1417.00,43.221
13301,3,5444,10340.310749891654,6276.880933408011,2020-08-06T14:22:27Z,45.49518333,7.75656667,1413.00,43.212
13302,3,5445,10341.310749891654,6277.880933408011,2020-08-06T14:22:28Z,45.49511667,7.75650000,1413.00,43.203
13303,3,5446,10342.310749891654,6278.880933408011,2020-08-06T14:22:29Z,45.49505000,7.75643333,1411.00,43.194
13304,3,5447,10343.310749891654,6279.880933408011,2020-08-06T14:22:30Z,45.49498333,7.75635000,1410.00,43.184
13305,3,5448,10344.310749891654,6280.880933408011,2020-08-06T14:22:31Z,45.49491667,7.75628333,1408.00,43.175
13306,3,5449,10345.310749891654,6281.880933408011,2020-08-06T14:22:32Z,45.49485000,7.75621667,1405.00,43.166
13307,3,5450,10346.310749891654,6282.880933408011,2020-08-06T14:22:33Z,45.49476667,7.75615000,1405.00,43.156
13308,3,5451,10347.310749891654,6283.880933408011,2020-08-06T14:22:34Z,45.49470000,7.75608333,1403.00,43.147
13309,3,5452,10348.310749891654,6284.880933408011,2020-08-06T14:22:35Z,45.49463333,7.75601667,1403.00,43.138
13310,3,5453,10349.310749891654,6285.880933408011,2020-08-06T14:22:36Z,45.49456667,7.75595000,1404.00,43.128
13311,3,5454,10350.310749891654,6286.880933408011,2020-08-06T14:22:37Z,45.49450000,7.75588333,1392.00,43.119
13312,3,5455,10351.310749891654,6287.880933408011,2020-08-06T14:22:38Z,45.49443333,7.75581667,1397.00,43.11
13313,3,5456,10352.310749891654,6288.880933408011,2020-08-06T14:22:39Z,45.49435000,7.75575000,1390.00,43.1
13314,3,5457,10353.310749891654,6289.880933408011,2020-08-06T14:22:40Z,45.49428333,7.75568333,1391.00,43.091
13315,3,5458,10354.310749891654,6290.880933408011,2020-08-06T14:22:41Z,45.49420000,7.75560000,1389.00,43.079
13316,3,5459,10355.310749891654,6291.880933408011,2020-08-06T14:22:42Z,45.49413333,7.75553333,1384.00,43.07
13317,3,5460,10356.310749891654,6292.880933408011,2020-08-06T14:22:43Z,45.49405000,7.75546667,1385.00,43.06
13318,3,5461,10357.310749891654,6293.880933408011,2020-08-06T14:22:44Z,45.49400000,7.75541667,1380.00,43.053
13319,3,5462,10358.310749891654,6294.880933408011,2020-08-06T14:22:45Z,45.49393333,7.75536667,1384.00,43.045
13320,3,5463,10359.310749891654,6295.880933408011,2020-08-06T14:22:46Z,45.49386667,7.75531667,1375.00,43.037
13321,3,5464,10360.310749891654,6296.880933408011,2020-08-06T14:22:47Z,45.49380000,7.75525000,1369.00,43.028
13322,3,5465,10361.310749891654,6297.880933408011,2020-08-06T14:22:48Z,45.49371667,7.75518333,1382.00,43.017
13323,3,5466,10362.310749891654,6298.880933408011,2020-08-06T14:22:49Z,45.49363333,7.75511667,1371.00,43.006
13324,3,5467,10363.310749891654,6299.880933408011,2020-08-06T14:22:50Z,45.49356667,7.75505000,1375.00,42.997
13325,3,5468,10364.310749891654,6300.880933408011,2020-08-06T14:22:51Z,45.49350000,7.75500000,1378.00,42.989
13326,3,5469,10365.310749891654,6301.880933408011,2020-08-06T14:22:52Z,45.49345000,7.75495000,1373.00,42.982
13327,3,5470,10366.310749891654,6302.880933408011,2020-08-06T14:22:53Z,45.49340000,7.75490000,1376.00,42.976
13328,3,5471,10367.310749891654,6303.880933408011,2020-08-06T14:22:54Z,45.49331667,7.75483333,1375.00,42.965
13329,3,5472,10368.310749891654,6304.880933408011,2020-08-06T14:22:55Z,45.49323333,7.75476667,1365.00,42.954
13330,3,5473,10369.310749891654,6305.880933408011,2020-08-06T14:22:56Z,45.49315000,7.75468333,1361.00,42.943
13331,3,5474,10370.310749891654,6306.880933408011,2020-08-06T14:22:57Z,45.49306667,7.75461667,1366.00,42.933
13332,3,5475,10371.310749891654,6307.880933408011,2020-08-06T14:22:58Z,45.49298333,7.75453333,1364.00,42.921
13333,3,5476,10372.310749891654,6308.880933408011,2020-08-06T14:22:59Z,45.49290000,7.75446667,1364.00,42.911
13334,3,5477,10373.310749891654,6309.880933408011,2020-08-06T14:23:00Z,45.49283333,7.75440000,1361.00,42.902
13335,3,5478,10374.310749891654,6310.880933408011,2020-08-06T14:23:01Z,45.49276667,7.75433333,1360.00,42.893
13336,3,5479,10375.310749891654,6311.880933408011,2020-08-06T14:23:02Z,45.49270000,7.75426667,1355.00,42.884
13337,3,5480,10376.310749891654,6312.880933408011,2020-08-06T14:23:03Z,45.49261667,7.75418333,1353.00,42.872
13338,3,5481,10377.310749891654,6313.880933408011,2020-08-06T14:23:04Z,45.49255000,7.75411667,1361.00,42.863
13339,3,5482,10378.310749891654,6314.880933408011,2020-08-06T14:23:05Z,45.49248333,7.75403333,1356.00,42.853
13340,3,5483,10379.310749891654,6315.880933408011,2020-08-06T14:23:06Z,45.49241667,7.75395000,1350.00,42.844
13341,3,5484,10380.310749891654,6316.880933408011,2020-08-06T14:23:07Z,45.49236667,7.75386667,1353.00,42.835
13342,3,5485,10381.310749891654,6317.880933408011,2020-08-06T14:23:08Z,45.49230000,7.75378333,1352.00,42.825
13343,3,5486,10382.310749891654,6318.880933408011,2020-08-06T14:23:09Z,45.49221667,7.75370000,1346.00,42.814
13344,3,5487,10383.310749891654,6319.880933408011,2020-08-06T14:23:10Z,45.49215000,7.75361667,1343.00,42.804
13345,3,5488,10384.310749891654,6320.880933408011,2020-08-06T14:23:11Z,45.49206667,7.75351667,1344.00,42.792
13346,3,5489,10385.310749891654,6321.880933408011,2020-08-06T14:23:12Z,45.49200000,7.75341667,1343.00,42.782
13347,3,5490,10386.310749891654,6322.880933408011,2020-08-06T14:23:13Z,45.49193333,7.75333333,1341.00,42.772
13348,3,5491,10387.310749891654,6323.880933408011,2020-08-06T14:23:14Z,45.49186667,7.75323333,1340.00,42.761
13349,3,5492,10388.310749891654,6324.880933408011,2020-08-06T14:23:15Z,45.49180000,7.75315000,1342.00,42.751
13350,3,5493,10389.310749891654,6325.880933408011,2020-08-06T14:23:16Z,45.49171667,7.75308333,1335.00,42.741
13351,3,5494,10390.310749891654,6326.880933408011,2020-08-06T14:23:17Z,45.49165000,7.75300000,1332.00,42.731
13352,3,5495,10391.310749891654,6327.880933408011,2020-08-06T14:23:18Z,45.49158333,7.75291667,1335.00,42.721
13353,3,5496,10392.310749891654,6328.880933408011,2020-08-06T14:23:19Z,45.49151667,7.75281667,1331.00,42.711
13354,3,5497,10393.310749891654,6329.880933408011,2020-08-06T14:23:20Z,45.49145000,7.75273333,1331.00,42.701
13355,3,5498,10394.310749891654,6330.880933408011,2020-08-06T14:23:21Z,45.49138333,7.75265000,1329.00,42.691
13356,3,5499,10395.310749891654,6331.880933408011,2020-08-06T14:23:22Z,45.49131667,7.75258333,1329.00,42.682
13357,3,5500,10396.310749891654,6332.880933408011,2020-08-06T14:23:23Z,45.49125000,7.75250000,1326.00,42.672
13358,3,5501,10397.310749891654,6333.880933408011,2020-08-06T14:23:24Z,45.49118333,7.75241667,1322.00,42.662
13359,3,5502,10398.310749891654,6334.880933408011,2020-08-06T14:23:25Z,45.49111667,7.75231667,1323.00,42.652
13360,3,5503,10399.310749891654,6335.880933408011,2020-08-06T14:23:26Z,45.49105000,7.75221667,1315.00,42.641
13361,3,5504,10400.310749891654,6336.880933408011,2020-08-06T14:23:27Z,45.49098333,7.75211667,1317.00,42.63
13362,3,5505,10401.310749891654,6337.880933408011,2020-08-06T14:23:28Z,45.49093333,7.75203333,1321.00,42.622
13363,3,5506,10402.310749891654,6338.880933408011,2020-08-06T14:23:29Z,45.49086667,7.75196667,1315.00,42.613
13364,3,5507,10403.310749891654,6339.880933408011,2020-08-06T14:23:30Z,45.49081667,7.75191667,1320.00,42.606
13365,3,5508,10404.310749891654,6340.880933408011,2020-08-06T14:23:31Z,45.49076667,7.75185000,1311.00,42.599
13366,3,5509,10405.310749891654,6341.880933408011,2020-08-06T14:23:32Z,45.49071667,7.75178333,1308.00,42.591
13367,3,5510,10406.310749891654,6342.880933408011,2020-08-06T14:23:33Z,45.49065000,7.75171667,1311.00,42.582
13368,3,5511,10407.310749891654,6343.880933408011,2020-08-06T14:23:34Z,45.49060000,7.75163333,1309.00,42.574
13369,3,5512,10408.310749891654,6344.880933408011,2020-08-06T14:23:35Z,45.49055000,7.75156667,1311.00,42.566
13370,3,5513,10409.310749891654,6345.880933408011,2020-08-06T14:23:36Z,45.49048333,7.75148333,1303.00,42.556
13371,3,5514,10410.310749891654,6346.880933408011,2020-08-06T14:23:37Z,45.49043333,7.75140000,1302.00,42.548
13372,3,5515,10411.310749891654,6347.880933408011,2020-08-06T14:23:38Z,45.49036667,7.75133333,1309.00,42.539
13373,3,5516,10412.310749891654,6348.880933408011,2020-08-06T14:23:39Z,45.49031667,7.75125000,1301.00,42.531
13374,3,5517,10413.310749891654,6349.880933408011,2020-08-06T14:23:40Z,45.49026667,7.75118333,1303.00,42.523
13375,3,5518,10414.310749891654,6350.880933408011,2020-08-06T14:23:41Z,45.49023333,7.75111667,1305.00,42.517
13376,3,5519,10415.310749891654,6351.880933408011,2020-08-06T14:23:42Z,45.49018333,7.75106667,1300.00,42.51
13377,3,5520,10416.310749891654,6352.880933408011,2020-08-06T14:23:43Z,45.49011667,7.75098333,1300.00,42.5
13378,3,5521,10417.310749891654,6353.880933408011,2020-08-06T14:23:44Z,45.49006667,7.75091667,1300.00,42.493
13379,3,5522,10418.310749891654,6354.880933408011,2020-08-06T14:23:45Z,45.49000000,7.75085000,1297.00,42.484
13380,3,5523,10419.310749891654,6355.880933408011,2020-08-06T14:23:46Z,45.48995000,7.75078333,1298.00,42.476
13381,3,5524,10420.310749891654,6356.880933408011,2020-08-06T14:23:47Z,45.48988333,7.75071667,1293.00,42.467
13382,3,5525,10421.310749891654,6357.880933408011,2020-08-06T14:23:48Z,45.48983333,7.75065000,1295.00,42.46
13383,3,5526,10422.310749891654,6358.880933408011,2020-08-06T14:23:49Z,45.48978333,7.75058333,1298.00,42.452
13384,3,5527,10423.310749891654,6359.880933408011,2020-08-06T14:23:50Z,45.48971667,7.75051667,1291.00,42.443
13385,3,5528,10424.310749891654,6360.880933408011,2020-08-06T14:23:51Z,45.48965000,7.75045000,1291.00,42.434
13386,3,5529,10425.310749891654,6361.880933408011,2020-08-06T14:23:52Z,45.48960000,7.75038333,1291.00,42.426
13387,3,5530,10426.310749891654,6362.880933408011,2020-08-06T14:23:53Z,45.48953333,7.75030000,1292.00,42.417
13388,3,5531,10427.310749891654,6363.880933408011,2020-08-06T14:23:54Z,45.48948333,7.75023333,1288.00,42.409
13389,3,5532,10428.310749891654,6364.880933408011,2020-08-06T14:23:55Z,45.48941667,7.75015000,1290.00,42.399
13390,3,5533,10429.310749891654,6365.880933408011,2020-08-06T14:23:56Z,45.48936667,7.75008333,1292.00,42.392
13391,3,5534,10430.310749891654,6366.880933408011,2020-08-06T14:23:57Z,45.48931667,7.75000000,1282.00,42.383
13392,3,5535,10431.310749891654,6367.880933408011,2020-08-06T14:23:58Z,45.48928333,7.74991667,1287.00,42.377
13393,3,5536,10432.310749891654,6368.880933408011,2020-08-06T14:23:59Z,45.48923333,7.74985000,1290.00,42.369
13394,3,5537,10433.310749891654,6369.880933408011,2020-08-06T14:24:00Z,45.48916667,7.74978333,1286.00,42.36
13395,3,5538,10434.310749891654,6370.880933408011,2020-08-06T14:24:01Z,45.48910000,7.74970000,1284.00,42.35
13396,3,5539,10435.310749891654,6371.880933408011,2020-08-06T14:24:02Z,45.48903333,7.74961667,1281.00,42.34
13397,3,5540,10436.310749891654,6372.880933408011,2020-08-06T14:24:03Z,45.48898333,7.74951667,1280.00,42.331
13398,3,5541,10437.310749891654,6373.880933408011,2020-08-06T14:24:04Z,45.48891667,7.74943333,1282.00,42.321
13399,3,5542,10438.310749891654,6374.880933408011,2020-08-06T14:24:05Z,45.48886667,7.74936667,1285.00,42.314
13400,3,5543,10439.310749891654,6375.880933408011,2020-08-06T14:24:06Z,45.48881667,7.74931667,1284.00,42.307
13401,3,5544,10440.310749891654,6376.880933408011,2020-08-06T14:24:07Z,45.48875000,7.74925000,1278.00,42.298
13402,3,5545,10441.310749891654,6377.880933408011,2020-08-06T14:24:08Z,45.48870000,7.74920000,1274.00,42.291
13403,3,5546,10442.310749891654,6378.880933408011,2020-08-06T14:24:09Z,45.48863333,7.74911667,1278.00,42.281
13404,3,5547,10443.310749891654,6379.880933408011,2020-08-06T14:24:10Z,45.48856667,7.74903333,1277.00,42.272
13405,3,5548,10444.310749891654,6380.880933408011,2020-08-06T14:24:11Z,45.48850000,7.74895000,1276.00,42.262
13406,3,5549,10445.310749891654,6381.880933408011,2020-08-06T14:24:12Z,45.48845000,7.74886667,1273.00,42.253
13407,3,5550,10446.310749891654,6382.880933408011,2020-08-06T14:24:13Z,45.48838333,7.74880000,1276.00,42.244
13408,3,5551,10447.310749891654,6383.880933408011,2020-08-06T14:24:14Z,45.48833333,7.74875000,1275.00,42.238
13409,3,5552,10448.310749891654,6384.880933408011,2020-08-06T14:24:15Z,45.48826667,7.74868333,1268.00,42.229
13410,3,5553,10449.310749891654,6385.880933408011,2020-08-06T14:24:16Z,45.48820000,7.74861667,1271.00,42.219
13411,3,5554,10450.310749891654,6386.880933408011,2020-08-06T14:24:17Z,45.48811667,7.74856667,1273.00,42.21
13412,3,5555,10451.310749891654,6387.880933408011,2020-08-06T14:24:18Z,45.48803333,7.74848333,1263.00,42.198
13413,3,5556,10452.310749891654,6388.880933408011,2020-08-06T14:24:19Z,45.48795000,7.74840000,1267.00,42.187
13414,3,5557,10453.310749891654,6389.880933408011,2020-08-06T14:24:20Z,45.48786667,7.74831667,1268.00,42.176
13415,3,5558,10454.310749891654,6390.880933408011,2020-08-06T14:24:21Z,45.48780000,7.74820000,1259.00,42.164
13416,3,5559,10455.310749891654,6391.880933408011,2020-08-06T14:24:22Z,45.48773333,7.74811667,1269.00,42.155
13417,3,5560,10456.310749891654,6392.880933408011,2020-08-06T14:24:23Z,45.48768333,7.74805000,1252.00,42.147
13418,3,5561,10457.310749891654,6393.880933408011,2020-08-06T14:24:24Z,45.48763333,7.74798333,1266.00,42.139
13419,3,5562,10458.310749891654,6394.880933408011,2020-08-06T14:24:25Z,45.48756667,7.74793333,1261.00,42.131
13420,3,5563,10459.310749891654,6395.880933408011,2020-08-06T14:24:26Z,45.48750000,7.74790000,1266.00,42.124
13421,3,5564,10460.310749891654,6396.880933408011,2020-08-06T14:24:27Z,45.48743333,7.74785000,1275.00,42.115
13422,3,5565,10461.310749891654,6397.880933408011,2020-08-06T14:24:28Z,45.48736667,7.74781667,1283.00,42.108
13423,3,5566,10462.310749891654,6398.880933408011,2020-08-06T14:24:29Z,45.48730000,7.74776667,1275.00,42.1
13424,3,5567,10463.310749891654,6399.880933408011,2020-08-06T14:24:30Z,45.48726667,7.74768333,1251.00,42.093
13425,3,5568,10464.310749891654,6400.880933408011,2020-08-06T14:24:31Z,45.48725000,7.74760000,1271.00,42.087
13426,3,5569,10465.310749891654,6401.880933408011,2020-08-06T14:24:32Z,45.48725000,7.74748333,1274.00,42.082
13427,3,5570,10466.310749891654,6402.880933408011,2020-08-06T14:24:33Z,45.48728333,7.74736667,1270.00,42.08
13428,3,5571,10467.310749891654,6403.880933408011,2020-08-06T14:24:34Z,45.48731667,7.74723333,1282.00,42.076
13429,3,5572,10468.310749891654,6404.880933408011,2020-08-06T14:24:35Z,45.48738333,7.74711667,1256.00,42.077
13430,3,5573,10469.310749891654,6405.880933408011,2020-08-06T14:24:36Z,45.48748333,7.74705000,1275.00,42.083
13431,3,5574,10470.310749891654,6406.880933408011,2020-08-06T14:24:37Z,45.48760000,7.74700000,1274.00,42.091
13432,3,5575,10471.310749891654,6407.880933408011,2020-08-06T14:24:38Z,45.48771667,7.74701667,1272.00,42.102
13433,3,5576,10472.310749891654,6408.880933408011,2020-08-06T14:24:39Z,45.48781667,7.74705000,1270.00,42.113
13434,3,5577,10473.310749891654,6409.880933408011,2020-08-06T14:24:40Z,45.48790000,7.74715000,1272.00,42.125
13435,3,5578,10474.310749891654,6410.880933408011,2020-08-06T14:24:41Z,45.48796667,7.74726667,1257.00,42.136
13436,3,5579,10475.310749891654,6411.880933408011,2020-08-06T14:24:42Z,45.48796667,7.74740000,1261.00,42.142
13437,3,5580,10476.310749891654,6412.880933408011,2020-08-06T14:24:43Z,45.48795000,7.74753333,1262.00,42.147
13438,3,5581,10477.310749891654,6413.880933408011,2020-08-06T14:24:44Z,45.48791667,7.74766667,1265.00,42.15
13439,3,5582,10478.310749891654,6414.880933408011,2020-08-06T14:24:45Z,45.48786667,7.74776667,1263.00,42.15
13440,3,5583,10479.310749891654,6415.880933408011,2020-08-06T14:24:46Z,45.48781667,7.74783333,1271.00,42.149
13441,3,5584,10480.310749891654,6416.880933408011,2020-08-06T14:24:47Z,45.48775000,7.74788333,1254.00,42.145
13442,3,5585,10481.310749891654,6417.880933408011,2020-08-06T14:24:48Z,45.48768333,7.74791667,1264.00,42.141
13443,3,5586,10482.310749891654,6418.880933408011,2020-08-06T14:24:49Z,45.48760000,7.74790000,1264.00,42.133
13444,3,5587,10483.310749891654,6419.880933408011,2020-08-06T14:24:50Z,45.48751667,7.74786667,1272.00,42.124
13445,3,5588,10484.310749891654,6420.880933408011,2020-08-06T14:24:51Z,45.48743333,7.74781667,1270.00,42.114
13446,3,5589,10485.310749891654,6421.880933408011,2020-08-06T14:24:52Z,45.48735000,7.74776667,1276.00,42.104
13447,3,5590,10486.310749891654,6422.880933408011,2020-08-06T14:24:53Z,45.48728333,7.74773333,1277.00,42.097
13448,3,5591,10487.310749891654,6423.880933408011,2020-08-06T14:24:54Z,45.48720000,7.74770000,1268.00,42.088
13449,3,5592,10488.310749891654,6424.880933408011,2020-08-06T14:24:55Z,45.48713333,7.74766667,1254.00,42.08
13450,3,5593,10489.310749891654,6425.880933408011,2020-08-06T14:24:56Z,45.48706667,7.74761667,1257.00,42.072
13451,3,5594,10490.310749891654,6426.880933408011,2020-08-06T14:24:57Z,45.48698333,7.74755000,1258.00,42.061
13452,3,5595,10491.310749891654,6427.880933408011,2020-08-06T14:24:58Z,45.48691667,7.74748333,1269.00,42.052
13453,3,5596,10492.310749891654,6428.880933408011,2020-08-06T14:24:59Z,45.48683333,7.74741667,1260.00,42.042
13454,3,5597,10493.310749891654,6429.880933408011,2020-08-06T14:25:00Z,45.48676667,7.74735000,1266.00,42.033
13455,3,5598,10494.310749891654,6430.880933408011,2020-08-06T14:25:01Z,45.48670000,7.74728333,1255.00,42.024
13456,3,5599,10495.310749891654,6431.880933408011,2020-08-06T14:25:02Z,45.48661667,7.74720000,1254.00,42.012
13457,3,5600,10496.310749891654,6432.880933408011,2020-08-06T14:25:03Z,45.48655000,7.74710000,1254.00,42.002
13458,3,5601,10497.310749891654,6433.880933408011,2020-08-06T14:25:04Z,45.48648333,7.74701667,1257.00,41.992
13459,3,5602,10498.310749891654,6434.880933408011,2020-08-06T14:25:05Z,45.48641667,7.74693333,1269.00,41.982
13460,3,5603,10499.310749891654,6435.880933408011,2020-08-06T14:25:06Z,45.48636667,7.74685000,1255.00,41.974
13461,3,5604,10500.310749891654,6436.880933408011,2020-08-06T14:25:07Z,45.48631667,7.74675000,1253.00,41.965
13462,3,5605,10501.310749891654,6437.880933408011,2020-08-06T14:25:08Z,45.48628333,7.74663333,1262.00,41.956
13463,3,5606,10502.310749891654,6438.880933408011,2020-08-06T14:25:09Z,45.48625000,7.74653333,1260.00,41.949
13464,3,5607,10503.310749891654,6439.880933408011,2020-08-06T14:25:10Z,45.48620000,7.74643333,1263.00,41.939
13465,3,5608,10504.310749891654,6440.880933408011,2020-08-06T14:25:11Z,45.48616667,7.74633333,1256.00,41.932
13466,3,5609,10505.310749891654,6441.880933408011,2020-08-06T14:25:12Z,45.48611667,7.74621667,1253.00,41.922
13467,3,5610,10506.310749891654,6442.880933408011,2020-08-06T14:25:13Z,45.48608333,7.74608333,1252.00,41.913
13468,3,5611,10507.310749891654,6443.880933408011,2020-08-06T14:25:14Z,45.48605000,7.74598333,1260.00,41.905
13469,3,5612,10508.310749891654,6444.880933408011,2020-08-06T14:25:15Z,45.48601667,7.74586667,1261.00,41.897
13470,3,5613,10509.310749891654,6445.880933408011,2020-08-06T14:25:16Z,45.48598333,7.74576667,1249.00,41.889
13471,3,5614,10510.310749891654,6446.880933408011,2020-08-06T14:25:17Z,45.48596667,7.74565000,1248.00,41.882
13472,3,5615,10511.310749891654,6447.880933408011,2020-08-06T14:25:18Z,45.48593333,7.74556667,1258.00,41.876
13473,3,5616,10512.310749891654,6448.880933408011,2020-08-06T14:25:19Z,45.48590000,7.74548333,1253.00,41.869
13474,3,5617,10513.310749891654,6449.880933408011,2020-08-06T14:25:20Z,45.48585000,7.74541667,1250.00,41.861
13475,3,5618,10514.310749891654,6450.880933408011,2020-08-06T14:25:21Z,45.48580000,7.74533333,1254.00,41.853
13476,3,5619,10515.310749891654,6451.880933408011,2020-08-06T14:25:22Z,45.48576667,7.74523333,1249.00,41.845
13477,3,5620,10516.310749891654,6452.880933408011,2020-08-06T14:25:23Z,45.48571667,7.74515000,1251.00,41.837
13478,3,5621,10517.310749891654,6453.880933408011,2020-08-06T14:25:24Z,45.48568333,7.74506667,1245.00,41.83
13479,3,5622,10518.310749891654,6454.880933408011,2020-08-06T14:25:25Z,45.48563333,7.74498333,1249.00,41.822
13480,3,5623,10519.310749891654,6455.880933408011,2020-08-06T14:25:26Z,45.48558333,7.74491667,1252.00,41.814
13481,3,5624,10520.310749891654,6456.880933408011,2020-08-06T14:25:27Z,45.48553333,7.74485000,1248.00,41.807
13482,3,5625,10521.310749891654,6457.880933408011,2020-08-06T14:25:28Z,45.48548333,7.74475000,1242.00,41.798
13483,3,5626,10522.310749891654,6458.880933408011,2020-08-06T14:25:29Z,45.48545000,7.74465000,1251.00,41.79
13484,3,5627,10523.310749891654,6459.880933408011,2020-08-06T14:25:30Z,45.48540000,7.74455000,1244.00,41.781
13485,3,5628,10524.310749891654,6460.880933408011,2020-08-06T14:25:31Z,45.48536667,7.74443333,1254.00,41.773
13486,3,5629,10525.310749891654,6461.880933408011,2020-08-06T14:25:32Z,45.48533333,7.74433333,1254.00,41.765
13487,3,5630,10526.310749891654,6462.880933408011,2020-08-06T14:25:33Z,45.48530000,7.74421667,1255.00,41.757
13488,3,5631,10527.310749891654,6463.880933408011,2020-08-06T14:25:34Z,45.48528333,7.74410000,1251.00,41.75
13489,3,5632,10528.310749891654,6464.880933408011,2020-08-06T14:25:35Z,45.48525000,7.74396667,1254.00,41.741
13490,3,5633,10529.310749891654,6465.880933408011,2020-08-06T14:25:36Z,45.48523333,7.74383333,1254.00,41.733
13491,3,5634,10530.310749891654,6466.880933408011,2020-08-06T14:25:37Z,45.48520000,7.74371667,1257.00,41.725
13492,3,5635,10531.310749891654,6467.880933408011,2020-08-06T14:25:38Z,45.48518333,7.74360000,1261.00,41.718
13493,3,5636,10532.310749891654,6468.880933408011,2020-08-06T14:25:39Z,45.48516667,7.74348333,1256.00,41.711
13494,3,5637,10533.310749891654,6469.880933408011,2020-08-06T14:25:40Z,45.48515000,7.74338333,1254.00,41.705
13495,3,5638,10534.310749891654,6470.880933408011,2020-08-06T14:25:41Z,45.48513333,7.74326667,1256.00,41.698
13496,3,5639,10535.310749891654,6471.880933408011,2020-08-06T14:25:42Z,45.48511667,7.74315000,1253.00,41.691
13497,3,5640,10536.310749891654,6472.880933408011,2020-08-06T14:25:43Z,45.48510000,7.74301667,1258.00,41.684
13498,3,5641,10537.310749891654,6473.880933408011,2020-08-06T14:25:44Z,45.48506667,7.74290000,1255.00,41.675
13499,3,5642,10538.310749891654,6474.880933408011,2020-08-06T14:25:45Z,45.48503333,7.74278333,1260.00,41.667
13500,3,5643,10539.310749891654,6475.880933408011,2020-08-06T14:25:46Z,45.48500000,7.74268333,1260.00,41.659
13501,3,5644,10540.310749891654,6476.880933408011,2020-08-06T14:25:47Z,45.48496667,7.74258333,1257.00,41.652
13502,3,5645,10541.310749891654,6477.880933408011,2020-08-06T14:25:48Z,45.48495000,7.74250000,1269.00,41.646
13503,3,5646,10542.310749891654,6478.880933408011,2020-08-06T14:25:49Z,45.48491667,7.74240000,1260.00,41.639
13504,3,5647,10543.310749891654,6479.880933408011,2020-08-06T14:25:50Z,45.48488333,7.74231667,1258.00,41.632
13505,3,5648,10544.310749891654,6480.880933408011,2020-08-06T14:25:51Z,45.48483333,7.74221667,1253.00,41.623
13506,3,5649,10545.310749891654,6481.880933408011,2020-08-06T14:25:52Z,45.48480000,7.74211667,1253.00,41.615
13507,3,5650,10546.310749891654,6482.880933408011,2020-08-06T14:25:53Z,45.48473333,7.74200000,1251.00,41.604
13508,3,5651,10547.310749891654,6483.880933408011,2020-08-06T14:25:54Z,45.48468333,7.74190000,1255.00,41.595
13509,3,5652,10548.310749891654,6484.880933408011,2020-08-06T14:25:55Z,45.48461667,7.74180000,1261.00,41.584
13510,3,5653,10549.310749891654,6485.880933408011,2020-08-06T14:25:56Z,45.48456667,7.74170000,1247.00,41.575
13511,3,5654,10550.310749891654,6486.880933408011,2020-08-06T14:25:57Z,45.48451667,7.74158333,1248.00,41.566
13512,3,5655,10551.310749891654,6487.880933408011,2020-08-06T14:25:58Z,45.48448333,7.74146667,1255.00,41.557
13513,3,5656,10552.310749891654,6488.880933408011,2020-08-06T14:25:59Z,45.48446667,7.74135000,1246.00,41.55
13514,3,5657,10553.310749891654,6489.880933408011,2020-08-06T14:26:00Z,45.48443333,7.74123333,1241.00,41.542
13515,3,5658,10554.310749891654,6490.880933408011,2020-08-06T14:26:01Z,45.48440000,7.74111667,1252.00,41.534
13516,3,5659,10555.310749891654,6491.880933408011,2020-08-06T14:26:02Z,45.48436667,7.74098333,1258.00,41.525
13517,3,5660,10556.310749891654,6492.880933408011,2020-08-06T14:26:03Z,45.48435000,7.74086667,1258.00,41.518
13518,3,5661,10557.310749891654,6493.880933408011,2020-08-06T14:26:04Z,45.48433333,7.74075000,1250.00,41.511
13519,3,5662,10558.310749891654,6494.880933408011,2020-08-06T14:26:05Z,45.48431667,7.74063333,1249.00,41.504
13520,3,5663,10559.310749891654,6495.880933408011,2020-08-06T14:26:06Z,45.48431667,7.74053333,1247.00,41.5
13521,3,5664,10560.310749891654,6496.880933408011,2020-08-06T14:26:07Z,45.48428333,7.74041667,1259.00,41.491
13522,3,5665,10561.310749891654,6497.880933408011,2020-08-06T14:26:08Z,45.48426667,7.74031667,1253.00,41.485
13523,3,5666,10562.310749891654,6498.880933408011,2020-08-06T14:26:09Z,45.48423333,7.74021667,1255.00,41.478
13524,3,5667,10563.310749891654,6499.880933408011,2020-08-06T14:26:10Z,45.48423333,7.74011667,1248.00,41.473
13525,3,5668,10564.310749891654,6500.880933408011,2020-08-06T14:26:11Z,45.48421667,7.74003333,1259.00,41.468
13526,3,5669,10565.310749891654,6501.880933408011,2020-08-06T14:26:12Z,45.48420000,7.73995000,1258.00,41.463
13527,3,5670,10566.310749891654,6502.880933408011,2020-08-06T14:26:13Z,45.48416667,7.73988333,1254.00,41.457
13528,3,5671,10567.310749891654,6503.880933408011,2020-08-06T14:26:14Z,45.48415000,7.73980000,1258.00,41.451
13529,3,5672,10568.310749891654,6504.880933408011,2020-08-06T14:26:15Z,45.48411667,7.73970000,1242.00,41.444
13530,3,5673,10569.310749891654,6505.880933408011,2020-08-06T14:26:16Z,45.48410000,7.73961667,1256.00,41.438
13531,3,5674,10570.310749891654,6506.880933408011,2020-08-06T14:26:17Z,45.48406667,7.73951667,1263.00,41.431
13532,3,5675,10571.310749891654,6507.880933408011,2020-08-06T14:26:18Z,45.48405000,7.73941667,1257.00,41.425
13533,3,5676,10572.310749891654,6508.880933408011,2020-08-06T14:26:19Z,45.48401667,7.73933333,1261.00,41.418
13534,3,5677,10573.310749891654,6509.880933408011,2020-08-06T14:26:20Z,45.48398333,7.73923333,1252.00,41.411
13535,3,5678,10574.310749891654,6510.880933408011,2020-08-06T14:26:21Z,45.48396667,7.73911667,1259.00,41.404
13536,3,5679,10575.310749891654,6511.880933408011,2020-08-06T14:26:22Z,45.48395000,7.73901667,1257.00,41.398
13537,3,5680,10576.310749891654,6512.880933408011,2020-08-06T14:26:23Z,45.48395000,7.73890000,1244.00,41.392
13538,3,5681,10577.310749891654,6513.880933408011,2020-08-06T14:26:24Z,45.48393333,7.73880000,1249.00,41.386
13539,3,5682,10578.310749891654,6514.880933408011,2020-08-06T14:26:25Z,45.48391667,7.73871667,1251.00,41.381
13540,3,5683,10579.310749891654,6515.880933408011,2020-08-06T14:26:26Z,45.48388333,7.73863333,1255.00,41.374
13541,3,5684,10580.310749891654,6516.880933408011,2020-08-06T14:26:27Z,45.48385000,7.73853333,1253.00,41.367
13542,3,5685,10581.310749891654,6517.880933408011,2020-08-06T14:26:28Z,45.48381667,7.73843333,1248.00,41.359
13543,3,5686,10582.310749891654,6518.880933408011,2020-08-06T14:26:29Z,45.48378333,7.73831667,1237.00,41.351
13544,3,5687,10583.310749891654,6519.880933408011,2020-08-06T14:26:30Z,45.48375000,7.73820000,1247.00,41.343
13545,3,5688,10584.310749891654,6520.880933408011,2020-08-06T14:26:31Z,45.48371667,7.73808333,1241.00,41.334
13546,3,5689,10585.310749891654,6521.880933408011,2020-08-06T14:26:32Z,45.48370000,7.73795000,1242.00,41.327
13547,3,5690,10586.310749891654,6522.880933408011,2020-08-06T14:26:33Z,45.48366667,7.73781667,1246.00,41.318
13548,3,5691,10587.310749891654,6523.880933408011,2020-08-06T14:26:34Z,45.48366667,7.73768333,1242.00,41.312
13549,3,5692,10588.310749891654,6524.880933408011,2020-08-06T14:26:35Z,45.48365000,7.73755000,1239.00,41.304
13550,3,5693,10589.310749891654,6525.880933408011,2020-08-06T14:26:36Z,45.48365000,7.73741667,1241.00,41.298
13551,3,5694,10590.310749891654,6526.880933408011,2020-08-06T14:26:37Z,45.48366667,7.73730000,1231.00,41.295
13552,3,5695,10591.310749891654,6527.880933408011,2020-08-06T14:26:38Z,45.48365000,7.73718333,1233.00,41.288
13553,3,5696,10592.310749891654,6528.880933408011,2020-08-06T14:26:39Z,45.48363333,7.73706667,1233.00,41.281
13554,3,5697,10593.310749891654,6529.880933408011,2020-08-06T14:26:40Z,45.48363333,7.73693333,1232.00,41.275
13555,3,5698,10594.310749891654,6530.880933408011,2020-08-06T14:26:41Z,45.48361667,7.73681667,1218.00,41.268
13556,3,5699,10595.310749891654,6531.880933408011,2020-08-06T14:26:42Z,45.48361667,7.73668333,1218.00,41.262
13557,3,5700,10596.310749891654,6532.880933408011,2020-08-06T14:26:43Z,45.48360000,7.73656667,1231.00,41.256
13558,3,5701,10597.310749891654,6533.880933408011,2020-08-06T14:26:44Z,45.48360000,7.73645000,1219.00,41.25
13559,3,5702,10598.310749891654,6534.880933408011,2020-08-06T14:26:45Z,45.48360000,7.73633333,1223.00,41.245
13560,3,5703,10599.310749891654,6535.880933408011,2020-08-06T14:26:46Z,45.48358333,7.73621667,1222.00,41.238
13561,3,5704,10600.310749891654,6536.880933408011,2020-08-06T14:26:47Z,45.48356667,7.73608333,1219.00,41.231
13562,3,5705,10601.310749891654,6537.880933408011,2020-08-06T14:26:48Z,45.48356667,7.73595000,1222.00,41.225
13563,3,5706,10602.310749891654,6538.880933408011,2020-08-06T14:26:49Z,45.48356667,7.73583333,1218.00,41.22
13564,3,5707,10603.310749891654,6539.880933408011,2020-08-06T14:26:50Z,45.48355000,7.73570000,1213.00,41.212
13565,3,5708,10604.310749891654,6540.880933408011,2020-08-06T14:26:51Z,45.48353333,7.73556667,1217.00,41.205
13566,3,5709,10605.310749891654,6541.880933408011,2020-08-06T14:26:52Z,45.48353333,7.73543333,1207.00,41.199
13567,3,5710,10606.310749891654,6542.880933408011,2020-08-06T14:26:53Z,45.48351667,7.73530000,1204.00,41.191
13568,3,5711,10607.310749891654,6543.880933408011,2020-08-06T14:26:54Z,45.48350000,7.73515000,1206.00,41.183
13569,3,5712,10608.310749891654,6544.880933408011,2020-08-06T14:26:55Z,45.48348333,7.73501667,1206.00,41.176
13570,3,5713,10609.310749891654,6545.880933408011,2020-08-06T14:26:56Z,45.48346667,7.73488333,1208.00,41.168
13571,3,5714,10610.310749891654,6546.880933408011,2020-08-06T14:26:57Z,45.48346667,7.73475000,1208.00,41.162
13572,3,5715,10611.310749891654,6547.880933408011,2020-08-06T14:26:58Z,45.48345000,7.73461667,1205.00,41.155
13573,3,5716,10612.310749891654,6548.880933408011,2020-08-06T14:26:59Z,45.48345000,7.73446667,1203.00,41.148
13574,3,5717,10613.310749891654,6549.880933408011,2020-08-06T14:27:00Z,45.48343333,7.73431667,1205.00,41.14
13575,3,5718,10614.310749891654,6550.880933408011,2020-08-06T14:27:01Z,45.48343333,7.73416667,1204.00,41.133
13576,3,5719,10615.310749891654,6551.880933408011,2020-08-06T14:27:02Z,45.48343333,7.73400000,1203.00,41.126
13577,3,5720,10616.310749891654,6552.880933408011,2020-08-06T14:27:03Z,45.48343333,7.73385000,1207.00,41.119
13578,3,5721,10617.310749891654,6553.880933408011,2020-08-06T14:27:04Z,45.48341667,7.73371667,1207.00,41.112
13579,3,5722,10618.310749891654,6554.880933408011,2020-08-06T14:27:05Z,45.48341667,7.73358333,1206.00,41.106
13580,3,5723,10619.310749891654,6555.880933408011,2020-08-06T14:27:06Z,45.48341667,7.73343333,1209.00,41.099
13581,3,5724,10620.310749891654,6556.880933408011,2020-08-06T14:27:07Z,45.48341667,7.73330000,1206.00,41.093
13582,3,5725,10621.310749891654,6557.880933408011,2020-08-06T14:27:08Z,45.48343333,7.73316667,1213.00,41.089
13583,3,5726,10622.310749891654,6558.880933408011,2020-08-06T14:27:09Z,45.48345000,7.73303333,1204.00,41.084
13584,3,5727,10623.310749891654,6559.880933408011,2020-08-06T14:27:10Z,45.48346667,7.73291667,1217.00,41.081
13585,3,5728,10624.310749891654,6560.880933408011,2020-08-06T14:27:11Z,45.48345000,7.73281667,1222.00,41.075
13586,3,5729,10625.310749891654,6561.880933408011,2020-08-06T14:27:12Z,45.48343333,7.73273333,1216.00,41.07
13587,3,5730,10626.310749891654,6562.880933408011,2020-08-06T14:27:13Z,45.48338333,7.73268333,1214.00,41.063
13588,3,5731,10627.310749891654,6563.880933408011,2020-08-06T14:27:14Z,45.48333333,7.73266667,1211.00,41.058
13589,3,5732,10628.310749891654,6564.880933408011,2020-08-06T14:27:15Z,45.48328333,7.73266667,1211.00,41.053
13590,3,5733,10629.310749891654,6565.880933408011,2020-08-06T14:27:16Z,45.48323333,7.73271667,1208.00,41.051
13591,3,5734,10630.310749891654,6566.880933408011,2020-08-06T14:27:17Z,45.48320000,7.73280000,1202.00,41.051
13592,3,5735,10631.310749891654,6567.880933408011,2020-08-06T14:27:18Z,45.48318333,7.73291667,1200.00,41.055
13593,3,5736,10632.310749891654,6568.880933408011,2020-08-06T14:27:19Z,45.48321667,7.73306667,1200.00,41.065
13594,3,5737,10633.310749891654,6569.880933408011,2020-08-06T14:27:20Z,45.48328333,7.73321667,1201.00,41.077
13595,3,5738,10634.310749891654,6570.880933408011,2020-08-06T14:27:21Z,45.48336667,7.73333333,1204.00,41.09
13596,3,5739,10635.310749891654,6571.880933408011,2020-08-06T14:27:22Z,45.48343333,7.73346667,1200.00,41.102
13597,3,5740,10636.310749891654,6572.880933408011,2020-08-06T14:27:23Z,45.48350000,7.73358333,1197.00,41.113
13598,3,5741,10637.310749891654,6573.880933408011,2020-08-06T14:27:24Z,45.48353333,7.73371667,1197.00,41.122
13599,3,5742,10638.310749891654,6574.880933408011,2020-08-06T14:27:25Z,45.48355000,7.73385000,1202.00,41.13
13600,3,5743,10639.310749891654,6575.880933408011,2020-08-06T14:27:26Z,45.48355000,7.73396667,1204.00,41.135
13601,3,5744,10640.310749891654,6576.880933408011,2020-08-06T14:27:27Z,45.48351667,7.73408333,1204.00,41.137
13602,3,5745,10641.310749891654,6577.880933408011,2020-08-06T14:27:28Z,45.48346667,7.73416667,1213.00,41.136
13603,3,5746,10642.310749891654,6578.880933408011,2020-08-06T14:27:29Z,45.48341667,7.73423333,1207.00,41.135
13604,3,5747,10643.310749891654,6579.880933408011,2020-08-06T14:27:30Z,45.48335000,7.73425000,1213.00,41.129
13605,3,5748,10644.310749891654,6580.880933408011,2020-08-06T14:27:31Z,45.48330000,7.73425000,1206.00,41.125
13606,3,5749,10645.310749891654,6581.880933408011,2020-08-06T14:27:32Z,45.48325000,7.73421667,1199.00,41.119
13607,3,5750,10646.310749891654,6582.880933408011,2020-08-06T14:27:33Z,45.48320000,7.73416667,1212.00,41.112
13608,3,5751,10647.310749891654,6583.880933408011,2020-08-06T14:27:34Z,45.48318333,7.73406667,1211.00,41.106
13609,3,5752,10648.310749891654,6584.880933408011,2020-08-06T14:27:35Z,45.48320000,7.73393333,1210.00,41.101
13610,3,5753,10649.310749891654,6585.880933408011,2020-08-06T14:27:36Z,45.48323333,7.73381667,1217.00,41.099
13611,3,5754,10650.310749891654,6586.880933408011,2020-08-06T14:27:37Z,45.48330000,7.73370000,1205.00,41.1
13612,3,5755,10651.310749891654,6587.880933408011,2020-08-06T14:27:38Z,45.48338333,7.73360000,1221.00,41.103
13613,3,5756,10652.310749891654,6588.880933408011,2020-08-06T14:27:39Z,45.48346667,7.73348333,1227.00,41.106
13614,3,5757,10653.310749891654,6589.880933408011,2020-08-06T14:27:40Z,45.48351667,7.73338333,1213.00,41.106
13615,3,5758,10654.310749891654,6590.880933408011,2020-08-06T14:27:41Z,45.48356667,7.73326667,1217.00,41.105
13616,3,5759,10655.310749891654,6591.880933408011,2020-08-06T14:27:42Z,45.48360000,7.73315000,1202.00,41.103
13617,3,5760,10656.310749891654,6592.880933408011,2020-08-06T14:27:43Z,45.48361667,7.73305000,1212.00,41.1
13618,3,5761,10657.310749891654,6593.880933408011,2020-08-06T14:27:44Z,45.48360000,7.73295000,1214.00,41.095
13619,3,5762,10658.310749891654,6594.880933408011,2020-08-06T14:27:45Z,45.48355000,7.73286667,1215.00,41.086
13620,3,5763,10659.310749891654,6595.880933408011,2020-08-06T14:27:46Z,45.48348333,7.73281667,1206.00,41.078
13621,3,5764,10660.310749891654,6596.880933408011,2020-08-06T14:27:47Z,45.48341667,7.73283333,1206.00,41.073
13622,3,5765,10661.310749891654,6597.880933408011,2020-08-06T14:27:48Z,45.48336667,7.73290000,1208.00,41.071
13623,3,5766,10662.310749891654,6598.880933408011,2020-08-06T14:27:49Z,45.48333333,7.73300000,1208.00,41.072
13624,3,5767,10663.310749891654,6599.880933408011,2020-08-06T14:27:50Z,45.48333333,7.73311667,1195.00,41.077
13625,3,5768,10664.310749891654,6600.880933408011,2020-08-06T14:27:51Z,45.48335000,7.73325000,1202.00,41.085
13626,3,5769,10665.310749891654,6601.880933408011,2020-08-06T14:27:52Z,45.48338333,7.73338333,1204.00,41.094
13627,3,5770,10666.310749891654,6602.880933408011,2020-08-06T14:27:53Z,45.48343333,7.73350000,1206.00,41.104
13628,3,5771,10667.310749891654,6603.880933408011,2020-08-06T14:27:54Z,45.48348333,7.73363333,1203.00,41.114
13629,3,5772,10668.310749891654,6604.880933408011,2020-08-06T14:27:55Z,45.48351667,7.73378333,1203.00,41.124
13630,3,5773,10669.310749891654,6605.880933408011,2020-08-06T14:27:56Z,45.48353333,7.73393333,1205.00,41.132
13631,3,5774,10670.310749891654,6606.880933408011,2020-08-06T14:27:57Z,45.48356667,7.73408333,1208.00,41.142
13632,3,5775,10671.310749891654,6607.880933408011,2020-08-06T14:27:58Z,45.48361667,7.73423333,1207.00,41.153
13633,3,5776,10672.310749891654,6608.880933408011,2020-08-06T14:27:59Z,45.48365000,7.73438333,1209.00,41.163
13634,3,5777,10673.310749891654,6609.880933408011,2020-08-06T14:28:00Z,45.48368333,7.73450000,1194.00,41.171
13635,3,5778,10674.310749891654,6610.880933408011,2020-08-06T14:28:01Z,45.48371667,7.73461667,1205.00,41.179
13636,3,5779,10675.310749891654,6611.880933408011,2020-08-06T14:28:02Z,45.48371667,7.73473333,1201.00,41.184
13637,3,5780,10676.310749891654,6612.880933408011,2020-08-06T14:28:03Z,45.48371667,7.73483333,1204.00,41.189
13638,3,5781,10677.310749891654,6613.880933408011,2020-08-06T14:28:04Z,45.48368333,7.73493333,1209.00,41.19
13639,3,5782,10678.310749891654,6614.880933408011,2020-08-06T14:28:05Z,45.48366667,7.73505000,1206.00,41.194
13640,3,5783,10679.310749891654,6615.880933408011,2020-08-06T14:28:06Z,45.48365000,7.73516667,1210.00,41.197
13641,3,5784,10680.310749891654,6616.880933408011,2020-08-06T14:28:07Z,45.48363333,7.73528333,1208.00,41.201
13642,3,5785,10681.310749891654,6617.880933408011,2020-08-06T14:28:08Z,45.48361667,7.73540000,1213.00,41.205
13643,3,5786,10682.310749891654,6618.880933408011,2020-08-06T14:28:09Z,45.48360000,7.73548333,1214.00,41.207
13644,3,5787,10683.310749891654,6619.880933408011,2020-08-06T14:28:10Z,45.48355000,7.73555000,1212.00,41.205
13645,3,5788,10684.310749891654,6620.880933408011,2020-08-06T14:28:11Z,45.48350000,7.73556667,1204.00,41.202
13646,3,5789,10685.310749891654,6621.880933408011,2020-08-06T14:28:12Z,45.48345000,7.73555000,1186.00,41.196
13647,3,5790,10686.310749891654,6622.880933408011,2020-08-06T14:28:13Z,45.48340000,7.73550000,1213.00,41.19
13648,3,5791,10687.310749891654,6623.880933408011,2020-08-06T14:28:14Z,45.48336667,7.73541667,1221.00,41.183
13649,3,5792,10688.310749891654,6624.880933408011,2020-08-06T14:28:15Z,45.48336667,7.73528333,1226.00,41.177
13650,3,5793,10689.310749891654,6625.880933408011,2020-08-06T14:28:16Z,45.48340000,7.73515000,1210.00,41.174
13651,3,5794,10690.310749891654,6626.880933408011,2020-08-06T14:28:17Z,45.48348333,7.73503333,1219.00,41.176
13652,3,5795,10691.310749891654,6627.880933408011,2020-08-06T14:28:18Z,45.48360000,7.73495000,1232.00,41.183
13653,3,5796,10692.310749891654,6628.880933408011,2020-08-06T14:28:19Z,45.48373333,7.73491667,1225.00,41.194
13654,3,5797,10693.310749891654,6629.880933408011,2020-08-06T14:28:20Z,45.48385000,7.73493333,1235.00,41.205
13655,3,5798,10694.310749891654,6630.880933408011,2020-08-06T14:28:21Z,45.48396667,7.73498333,1226.00,41.218
13656,3,5799,10695.310749891654,6631.880933408011,2020-08-06T14:28:22Z,45.48408333,7.73506667,1236.00,41.233
13657,3,5800,10696.310749891654,6632.880933408011,2020-08-06T14:28:23Z,45.48418333,7.73518333,1230.00,41.247
13658,3,5801,10697.310749891654,6633.880933408011,2020-08-06T14:28:24Z,45.48425000,7.73531667,1222.00,41.259
13659,3,5802,10698.310749891654,6634.880933408011,2020-08-06T14:28:25Z,45.48430000,7.73545000,1235.00,41.269
13660,3,5803,10699.310749891654,6635.880933408011,2020-08-06T14:28:26Z,45.48430000,7.73558333,1216.00,41.275
13661,3,5804,10700.310749891654,6636.880933408011,2020-08-06T14:28:27Z,45.48426667,7.73566667,1222.00,41.276
13662,3,5805,10701.310749891654,6637.880933408011,2020-08-06T14:28:28Z,45.48421667,7.73571667,1230.00,41.274
13663,3,5806,10702.310749891654,6638.880933408011,2020-08-06T14:28:29Z,45.48415000,7.73576667,1230.00,41.27
13664,3,5807,10703.310749891654,6639.880933408011,2020-08-06T14:28:30Z,45.48410000,7.73581667,1222.00,41.268
13665,3,5808,10704.310749891654,6640.880933408011,2020-08-06T14:28:31Z,45.48405000,7.73586667,1227.00,41.265
13666,3,5809,10705.310749891654,6641.880933408011,2020-08-06T14:28:32Z,45.48400000,7.73591667,1225.00,41.263
13667,3,5810,10706.310749891654,6642.880933408011,2020-08-06T14:28:33Z,45.48395000,7.73595000,1221.00,41.26
13668,3,5811,10707.310749891654,6643.880933408011,2020-08-06T14:28:34Z,45.48388333,7.73593333,1221.00,41.253
13669,3,5812,10708.310749891654,6644.880933408011,2020-08-06T14:28:35Z,45.48381667,7.73588333,1225.00,41.245
13670,3,5813,10709.310749891654,6645.880933408011,2020-08-06T14:28:36Z,45.48375000,7.73581667,1221.00,41.236
13671,3,5814,10710.310749891654,6646.880933408011,2020-08-06T14:28:37Z,45.48371667,7.73573333,1223.00,41.229
13672,3,5815,10711.310749891654,6647.880933408011,2020-08-06T14:28:38Z,45.48368333,7.73563333,1232.00,41.221
13673,3,5816,10712.310749891654,6648.880933408011,2020-08-06T14:28:39Z,45.48365000,7.73556667,1235.00,41.215
13674,3,5817,10713.310749891654,6649.880933408011,2020-08-06T14:28:40Z,45.48363333,7.73553333,1220.00,41.212
13675,3,5818,10714.310749891654,6650.880933408011,2020-08-06T14:28:41Z,45.48361667,7.73548333,1229.00,41.209
13676,3,5819,10715.310749891654,6651.880933408011,2020-08-06T14:28:42Z,45.48360000,7.73545000,1216.00,41.206
13677,3,5820,10716.310749891654,6652.880933408011,2020-08-06T14:28:43Z,45.48358333,7.73538333,1228.00,41.201
13678,3,5821,10717.310749891654,6653.880933408011,2020-08-06T14:28:44Z,45.48355000,7.73530000,1218.00,41.194
13679,3,5822,10718.310749891654,6654.880933408011,2020-08-06T14:28:45Z,45.48353333,7.73520000,1223.00,41.188
13680,3,5823,10719.310749891654,6655.880933408011,2020-08-06T14:28:46Z,45.48351667,7.73510000,1227.00,41.182
13681,3,5824,10720.310749891654,6656.880933408011,2020-08-06T14:28:47Z,45.48351667,7.73501667,1223.00,41.179
13682,3,5825,10721.310749891654,6657.880933408011,2020-08-06T14:28:48Z,45.48350000,7.73491667,1228.00,41.173
13683,3,5826,10722.310749891654,6658.880933408011,2020-08-06T14:28:49Z,45.48350000,7.73481667,1221.00,41.168
13684,3,5827,10723.310749891654,6659.880933408011,2020-08-06T14:28:50Z,45.48350000,7.73470000,1226.00,41.163
13685,3,5828,10724.310749891654,6660.880933408011,2020-08-06T14:28:51Z,45.48350000,7.73458333,1218.00,41.158
13686,3,5829,10725.310749891654,6661.880933408011,2020-08-06T14:28:52Z,45.48351667,7.73446667,1232.00,41.154
13687,3,5830,10726.310749891654,6662.880933408011,2020-08-06T14:28:53Z,45.48351667,7.73433333,1226.00,41.148
13688,3,5831,10727.310749891654,6663.880933408011,2020-08-06T14:28:54Z,45.48351667,7.73421667,1226.00,41.143
13689,3,5832,10728.310749891654,6664.880933408011,2020-08-06T14:28:55Z,45.48353333,7.73408333,1215.00,41.139
13690,3,5833,10729.310749891654,6665.880933408011,2020-08-06T14:28:56Z,45.48355000,7.73395000,1223.00,41.134
13691,3,5834,10730.310749891654,6666.880933408011,2020-08-06T14:28:57Z,45.48356667,7.73383333,1223.00,41.131
13692,3,5835,10731.310749891654,6667.880933408011,2020-08-06T14:28:58Z,45.48358333,7.73368333,1221.00,41.125
13693,3,5836,10732.310749891654,6668.880933408011,2020-08-06T14:28:59Z,45.48360000,7.73355000,1221.00,41.121
13694,3,5837,10733.310749891654,6669.880933408011,2020-08-06T14:29:00Z,45.48361667,7.73341667,1220.00,41.117
13695,3,5838,10734.310749891654,6670.880933408011,2020-08-06T14:29:01Z,45.48361667,7.73330000,1224.00,41.112
13696,3,5839,10735.310749891654,6671.880933408011,2020-08-06T14:29:02Z,45.48363333,7.73318333,1220.00,41.108
13697,3,5840,10736.310749891654,6672.880933408011,2020-08-06T14:29:03Z,45.48361667,7.73308333,1215.00,41.102
13698,3,5841,10737.310749891654,6673.880933408011,2020-08-06T14:29:04Z,45.48361667,7.73296667,1218.00,41.097
13699,3,5842,10738.310749891654,6674.880933408011,2020-08-06T14:29:05Z,45.48361667,7.73285000,1214.00,41.092
13700,3,5843,10739.310749891654,6675.880933408011,2020-08-06T14:29:06Z,45.48360000,7.73273333,1218.00,41.085
13701,3,5844,10740.310749891654,6676.880933408011,2020-08-06T14:29:07Z,45.48358333,7.73261667,1218.00,41.078
13702,3,5845,10741.310749891654,6677.880933408011,2020-08-06T14:29:08Z,45.48355000,7.73250000,1215.00,41.07
13703,3,5846,10742.310749891654,6678.880933408011,2020-08-06T14:29:09Z,45.48353333,7.73236667,1215.00,41.063
13704,3,5847,10743.310749891654,6679.880933408011,2020-08-06T14:29:10Z,45.48350000,7.73225000,1215.00,41.054
13705,3,5848,10744.310749891654,6680.880933408011,2020-08-06T14:29:11Z,45.48346667,7.73211667,1217.00,41.046
13706,3,5849,10745.310749891654,6681.880933408011,2020-08-06T14:29:12Z,45.48343333,7.73200000,1217.00,41.037
13707,3,5850,10746.310749891654,6682.880933408011,2020-08-06T14:29:13Z,45.48341667,7.73186667,1220.00,41.03
13708,3,5851,10747.310749891654,6683.880933408011,2020-08-06T14:29:14Z,45.48338333,7.73175000,1215.00,41.022
13709,3,5852,10748.310749891654,6684.880933408011,2020-08-06T14:29:15Z,45.48336667,7.73161667,1219.00,41.014
13710,3,5853,10749.310749891654,6685.880933408011,2020-08-06T14:29:16Z,45.48335000,7.73148333,1223.00,41.007
13711,3,5854,10750.310749891654,6686.880933408011,2020-08-06T14:29:17Z,45.48333333,7.73135000,1220.00,41.0
13712,3,5855,10751.310749891654,6687.880933408011,2020-08-06T14:29:18Z,45.48333333,7.73123333,1220.00,40.994
13713,3,5856,10752.310749891654,6688.880933408011,2020-08-06T14:29:19Z,45.48331667,7.73110000,1222.00,40.987
13714,3,5857,10753.310749891654,6689.880933408011,2020-08-06T14:29:20Z,45.48331667,7.73095000,1221.00,40.98
13715,3,5858,10754.310749891654,6690.880933408011,2020-08-06T14:29:21Z,45.48330000,7.73081667,1223.00,40.973
13716,3,5859,10755.310749891654,6691.880933408011,2020-08-06T14:29:22Z,45.48328333,7.73068333,1222.00,40.966
13717,3,5860,10756.310749891654,6692.880933408011,2020-08-06T14:29:23Z,45.48326667,7.73055000,1217.00,40.958
13718,3,5861,10757.310749891654,6693.880933408011,2020-08-06T14:29:24Z,45.48325000,7.73041667,1225.00,40.951
13719,3,5862,10758.310749891654,6694.880933408011,2020-08-06T14:29:25Z,45.48323333,7.73030000,1227.00,40.944
13720,3,5863,10759.310749891654,6695.880933408011,2020-08-06T14:29:26Z,45.48321667,7.73020000,1223.00,40.938
13721,3,5864,10760.310749891654,6696.880933408011,2020-08-06T14:29:27Z,45.48320000,7.73010000,1227.00,40.933
13722,3,5865,10761.310749891654,6697.880933408011,2020-08-06T14:29:28Z,45.48316667,7.73000000,1221.00,40.925
13723,3,5866,10762.310749891654,6698.880933408011,2020-08-06T14:29:29Z,45.48313333,7.72990000,1227.00,40.918
13724,3,5867,10763.310749891654,6699.880933408011,2020-08-06T14:29:30Z,45.48308333,7.72981667,1224.00,40.909
13725,3,5868,10764.310749891654,6700.880933408011,2020-08-06T14:29:31Z,45.48303333,7.72971667,1222.00,40.9
13726,3,5869,10765.310749891654,6701.880933408011,2020-08-06T14:29:32Z,45.48298333,7.72963333,1221.00,40.892
13727,3,5870,10766.310749891654,6702.880933408011,2020-08-06T14:29:33Z,45.48293333,7.72955000,1218.00,40.884
13728,3,5871,10767.310749891654,6703.880933408011,2020-08-06T14:29:34Z,45.48286667,7.72946667,1219.00,40.874
13729,3,5872,10768.310749891654,6704.880933408011,2020-08-06T14:29:35Z,45.48281667,7.72938333,1222.00,40.866
13730,3,5873,10769.310749891654,6705.880933408011,2020-08-06T14:29:36Z,45.48275000,7.72930000,1215.00,40.856
13731,3,5874,10770.310749891654,6706.880933408011,2020-08-06T14:29:37Z,45.48270000,7.72923333,1220.00,40.849
13732,3,5875,10771.310749891654,6707.880933408011,2020-08-06T14:29:38Z,45.48263333,7.72916667,1215.00,40.84
13733,3,5876,10772.310749891654,6708.880933408011,2020-08-06T14:29:39Z,45.48256667,7.72910000,1218.00,40.831
13734,3,5877,10773.310749891654,6709.880933408011,2020-08-06T14:29:40Z,45.48250000,7.72901667,1216.00,40.821
13735,3,5878,10774.310749891654,6710.880933408011,2020-08-06T14:29:41Z,45.48243333,7.72891667,1218.00,40.81
13736,3,5879,10775.310749891654,6711.880933408011,2020-08-06T14:29:42Z,45.48236667,7.72883333,1217.00,40.8
13737,3,5880,10776.310749891654,6712.880933408011,2020-08-06T14:29:43Z,45.48230000,7.72873333,1219.00,40.79
13738,3,5881,10777.310749891654,6713.880933408011,2020-08-06T14:29:44Z,45.48225000,7.72863333,1218.00,40.781
13739,3,5882,10778.310749891654,6714.880933408011,2020-08-06T14:29:45Z,45.48218333,7.72853333,1214.00,40.77
13740,3,5883,10779.310749891654,6715.880933408011,2020-08-06T14:29:46Z,45.48213333,7.72843333,1212.00,40.762
13741,3,5884,10780.310749891654,6716.880933408011,2020-08-06T14:29:47Z,45.48206667,7.72833333,1208.00,40.751
13742,3,5885,10781.310749891654,6717.880933408011,2020-08-06T14:29:48Z,45.48200000,7.72823333,1212.00,40.74
13743,3,5886,10782.310749891654,6718.880933408011,2020-08-06T14:29:49Z,45.48193333,7.72813333,1223.00,40.73
13744,3,5887,10783.310749891654,6719.880933408011,2020-08-06T14:29:50Z,45.48188333,7.72806667,1213.00,40.722
13745,3,5888,10784.310749891654,6720.880933408011,2020-08-06T14:29:51Z,45.48183333,7.72798333,1216.00,40.714
13746,3,5889,10785.310749891654,6721.880933408011,2020-08-06T14:29:52Z,45.48176667,7.72788333,1208.00,40.704
13747,3,5890,10786.310749891654,6722.880933408011,2020-08-06T14:29:53Z,45.48170000,7.72778333,1212.00,40.693
13748,3,5891,10787.310749891654,6723.880933408011,2020-08-06T14:29:54Z,45.48163333,7.72768333,1217.00,40.683
13749,3,5892,10788.310749891654,6724.880933408011,2020-08-06T14:29:55Z,45.48158333,7.72758333,1215.00,40.674
13750,3,5893,10789.310749891654,6725.880933408011,2020-08-06T14:29:56Z,45.48151667,7.72751667,1214.00,40.665
13751,3,5894,10790.310749891654,6726.880933408011,2020-08-06T14:29:57Z,45.48146667,7.72746667,1212.00,40.658
13752,3,5895,10791.310749891654,6727.880933408011,2020-08-06T14:29:58Z,45.48140000,7.72740000,1208.00,40.649
13753,3,5896,10792.310749891654,6728.880933408011,2020-08-06T14:29:59Z,45.48133333,7.72733333,1210.00,40.64
13754,3,5897,10793.310749891654,6729.880933408011,2020-08-06T14:30:00Z,45.48125000,7.72725000,1213.00,40.629
13755,3,5898,10794.310749891654,6730.880933408011,2020-08-06T14:30:01Z,45.48116667,7.72718333,1211.00,40.618
13756,3,5899,10795.310749891654,6731.880933408011,2020-08-06T14:30:02Z,45.48108333,7.72710000,1218.00,40.607
13757,3,5900,10796.310749891654,6732.880933408011,2020-08-06T14:30:03Z,45.48101667,7.72701667,1206.00,40.597
13758,3,5901,10797.310749891654,6733.880933408011,2020-08-06T14:30:04Z,45.48095000,7.72693333,1213.00,40.587
13759,3,5902,10798.310749891654,6734.880933408011,2020-08-06T14:30:05Z,45.48088333,7.72685000,1221.00,40.577
13760,3,5903,10799.310749891654,6735.880933408011,2020-08-06T14:30:06Z,45.48083333,7.72678333,1217.00,40.57
13761,3,5904,10800.310749891654,6736.880933408011,2020-08-06T14:30:07Z,45.48076667,7.72670000,1222.00,40.56
13762,3,5905,10801.310749891654,6737.880933408011,2020-08-06T14:30:08Z,45.48073333,7.72663333,1216.00,40.554
13763,3,5906,10802.310749891654,6738.880933408011,2020-08-06T14:30:09Z,45.48068333,7.72656667,1219.00,40.546
13764,3,5907,10803.310749891654,6739.880933408011,2020-08-06T14:30:10Z,45.48063333,7.72648333,1216.00,40.538
13765,3,5908,10804.310749891654,6740.880933408011,2020-08-06T14:30:11Z,45.48058333,7.72641667,1222.00,40.531
13766,3,5909,10805.310749891654,6741.880933408011,2020-08-06T14:30:12Z,45.48053333,7.72633333,1226.00,40.522
13767,3,5910,10806.310749891654,6742.880933408011,2020-08-06T14:30:13Z,45.48046667,7.72623333,1213.00,40.512
13768,3,5911,10807.310749891654,6743.880933408011,2020-08-06T14:30:14Z,45.48043333,7.72613333,1219.00,40.505
13769,3,5912,10808.310749891654,6744.880933408011,2020-08-06T14:30:15Z,45.48040000,7.72601667,1229.00,40.496
13770,3,5913,10809.310749891654,6745.880933408011,2020-08-06T14:30:16Z,45.48036667,7.72590000,1214.00,40.488
13771,3,5914,10810.310749891654,6746.880933408011,2020-08-06T14:30:17Z,45.48035000,7.72580000,1229.00,40.482
13772,3,5915,10811.310749891654,6747.880933408011,2020-08-06T14:30:18Z,45.48035000,7.72568333,1221.00,40.477
13773,3,5916,10812.310749891654,6748.880933408011,2020-08-06T14:30:19Z,45.48033333,7.72558333,1223.00,40.471
13774,3,5917,10813.310749891654,6749.880933408011,2020-08-06T14:30:20Z,45.48033333,7.72546667,1231.00,40.466
13775,3,5918,10814.310749891654,6750.880933408011,2020-08-06T14:30:21Z,45.48031667,7.72536667,1220.00,40.461
13776,3,5919,10815.310749891654,6751.880933408011,2020-08-06T14:30:22Z,45.48031667,7.72525000,1227.00,40.455
13777,3,5920,10816.310749891654,6752.880933408011,2020-08-06T14:30:23Z,45.48033333,7.72513333,1218.00,40.452
13778,3,5921,10817.310749891654,6753.880933408011,2020-08-06T14:30:24Z,45.48033333,7.72501667,1224.00,40.447
13779,3,5922,10818.310749891654,6754.880933408011,2020-08-06T14:30:25Z,45.48036667,7.72488333,1226.00,40.444
13780,3,5923,10819.310749891654,6755.880933408011,2020-08-06T14:30:26Z,45.48038333,7.72475000,1217.00,40.44
13781,3,5924,10820.310749891654,6756.880933408011,2020-08-06T14:30:27Z,45.48040000,7.72461667,1218.00,40.435
13782,3,5925,10821.310749891654,6757.880933408011,2020-08-06T14:30:28Z,45.48043333,7.72446667,1225.00,40.432
13783,3,5926,10822.310749891654,6758.880933408011,2020-08-06T14:30:29Z,45.48045000,7.72433333,1224.00,40.427
13784,3,5927,10823.310749891654,6759.880933408011,2020-08-06T14:30:30Z,45.48046667,7.72420000,1220.00,40.423
13785,3,5928,10824.310749891654,6760.880933408011,2020-08-06T14:30:31Z,45.48050000,7.72406667,1223.00,40.42
13786,3,5929,10825.310749891654,6761.880933408011,2020-08-06T14:30:32Z,45.48051667,7.72395000,1229.00,40.417
13787,3,5930,10826.310749891654,6762.880933408011,2020-08-06T14:30:33Z,45.48053333,7.72385000,1225.00,40.414
13788,3,5931,10827.310749891654,6763.880933408011,2020-08-06T14:30:34Z,45.48055000,7.72373333,1217.00,40.41
13789,3,5932,10828.310749891654,6764.880933408011,2020-08-06T14:30:35Z,45.48056667,7.72360000,1228.00,40.406
13790,3,5933,10829.310749891654,6765.880933408011,2020-08-06T14:30:36Z,45.48056667,7.72345000,1217.00,40.399
13791,3,5934,10830.310749891654,6766.880933408011,2020-08-06T14:30:37Z,45.48058333,7.72328333,1215.00,40.393
13792,3,5935,10831.310749891654,6767.880933408011,2020-08-06T14:30:38Z,45.48058333,7.72315000,1229.00,40.388
13793,3,5936,10832.310749891654,6768.880933408011,2020-08-06T14:30:39Z,45.48060000,7.72301667,1218.00,40.383
13794,3,5937,10833.310749891654,6769.880933408011,2020-08-06T14:30:40Z,45.48060000,7.72291667,1229.00,40.379
13795,3,5938,10834.310749891654,6770.880933408011,2020-08-06T14:30:41Z,45.48061667,7.72280000,1214.00,40.375
13796,3,5939,10835.310749891654,6771.880933408011,2020-08-06T14:30:42Z,45.48061667,7.72270000,1225.00,40.371
13797,3,5940,10836.310749891654,6772.880933408011,2020-08-06T14:30:43Z,45.48061667,7.72256667,1214.00,40.365
13798,3,5941,10837.310749891654,6773.880933408011,2020-08-06T14:30:44Z,45.48061667,7.72245000,1223.00,40.36
13799,3,5942,10838.310749891654,6774.880933408011,2020-08-06T14:30:45Z,45.48060000,7.72233333,1218.00,40.353
13800,3,5943,10839.310749891654,6775.880933408011,2020-08-06T14:30:46Z,45.48056667,7.72223333,1224.00,40.346
13801,3,5944,10840.310749891654,6776.880933408011,2020-08-06T14:30:47Z,45.48053333,7.72215000,1224.00,40.339
13802,3,5945,10841.310749891654,6777.880933408011,2020-08-06T14:30:48Z,45.48048333,7.72208333,1221.00,40.332
13803,3,5946,10842.310749891654,6778.880933408011,2020-08-06T14:30:49Z,45.48043333,7.72201667,1221.00,40.324
13804,3,5947,10843.310749891654,6779.880933408011,2020-08-06T14:30:50Z,45.48038333,7.72193333,1217.00,40.316
13805,3,5948,10844.310749891654,6780.880933408011,2020-08-06T14:30:51Z,45.48033333,7.72186667,1220.00,40.308
13806,3,5949,10845.310749891654,6781.880933408011,2020-08-06T14:30:52Z,45.48028333,7.72180000,1221.00,40.301
13807,3,5950,10846.310749891654,6782.880933408011,2020-08-06T14:30:53Z,45.48023333,7.72175000,1219.00,40.294
13808,3,5951,10847.310749891654,6783.880933408011,2020-08-06T14:30:54Z,45.48016667,7.72173333,1217.00,40.287
13809,3,5952,10848.310749891654,6784.880933408011,2020-08-06T14:30:55Z,45.48008333,7.72171667,1208.00,40.279
13810,3,5953,10849.310749891654,6785.880933408011,2020-08-06T14:30:56Z,45.48001667,7.72175000,1212.00,40.274
13811,3,5954,10850.310749891654,6786.880933408011,2020-08-06T14:30:57Z,45.47993333,7.72181667,1203.00,40.269
13812,3,5955,10851.310749891654,6787.880933408011,2020-08-06T14:30:58Z,45.47986667,7.72190000,1207.00,40.267
13813,3,5956,10852.310749891654,6788.880933408011,2020-08-06T14:30:59Z,45.47981667,7.72200000,1204.00,40.267
13814,3,5957,10853.310749891654,6789.880933408011,2020-08-06T14:31:00Z,45.47978333,7.72211667,1203.00,40.269
13815,3,5958,10854.310749891654,6790.880933408011,2020-08-06T14:31:01Z,45.47975000,7.72223333,1207.00,40.271
13816,3,5959,10855.310749891654,6791.880933408011,2020-08-06T14:31:02Z,45.47971667,7.72236667,1210.00,40.274
13817,3,5960,10856.310749891654,6792.880933408011,2020-08-06T14:31:03Z,45.47966667,7.72250000,1204.00,40.275
13818,3,5961,10857.310749891654,6793.880933408011,2020-08-06T14:31:04Z,45.47961667,7.72261667,1209.00,40.275
13819,3,5962,10858.310749891654,6794.880933408011,2020-08-06T14:31:05Z,45.47955000,7.72271667,1217.00,40.274
13820,3,5963,10859.310749891654,6795.880933408011,2020-08-06T14:31:06Z,45.47950000,7.72280000,1209.00,40.273
13821,3,5964,10860.310749891654,6796.880933408011,2020-08-06T14:31:07Z,45.47945000,7.72288333,1196.00,40.272
13822,3,5965,10861.310749891654,6797.880933408011,2020-08-06T14:31:08Z,45.47940000,7.72291667,1207.00,40.269
13823,3,5966,10862.310749891654,6798.880933408011,2020-08-06T14:31:09Z,45.47933333,7.72291667,1217.00,40.263
13824,3,5967,10863.310749891654,6799.880933408011,2020-08-06T14:31:10Z,45.47925000,7.72286667,1213.00,40.253
13825,3,5968,10864.310749891654,6800.880933408011,2020-08-06T14:31:11Z,45.47921667,7.72278333,1231.00,40.246
13826,3,5969,10865.310749891654,6801.880933408011,2020-08-06T14:31:12Z,45.47921667,7.72266667,1210.00,40.241
13827,3,5970,10866.310749891654,6802.880933408011,2020-08-06T14:31:13Z,45.47925000,7.72255000,1218.00,40.239
13828,3,5971,10867.310749891654,6803.880933408011,2020-08-06T14:31:14Z,45.47933333,7.72246667,1228.00,40.243
13829,3,5972,10868.310749891654,6804.880933408011,2020-08-06T14:31:15Z,45.47945000,7.72243333,1213.00,40.252
13830,3,5973,10869.310749891654,6805.880933408011,2020-08-06T14:31:16Z,45.47956667,7.72246667,1227.00,40.264
13831,3,5974,10870.310749891654,6806.880933408011,2020-08-06T14:31:17Z,45.47966667,7.72253333,1214.00,40.276
13832,3,5975,10871.310749891654,6807.880933408011,2020-08-06T14:31:18Z,45.47975000,7.72266667,1216.00,40.29
13833,3,5976,10872.310749891654,6808.880933408011,2020-08-06T14:31:19Z,45.47981667,7.72280000,1217.00,40.302
13834,3,5977,10873.310749891654,6809.880933408011,2020-08-06T14:31:20Z,45.47986667,7.72295000,1228.00,40.313
13835,3,5978,10874.310749891654,6810.880933408011,2020-08-06T14:31:21Z,45.47988333,7.72308333,1211.00,40.32
13836,3,5979,10875.310749891654,6811.880933408011,2020-08-06T14:31:22Z,45.47986667,7.72321667,1222.00,40.325
13837,3,5980,10876.310749891654,6812.880933408011,2020-08-06T14:31:23Z,45.47983333,7.72331667,1224.00,40.326
13838,3,5981,10877.310749891654,6813.880933408011,2020-08-06T14:31:24Z,45.47978333,7.72340000,1224.00,40.325
13839,3,5982,10878.310749891654,6814.880933408011,2020-08-06T14:31:25Z,45.47970000,7.72345000,1229.00,40.32
13840,3,5983,10879.310749891654,6815.880933408011,2020-08-06T14:31:26Z,45.47963333,7.72346667,1223.00,40.314
13841,3,5984,10880.310749891654,6816.880933408011,2020-08-06T14:31:27Z,45.47956667,7.72341667,1222.00,40.306
13842,3,5985,10881.310749891654,6817.880933408011,2020-08-06T14:31:28Z,45.47951667,7.72335000,1232.00,40.298
13843,3,5986,10882.310749891654,6818.880933408011,2020-08-06T14:31:29Z,45.47948333,7.72326667,1236.00,40.292
13844,3,5987,10883.310749891654,6819.880933408011,2020-08-06T14:31:30Z,45.47948333,7.72318333,1230.00,40.288
13845,3,5988,10884.310749891654,6820.880933408011,2020-08-06T14:31:31Z,45.47951667,7.72310000,1228.00,40.287
13846,3,5989,10885.310749891654,6821.880933408011,2020-08-06T14:31:32Z,45.47956667,7.72300000,1227.00,40.288
13847,3,5990,10886.310749891654,6822.880933408011,2020-08-06T14:31:33Z,45.47965000,7.72293333,1232.00,40.292
13848,3,5991,10887.310749891654,6823.880933408011,2020-08-06T14:31:34Z,45.47975000,7.72288333,1234.00,40.299
13849,3,5992,10888.310749891654,6824.880933408011,2020-08-06T14:31:35Z,45.47983333,7.72288333,1239.00,40.307
13850,3,5993,10889.310749891654,6825.880933408011,2020-08-06T14:31:36Z,45.47993333,7.72293333,1225.00,40.318
13851,3,5994,10890.310749891654,6826.880933408011,2020-08-06T14:31:37Z,45.48001667,7.72303333,1218.00,40.33
13852,3,5995,10891.310749891654,6827.880933408011,2020-08-06T14:31:38Z,45.48006667,7.72318333,1235.00,40.342
13853,3,5996,10892.310749891654,6828.880933408011,2020-08-06T14:31:39Z,45.48011667,7.72335000,1226.00,40.353
13854,3,5997,10893.310749891654,6829.880933408011,2020-08-06T14:31:40Z,45.48011667,7.72348333,1237.00,40.359
13855,3,5998,10894.310749891654,6830.880933408011,2020-08-06T14:31:41Z,45.48010000,7.72360000,1230.00,40.363
13856,3,5999,10895.310749891654,6831.880933408011,2020-08-06T14:31:42Z,45.48006667,7.72368333,1250.00,40.364
13857,3,6000,10896.310749891654,6832.880933408011,2020-08-06T14:31:43Z,45.48000000,7.72375000,1234.00,40.36
13858,3,6001,10897.310749891654,6833.880933408011,2020-08-06T14:31:44Z,45.47993333,7.72376667,1247.00,40.355
13859,3,6002,10898.310749891654,6834.880933408011,2020-08-06T14:31:45Z,45.47986667,7.72376667,1231.00,40.349
13860,3,6003,10899.310749891654,6835.880933408011,2020-08-06T14:31:46Z,45.47980000,7.72371667,1239.00,40.341
13861,3,6004,10900.310749891654,6836.880933408011,2020-08-06T14:31:47Z,45.47976667,7.72363333,1239.00,40.334
13862,3,6005,10901.310749891654,6837.880933408011,2020-08-06T14:31:48Z,45.47976667,7.72353333,1239.00,40.329
13863,3,6006,10902.310749891654,6838.880933408011,2020-08-06T14:31:49Z,45.47980000,7.72343333,1241.00,40.328
13864,3,6007,10903.310749891654,6839.880933408011,2020-08-06T14:31:50Z,45.47985000,7.72333333,1242.00,40.328
13865,3,6008,10904.310749891654,6840.880933408011,2020-08-06T14:31:51Z,45.47993333,7.72328333,1240.00,40.334
13866,3,6009,10905.310749891654,6841.880933408011,2020-08-06T14:31:52Z,45.48001667,7.72323333,1233.00,40.339
13867,3,6010,10906.310749891654,6842.880933408011,2020-08-06T14:31:53Z,45.48011667,7.72325000,1249.00,40.349
13868,3,6011,10907.310749891654,6843.880933408011,2020-08-06T14:31:54Z,45.48023333,7.72328333,1236.00,40.361
13869,3,6012,10908.310749891654,6844.880933408011,2020-08-06T14:31:55Z,45.48033333,7.72336667,1237.00,40.374
13870,3,6013,10909.310749891654,6845.880933408011,2020-08-06T14:31:56Z,45.48043333,7.72346667,1247.00,40.388
13871,3,6014,10910.310749891654,6846.880933408011,2020-08-06T14:31:57Z,45.48050000,7.72358333,1243.00,40.399
13872,3,6015,10911.310749891654,6847.880933408011,2020-08-06T14:31:58Z,45.48053333,7.72371667,1238.00,40.408
13873,3,6016,10912.310749891654,6848.880933408011,2020-08-06T14:31:59Z,45.48055000,7.72385000,1243.00,40.415
13874,3,6017,10913.310749891654,6849.880933408011,2020-08-06T14:32:00Z,45.48053333,7.72398333,1246.00,40.42
13875,3,6018,10914.310749891654,6850.880933408011,2020-08-06T14:32:01Z,45.48053333,7.72411667,1245.00,40.426
13876,3,6019,10915.310749891654,6851.880933408011,2020-08-06T14:32:02Z,45.48051667,7.72425000,1234.00,40.43
13877,3,6020,10916.310749891654,6852.880933408011,2020-08-06T14:32:03Z,45.48051667,7.72436667,1240.00,40.435
13878,3,6021,10917.310749891654,6853.880933408011,2020-08-06T14:32:04Z,45.48051667,7.72448333,1242.00,40.44
13879,3,6022,10918.310749891654,6854.880933408011,2020-08-06T14:32:05Z,45.48046667,7.72460000,1232.00,40.441
13880,3,6023,10919.310749891654,6855.880933408011,2020-08-06T14:32:06Z,45.48040000,7.72468333,1235.00,40.438
13881,3,6024,10920.310749891654,6856.880933408011,2020-08-06T14:32:07Z,45.48033333,7.72475000,1241.00,40.435
13882,3,6025,10921.310749891654,6857.880933408011,2020-08-06T14:32:08Z,45.48025000,7.72480000,1242.00,40.43
13883,3,6026,10922.310749891654,6858.880933408011,2020-08-06T14:32:09Z,45.48018333,7.72483333,1230.00,40.425
13884,3,6027,10923.310749891654,6859.880933408011,2020-08-06T14:32:10Z,45.48011667,7.72488333,1240.00,40.421
13885,3,6028,10924.310749891654,6860.880933408011,2020-08-06T14:32:11Z,45.48005000,7.72491667,1236.00,40.416
13886,3,6029,10925.310749891654,6861.880933408011,2020-08-06T14:32:12Z,45.47998333,7.72496667,1237.00,40.412
13887,3,6030,10926.310749891654,6862.880933408011,2020-08-06T14:32:13Z,45.47990000,7.72500000,1232.00,40.406
13888,3,6031,10927.310749891654,6863.880933408011,2020-08-06T14:32:14Z,45.47981667,7.72503333,1227.00,40.4
13889,3,6032,10928.310749891654,6864.880933408011,2020-08-06T14:32:15Z,45.47973333,7.72503333,1222.00,40.392
13890,3,6033,10929.310749891654,6865.880933408011,2020-08-06T14:32:16Z,45.47966667,7.72503333,1230.00,40.386
13891,3,6034,10930.310749891654,6866.880933408011,2020-08-06T14:32:17Z,45.47960000,7.72501667,1234.00,40.379
13892,3,6035,10931.310749891654,6867.880933408011,2020-08-06T14:32:18Z,45.47953333,7.72498333,1233.00,40.372
13893,3,6036,10932.310749891654,6868.880933408011,2020-08-06T14:32:19Z,45.47948333,7.72493333,1232.00,40.365
13894,3,6037,10933.310749891654,6869.880933408011,2020-08-06T14:32:20Z,45.47943333,7.72486667,1224.00,40.357
13895,3,6038,10934.310749891654,6870.880933408011,2020-08-06T14:32:21Z,45.47940000,7.72476667,1226.00,40.35
13896,3,6039,10935.310749891654,6871.880933408011,2020-08-06T14:32:22Z,45.47938333,7.72465000,1231.00,40.343
13897,3,6040,10936.310749891654,6872.880933408011,2020-08-06T14:32:23Z,45.47936667,7.72455000,1225.00,40.337
13898,3,6041,10937.310749891654,6873.880933408011,2020-08-06T14:32:24Z,45.47936667,7.72441667,1227.00,40.332
13899,3,6042,10938.310749891654,6874.880933408011,2020-08-06T14:32:25Z,45.47936667,7.72431667,1230.00,40.327
13900,3,6043,10939.310749891654,6875.880933408011,2020-08-06T14:32:26Z,45.47936667,7.72420000,1225.00,40.322
13901,3,6044,10940.310749891654,6876.880933408011,2020-08-06T14:32:27Z,45.47938333,7.72408333,1233.00,40.319
13902,3,6045,10941.310749891654,6877.880933408011,2020-08-06T14:32:28Z,45.47940000,7.72398333,1227.00,40.316
13903,3,6046,10942.310749891654,6878.880933408011,2020-08-06T14:32:29Z,45.47943333,7.72388333,1226.00,40.314
13904,3,6047,10943.310749891654,6879.880933408011,2020-08-06T14:32:30Z,45.47946667,7.72378333,1226.00,40.313
13905,3,6048,10944.310749891654,6880.880933408011,2020-08-06T14:32:31Z,45.47950000,7.72366667,1219.00,40.311
13906,3,6049,10945.310749891654,6881.880933408011,2020-08-06T14:32:32Z,45.47955000,7.72356667,1222.00,40.311
13907,3,6050,10946.310749891654,6882.880933408011,2020-08-06T14:32:33Z,45.47958333,7.72345000,1235.00,40.309
13908,3,6051,10947.310749891654,6883.880933408011,2020-08-06T14:32:34Z,45.47960000,7.72335000,1226.00,40.306
13909,3,6052,10948.310749891654,6884.880933408011,2020-08-06T14:32:35Z,45.47961667,7.72325000,1222.00,40.303
13910,3,6053,10949.310749891654,6885.880933408011,2020-08-06T14:32:36Z,45.47961667,7.72313333,1214.00,40.298
13911,3,6054,10950.310749891654,6886.880933408011,2020-08-06T14:32:37Z,45.47961667,7.72300000,1221.00,40.292
13912,3,6055,10951.310749891654,6887.880933408011,2020-08-06T14:32:38Z,45.47956667,7.72290000,1217.00,40.283
13913,3,6056,10952.310749891654,6888.880933408011,2020-08-06T14:32:39Z,45.47950000,7.72283333,1218.00,40.274
13914,3,6057,10953.310749891654,6889.880933408011,2020-08-06T14:32:40Z,45.47941667,7.72283333,1212.00,40.267
13915,3,6058,10954.310749891654,6890.880933408011,2020-08-06T14:32:41Z,45.47933333,7.72286667,1206.00,40.26
13916,3,6059,10955.310749891654,6891.880933408011,2020-08-06T14:32:42Z,45.47926667,7.72295000,1208.00,40.258
13917,3,6060,10956.310749891654,6892.880933408011,2020-08-06T14:32:43Z,45.47921667,7.72305000,1211.00,40.258
13918,3,6061,10957.310749891654,6893.880933408011,2020-08-06T14:32:44Z,45.47916667,7.72316667,1210.00,40.258
13919,3,6062,10958.310749891654,6894.880933408011,2020-08-06T14:32:45Z,45.47913333,7.72326667,1210.00,40.26
13920,3,6063,10959.310749891654,6895.880933408011,2020-08-06T14:32:46Z,45.47908333,7.72336667,1209.00,40.26
13921,3,6064,10960.310749891654,6896.880933408011,2020-08-06T14:32:47Z,45.47903333,7.72348333,1210.00,40.26
13922,3,6065,10961.310749891654,6897.880933408011,2020-08-06T14:32:48Z,45.47898333,7.72360000,1204.00,40.261
13923,3,6066,10962.310749891654,6898.880933408011,2020-08-06T14:32:49Z,45.47893333,7.72371667,1190.00,40.261
13924,3,6067,10963.310749891654,6899.880933408011,2020-08-06T14:32:50Z,45.47888333,7.72385000,1191.00,40.262
13925,3,6068,10964.310749891654,6900.880933408011,2020-08-06T14:32:51Z,45.47881667,7.72398333,1202.00,40.262
13926,3,6069,10965.310749891654,6901.880933408011,2020-08-06T14:32:52Z,45.47875000,7.72411667,1219.00,40.262
13927,3,6070,10966.310749891654,6902.880933408011,2020-08-06T14:32:53Z,45.47868333,7.72423333,1209.00,40.26
13928,3,6071,10967.310749891654,6903.880933408011,2020-08-06T14:32:54Z,45.47861667,7.72433333,1214.00,40.259
13929,3,6072,10968.310749891654,6904.880933408011,2020-08-06T14:32:55Z,45.47856667,7.72443333,1198.00,40.258
13930,3,6073,10969.310749891654,6905.880933408011,2020-08-06T14:32:56Z,45.47853333,7.72451667,1199.00,40.259
13931,3,6074,10970.310749891654,6906.880933408011,2020-08-06T14:32:57Z,45.47848333,7.72460000,1204.00,40.258
13932,3,6075,10971.310749891654,6907.880933408011,2020-08-06T14:32:58Z,45.47841667,7.72470000,1210.00,40.256
13933,3,6076,10972.310749891654,6908.880933408011,2020-08-06T14:32:59Z,45.47835000,7.72480000,1207.00,40.254
13934,3,6077,10973.310749891654,6909.880933408011,2020-08-06T14:33:00Z,45.47828333,7.72488333,1204.00,40.252
13935,3,6078,10974.310749891654,6910.880933408011,2020-08-06T14:33:01Z,45.47821667,7.72496667,1210.00,40.249
13936,3,6079,10975.310749891654,6911.880933408011,2020-08-06T14:33:02Z,45.47815000,7.72505000,1210.00,40.247
13937,3,6080,10976.310749891654,6912.880933408011,2020-08-06T14:33:03Z,45.47808333,7.72511667,1211.00,40.244
13938,3,6081,10977.310749891654,6913.880933408011,2020-08-06T14:33:04Z,45.47801667,7.72518333,1212.00,40.24
13939,3,6082,10978.310749891654,6914.880933408011,2020-08-06T14:33:05Z,45.47795000,7.72525000,1194.00,40.237
13940,3,6083,10979.310749891654,6915.880933408011,2020-08-06T14:33:06Z,45.47788333,7.72533333,1203.00,40.235
13941,3,6084,10980.310749891654,6916.880933408011,2020-08-06T14:33:07Z,45.47781667,7.72543333,1197.00,40.233
13942,3,6085,10981.310749891654,6917.880933408011,2020-08-06T14:33:08Z,45.47775000,7.72555000,1194.00,40.232
13943,3,6086,10982.310749891654,6918.880933408011,2020-08-06T14:33:09Z,45.47766667,7.72566667,1191.00,40.229
13944,3,6087,10983.310749891654,6919.880933408011,2020-08-06T14:33:10Z,45.47760000,7.72576667,1195.00,40.228
13945,3,6088,10984.310749891654,6920.880933408011,2020-08-06T14:33:11Z,45.47753333,7.72586667,1192.00,40.226
13946,3,6089,10985.310749891654,6921.880933408011,2020-08-06T14:33:12Z,45.47746667,7.72595000,1189.00,40.223
13947,3,6090,10986.310749891654,6922.880933408011,2020-08-06T14:33:13Z,45.47741667,7.72605000,1188.00,40.223
13948,3,6091,10987.310749891654,6923.880933408011,2020-08-06T14:33:14Z,45.47735000,7.72616667,1186.00,40.222
13949,3,6092,10988.310749891654,6924.880933408011,2020-08-06T14:33:15Z,45.47726667,7.72628333,1183.00,40.22
13950,3,6093,10989.310749891654,6925.880933408011,2020-08-06T14:33:16Z,45.47720000,7.72640000,1184.00,40.219
13951,3,6094,10990.310749891654,6926.880933408011,2020-08-06T14:33:17Z,45.47711667,7.72651667,1180.00,40.216
13952,3,6095,10991.310749891654,6927.880933408011,2020-08-06T14:33:18Z,45.47705000,7.72661667,1182.00,40.215
13953,3,6096,10992.310749891654,6928.880933408011,2020-08-06T14:33:19Z,45.47700000,7.72673333,1182.00,40.215
13954,3,6097,10993.310749891654,6929.880933408011,2020-08-06T14:33:20Z,45.47693333,7.72685000,1178.00,40.214
13955,3,6098,10994.310749891654,6930.880933408011,2020-08-06T14:33:21Z,45.47688333,7.72696667,1181.00,40.215
13956,3,6099,10995.310749891654,6931.880933408011,2020-08-06T14:33:22Z,45.47683333,7.72710000,1175.00,40.216
13957,3,6100,10996.310749891654,6932.880933408011,2020-08-06T14:33:23Z,45.47678333,7.72725000,1175.00,40.218
13958,3,6101,10997.310749891654,6933.880933408011,2020-08-06T14:33:24Z,45.47673333,7.72740000,1185.00,40.22
13959,3,6102,10998.310749891654,6934.880933408011,2020-08-06T14:33:25Z,45.47668333,7.72753333,1178.00,40.222
13960,3,6103,10999.310749891654,6935.880933408011,2020-08-06T14:33:26Z,45.47665000,7.72766667,1172.00,40.225
13961,3,6104,11000.310749891654,6936.880933408011,2020-08-06T14:33:27Z,45.47661667,7.72780000,1176.00,40.227
13962,3,6105,11001.310749891654,6937.880933408011,2020-08-06T14:33:28Z,45.47658333,7.72793333,1175.00,40.23
13963,3,6106,11002.310749891654,6938.880933408011,2020-08-06T14:33:29Z,45.47655000,7.72806667,1176.00,40.233
13964,3,6107,11003.310749891654,6939.880933408011,2020-08-06T14:33:30Z,45.47650000,7.72821667,1175.00,40.235
13965,3,6108,11004.310749891654,6940.880933408011,2020-08-06T14:33:31Z,45.47645000,7.72835000,1173.00,40.237
13966,3,6109,11005.310749891654,6941.880933408011,2020-08-06T14:33:32Z,45.47641667,7.72848333,1172.00,40.24
13967,3,6110,11006.310749891654,6942.880933408011,2020-08-06T14:33:33Z,45.47636667,7.72860000,1188.00,40.24
13968,3,6111,11007.310749891654,6943.880933408011,2020-08-06T14:33:34Z,45.47631667,7.72873333,1170.00,40.242
13969,3,6112,11008.310749891654,6944.880933408011,2020-08-06T14:33:35Z,45.47626667,7.72883333,1157.00,40.242
13970,3,6113,11009.310749891654,6945.880933408011,2020-08-06T14:33:36Z,45.47625000,7.72893333,1188.00,40.245
13971,3,6114,11010.310749891654,6946.880933408011,2020-08-06T14:33:37Z,45.47621667,7.72903333,1167.00,40.246
13972,3,6115,11011.310749891654,6947.880933408011,2020-08-06T14:33:38Z,45.47616667,7.72910000,1163.00,40.245
13973,3,6116,11012.310749891654,6948.880933408011,2020-08-06T14:33:39Z,45.47611667,7.72916667,1178.00,40.243
13974,3,6117,11013.310749891654,6949.880933408011,2020-08-06T14:33:40Z,45.47603333,7.72921667,1180.00,40.238
13975,3,6118,11014.310749891654,6950.880933408011,2020-08-06T14:33:41Z,45.47596667,7.72923333,1182.00,40.232
13976,3,6119,11015.310749891654,6951.880933408011,2020-08-06T14:33:42Z,45.47590000,7.72920000,1185.00,40.225
13977,3,6120,11016.310749891654,6952.880933408011,2020-08-06T14:33:43Z,45.47583333,7.72913333,1185.00,40.216
13978,3,6121,11017.310749891654,6953.880933408011,2020-08-06T14:33:44Z,45.47578333,7.72900000,1188.00,40.205
13979,3,6122,11018.310749891654,6954.880933408011,2020-08-06T14:33:45Z,45.47578333,7.72885000,1191.00,40.198
13980,3,6123,11019.310749891654,6955.880933408011,2020-08-06T14:33:46Z,45.47580000,7.72870000,1184.00,40.193
13981,3,6124,11020.310749891654,6956.880933408011,2020-08-06T14:33:47Z,45.47585000,7.72856667,1180.00,40.192
13982,3,6125,11021.310749891654,6957.880933408011,2020-08-06T14:33:48Z,45.47595000,7.72848333,1194.00,40.197
13983,3,6126,11022.310749891654,6958.880933408011,2020-08-06T14:33:49Z,45.47605000,7.72845000,1195.00,40.205
13984,3,6127,11023.310749891654,6959.880933408011,2020-08-06T14:33:50Z,45.47615000,7.72845000,1198.00,40.214
13985,3,6128,11024.310749891654,6960.880933408011,2020-08-06T14:33:51Z,45.47626667,7.72848333,1198.00,40.226
13986,3,6129,11025.310749891654,6961.880933408011,2020-08-06T14:33:52Z,45.47636667,7.72853333,1196.00,40.237
13987,3,6130,11026.310749891654,6962.880933408011,2020-08-06T14:33:53Z,45.47645000,7.72861667,1194.00,40.249
13988,3,6131,11027.310749891654,6963.880933408011,2020-08-06T14:33:54Z,45.47651667,7.72873333,1198.00,40.26
13989,3,6132,11028.310749891654,6964.880933408011,2020-08-06T14:33:55Z,45.47653333,7.72888333,1200.00,40.268
13990,3,6133,11029.310749891654,6965.880933408011,2020-08-06T14:33:56Z,45.47655000,7.72901667,1191.00,40.276
13991,3,6134,11030.310749891654,6966.880933408011,2020-08-06T14:33:57Z,45.47651667,7.72913333,1201.00,40.278
13992,3,6135,11031.310749891654,6967.880933408011,2020-08-06T14:33:58Z,45.47648333,7.72921667,1189.00,40.279
13993,3,6136,11032.310749891654,6968.880933408011,2020-08-06T14:33:59Z,45.47641667,7.72928333,1201.00,40.276
13994,3,6137,11033.310749891654,6969.880933408011,2020-08-06T14:34:00Z,45.47635000,7.72933333,1205.00,40.272
13995,3,6138,11034.310749891654,6970.880933408011,2020-08-06T14:34:01Z,45.47626667,7.72938333,1204.00,40.266
13996,3,6139,11035.310749891654,6971.880933408011,2020-08-06T14:34:02Z,45.47618333,7.72938333,1203.00,40.259
13997,3,6140,11036.310749891654,6972.880933408011,2020-08-06T14:34:03Z,45.47611667,7.72936667,1196.00,40.252
13998,3,6141,11037.310749891654,6973.880933408011,2020-08-06T14:34:04Z,45.47606667,7.72928333,1197.00,40.244
13999,3,6142,11038.310749891654,6974.880933408011,2020-08-06T14:34:05Z,45.47603333,7.72915000,1201.00,40.235
14000,3,6143,11039.310749891654,6975.880933408011,2020-08-06T14:34:06Z,45.47603333,7.72900000,1208.00,40.228
14001,3,6144,11040.310749891654,6976.880933408011,2020-08-06T14:34:07Z,45.47608333,7.72885000,1220.00,40.226
14002,3,6145,11041.310749891654,6977.880933408011,2020-08-06T14:34:08Z,45.47615000,7.72875000,1203.00,40.227
14003,3,6146,11042.310749891654,6978.880933408011,2020-08-06T14:34:09Z,45.47625000,7.72868333,1211.00,40.233
14004,3,6147,11043.310749891654,6979.880933408011,2020-08-06T14:34:10Z,45.47636667,7.72866667,1207.00,40.243
14005,3,6148,11044.310749891654,6980.880933408011,2020-08-06T14:34:11Z,45.47648333,7.72868333,1215.00,40.255
14006,3,6149,11045.310749891654,6981.880933408011,2020-08-06T14:34:12Z,45.47658333,7.72873333,1217.00,40.266
14007,3,6150,11046.310749891654,6982.880933408011,2020-08-06T14:34:13Z,45.47666667,7.72881667,1197.00,40.277
14008,3,6151,11047.310749891654,6983.880933408011,2020-08-06T14:34:14Z,45.47671667,7.72891667,1212.00,40.286
14009,3,6152,11048.310749891654,6984.880933408011,2020-08-06T14:34:15Z,45.47673333,7.72905000,1216.00,40.294
14010,3,6153,11049.310749891654,6985.880933408011,2020-08-06T14:34:16Z,45.47673333,7.72918333,1219.00,40.3
14011,3,6154,11050.310749891654,6986.880933408011,2020-08-06T14:34:17Z,45.47670000,7.72930000,1218.00,40.302
14012,3,6155,11051.310749891654,6987.880933408011,2020-08-06T14:34:18Z,45.47665000,7.72940000,1221.00,40.302
14013,3,6156,11052.310749891654,6988.880933408011,2020-08-06T14:34:19Z,45.47658333,7.72945000,1225.00,40.298
14014,3,6157,11053.310749891654,6989.880933408011,2020-08-06T14:34:20Z,45.47650000,7.72948333,1222.00,40.292
14015,3,6158,11054.310749891654,6990.880933408011,2020-08-06T14:34:21Z,45.47643333,7.72950000,1226.00,40.287
14016,3,6159,11055.310749891654,6991.880933408011,2020-08-06T14:34:22Z,45.47636667,7.72948333,1223.00,40.28
14017,3,6160,11056.310749891654,6992.880933408011,2020-08-06T14:34:23Z,45.47630000,7.72943333,1230.00,40.272
14018,3,6161,11057.310749891654,6993.880933408011,2020-08-06T14:34:24Z,45.47623333,7.72933333,1221.00,40.261
14019,3,6162,11058.310749891654,6994.880933408011,2020-08-06T14:34:25Z,45.47621667,7.72920000,1226.00,40.254
14020,3,6163,11059.310749891654,6995.880933408011,2020-08-06T14:34:26Z,45.47623333,7.72906667,1239.00,40.249
14021,3,6164,11060.310749891654,6996.880933408011,2020-08-06T14:34:27Z,45.47628333,7.72895000,1227.00,40.248
14022,3,6165,11061.310749891654,6997.880933408011,2020-08-06T14:34:28Z,45.47638333,7.72885000,1223.00,40.253
14023,3,6166,11062.310749891654,6998.880933408011,2020-08-06T14:34:29Z,45.47648333,7.72878333,1243.00,40.259
14024,3,6167,11063.310749891654,6999.880933408011,2020-08-06T14:34:30Z,45.47660000,7.72875000,1230.00,40.268
14025,3,6168,11064.310749891654,7000.880933408011,2020-08-06T14:34:31Z,45.47670000,7.72875000,1237.00,40.277
14026,3,6169,11065.310749891654,7001.880933408011,2020-08-06T14:34:32Z,45.47680000,7.72878333,1236.00,40.288
14027,3,6170,11066.310749891654,7002.880933408011,2020-08-06T14:34:33Z,45.47688333,7.72885000,1235.00,40.299
14028,3,6171,11067.310749891654,7003.880933408011,2020-08-06T14:34:34Z,45.47698333,7.72896667,1242.00,40.313
14029,3,6172,11068.310749891654,7004.880933408011,2020-08-06T14:34:35Z,45.47705000,7.72910000,1240.00,40.325
14030,3,6173,11069.310749891654,7005.880933408011,2020-08-06T14:34:36Z,45.47708333,7.72923333,1235.00,40.334
14031,3,6174,11070.310749891654,7006.880933408011,2020-08-06T14:34:37Z,45.47706667,7.72936667,1230.00,40.338
14032,3,6175,11071.310749891654,7007.880933408011,2020-08-06T14:34:38Z,45.47701667,7.72948333,1240.00,40.339
14033,3,6176,11072.310749891654,7008.880933408011,2020-08-06T14:34:39Z,45.47693333,7.72955000,1242.00,40.334
14034,3,6177,11073.310749891654,7009.880933408011,2020-08-06T14:34:40Z,45.47685000,7.72958333,1246.00,40.328
14035,3,6178,11074.310749891654,7010.880933408011,2020-08-06T14:34:41Z,45.47676667,7.72956667,1253.00,40.32
14036,3,6179,11075.310749891654,7011.880933408011,2020-08-06T14:34:42Z,45.47670000,7.72948333,1251.00,40.31
14037,3,6180,11076.310749891654,7012.880933408011,2020-08-06T14:34:43Z,45.47666667,7.72938333,1246.00,40.303
14038,3,6181,11077.310749891654,7013.880933408011,2020-08-06T14:34:44Z,45.47666667,7.72925000,1245.00,40.297
14039,3,6182,11078.310749891654,7014.880933408011,2020-08-06T14:34:45Z,45.47670000,7.72910000,1254.00,40.293
14040,3,6183,11079.310749891654,7015.880933408011,2020-08-06T14:34:46Z,45.47675000,7.72898333,1239.00,40.292
14041,3,6184,11080.310749891654,7016.880933408011,2020-08-06T14:34:47Z,45.47683333,7.72888333,1256.00,40.296
14042,3,6185,11081.310749891654,7017.880933408011,2020-08-06T14:34:48Z,45.47693333,7.72885000,1263.00,40.303
14043,3,6186,11082.310749891654,7018.880933408011,2020-08-06T14:34:49Z,45.47705000,7.72885000,1254.00,40.314
14044,3,6187,11083.310749891654,7019.880933408011,2020-08-06T14:34:50Z,45.47716667,7.72891667,1256.00,40.327
14045,3,6188,11084.310749891654,7020.880933408011,2020-08-06T14:34:51Z,45.47725000,7.72901667,1260.00,40.339
14046,3,6189,11085.310749891654,7021.880933408011,2020-08-06T14:34:52Z,45.47731667,7.72913333,1252.00,40.351
14047,3,6190,11086.310749891654,7022.880933408011,2020-08-06T14:34:53Z,45.47735000,7.72928333,1256.00,40.361
14048,3,6191,11087.310749891654,7023.880933408011,2020-08-06T14:34:54Z,45.47733333,7.72941667,1257.00,40.365
14049,3,6192,11088.310749891654,7024.880933408011,2020-08-06T14:34:55Z,45.47728333,7.72951667,1251.00,40.365
14050,3,6193,11089.310749891654,7025.880933408011,2020-08-06T14:34:56Z,45.47720000,7.72958333,1269.00,40.36
14051,3,6194,11090.310749891654,7026.880933408011,2020-08-06T14:34:57Z,45.47711667,7.72960000,1264.00,40.353
14052,3,6195,11091.310749891654,7027.880933408011,2020-08-06T14:34:58Z,45.47703333,7.72958333,1264.00,40.345
14053,3,6196,11092.310749891654,7028.880933408011,2020-08-06T14:34:59Z,45.47696667,7.72950000,1268.00,40.335
14054,3,6197,11093.310749891654,7029.880933408011,2020-08-06T14:35:00Z,45.47691667,7.72938333,1258.00,40.326
14055,3,6198,11094.310749891654,7030.880933408011,2020-08-06T14:35:01Z,45.47691667,7.72925000,1266.00,40.32
14056,3,6199,11095.310749891654,7031.880933408011,2020-08-06T14:35:02Z,45.47696667,7.72911667,1278.00,40.318
14057,3,6200,11096.310749891654,7032.880933408011,2020-08-06T14:35:03Z,45.47705000,7.72900000,1270.00,40.321
14058,3,6201,11097.310749891654,7033.880933408011,2020-08-06T14:35:04Z,45.47715000,7.72893333,1270.00,40.327
14059,3,6202,11098.310749891654,7034.880933408011,2020-08-06T14:35:05Z,45.47726667,7.72888333,1279.00,40.335
14060,3,6203,11099.310749891654,7035.880933408011,2020-08-06T14:35:06Z,45.47736667,7.72890000,1270.00,40.345
14061,3,6204,11100.310749891654,7036.880933408011,2020-08-06T14:35:07Z,45.47746667,7.72896667,1273.00,40.357
14062,3,6205,11101.310749891654,7037.880933408011,2020-08-06T14:35:08Z,45.47756667,7.72906667,1273.00,40.371
14063,3,6206,11102.310749891654,7038.880933408011,2020-08-06T14:35:09Z,45.47763333,7.72921667,1261.00,40.383
14064,3,6207,11103.310749891654,7039.880933408011,2020-08-06T14:35:10Z,45.47768333,7.72938333,1278.00,40.395
14065,3,6208,11104.310749891654,7040.880933408011,2020-08-06T14:35:11Z,45.47768333,7.72953333,1278.00,40.402
14066,3,6209,11105.310749891654,7041.880933408011,2020-08-06T14:35:12Z,45.47766667,7.72966667,1272.00,40.406
14067,3,6210,11106.310749891654,7042.880933408011,2020-08-06T14:35:13Z,45.47763333,7.72976667,1280.00,40.408
14068,3,6211,11107.310749891654,7043.880933408011,2020-08-06T14:35:14Z,45.47758333,7.72985000,1281.00,40.407
14069,3,6212,11108.310749891654,7044.880933408011,2020-08-06T14:35:15Z,45.47751667,7.72991667,1284.00,40.404
14070,3,6213,11109.310749891654,7045.880933408011,2020-08-06T14:35:16Z,45.47745000,7.72998333,1281.00,40.401
14071,3,6214,11110.310749891654,7046.880933408011,2020-08-06T14:35:17Z,45.47736667,7.73005000,1280.00,40.396
14072,3,6215,11111.310749891654,7047.880933408011,2020-08-06T14:35:18Z,45.47728333,7.73010000,1278.00,40.391
14073,3,6216,11112.310749891654,7048.880933408011,2020-08-06T14:35:19Z,45.47720000,7.73015000,1284.00,40.386
14074,3,6217,11113.310749891654,7049.880933408011,2020-08-06T14:35:20Z,45.47713333,7.73018333,1279.00,40.381
14075,3,6218,11114.310749891654,7050.880933408011,2020-08-06T14:35:21Z,45.47703333,7.73021667,1282.00,40.373
14076,3,6219,11115.310749891654,7051.880933408011,2020-08-06T14:35:22Z,45.47695000,7.73023333,1283.00,40.367
14077,3,6220,11116.310749891654,7052.880933408011,2020-08-06T14:35:23Z,45.47686667,7.73025000,1273.00,40.36
14078,3,6221,11117.310749891654,7053.880933408011,2020-08-06T14:35:24Z,45.47676667,7.73026667,1284.00,40.352
14079,3,6222,11118.310749891654,7054.880933408011,2020-08-06T14:35:25Z,45.47668333,7.73026667,1285.00,40.344
14080,3,6223,11119.310749891654,7055.880933408011,2020-08-06T14:35:26Z,45.47658333,7.73026667,1300.00,40.335
14081,3,6224,11120.310749891654,7056.880933408011,2020-08-06T14:35:27Z,45.47650000,7.73025000,1293.00,40.327
14082,3,6225,11121.310749891654,7057.880933408011,2020-08-06T14:35:28Z,45.47643333,7.73021667,1286.00,40.319
14083,3,6226,11122.310749891654,7058.880933408011,2020-08-06T14:35:29Z,45.47636667,7.73018333,1276.00,40.311
14084,3,6227,11123.310749891654,7059.880933408011,2020-08-06T14:35:30Z,45.47630000,7.73015000,1263.00,40.304
14085,3,6228,11124.310749891654,7060.880933408011,2020-08-06T14:35:31Z,45.47623333,7.73010000,1293.00,40.296
14086,3,6229,11125.310749891654,7061.880933408011,2020-08-06T14:35:32Z,45.47618333,7.73001667,1284.00,40.287
14087,3,6230,11126.310749891654,7062.880933408011,2020-08-06T14:35:33Z,45.47615000,7.72991667,1289.00,40.28
14088,3,6231,11127.310749891654,7063.880933408011,2020-08-06T14:35:34Z,45.47616667,7.72978333,1297.00,40.275
14089,3,6232,11128.310749891654,7064.880933408011,2020-08-06T14:35:35Z,45.47620000,7.72966667,1296.00,40.273
14090,3,6233,11129.310749891654,7065.880933408011,2020-08-06T14:35:36Z,45.47626667,7.72956667,1296.00,40.275
14091,3,6234,11130.310749891654,7066.880933408011,2020-08-06T14:35:37Z,45.47635000,7.72948333,1297.00,40.278
14092,3,6235,11131.310749891654,7067.880933408011,2020-08-06T14:35:38Z,45.47645000,7.72943333,1289.00,40.285
14093,3,6236,11132.310749891654,7068.880933408011,2020-08-06T14:35:39Z,45.47655000,7.72940000,1288.00,40.293
14094,3,6237,11133.310749891654,7069.880933408011,2020-08-06T14:35:40Z,45.47666667,7.72941667,1304.00,40.304
14095,3,6238,11134.310749891654,7070.880933408011,2020-08-06T14:35:41Z,45.47678333,7.72945000,1278.00,40.316
14096,3,6239,11135.310749891654,7071.880933408011,2020-08-06T14:35:42Z,45.47688333,7.72953333,1296.00,40.329
14097,3,6240,11136.310749891654,7072.880933408011,2020-08-06T14:35:43Z,45.47696667,7.72963333,1297.00,40.341
14098,3,6241,11137.310749891654,7073.880933408011,2020-08-06T14:35:44Z,45.47703333,7.72978333,1297.00,40.354
14099,3,6242,11138.310749891654,7074.880933408011,2020-08-06T14:35:45Z,45.47706667,7.72991667,1297.00,40.363
14100,3,6243,11139.310749891654,7075.880933408011,2020-08-06T14:35:46Z,45.47706667,7.73005000,1296.00,40.369
14101,3,6244,11140.310749891654,7076.880933408011,2020-08-06T14:35:47Z,45.47706667,7.73018333,1290.00,40.375
14102,3,6245,11141.310749891654,7077.880933408011,2020-08-06T14:35:48Z,45.47705000,7.73030000,1296.00,40.379
14103,3,6246,11142.310749891654,7078.880933408011,2020-08-06T14:35:49Z,45.47701667,7.73041667,1288.00,40.381
14104,3,6247,11143.310749891654,7079.880933408011,2020-08-06T14:35:50Z,45.47696667,7.73053333,1289.00,40.382
14105,3,6248,11144.310749891654,7080.880933408011,2020-08-06T14:35:51Z,45.47690000,7.73063333,1296.00,40.38
14106,3,6249,11145.310749891654,7081.880933408011,2020-08-06T14:35:52Z,45.47683333,7.73073333,1302.00,40.379
14107,3,6250,11146.310749891654,7082.880933408011,2020-08-06T14:35:53Z,45.47676667,7.73080000,1297.00,40.376
14108,3,6251,11147.310749891654,7083.880933408011,2020-08-06T14:35:54Z,45.47670000,7.73086667,1288.00,40.372
14109,3,6252,11148.310749891654,7084.880933408011,2020-08-06T14:35:55Z,45.47663333,7.73091667,1301.00,40.369
14110,3,6253,11149.310749891654,7085.880933408011,2020-08-06T14:35:56Z,45.47656667,7.73093333,1302.00,40.363
14111,3,6254,11150.310749891654,7086.880933408011,2020-08-06T14:35:57Z,45.47650000,7.73093333,1290.00,40.357
14112,3,6255,11151.310749891654,7087.880933408011,2020-08-06T14:35:58Z,45.47645000,7.73091667,1302.00,40.352
14113,3,6256,11152.310749891654,7088.880933408011,2020-08-06T14:35:59Z,45.47641667,7.73088333,1300.00,40.348
14114,3,6257,11153.310749891654,7089.880933408011,2020-08-06T14:36:00Z,45.47638333,7.73080000,1295.00,40.341
14115,3,6258,11154.310749891654,7090.880933408011,2020-08-06T14:36:01Z,45.47636667,7.73070000,1301.00,40.335
14116,3,6259,11155.310749891654,7091.880933408011,2020-08-06T14:36:02Z,45.47636667,7.73060000,1297.00,40.33
14117,3,6260,11156.310749891654,7092.880933408011,2020-08-06T14:36:03Z,45.47640000,7.73048333,1303.00,40.328
14118,3,6261,11157.310749891654,7093.880933408011,2020-08-06T14:36:04Z,45.47643333,7.73036667,1304.00,40.326
14119,3,6262,11158.310749891654,7094.880933408011,2020-08-06T14:36:05Z,45.47650000,7.73026667,1284.00,40.327
14120,3,6263,11159.310749891654,7095.880933408011,2020-08-06T14:36:06Z,45.47658333,7.73018333,1300.00,40.331
14121,3,6264,11160.310749891654,7096.880933408011,2020-08-06T14:36:07Z,45.47666667,7.73011667,1296.00,40.336
14122,3,6265,11161.310749891654,7097.880933408011,2020-08-06T14:36:08Z,45.47676667,7.73003333,1299.00,40.341
14123,3,6266,11162.310749891654,7098.880933408011,2020-08-06T14:36:09Z,45.47685000,7.72996667,1299.00,40.346
14124,3,6267,11163.310749891654,7099.880933408011,2020-08-06T14:36:10Z,45.47693333,7.72990000,1292.00,40.35
14125,3,6268,11164.310749891654,7100.880933408011,2020-08-06T14:36:11Z,45.47703333,7.72986667,1297.00,40.358
14126,3,6269,11165.310749891654,7101.880933408011,2020-08-06T14:36:12Z,45.47713333,7.72986667,1303.00,40.367
14127,3,6270,11166.310749891654,7102.880933408011,2020-08-06T14:36:13Z,45.47723333,7.72988333,1299.00,40.377
14128,3,6271,11167.310749891654,7103.880933408011,2020-08-06T14:36:14Z,45.47735000,7.72993333,1310.00,40.39
14129,3,6272,11168.310749891654,7104.880933408011,2020-08-06T14:36:15Z,45.47743333,7.73001667,1293.00,40.401
14130,3,6273,11169.310749891654,7105.880933408011,2020-08-06T14:36:16Z,45.47750000,7.73013333,1303.00,40.412
14131,3,6274,11170.310749891654,7106.880933408011,2020-08-06T14:36:17Z,45.47753333,7.73028333,1295.00,40.422
14132,3,6275,11171.310749891654,7107.880933408011,2020-08-06T14:36:18Z,45.47755000,7.73043333,1292.00,40.43
14133,3,6276,11172.310749891654,7108.880933408011,2020-08-06T14:36:19Z,45.47751667,7.73055000,1299.00,40.432
14134,3,6277,11173.310749891654,7109.880933408011,2020-08-06T14:36:20Z,45.47748333,7.73065000,1301.00,40.434
14135,3,6278,11174.310749891654,7110.880933408011,2020-08-06T14:36:21Z,45.47741667,7.73075000,1304.00,40.432
14136,3,6279,11175.310749891654,7111.880933408011,2020-08-06T14:36:22Z,45.47736667,7.73085000,1306.00,40.432
14137,3,6280,11176.310749891654,7112.880933408011,2020-08-06T14:36:23Z,45.47730000,7.73093333,1300.00,40.43
14138,3,6281,11177.310749891654,7113.880933408011,2020-08-06T14:36:24Z,45.47725000,7.73101667,1301.00,40.429
14139,3,6282,11178.310749891654,7114.880933408011,2020-08-06T14:36:25Z,45.47718333,7.73110000,1296.00,40.427
14140,3,6283,11179.310749891654,7115.880933408011,2020-08-06T14:36:26Z,45.47713333,7.73116667,1298.00,40.425
14141,3,6284,11180.310749891654,7116.880933408011,2020-08-06T14:36:27Z,45.47706667,7.73121667,1298.00,40.422
14142,3,6285,11181.310749891654,7117.880933408011,2020-08-06T14:36:28Z,45.47698333,7.73126667,1301.00,40.416
14143,3,6286,11182.310749891654,7118.880933408011,2020-08-06T14:36:29Z,45.47691667,7.73130000,1303.00,40.412
14144,3,6287,11183.310749891654,7119.880933408011,2020-08-06T14:36:30Z,45.47685000,7.73133333,1294.00,40.407
14145,3,6288,11184.310749891654,7120.880933408011,2020-08-06T14:36:31Z,45.47678333,7.73135000,1306.00,40.402
14146,3,6289,11185.310749891654,7121.880933408011,2020-08-06T14:36:32Z,45.47673333,7.73136667,1302.00,40.398
14147,3,6290,11186.310749891654,7122.880933408011,2020-08-06T14:36:33Z,45.47666667,7.73136667,1295.00,40.392
14148,3,6291,11187.310749891654,7123.880933408011,2020-08-06T14:36:34Z,45.47661667,7.73136667,1303.00,40.388
14149,3,6292,11188.310749891654,7124.880933408011,2020-08-06T14:36:35Z,45.47655000,7.73135000,1300.00,40.381
14150,3,6293,11189.310749891654,7125.880933408011,2020-08-06T14:36:36Z,45.47650000,7.73130000,1299.00,40.374
14151,3,6294,11190.310749891654,7126.880933408011,2020-08-06T14:36:37Z,45.47645000,7.73123333,1297.00,40.366
14152,3,6295,11191.310749891654,7127.880933408011,2020-08-06T14:36:38Z,45.47640000,7.73116667,1295.00,40.359
14153,3,6296,11192.310749891654,7128.880933408011,2020-08-06T14:36:39Z,45.47633333,7.73110000,1299.00,40.35
14154,3,6297,11193.310749891654,7129.880933408011,2020-08-06T14:36:40Z,45.47626667,7.73103333,1304.00,40.341
14155,3,6298,11194.310749891654,7130.880933408011,2020-08-06T14:36:41Z,45.47621667,7.73095000,1303.00,40.332
14156,3,6299,11195.310749891654,7131.880933408011,2020-08-06T14:36:42Z,45.47616667,7.73086667,1291.00,40.324
14157,3,6300,11196.310749891654,7132.880933408011,2020-08-06T14:36:43Z,45.47610000,7.73080000,1294.00,40.315
14158,3,6301,11197.310749891654,7133.880933408011,2020-08-06T14:36:44Z,45.47603333,7.73075000,1294.00,40.307
14159,3,6302,11198.310749891654,7134.880933408011,2020-08-06T14:36:45Z,45.47596667,7.73070000,1299.00,40.298
14160,3,6303,11199.310749891654,7135.880933408011,2020-08-06T14:36:46Z,45.47590000,7.73065000,1289.00,40.29
14161,3,6304,11200.310749891654,7136.880933408011,2020-08-06T14:36:47Z,45.47585000,7.73056667,1285.00,40.282
14162,3,6305,11201.310749891654,7137.880933408011,2020-08-06T14:36:48Z,45.47581667,7.73046667,1298.00,40.274
14163,3,6306,11202.310749891654,7138.880933408011,2020-08-06T14:36:49Z,45.47581667,7.73035000,1298.00,40.269
14164,3,6307,11203.310749891654,7139.880933408011,2020-08-06T14:36:50Z,45.47583333,7.73021667,1294.00,40.265
14165,3,6308,11204.310749891654,7140.880933408011,2020-08-06T14:36:51Z,45.47588333,7.73008333,1295.00,40.263
14166,3,6309,11205.310749891654,7141.880933408011,2020-08-06T14:36:52Z,45.47595000,7.72998333,1292.00,40.265
14167,3,6310,11206.310749891654,7142.880933408011,2020-08-06T14:36:53Z,45.47603333,7.72991667,1294.00,40.269
14168,3,6311,11207.310749891654,7143.880933408011,2020-08-06T14:36:54Z,45.47613333,7.72988333,1296.00,40.277
14169,3,6312,11208.310749891654,7144.880933408011,2020-08-06T14:36:55Z,45.47623333,7.72988333,1304.00,40.286
14170,3,6313,11209.310749891654,7145.880933408011,2020-08-06T14:36:56Z,45.47633333,7.72990000,1294.00,40.296
14171,3,6314,11210.310749891654,7146.880933408011,2020-08-06T14:36:57Z,45.47641667,7.72996667,1296.00,40.306
14172,3,6315,11211.310749891654,7147.880933408011,2020-08-06T14:36:58Z,45.47650000,7.73005000,1298.00,40.318
14173,3,6316,11212.310749891654,7148.880933408011,2020-08-06T14:36:59Z,45.47656667,7.73016667,1294.00,40.329
14174,3,6317,11213.310749891654,7149.880933408011,2020-08-06T14:37:00Z,45.47660000,7.73030000,1295.00,40.338
14175,3,6318,11214.310749891654,7150.880933408011,2020-08-06T14:37:01Z,45.47660000,7.73043333,1298.00,40.344
14176,3,6319,11215.310749891654,7151.880933408011,2020-08-06T14:37:02Z,45.47658333,7.73055000,1289.00,40.348
14177,3,6320,11216.310749891654,7152.880933408011,2020-08-06T14:37:03Z,45.47651667,7.73061667,1285.00,40.345
14178,3,6321,11217.310749891654,7153.880933408011,2020-08-06T14:37:04Z,45.47646667,7.73066667,1296.00,40.342
14179,3,6322,11218.310749891654,7154.880933408011,2020-08-06T14:37:05Z,45.47640000,7.73070000,1292.00,40.338
14180,3,6323,11219.310749891654,7155.880933408011,2020-08-06T14:37:06Z,45.47633333,7.73073333,1284.00,40.333
14181,3,6324,11220.310749891654,7156.880933408011,2020-08-06T14:37:07Z,45.47625000,7.73075000,1289.00,40.326
14182,3,6325,11221.310749891654,7157.880933408011,2020-08-06T14:37:08Z,45.47618333,7.73076667,1289.00,40.321
14183,3,6326,11222.310749891654,7158.880933408011,2020-08-06T14:37:09Z,45.47611667,7.73076667,1291.00,40.315
14184,3,6327,11223.310749891654,7159.880933408011,2020-08-06T14:37:10Z,45.47603333,7.73076667,1288.00,40.308
14185,3,6328,11224.310749891654,7160.880933408011,2020-08-06T14:37:11Z,45.47596667,7.73075000,1288.00,40.301
14186,3,6329,11225.310749891654,7161.880933408011,2020-08-06T14:37:12Z,45.47588333,7.73071667,1288.00,40.292
14187,3,6330,11226.310749891654,7162.880933408011,2020-08-06T14:37:13Z,45.47580000,7.73068333,1287.00,40.283
14188,3,6331,11227.310749891654,7163.880933408011,2020-08-06T14:37:14Z,45.47573333,7.73065000,1292.00,40.275
14189,3,6332,11228.310749891654,7164.880933408011,2020-08-06T14:37:15Z,45.47566667,7.73063333,1293.00,40.268
14190,3,6333,11229.310749891654,7165.880933408011,2020-08-06T14:37:16Z,45.47560000,7.73060000,1291.00,40.261
14191,3,6334,11230.310749891654,7166.880933408011,2020-08-06T14:37:17Z,45.47553333,7.73056667,1286.00,40.253
14192,3,6335,11231.310749891654,7167.880933408011,2020-08-06T14:37:18Z,45.47546667,7.73053333,1287.00,40.246
14193,3,6336,11232.310749891654,7168.880933408011,2020-08-06T14:37:19Z,45.47538333,7.73048333,1283.00,40.236
14194,3,6337,11233.310749891654,7169.880933408011,2020-08-06T14:37:20Z,45.47531667,7.73045000,1290.00,40.228
14195,3,6338,11234.310749891654,7170.880933408011,2020-08-06T14:37:21Z,45.47523333,7.73043333,1286.00,40.22
14196,3,6339,11235.310749891654,7171.880933408011,2020-08-06T14:37:22Z,45.47515000,7.73040000,1286.00,40.211
14197,3,6340,11236.310749891654,7172.880933408011,2020-08-06T14:37:23Z,45.47506667,7.73036667,1282.00,40.202
14198,3,6341,11237.310749891654,7173.880933408011,2020-08-06T14:37:24Z,45.47500000,7.73031667,1272.00,40.194
14199,3,6342,11238.310749891654,7174.880933408011,2020-08-06T14:37:25Z,45.47493333,7.73026667,1283.00,40.185
14200,3,6343,11239.310749891654,7175.880933408011,2020-08-06T14:37:26Z,45.47486667,7.73023333,1277.00,40.178
14201,3,6344,11240.310749891654,7176.880933408011,2020-08-06T14:37:27Z,45.47478333,7.73021667,1279.00,40.169
14202,3,6345,11241.310749891654,7177.880933408011,2020-08-06T14:37:28Z,45.47468333,7.73021667,1271.00,40.16
14203,3,6346,11242.310749891654,7178.880933408011,2020-08-06T14:37:29Z,45.47460000,7.73021667,1286.00,40.153
14204,3,6347,11243.310749891654,7179.880933408011,2020-08-06T14:37:30Z,45.47451667,7.73021667,1282.00,40.145
14205,3,6348,11244.310749891654,7180.880933408011,2020-08-06T14:37:31Z,45.47443333,7.73020000,1273.00,40.137
14206,3,6349,11245.310749891654,7181.880933408011,2020-08-06T14:37:32Z,45.47436667,7.73015000,1276.00,40.129
14207,3,6350,11246.310749891654,7182.880933408011,2020-08-06T14:37:33Z,45.47428333,7.73010000,1278.00,40.119
14208,3,6351,11247.310749891654,7183.880933408011,2020-08-06T14:37:34Z,45.47420000,7.73005000,1272.00,40.109
14209,3,6352,11248.310749891654,7184.880933408011,2020-08-06T14:37:35Z,45.47411667,7.73001667,1276.00,40.1
14210,3,6353,11249.310749891654,7185.880933408011,2020-08-06T14:37:36Z,45.47405000,7.72998333,1275.00,40.093
14211,3,6354,11250.310749891654,7186.880933408011,2020-08-06T14:37:37Z,45.47396667,7.72996667,1277.00,40.084
14212,3,6355,11251.310749891654,7187.880933408011,2020-08-06T14:37:38Z,45.47390000,7.72996667,1277.00,40.078
14213,3,6356,11252.310749891654,7188.880933408011,2020-08-06T14:37:39Z,45.47383333,7.72996667,1260.00,40.072
14214,3,6357,11253.310749891654,7189.880933408011,2020-08-06T14:37:40Z,45.47375000,7.72995000,1273.00,40.064
14215,3,6358,11254.310749891654,7190.880933408011,2020-08-06T14:37:41Z,45.47366667,7.72990000,1274.00,40.054
14216,3,6359,11255.310749891654,7191.880933408011,2020-08-06T14:37:42Z,45.47361667,7.72980000,1286.00,40.045
14217,3,6360,11256.310749891654,7192.880933408011,2020-08-06T14:37:43Z,45.47358333,7.72966667,1273.00,40.036
14218,3,6361,11257.310749891654,7193.880933408011,2020-08-06T14:37:44Z,45.47358333,7.72951667,1274.00,40.029
14219,3,6362,11258.310749891654,7194.880933408011,2020-08-06T14:37:45Z,45.47361667,7.72938333,1285.00,40.026
14220,3,6363,11259.310749891654,7195.880933408011,2020-08-06T14:37:46Z,45.47366667,7.72926667,1276.00,40.025
14221,3,6364,11260.310749891654,7196.880933408011,2020-08-06T14:37:47Z,45.47375000,7.72920000,1283.00,40.03
14222,3,6365,11261.310749891654,7197.880933408011,2020-08-06T14:37:48Z,45.47381667,7.72913333,1281.00,40.033
14223,3,6366,11262.310749891654,7198.880933408011,2020-08-06T14:37:49Z,45.47391667,7.72911667,1266.00,40.041
14224,3,6367,11263.310749891654,7199.880933408011,2020-08-06T14:37:50Z,45.47401667,7.72913333,1290.00,40.051
14225,3,6368,11264.310749891654,7200.880933408011,2020-08-06T14:37:51Z,45.47411667,7.72918333,1284.00,40.062
14226,3,6369,11265.310749891654,7201.880933408011,2020-08-06T14:37:52Z,45.47418333,7.72925000,1288.00,40.071
14227,3,6370,11266.310749891654,7202.880933408011,2020-08-06T14:37:53Z,45.47425000,7.72935000,1290.00,40.082
14228,3,6371,11267.310749891654,7203.880933408011,2020-08-06T14:37:54Z,45.47428333,7.72946667,1293.00,40.09
14229,3,6372,11268.310749891654,7204.880933408011,2020-08-06T14:37:55Z,45.47430000,7.72960000,1285.00,40.098
14230,3,6373,11269.310749891654,7205.880933408011,2020-08-06T14:37:56Z,45.47426667,7.72971667,1291.00,40.1
14231,3,6374,11270.310749891654,7206.880933408011,2020-08-06T14:37:57Z,45.47423333,7.72981667,1292.00,40.102
14232,3,6375,11271.310749891654,7207.880933408011,2020-08-06T14:37:58Z,45.47416667,7.72988333,1281.00,40.099
14233,3,6376,11272.310749891654,7208.880933408011,2020-08-06T14:37:59Z,45.47408333,7.72991667,1299.00,40.093
14234,3,6377,11273.310749891654,7209.880933408011,2020-08-06T14:38:00Z,45.47400000,7.72991667,1286.00,40.085
14235,3,6378,11274.310749891654,7210.880933408011,2020-08-06T14:38:01Z,45.47393333,7.72986667,1295.00,40.077
14236,3,6379,11275.310749891654,7211.880933408011,2020-08-06T14:38:02Z,45.47386667,7.72980000,1291.00,40.068
14237,3,6380,11276.310749891654,7212.880933408011,2020-08-06T14:38:03Z,45.47381667,7.72970000,1293.00,40.059
14238,3,6381,11277.310749891654,7213.880933408011,2020-08-06T14:38:04Z,45.47380000,7.72958333,1298.00,40.052
14239,3,6382,11278.310749891654,7214.880933408011,2020-08-06T14:38:05Z,45.47380000,7.72946667,1292.00,40.047
14240,3,6383,11279.310749891654,7215.880933408011,2020-08-06T14:38:06Z,45.47383333,7.72935000,1283.00,40.044
14241,3,6384,11280.310749891654,7216.880933408011,2020-08-06T14:38:07Z,45.47390000,7.72925000,1297.00,40.046
14242,3,6385,11281.310749891654,7217.880933408011,2020-08-06T14:38:08Z,45.47396667,7.72915000,1293.00,40.047
14243,3,6386,11282.310749891654,7218.880933408011,2020-08-06T14:38:09Z,45.47406667,7.72910000,1297.00,40.054
14244,3,6387,11283.310749891654,7219.880933408011,2020-08-06T14:38:10Z,45.47415000,7.72908333,1297.00,40.061
14245,3,6388,11284.310749891654,7220.880933408011,2020-08-06T14:38:11Z,45.47425000,7.72911667,1300.00,40.071
14246,3,6389,11285.310749891654,7221.880933408011,2020-08-06T14:38:12Z,45.47435000,7.72918333,1303.00,40.083
14247,3,6390,11286.310749891654,7222.880933408011,2020-08-06T14:38:13Z,45.47441667,7.72926667,1298.00,40.093
14248,3,6391,11287.310749891654,7223.880933408011,2020-08-06T14:38:14Z,45.47446667,7.72936667,1301.00,40.102
14249,3,6392,11288.310749891654,7224.880933408011,2020-08-06T14:38:15Z,45.47450000,7.72950000,1303.00,40.111
14250,3,6393,11289.310749891654,7225.880933408011,2020-08-06T14:38:16Z,45.47448333,7.72961667,1303.00,40.115
14251,3,6394,11290.310749891654,7226.880933408011,2020-08-06T14:38:17Z,45.47445000,7.72973333,1306.00,40.117
14252,3,6395,11291.310749891654,7227.880933408011,2020-08-06T14:38:18Z,45.47438333,7.72981667,1309.00,40.115
14253,3,6396,11292.310749891654,7228.880933408011,2020-08-06T14:38:19Z,45.47430000,7.72985000,1308.00,40.109
14254,3,6397,11293.310749891654,7229.880933408011,2020-08-06T14:38:20Z,45.47423333,7.72986667,1306.00,40.104
14255,3,6398,11294.310749891654,7230.880933408011,2020-08-06T14:38:21Z,45.47416667,7.72981667,1305.00,40.096
14256,3,6399,11295.310749891654,7231.880933408011,2020-08-06T14:38:22Z,45.47411667,7.72973333,1314.00,40.087
14257,3,6400,11296.310749891654,7232.880933408011,2020-08-06T14:38:23Z,45.47408333,7.72963333,1313.00,40.08
14258,3,6401,11297.310749891654,7233.880933408011,2020-08-06T14:38:24Z,45.47410000,7.72950000,1309.00,40.075
14259,3,6402,11298.310749891654,7234.880933408011,2020-08-06T14:38:25Z,45.47411667,7.72936667,1303.00,40.071
14260,3,6403,11299.310749891654,7235.880933408011,2020-08-06T14:38:26Z,45.47416667,7.72925000,1305.00,40.07
14261,3,6404,11300.310749891654,7236.880933408011,2020-08-06T14:38:27Z,45.47421667,7.72915000,1309.00,40.07
14262,3,6405,11301.310749891654,7237.880933408011,2020-08-06T14:38:28Z,45.47428333,7.72908333,1306.00,40.073
14263,3,6406,11302.310749891654,7238.880933408011,2020-08-06T14:38:29Z,45.47436667,7.72900000,1316.00,40.077
14264,3,6407,11303.310749891654,7239.880933408011,2020-08-06T14:38:30Z,45.47445000,7.72895000,1304.00,40.082
14265,3,6408,11304.310749891654,7240.880933408011,2020-08-06T14:38:31Z,45.47455000,7.72891667,1315.00,40.09
14266,3,6409,11305.310749891654,7241.880933408011,2020-08-06T14:38:32Z,45.47466667,7.72890000,1303.00,40.099
14267,3,6410,11306.310749891654,7242.880933408011,2020-08-06T14:38:33Z,45.47476667,7.72893333,1318.00,40.11
14268,3,6411,11307.310749891654,7243.880933408011,2020-08-06T14:38:34Z,45.47485000,7.72900000,1314.00,40.12
14269,3,6412,11308.310749891654,7244.880933408011,2020-08-06T14:38:35Z,45.47490000,7.72911667,1323.00,40.13
14270,3,6413,11309.310749891654,7245.880933408011,2020-08-06T14:38:36Z,45.47493333,7.72925000,1320.00,40.139
14271,3,6414,11310.310749891654,7246.880933408011,2020-08-06T14:38:37Z,45.47495000,7.72941667,1323.00,40.148
14272,3,6415,11311.310749891654,7247.880933408011,2020-08-06T14:38:38Z,45.47491667,7.72955000,1329.00,40.151
14273,3,6416,11312.310749891654,7248.880933408011,2020-08-06T14:38:39Z,45.47486667,7.72965000,1323.00,40.151
14274,3,6417,11313.310749891654,7249.880933408011,2020-08-06T14:38:40Z,45.47478333,7.72970000,1320.00,40.146
14275,3,6418,11314.310749891654,7250.880933408011,2020-08-06T14:38:41Z,45.47470000,7.72968333,1329.00,40.138
14276,3,6419,11315.310749891654,7251.880933408011,2020-08-06T14:38:42Z,45.47463333,7.72961667,1332.00,40.129
14277,3,6420,11316.310749891654,7252.880933408011,2020-08-06T14:38:43Z,45.47458333,7.72951667,1328.00,40.12
14278,3,6421,11317.310749891654,7253.880933408011,2020-08-06T14:38:44Z,45.47456667,7.72940000,1329.00,40.113
14279,3,6422,11318.310749891654,7254.880933408011,2020-08-06T14:38:45Z,45.47458333,7.72928333,1330.00,40.109
14280,3,6423,11319.310749891654,7255.880933408011,2020-08-06T14:38:46Z,45.47461667,7.72916667,1334.00,40.107
14281,3,6424,11320.310749891654,7256.880933408011,2020-08-06T14:38:47Z,45.47466667,7.72906667,1335.00,40.107
14282,3,6425,11321.310749891654,7257.880933408011,2020-08-06T14:38:48Z,45.47475000,7.72898333,1336.00,40.111
14283,3,6426,11322.310749891654,7258.880933408011,2020-08-06T14:38:49Z,45.47485000,7.72891667,1336.00,40.117
14284,3,6427,11323.310749891654,7259.880933408011,2020-08-06T14:38:50Z,45.47496667,7.72890000,1346.00,40.127
14285,3,6428,11324.310749891654,7260.880933408011,2020-08-06T14:38:51Z,45.47508333,7.72891667,1331.00,40.138
14286,3,6429,11325.310749891654,7261.880933408011,2020-08-06T14:38:52Z,45.47518333,7.72891667,1343.00,40.147
14287,3,6430,11326.310749891654,7262.880933408011,2020-08-06T14:38:53Z,45.47528333,7.72891667,1346.00,40.156
14288,3,6431,11327.310749891654,7263.880933408011,2020-08-06T14:38:54Z,45.47536667,7.72888333,1330.00,40.162
14289,3,6432,11328.310749891654,7264.880933408011,2020-08-06T14:38:55Z,45.47545000,7.72886667,1345.00,40.169
14290,3,6433,11329.310749891654,7265.880933408011,2020-08-06T14:38:56Z,45.47555000,7.72888333,1347.00,40.179
14291,3,6434,11330.310749891654,7266.880933408011,2020-08-06T14:38:57Z,45.47563333,7.72895000,1347.00,40.189
14292,3,6435,11331.310749891654,7267.880933408011,2020-08-06T14:38:58Z,45.47570000,7.72908333,1343.00,40.201
14293,3,6436,11332.310749891654,7268.880933408011,2020-08-06T14:38:59Z,45.47575000,7.72923333,1346.00,40.213
14294,3,6437,11333.310749891654,7269.880933408011,2020-08-06T14:39:00Z,45.47575000,7.72938333,1350.00,40.219
14295,3,6438,11334.310749891654,7270.880933408011,2020-08-06T14:39:01Z,45.47570000,7.72951667,1339.00,40.221
14296,3,6439,11335.310749891654,7271.880933408011,2020-08-06T14:39:02Z,45.47563333,7.72961667,1345.00,40.219
14297,3,6440,11336.310749891654,7272.880933408011,2020-08-06T14:39:03Z,45.47555000,7.72968333,1349.00,40.215
14298,3,6441,11337.310749891654,7273.880933408011,2020-08-06T14:39:04Z,45.47545000,7.72971667,1357.00,40.207
14299,3,6442,11338.310749891654,7274.880933408011,2020-08-06T14:39:05Z,45.47538333,7.72970000,1326.00,40.2
14300,3,6443,11339.310749891654,7275.880933408011,2020-08-06T14:39:06Z,45.47531667,7.72965000,1348.00,40.192
14301,3,6444,11340.310749891654,7276.880933408011,2020-08-06T14:39:07Z,45.47525000,7.72958333,1351.00,40.183
14302,3,6445,11341.310749891654,7277.880933408011,2020-08-06T14:39:08Z,45.47521667,7.72948333,1351.00,40.176
14303,3,6446,11342.310749891654,7278.880933408011,2020-08-06T14:39:09Z,45.47516667,7.72936667,1350.00,40.166
14304,3,6447,11343.310749891654,7279.880933408011,2020-08-06T14:39:10Z,45.47515000,7.72925000,1354.00,40.159
14305,3,6448,11344.310749891654,7280.880933408011,2020-08-06T14:39:11Z,45.47515000,7.72911667,1345.00,40.153
14306,3,6449,11345.310749891654,7281.880933408011,2020-08-06T14:39:12Z,45.47516667,7.72898333,1347.00,40.148
14307,3,6450,11346.310749891654,7282.880933408011,2020-08-06T14:39:13Z,45.47520000,7.72886667,1357.00,40.146
14308,3,6451,11347.310749891654,7283.880933408011,2020-08-06T14:39:14Z,45.47525000,7.72876667,1352.00,40.146
14309,3,6452,11348.310749891654,7284.880933408011,2020-08-06T14:39:15Z,45.47530000,7.72866667,1343.00,40.146
14310,3,6453,11349.310749891654,7285.880933408011,2020-08-06T14:39:16Z,45.47536667,7.72856667,1364.00,40.148
14311,3,6454,11350.310749891654,7286.880933408011,2020-08-06T14:39:17Z,45.47543333,7.72848333,1354.00,40.15
14312,3,6455,11351.310749891654,7287.880933408011,2020-08-06T14:39:18Z,45.47551667,7.72841667,1355.00,40.155
14313,3,6456,11352.310749891654,7288.880933408011,2020-08-06T14:39:19Z,45.47560000,7.72838333,1356.00,40.161
14314,3,6457,11353.310749891654,7289.880933408011,2020-08-06T14:39:20Z,45.47568333,7.72838333,1367.00,40.168
14315,3,6458,11354.310749891654,7290.880933408011,2020-08-06T14:39:21Z,45.47576667,7.72843333,1369.00,40.178
14316,3,6459,11355.310749891654,7291.880933408011,2020-08-06T14:39:22Z,45.47585000,7.72850000,1368.00,40.189
14317,3,6460,11356.310749891654,7292.880933408011,2020-08-06T14:39:23Z,45.47591667,7.72858333,1356.00,40.199
14318,3,6461,11357.310749891654,7293.880933408011,2020-08-06T14:39:24Z,45.47596667,7.72870000,1365.00,40.208
14319,3,6462,11358.310749891654,7294.880933408011,2020-08-06T14:39:25Z,45.47600000,7.72883333,1363.00,40.217
14320,3,6463,11359.310749891654,7295.880933408011,2020-08-06T14:39:26Z,45.47598333,7.72895000,1366.00,40.221
14321,3,6464,11360.310749891654,7296.880933408011,2020-08-06T14:39:27Z,45.47593333,7.72906667,1366.00,40.222
14322,3,6465,11361.310749891654,7297.880933408011,2020-08-06T14:39:28Z,45.47588333,7.72915000,1357.00,40.221
14323,3,6466,11362.310749891654,7298.880933408011,2020-08-06T14:39:29Z,45.47580000,7.72918333,1365.00,40.215
14324,3,6467,11363.310749891654,7299.880933408011,2020-08-06T14:39:30Z,45.47573333,7.72916667,1373.00,40.208
14325,3,6468,11364.310749891654,7300.880933408011,2020-08-06T14:39:31Z,45.47568333,7.72913333,1371.00,40.202
14326,3,6469,11365.310749891654,7301.880933408011,2020-08-06T14:39:32Z,45.47561667,7.72906667,1372.00,40.193
14327,3,6470,11366.310749891654,7302.880933408011,2020-08-06T14:39:33Z,45.47556667,7.72898333,1369.00,40.185
14328,3,6471,11367.310749891654,7303.880933408011,2020-08-06T14:39:34Z,45.47553333,7.72888333,1374.00,40.177
14329,3,6472,11368.310749891654,7304.880933408011,2020-08-06T14:39:35Z,45.47551667,7.72875000,1371.00,40.17
14330,3,6473,11369.310749891654,7305.880933408011,2020-08-06T14:39:36Z,45.47553333,7.72861667,1368.00,40.165
14331,3,6474,11370.310749891654,7306.880933408011,2020-08-06T14:39:37Z,45.47556667,7.72848333,1377.00,40.162
14332,3,6475,11371.310749891654,7307.880933408011,2020-08-06T14:39:38Z,45.47561667,7.72833333,1376.00,40.16
14333,3,6476,11372.310749891654,7308.880933408011,2020-08-06T14:39:39Z,45.47565000,7.72820000,1377.00,40.157
14334,3,6477,11373.310749891654,7309.880933408011,2020-08-06T14:39:40Z,45.47570000,7.72808333,1369.00,40.157
14335,3,6478,11374.310749891654,7310.880933408011,2020-08-06T14:39:41Z,45.47576667,7.72796667,1368.00,40.157
14336,3,6479,11375.310749891654,7311.880933408011,2020-08-06T14:39:42Z,45.47581667,7.72785000,1378.00,40.157
14337,3,6480,11376.310749891654,7312.880933408011,2020-08-06T14:39:43Z,45.47588333,7.72773333,1388.00,40.158
14338,3,6481,11377.310749891654,7313.880933408011,2020-08-06T14:39:44Z,45.47593333,7.72761667,1366.00,40.157
14339,3,6482,11378.310749891654,7314.880933408011,2020-08-06T14:39:45Z,45.47598333,7.72753333,1379.00,40.158
14340,3,6483,11379.310749891654,7315.880933408011,2020-08-06T14:39:46Z,45.47606667,7.72748333,1380.00,40.163
14341,3,6484,11380.310749891654,7316.880933408011,2020-08-06T14:39:47Z,45.47616667,7.72746667,1376.00,40.172
14342,3,6485,11381.310749891654,7317.880933408011,2020-08-06T14:39:48Z,45.47625000,7.72751667,1396.00,40.181
14343,3,6486,11382.310749891654,7318.880933408011,2020-08-06T14:39:49Z,45.47635000,7.72760000,1390.00,40.194
14344,3,6487,11383.310749891654,7319.880933408011,2020-08-06T14:39:50Z,45.47640000,7.72773333,1386.00,40.205
14345,3,6488,11384.310749891654,7320.880933408011,2020-08-06T14:39:51Z,45.47643333,7.72785000,1389.00,40.213
14346,3,6489,11385.310749891654,7321.880933408011,2020-08-06T14:39:52Z,45.47643333,7.72798333,1384.00,40.219
14347,3,6490,11386.310749891654,7322.880933408011,2020-08-06T14:39:53Z,45.47640000,7.72810000,1403.00,40.221
14348,3,6491,11387.310749891654,7323.880933408011,2020-08-06T14:39:54Z,45.47635000,7.72821667,1390.00,40.222
14349,3,6492,11388.310749891654,7324.880933408011,2020-08-06T14:39:55Z,45.47626667,7.72830000,1397.00,40.218
14350,3,6493,11389.310749891654,7325.880933408011,2020-08-06T14:39:56Z,45.47618333,7.72833333,1390.00,40.212
14351,3,6494,11390.310749891654,7326.880933408011,2020-08-06T14:39:57Z,45.47611667,7.72830000,1398.00,40.204
14352,3,6495,11391.310749891654,7327.880933408011,2020-08-06T14:39:58Z,45.47605000,7.72821667,1403.00,40.194
14353,3,6496,11392.310749891654,7328.880933408011,2020-08-06T14:39:59Z,45.47600000,7.72810000,1410.00,40.185
14354,3,6497,11393.310749891654,7329.880933408011,2020-08-06T14:40:00Z,45.47598333,7.72796667,1404.00,40.177
14355,3,6498,11394.310749891654,7330.880933408011,2020-08-06T14:40:01Z,45.47601667,7.72783333,1405.00,40.174
14356,3,6499,11395.310749891654,7331.880933408011,2020-08-06T14:40:02Z,45.47606667,7.72770000,1415.00,40.173
14357,3,6500,11396.310749891654,7332.880933408011,2020-08-06T14:40:03Z,45.47611667,7.72758333,1410.00,40.172
14358,3,6501,11397.310749891654,7333.880933408011,2020-08-06T14:40:04Z,45.47620000,7.72750000,1403.00,40.176
14359,3,6502,11398.310749891654,7334.880933408011,2020-08-06T14:40:05Z,45.47628333,7.72743333,1416.00,40.181
14360,3,6503,11399.310749891654,7335.880933408011,2020-08-06T14:40:06Z,45.47636667,7.72738333,1415.00,40.186
14361,3,6504,11400.310749891654,7336.880933408011,2020-08-06T14:40:07Z,45.47645000,7.72735000,1420.00,40.192
14362,3,6505,11401.310749891654,7337.880933408011,2020-08-06T14:40:08Z,45.47653333,7.72735000,1411.00,40.2
14363,3,6506,11402.310749891654,7338.880933408011,2020-08-06T14:40:09Z,45.47663333,7.72736667,1435.00,40.21
14364,3,6507,11403.310749891654,7339.880933408011,2020-08-06T14:40:10Z,45.47671667,7.72741667,1414.00,40.22
14365,3,6508,11404.310749891654,7340.880933408011,2020-08-06T14:40:11Z,45.47681667,7.72746667,1412.00,40.231
14366,3,6509,11405.310749891654,7341.880933408011,2020-08-06T14:40:12Z,45.47690000,7.72755000,1423.00,40.242
14367,3,6510,11406.310749891654,7342.880933408011,2020-08-06T14:40:13Z,45.47698333,7.72763333,1414.00,40.254
14368,3,6511,11407.310749891654,7343.880933408011,2020-08-06T14:40:14Z,45.47706667,7.72773333,1424.00,40.266
14369,3,6512,11408.310749891654,7344.880933408011,2020-08-06T14:40:15Z,45.47711667,7.72786667,1411.00,40.276
14370,3,6513,11409.310749891654,7345.880933408011,2020-08-06T14:40:16Z,45.47715000,7.72800000,1421.00,40.285
14371,3,6514,11410.310749891654,7346.880933408011,2020-08-06T14:40:17Z,45.47713333,7.72813333,1421.00,40.289
14372,3,6515,11411.310749891654,7347.880933408011,2020-08-06T14:40:18Z,45.47710000,7.72823333,1419.00,40.291
14373,3,6516,11412.310749891654,7348.880933408011,2020-08-06T14:40:19Z,45.47705000,7.72833333,1431.00,40.291
14374,3,6517,11413.310749891654,7349.880933408011,2020-08-06T14:40:20Z,45.47698333,7.72843333,1442.00,40.289
14375,3,6518,11414.310749891654,7350.880933408011,2020-08-06T14:40:21Z,45.47691667,7.72850000,1421.00,40.286
14376,3,6519,11415.310749891654,7351.880933408011,2020-08-06T14:40:22Z,45.47685000,7.72851667,1421.00,40.281
14377,3,6520,11416.310749891654,7352.880933408011,2020-08-06T14:40:23Z,45.47676667,7.72851667,1441.00,40.273
14378,3,6521,11417.310749891654,7353.880933408011,2020-08-06T14:40:24Z,45.47671667,7.72845000,1422.00,40.266
14379,3,6522,11418.310749891654,7354.880933408011,2020-08-06T14:40:25Z,45.47666667,7.72836667,1436.00,40.257
14380,3,6523,11419.310749891654,7355.880933408011,2020-08-06T14:40:26Z,45.47665000,7.72823333,1441.00,40.25
14381,3,6524,11420.310749891654,7356.880933408011,2020-08-06T14:40:27Z,45.47665000,7.72811667,1434.00,40.245
14382,3,6525,11421.310749891654,7357.880933408011,2020-08-06T14:40:28Z,45.47668333,7.72798333,1436.00,40.242
14383,3,6526,11422.310749891654,7358.880933408011,2020-08-06T14:40:29Z,45.47675000,7.72788333,1439.00,40.243
14384,3,6527,11423.310749891654,7359.880933408011,2020-08-06T14:40:30Z,45.47681667,7.72776667,1437.00,40.244
14385,3,6528,11424.310749891654,7360.880933408011,2020-08-06T14:40:31Z,45.47690000,7.72768333,1440.00,40.248
14386,3,6529,11425.310749891654,7361.880933408011,2020-08-06T14:40:32Z,45.47698333,7.72760000,1443.00,40.252
14387,3,6530,11426.310749891654,7362.880933408011,2020-08-06T14:40:33Z,45.47708333,7.72753333,1438.00,40.258
14388,3,6531,11427.310749891654,7363.880933408011,2020-08-06T14:40:34Z,45.47716667,7.72748333,1445.00,40.264
14389,3,6532,11428.310749891654,7364.880933408011,2020-08-06T14:40:35Z,45.47726667,7.72743333,1444.00,40.271
14390,3,6533,11429.310749891654,7365.880933408011,2020-08-06T14:40:36Z,45.47738333,7.72740000,1445.00,40.28
14391,3,6534,11430.310749891654,7366.880933408011,2020-08-06T14:40:37Z,45.47750000,7.72738333,1444.00,40.29
14392,3,6535,11431.310749891654,7367.880933408011,2020-08-06T14:40:38Z,45.47760000,7.72740000,1447.00,40.3
14393,3,6536,11432.310749891654,7368.880933408011,2020-08-06T14:40:39Z,45.47770000,7.72743333,1454.00,40.31
14394,3,6537,11433.310749891654,7369.880933408011,2020-08-06T14:40:40Z,45.47778333,7.72746667,1448.00,40.319
14395,3,6538,11434.310749891654,7370.880933408011,2020-08-06T14:40:41Z,45.47788333,7.72751667,1445.00,40.331
14396,3,6539,11435.310749891654,7371.880933408011,2020-08-06T14:40:42Z,45.47796667,7.72756667,1458.00,40.341
14397,3,6540,11436.310749891654,7372.880933408011,2020-08-06T14:40:43Z,45.47805000,7.72766667,1427.00,40.353
14398,3,6541,11437.310749891654,7373.880933408011,2020-08-06T14:40:44Z,45.47811667,7.72778333,1462.00,40.364
14399,3,6542,11438.310749891654,7374.880933408011,2020-08-06T14:40:45Z,45.47816667,7.72791667,1458.00,40.374
14400,3,6543,11439.310749891654,7375.880933408011,2020-08-06T14:40:46Z,45.47818333,7.72803333,1450.00,40.381
14401,3,6544,11440.310749891654,7376.880933408011,2020-08-06T14:40:47Z,45.47815000,7.72813333,1458.00,40.382
14402,3,6545,11441.310749891654,7377.880933408011,2020-08-06T14:40:48Z,45.47810000,7.72823333,1456.00,40.382
14403,3,6546,11442.310749891654,7378.880933408011,2020-08-06T14:40:49Z,45.47803333,7.72830000,1465.00,40.379
14404,3,6547,11443.310749891654,7379.880933408011,2020-08-06T14:40:50Z,45.47796667,7.72831667,1462.00,40.374
14405,3,6548,11444.310749891654,7380.880933408011,2020-08-06T14:40:51Z,45.47790000,7.72831667,1458.00,40.368
14406,3,6549,11445.310749891654,7381.880933408011,2020-08-06T14:40:52Z,45.47785000,7.72825000,1454.00,40.36
14407,3,6550,11446.310749891654,7382.880933408011,2020-08-06T14:40:53Z,45.47783333,7.72815000,1455.00,40.354
14408,3,6551,11447.310749891654,7383.880933408011,2020-08-06T14:40:54Z,45.47783333,7.72803333,1475.00,40.349
14409,3,6552,11448.310749891654,7384.880933408011,2020-08-06T14:40:55Z,45.47785000,7.72791667,1471.00,40.345
14410,3,6553,11449.310749891654,7385.880933408011,2020-08-06T14:40:56Z,45.47788333,7.72781667,1462.00,40.344
14411,3,6554,11450.310749891654,7386.880933408011,2020-08-06T14:40:57Z,45.47796667,7.72773333,1469.00,40.348
14412,3,6555,11451.310749891654,7387.880933408011,2020-08-06T14:40:58Z,45.47805000,7.72766667,1466.00,40.353
14413,3,6556,11452.310749891654,7388.880933408011,2020-08-06T14:40:59Z,45.47815000,7.72761667,1476.00,40.36
14414,3,6557,11453.310749891654,7389.880933408011,2020-08-06T14:41:00Z,45.47825000,7.72758333,1474.00,40.367
14415,3,6558,11454.310749891654,7390.880933408011,2020-08-06T14:41:01Z,45.47835000,7.72760000,1469.00,40.377
14416,3,6559,11455.310749891654,7391.880933408011,2020-08-06T14:41:02Z,45.47845000,7.72763333,1482.00,40.388
14417,3,6560,11456.310749891654,7392.880933408011,2020-08-06T14:41:03Z,45.47855000,7.72770000,1474.00,40.4
14418,3,6561,11457.310749891654,7393.880933408011,2020-08-06T14:41:04Z,45.47865000,7.72776667,1479.00,40.412
14419,3,6562,11458.310749891654,7394.880933408011,2020-08-06T14:41:05Z,45.47875000,7.72783333,1478.00,40.424
14420,3,6563,11459.310749891654,7395.880933408011,2020-08-06T14:41:06Z,45.47885000,7.72788333,1475.00,40.435
14421,3,6564,11460.310749891654,7396.880933408011,2020-08-06T14:41:07Z,45.47895000,7.72795000,1478.00,40.448
14422,3,6565,11461.310749891654,7397.880933408011,2020-08-06T14:41:08Z,45.47903333,7.72803333,1476.00,40.459
14423,3,6566,11462.310749891654,7398.880933408011,2020-08-06T14:41:09Z,45.47910000,7.72815000,1479.00,40.47
14424,3,6567,11463.310749891654,7399.880933408011,2020-08-06T14:41:10Z,45.47913333,7.72828333,1487.00,40.479
14425,3,6568,11464.310749891654,7400.880933408011,2020-08-06T14:41:11Z,45.47915000,7.72840000,1482.00,40.486
14426,3,6569,11465.310749891654,7401.880933408011,2020-08-06T14:41:12Z,45.47913333,7.72853333,1490.00,40.49
14427,3,6570,11466.310749891654,7402.880933408011,2020-08-06T14:41:13Z,45.47908333,7.72861667,1490.00,40.489
14428,3,6571,11467.310749891654,7403.880933408011,2020-08-06T14:41:14Z,45.47903333,7.72870000,1491.00,40.488
14429,3,6572,11468.310749891654,7404.880933408011,2020-08-06T14:41:15Z,45.47898333,7.72873333,1491.00,40.485
14430,3,6573,11469.310749891654,7405.880933408011,2020-08-06T14:41:16Z,45.47890000,7.72875000,1487.00,40.478
14431,3,6574,11470.310749891654,7406.880933408011,2020-08-06T14:41:17Z,45.47883333,7.72871667,1489.00,40.471
14432,3,6575,11471.310749891654,7407.880933408011,2020-08-06T14:41:18Z,45.47878333,7.72863333,1500.00,40.463
14433,3,6576,11472.310749891654,7408.880933408011,2020-08-06T14:41:19Z,45.47876667,7.72853333,1489.00,40.457
14434,3,6577,11473.310749891654,7409.880933408011,2020-08-06T14:41:20Z,45.47878333,7.72840000,1492.00,40.452
14435,3,6578,11474.310749891654,7410.880933408011,2020-08-06T14:41:21Z,45.47881667,7.72828333,1501.00,40.45
14436,3,6579,11475.310749891654,7411.880933408011,2020-08-06T14:41:22Z,45.47888333,7.72816667,1491.00,40.451
14437,3,6580,11476.310749891654,7412.880933408011,2020-08-06T14:41:23Z,45.47895000,7.72806667,1505.00,40.453
14438,3,6581,11477.310749891654,7413.880933408011,2020-08-06T14:41:24Z,45.47901667,7.72795000,1494.00,40.454
14439,3,6582,11478.310749891654,7414.880933408011,2020-08-06T14:41:25Z,45.47906667,7.72785000,1501.00,40.454
14440,3,6583,11479.310749891654,7415.880933408011,2020-08-06T14:41:26Z,45.47913333,7.72775000,1499.00,40.456
14441,3,6584,11480.310749891654,7416.880933408011,2020-08-06T14:41:27Z,45.47920000,7.72765000,1496.00,40.457
14442,3,6585,11481.310749891654,7417.880933408011,2020-08-06T14:41:28Z,45.47926667,7.72755000,1506.00,40.459
14443,3,6586,11482.310749891654,7418.880933408011,2020-08-06T14:41:29Z,45.47935000,7.72746667,1494.00,40.463
14444,3,6587,11483.310749891654,7419.880933408011,2020-08-06T14:41:30Z,45.47945000,7.72741667,1499.00,40.47
14445,3,6588,11484.310749891654,7420.880933408011,2020-08-06T14:41:31Z,45.47956667,7.72738333,1514.00,40.479
14446,3,6589,11485.310749891654,7421.880933408011,2020-08-06T14:41:32Z,45.47968333,7.72738333,1505.00,40.49
14447,3,6590,11486.310749891654,7422.880933408011,2020-08-06T14:41:33Z,45.47980000,7.72743333,1505.00,40.503
14448,3,6591,11487.310749891654,7423.880933408011,2020-08-06T14:41:34Z,45.47988333,7.72753333,1511.00,40.515
14449,3,6592,11488.310749891654,7424.880933408011,2020-08-06T14:41:35Z,45.47996667,7.72765000,1512.00,40.528
14450,3,6593,11489.310749891654,7425.880933408011,2020-08-06T14:41:36Z,45.48000000,7.72778333,1507.00,40.537
14451,3,6594,11490.310749891654,7426.880933408011,2020-08-06T14:41:37Z,45.48001667,7.72791667,1510.00,40.544
14452,3,6595,11491.310749891654,7427.880933408011,2020-08-06T14:41:38Z,45.48001667,7.72805000,1518.00,40.55
14453,3,6596,11492.310749891654,7428.880933408011,2020-08-06T14:41:39Z,45.47998333,7.72815000,1517.00,40.551
14454,3,6597,11493.310749891654,7429.880933408011,2020-08-06T14:41:40Z,45.47993333,7.72823333,1512.00,40.55
14455,3,6598,11494.310749891654,7430.880933408011,2020-08-06T14:41:41Z,45.47986667,7.72828333,1520.00,40.546
14456,3,6599,11495.310749891654,7431.880933408011,2020-08-06T14:41:42Z,45.47978333,7.72826667,1519.00,40.538
14457,3,6600,11496.310749891654,7432.880933408011,2020-08-06T14:41:43Z,45.47971667,7.72820000,1528.00,40.529
14458,3,6601,11497.310749891654,7433.880933408011,2020-08-06T14:41:44Z,45.47966667,7.72810000,1527.00,40.52
14459,3,6602,11498.310749891654,7434.880933408011,2020-08-06T14:41:45Z,45.47965000,7.72795000,1518.00,40.512
14460,3,6603,11499.310749891654,7435.880933408011,2020-08-06T14:41:46Z,45.47968333,7.72781667,1514.00,40.509
14461,3,6604,11500.310749891654,7436.880933408011,2020-08-06T14:41:47Z,45.47973333,7.72770000,1523.00,40.509
14462,3,6605,11501.310749891654,7437.880933408011,2020-08-06T14:41:48Z,45.47980000,7.72758333,1531.00,40.51
14463,3,6606,11502.310749891654,7438.880933408011,2020-08-06T14:41:49Z,45.47990000,7.72750000,1534.00,40.515
14464,3,6607,11503.310749891654,7439.880933408011,2020-08-06T14:41:50Z,45.48000000,7.72745000,1522.00,40.522
14465,3,6608,11504.310749891654,7440.880933408011,2020-08-06T14:41:51Z,45.48011667,7.72743333,1537.00,40.532
14466,3,6609,11505.310749891654,7441.880933408011,2020-08-06T14:41:52Z,45.48023333,7.72745000,1529.00,40.544
14467,3,6610,11506.310749891654,7442.880933408011,2020-08-06T14:41:53Z,45.48035000,7.72751667,1528.00,40.557
14468,3,6611,11507.310749891654,7443.880933408011,2020-08-06T14:41:54Z,45.48043333,7.72761667,1535.00,40.569
14469,3,6612,11508.310749891654,7444.880933408011,2020-08-06T14:41:55Z,45.48048333,7.72775000,1537.00,40.58
14470,3,6613,11509.310749891654,7445.880933408011,2020-08-06T14:41:56Z,45.48050000,7.72790000,1541.00,40.588
14471,3,6614,11510.310749891654,7446.880933408011,2020-08-06T14:41:57Z,45.48050000,7.72803333,1542.00,40.594
14472,3,6615,11511.310749891654,7447.880933408011,2020-08-06T14:41:58Z,45.48048333,7.72815000,1537.00,40.597
14473,3,6616,11512.310749891654,7448.880933408011,2020-08-06T14:41:59Z,45.48043333,7.72825000,1548.00,40.597
14474,3,6617,11513.310749891654,7449.880933408011,2020-08-06T14:42:00Z,45.48040000,7.72831667,1521.00,40.597
14475,3,6618,11514.310749891654,7450.880933408011,2020-08-06T14:42:01Z,45.48035000,7.72838333,1549.00,40.595
14476,3,6619,11515.310749891654,7451.880933408011,2020-08-06T14:42:02Z,45.48028333,7.72845000,1535.00,40.592
14477,3,6620,11516.310749891654,7452.880933408011,2020-08-06T14:42:03Z,45.48023333,7.72848333,1538.00,40.589
14478,3,6621,11517.310749891654,7453.880933408011,2020-08-06T14:42:04Z,45.48015000,7.72846667,1540.00,40.58
14479,3,6622,11518.310749891654,7454.880933408011,2020-08-06T14:42:05Z,45.48008333,7.72841667,1547.00,40.572
14480,3,6623,11519.310749891654,7455.880933408011,2020-08-06T14:42:06Z,45.48001667,7.72833333,1547.00,40.562
14481,3,6624,11520.310749891654,7456.880933408011,2020-08-06T14:42:07Z,45.47998333,7.72823333,1548.00,40.555
14482,3,6625,11521.310749891654,7457.880933408011,2020-08-06T14:42:08Z,45.47998333,7.72813333,1551.00,40.551
14483,3,6626,11522.310749891654,7458.880933408011,2020-08-06T14:42:09Z,45.48001667,7.72801667,1545.00,40.548
14484,3,6627,11523.310749891654,7459.880933408011,2020-08-06T14:42:10Z,45.48008333,7.72790000,1550.00,40.549
14485,3,6628,11524.310749891654,7460.880933408011,2020-08-06T14:42:11Z,45.48016667,7.72781667,1554.00,40.553
14486,3,6629,11525.310749891654,7461.880933408011,2020-08-06T14:42:12Z,45.48025000,7.72773333,1550.00,40.557
14487,3,6630,11526.310749891654,7462.880933408011,2020-08-06T14:42:13Z,45.48036667,7.72766667,1554.00,40.565
14488,3,6631,11527.310749891654,7463.880933408011,2020-08-06T14:42:14Z,45.48046667,7.72763333,1550.00,40.573
14489,3,6632,11528.310749891654,7464.880933408011,2020-08-06T14:42:15Z,45.48056667,7.72763333,1549.00,40.582
14490,3,6633,11529.310749891654,7465.880933408011,2020-08-06T14:42:16Z,45.48066667,7.72765000,1563.00,40.592
14491,3,6634,11530.310749891654,7466.880933408011,2020-08-06T14:42:17Z,45.48078333,7.72768333,1557.00,40.604
14492,3,6635,11531.310749891654,7467.880933408011,2020-08-06T14:42:18Z,45.48090000,7.72776667,1555.00,40.619
14493,3,6636,11532.310749891654,7468.880933408011,2020-08-06T14:42:19Z,45.48098333,7.72786667,1554.00,40.631
14494,3,6637,11533.310749891654,7469.880933408011,2020-08-06T14:42:20Z,45.48105000,7.72796667,1561.00,40.641
14495,3,6638,11534.310749891654,7470.880933408011,2020-08-06T14:42:21Z,45.48110000,7.72808333,1558.00,40.651
14496,3,6639,11535.310749891654,7471.880933408011,2020-08-06T14:42:22Z,45.48113333,7.72821667,1568.00,40.66
14497,3,6640,11536.310749891654,7472.880933408011,2020-08-06T14:42:23Z,45.48115000,7.72835000,1560.00,40.667
14498,3,6641,11537.310749891654,7473.880933408011,2020-08-06T14:42:24Z,45.48115000,7.72846667,1557.00,40.672
14499,3,6642,11538.310749891654,7474.880933408011,2020-08-06T14:42:25Z,45.48113333,7.72858333,1558.00,40.676
14500,3,6643,11539.310749891654,7475.880933408011,2020-08-06T14:42:26Z,45.48108333,7.72868333,1563.00,40.676
14501,3,6644,11540.310749891654,7476.880933408011,2020-08-06T14:42:27Z,45.48101667,7.72873333,1565.00,40.672
14502,3,6645,11541.310749891654,7477.880933408011,2020-08-06T14:42:28Z,45.48093333,7.72876667,1561.00,40.666
14503,3,6646,11542.310749891654,7478.880933408011,2020-08-06T14:42:29Z,45.48086667,7.72875000,1562.00,40.659
14504,3,6647,11543.310749891654,7479.880933408011,2020-08-06T14:42:30Z,45.48080000,7.72868333,1562.00,40.65
14505,3,6648,11544.310749891654,7480.880933408011,2020-08-06T14:42:31Z,45.48073333,7.72861667,1561.00,40.641
14506,3,6649,11545.310749891654,7481.880933408011,2020-08-06T14:42:32Z,45.48070000,7.72853333,1561.00,40.634
14507,3,6650,11546.310749891654,7482.880933408011,2020-08-06T14:42:33Z,45.48065000,7.72845000,1571.00,40.626
14508,3,6651,11547.310749891654,7483.880933408011,2020-08-06T14:42:34Z,45.48065000,7.72833333,1554.00,40.621
14509,3,6652,11548.310749891654,7484.880933408011,2020-08-06T14:42:35Z,45.48066667,7.72821667,1563.00,40.617
14510,3,6653,11549.310749891654,7485.880933408011,2020-08-06T14:42:36Z,45.48071667,7.72810000,1562.00,40.616
14511,3,6654,11550.310749891654,7486.880933408011,2020-08-06T14:42:37Z,45.48081667,7.72800000,1561.00,40.621
14512,3,6655,11551.310749891654,7487.880933408011,2020-08-06T14:42:38Z,45.48091667,7.72793333,1566.00,40.628
14513,3,6656,11552.310749891654,7488.880933408011,2020-08-06T14:42:39Z,45.48103333,7.72788333,1565.00,40.636
14514,3,6657,11553.310749891654,7489.880933408011,2020-08-06T14:42:40Z,45.48113333,7.72788333,1570.00,40.645
14515,3,6658,11554.310749891654,7490.880933408011,2020-08-06T14:42:41Z,45.48125000,7.72788333,1572.00,40.656
14516,3,6659,11555.310749891654,7491.880933408011,2020-08-06T14:42:42Z,45.48135000,7.72793333,1573.00,40.667
14517,3,6660,11556.310749891654,7492.880933408011,2020-08-06T14:42:43Z,45.48143333,7.72798333,1559.00,40.677
14518,3,6661,11557.310749891654,7493.880933408011,2020-08-06T14:42:44Z,45.48153333,7.72806667,1570.00,40.69
14519,3,6662,11558.310749891654,7494.880933408011,2020-08-06T14:42:45Z,45.48160000,7.72816667,1572.00,40.701
14520,3,6663,11559.310749891654,7495.880933408011,2020-08-06T14:42:46Z,45.48168333,7.72826667,1572.00,40.713
14521,3,6664,11560.310749891654,7496.880933408011,2020-08-06T14:42:47Z,45.48173333,7.72840000,1557.00,40.723
14522,3,6665,11561.310749891654,7497.880933408011,2020-08-06T14:42:48Z,45.48175000,7.72853333,1570.00,40.731
14523,3,6666,11562.310749891654,7498.880933408011,2020-08-06T14:42:49Z,45.48175000,7.72866667,1572.00,40.736
14524,3,6667,11563.310749891654,7499.880933408011,2020-08-06T14:42:50Z,45.48171667,7.72880000,1566.00,40.739
14525,3,6668,11564.310749891654,7500.880933408011,2020-08-06T14:42:51Z,45.48166667,7.72888333,1572.00,40.738
14526,3,6669,11565.310749891654,7501.880933408011,2020-08-06T14:42:52Z,45.48161667,7.72895000,1565.00,40.736
14527,3,6670,11566.310749891654,7502.880933408011,2020-08-06T14:42:53Z,45.48153333,7.72898333,1573.00,40.73
14528,3,6671,11567.310749891654,7503.880933408011,2020-08-06T14:42:54Z,45.48146667,7.72898333,1571.00,40.724
14529,3,6672,11568.310749891654,7504.880933408011,2020-08-06T14:42:55Z,45.48140000,7.72896667,1568.00,40.717
14530,3,6673,11569.310749891654,7505.880933408011,2020-08-06T14:42:56Z,45.48133333,7.72893333,1564.00,40.71
14531,3,6674,11570.310749891654,7506.880933408011,2020-08-06T14:42:57Z,45.48128333,7.72888333,1565.00,40.703
14532,3,6675,11571.310749891654,7507.880933408011,2020-08-06T14:42:58Z,45.48123333,7.72880000,1576.00,40.695
14533,3,6676,11572.310749891654,7508.880933408011,2020-08-06T14:42:59Z,45.48121667,7.72870000,1573.00,40.689
14534,3,6677,11573.310749891654,7509.880933408011,2020-08-06T14:43:00Z,45.48123333,7.72858333,1559.00,40.685
14535,3,6678,11574.310749891654,7510.880933408011,2020-08-06T14:43:01Z,45.48126667,7.72846667,1570.00,40.683
14536,3,6679,11575.310749891654,7511.880933408011,2020-08-06T14:43:02Z,45.48131667,7.72833333,1566.00,40.682
14537,3,6680,11576.310749891654,7512.880933408011,2020-08-06T14:43:03Z,45.48138333,7.72820000,1567.00,40.682
14538,3,6681,11577.310749891654,7513.880933408011,2020-08-06T14:43:04Z,45.48145000,7.72808333,1573.00,40.683
14539,3,6682,11578.310749891654,7514.880933408011,2020-08-06T14:43:05Z,45.48155000,7.72800000,1565.00,40.689
14540,3,6683,11579.310749891654,7515.880933408011,2020-08-06T14:43:06Z,45.48166667,7.72793333,1570.00,40.697
14541,3,6684,11580.310749891654,7516.880933408011,2020-08-06T14:43:07Z,45.48178333,7.72790000,1567.00,40.706
14542,3,6685,11581.310749891654,7517.880933408011,2020-08-06T14:43:08Z,45.48190000,7.72791667,1576.00,40.717
14543,3,6686,11582.310749891654,7518.880933408011,2020-08-06T14:43:09Z,45.48200000,7.72795000,1565.00,40.728
14544,3,6687,11583.310749891654,7519.880933408011,2020-08-06T14:43:10Z,45.48210000,7.72801667,1567.00,40.74
14545,3,6688,11584.310749891654,7520.880933408011,2020-08-06T14:43:11Z,45.48218333,7.72811667,1578.00,40.752
14546,3,6689,11585.310749891654,7521.880933408011,2020-08-06T14:43:12Z,45.48225000,7.72821667,1562.00,40.763
14547,3,6690,11586.310749891654,7522.880933408011,2020-08-06T14:43:13Z,45.48230000,7.72835000,1565.00,40.773
14548,3,6691,11587.310749891654,7523.880933408011,2020-08-06T14:43:14Z,45.48233333,7.72848333,1572.00,40.782
14549,3,6692,11588.310749891654,7524.880933408011,2020-08-06T14:43:15Z,45.48235000,7.72863333,1563.00,40.79
14550,3,6693,11589.310749891654,7525.880933408011,2020-08-06T14:43:16Z,45.48235000,7.72876667,1574.00,40.796
14551,3,6694,11590.310749891654,7526.880933408011,2020-08-06T14:43:17Z,45.48235000,7.72890000,1570.00,40.802
14552,3,6695,11591.310749891654,7527.880933408011,2020-08-06T14:43:18Z,45.48231667,7.72901667,1571.00,40.804
14553,3,6696,11592.310749891654,7528.880933408011,2020-08-06T14:43:19Z,45.48228333,7.72911667,1580.00,40.805
14554,3,6697,11593.310749891654,7529.880933408011,2020-08-06T14:43:20Z,45.48225000,7.72920000,1565.00,40.806
14555,3,6698,11594.310749891654,7530.880933408011,2020-08-06T14:43:21Z,45.48218333,7.72926667,1573.00,40.802
14556,3,6699,11595.310749891654,7531.880933408011,2020-08-06T14:43:22Z,45.48213333,7.72930000,1567.00,40.799
14557,3,6700,11596.310749891654,7532.880933408011,2020-08-06T14:43:23Z,45.48205000,7.72931667,1575.00,40.792
14558,3,6701,11597.310749891654,7533.880933408011,2020-08-06T14:43:24Z,45.48198333,7.72928333,1572.00,40.785
14559,3,6702,11598.310749891654,7534.880933408011,2020-08-06T14:43:25Z,45.48191667,7.72925000,1572.00,40.777
14560,3,6703,11599.310749891654,7535.880933408011,2020-08-06T14:43:26Z,45.48186667,7.72918333,1584.00,40.77
14561,3,6704,11600.310749891654,7536.880933408011,2020-08-06T14:43:27Z,45.48181667,7.72910000,1581.00,40.761
14562,3,6705,11601.310749891654,7537.880933408011,2020-08-06T14:43:28Z,45.48180000,7.72903333,1571.00,40.757
14563,3,6706,11602.310749891654,7538.880933408011,2020-08-06T14:43:29Z,45.48178333,7.72895000,1579.00,40.752
14564,3,6707,11603.310749891654,7539.880933408011,2020-08-06T14:43:30Z,45.48175000,7.72883333,1580.00,40.744
14565,3,6708,11604.310749891654,7540.880933408011,2020-08-06T14:43:31Z,45.48173333,7.72871667,1581.00,40.737
14566,3,6709,11605.310749891654,7541.880933408011,2020-08-06T14:43:32Z,45.48171667,7.72860000,1565.00,40.73
14567,3,6710,11606.310749891654,7542.880933408011,2020-08-06T14:43:33Z,45.48170000,7.72848333,1579.00,40.724
14568,3,6711,11607.310749891654,7543.880933408011,2020-08-06T14:43:34Z,45.48168333,7.72836667,1573.00,40.717
14569,3,6712,11608.310749891654,7544.880933408011,2020-08-06T14:43:35Z,45.48168333,7.72825000,1574.00,40.712
14570,3,6713,11609.310749891654,7545.880933408011,2020-08-06T14:43:36Z,45.48166667,7.72813333,1562.00,40.705
14571,3,6714,11610.310749891654,7546.880933408011,2020-08-06T14:43:37Z,45.48163333,7.72801667,1564.00,40.697
14572,3,6715,11611.310749891654,7547.880933408011,2020-08-06T14:43:38Z,45.48160000,7.72788333,1559.00,40.688
14573,3,6716,11612.310749891654,7548.880933408011,2020-08-06T14:43:39Z,45.48156667,7.72773333,1570.00,40.679
14574,3,6717,11613.310749891654,7549.880933408011,2020-08-06T14:43:40Z,45.48151667,7.72761667,1569.00,40.669
14575,3,6718,11614.310749891654,7550.880933408011,2020-08-06T14:43:41Z,45.48146667,7.72751667,1568.00,40.66
14576,3,6719,11615.310749891654,7551.880933408011,2020-08-06T14:43:42Z,45.48143333,7.72743333,1560.00,40.653
14577,3,6720,11616.310749891654,7552.880933408011,2020-08-06T14:43:43Z,45.48138333,7.72735000,1566.00,40.645
14578,3,6721,11617.310749891654,7553.880933408011,2020-08-06T14:43:44Z,45.48131667,7.72726667,1562.00,40.635
14579,3,6722,11618.310749891654,7554.880933408011,2020-08-06T14:43:45Z,45.48125000,7.72716667,1557.00,40.625
14580,3,6723,11619.310749891654,7555.880933408011,2020-08-06T14:43:46Z,45.48116667,7.72705000,1557.00,40.612
14581,3,6724,11620.310749891654,7556.880933408011,2020-08-06T14:43:47Z,45.48108333,7.72695000,1556.00,40.6
14582,3,6725,11621.310749891654,7557.880933408011,2020-08-06T14:43:48Z,45.48100000,7.72686667,1558.00,40.589
14583,3,6726,11622.310749891654,7558.880933408011,2020-08-06T14:43:49Z,45.48091667,7.72681667,1548.00,40.579
14584,3,6727,11623.310749891654,7559.880933408011,2020-08-06T14:43:50Z,45.48085000,7.72675000,1546.00,40.57
14585,3,6728,11624.310749891654,7560.880933408011,2020-08-06T14:43:51Z,45.48076667,7.72670000,1550.00,40.56
14586,3,6729,11625.310749891654,7561.880933408011,2020-08-06T14:43:52Z,45.48068333,7.72661667,1541.00,40.549
14587,3,6730,11626.310749891654,7562.880933408011,2020-08-06T14:43:53Z,45.48060000,7.72651667,1541.00,40.537
14588,3,6731,11627.310749891654,7563.880933408011,2020-08-06T14:43:54Z,45.48051667,7.72641667,1544.00,40.525
14589,3,6732,11628.310749891654,7564.880933408011,2020-08-06T14:43:55Z,45.48043333,7.72633333,1554.00,40.513
14590,3,6733,11629.310749891654,7565.880933408011,2020-08-06T14:43:56Z,45.48035000,7.72623333,1558.00,40.501
14591,3,6734,11630.310749891654,7566.880933408011,2020-08-06T14:43:57Z,45.48028333,7.72615000,1553.00,40.491
14592,3,6735,11631.310749891654,7567.880933408011,2020-08-06T14:43:58Z,45.48023333,7.72608333,1552.00,40.484
14593,3,6736,11632.310749891654,7568.880933408011,2020-08-06T14:43:59Z,45.48016667,7.72600000,1553.00,40.474
14594,3,6737,11633.310749891654,7569.880933408011,2020-08-06T14:44:00Z,45.48011667,7.72593333,1549.00,40.467
14595,3,6738,11634.310749891654,7570.880933408011,2020-08-06T14:44:01Z,45.48005000,7.72585000,1539.00,40.457
14596,3,6739,11635.310749891654,7571.880933408011,2020-08-06T14:44:02Z,45.47998333,7.72575000,1546.00,40.446
14597,3,6740,11636.310749891654,7572.880933408011,2020-08-06T14:44:03Z,45.47990000,7.72565000,1539.00,40.434
14598,3,6741,11637.310749891654,7573.880933408011,2020-08-06T14:44:04Z,45.47981667,7.72555000,1542.00,40.422
14599,3,6742,11638.310749891654,7574.880933408011,2020-08-06T14:44:05Z,45.47971667,7.72543333,1539.00,40.408
14600,3,6743,11639.310749891654,7575.880933408011,2020-08-06T14:44:06Z,45.47965000,7.72535000,1543.00,40.398
14601,3,6744,11640.310749891654,7576.880933408011,2020-08-06T14:44:07Z,45.47956667,7.72526667,1540.00,40.387
14602,3,6745,11641.310749891654,7577.880933408011,2020-08-06T14:44:08Z,45.47950000,7.72518333,1536.00,40.377
14603,3,6746,11642.310749891654,7578.880933408011,2020-08-06T14:44:09Z,45.47941667,7.72510000,1536.00,40.366
14604,3,6747,11643.310749891654,7579.880933408011,2020-08-06T14:44:10Z,45.47933333,7.72500000,1530.00,40.354
14605,3,6748,11644.310749891654,7580.880933408011,2020-08-06T14:44:11Z,45.47923333,7.72490000,1527.00,40.34
14606,3,6749,11645.310749891654,7581.880933408011,2020-08-06T14:44:12Z,45.47915000,7.72480000,1524.00,40.328
14607,3,6750,11646.310749891654,7582.880933408011,2020-08-06T14:44:13Z,45.47906667,7.72470000,1527.00,40.316
14608,3,6751,11647.310749891654,7583.880933408011,2020-08-06T14:44:14Z,45.47898333,7.72461667,1529.00,40.305
14609,3,6752,11648.310749891654,7584.880933408011,2020-08-06T14:44:15Z,45.47890000,7.72453333,1525.00,40.293
14610,3,6753,11649.310749891654,7585.880933408011,2020-08-06T14:44:16Z,45.47883333,7.72443333,1521.00,40.283
14611,3,6754,11650.310749891654,7586.880933408011,2020-08-06T14:44:17Z,45.47875000,7.72435000,1524.00,40.272
14612,3,6755,11651.310749891654,7587.880933408011,2020-08-06T14:44:18Z,45.47865000,7.72425000,1517.00,40.258
14613,3,6756,11652.310749891654,7588.880933408011,2020-08-06T14:44:19Z,45.47856667,7.72415000,1515.00,40.246
14614,3,6757,11653.310749891654,7589.880933408011,2020-08-06T14:44:20Z,45.47848333,7.72405000,1515.00,40.234
14615,3,6758,11654.310749891654,7590.880933408011,2020-08-06T14:44:21Z,45.47838333,7.72395000,1514.00,40.22
14616,3,6759,11655.310749891654,7591.880933408011,2020-08-06T14:44:22Z,45.47830000,7.72386667,1513.00,40.209
14617,3,6760,11656.310749891654,7592.880933408011,2020-08-06T14:44:23Z,45.47823333,7.72376667,1513.00,40.199
14618,3,6761,11657.310749891654,7593.880933408011,2020-08-06T14:44:24Z,45.47815000,7.72368333,1509.00,40.187
14619,3,6762,11658.310749891654,7594.880933408011,2020-08-06T14:44:25Z,45.47806667,7.72360000,1510.00,40.176
14620,3,6763,11659.310749891654,7595.880933408011,2020-08-06T14:44:26Z,45.47798333,7.72350000,1505.00,40.164
14621,3,6764,11660.310749891654,7596.880933408011,2020-08-06T14:44:27Z,45.47788333,7.72341667,1503.00,40.151
14622,3,6765,11661.310749891654,7597.880933408011,2020-08-06T14:44:28Z,45.47780000,7.72333333,1500.00,40.14
14623,3,6766,11662.310749891654,7598.880933408011,2020-08-06T14:44:29Z,45.47770000,7.72323333,1501.00,40.126
14624,3,6767,11663.310749891654,7599.880933408011,2020-08-06T14:44:30Z,45.47761667,7.72315000,1500.00,40.115
14625,3,6768,11664.310749891654,7600.880933408011,2020-08-06T14:44:31Z,45.47753333,7.72306667,1499.00,40.104
14626,3,6769,11665.310749891654,7601.880933408011,2020-08-06T14:44:32Z,45.47743333,7.72298333,1500.00,40.091
14627,3,6770,11666.310749891654,7602.880933408011,2020-08-06T14:44:33Z,45.47735000,7.72291667,1496.00,40.08
14628,3,6771,11667.310749891654,7603.880933408011,2020-08-06T14:44:34Z,45.47726667,7.72283333,1496.00,40.069
14629,3,6772,11668.310749891654,7604.880933408011,2020-08-06T14:44:35Z,45.47718333,7.72273333,1493.00,40.057
14630,3,6773,11669.310749891654,7605.880933408011,2020-08-06T14:44:36Z,45.47708333,7.72265000,1495.00,40.044
14631,3,6774,11670.310749891654,7606.880933408011,2020-08-06T14:44:37Z,45.47700000,7.72255000,1491.00,40.032
14632,3,6775,11671.310749891654,7607.880933408011,2020-08-06T14:44:38Z,45.47690000,7.72245000,1488.00,40.018
14633,3,6776,11672.310749891654,7608.880933408011,2020-08-06T14:44:39Z,45.47681667,7.72236667,1495.00,40.007
14634,3,6777,11673.310749891654,7609.880933408011,2020-08-06T14:44:40Z,45.47673333,7.72226667,1491.00,39.995
14635,3,6778,11674.310749891654,7610.880933408011,2020-08-06T14:44:41Z,45.47665000,7.72218333,1484.00,39.984
14636,3,6779,11675.310749891654,7611.880933408011,2020-08-06T14:44:42Z,45.47656667,7.72208333,1484.00,39.972
14637,3,6780,11676.310749891654,7612.880933408011,2020-08-06T14:44:43Z,45.47648333,7.72198333,1486.00,39.96
14638,3,6781,11677.310749891654,7613.880933408011,2020-08-06T14:44:44Z,45.47638333,7.72190000,1483.00,39.947
14639,3,6782,11678.310749891654,7614.880933408011,2020-08-06T14:44:45Z,45.47630000,7.72181667,1481.00,39.935
14640,3,6783,11679.310749891654,7615.880933408011,2020-08-06T14:44:46Z,45.47621667,7.72173333,1484.00,39.924
14641,3,6784,11680.310749891654,7616.880933408011,2020-08-06T14:44:47Z,45.47613333,7.72165000,1481.00,39.913
14642,3,6785,11681.310749891654,7617.880933408011,2020-08-06T14:44:48Z,45.47603333,7.72155000,1475.00,39.899
14643,3,6786,11682.310749891654,7618.880933408011,2020-08-06T14:44:49Z,45.47595000,7.72145000,1480.00,39.887
14644,3,6787,11683.310749891654,7619.880933408011,2020-08-06T14:44:50Z,45.47586667,7.72135000,1477.00,39.875
14645,3,6788,11684.310749891654,7620.880933408011,2020-08-06T14:44:51Z,45.47576667,7.72125000,1473.00,39.862
14646,3,6789,11685.310749891654,7621.880933408011,2020-08-06T14:44:52Z,45.47568333,7.72116667,1478.00,39.85
14647,3,6790,11686.310749891654,7622.880933408011,2020-08-06T14:44:53Z,45.47560000,7.72108333,1470.00,39.839
14648,3,6791,11687.310749891654,7623.880933408011,2020-08-06T14:44:54Z,45.47551667,7.72100000,1472.00,39.828
14649,3,6792,11688.310749891654,7624.880933408011,2020-08-06T14:44:55Z,45.47541667,7.72091667,1478.00,39.815
14650,3,6793,11689.310749891654,7625.880933408011,2020-08-06T14:44:56Z,45.47533333,7.72083333,1469.00,39.803
14651,3,6794,11690.310749891654,7626.880933408011,2020-08-06T14:44:57Z,45.47525000,7.72073333,1465.00,39.791
14652,3,6795,11691.310749891654,7627.880933408011,2020-08-06T14:44:58Z,45.47516667,7.72063333,1471.00,39.779
14653,3,6796,11692.310749891654,7628.880933408011,2020-08-06T14:44:59Z,45.47508333,7.72056667,1469.00,39.769
14654,3,6797,11693.310749891654,7629.880933408011,2020-08-06T14:45:00Z,45.47500000,7.72048333,1470.00,39.757
14655,3,6798,11694.310749891654,7630.880933408011,2020-08-06T14:45:01Z,45.47491667,7.72041667,1468.00,39.747
14656,3,6799,11695.310749891654,7631.880933408011,2020-08-06T14:45:02Z,45.47483333,7.72035000,1464.00,39.736
14657,3,6800,11696.310749891654,7632.880933408011,2020-08-06T14:45:03Z,45.47473333,7.72026667,1465.00,39.723
14658,3,6801,11697.310749891654,7633.880933408011,2020-08-06T14:45:04Z,45.47465000,7.72018333,1462.00,39.712
14659,3,6802,11698.310749891654,7634.880933408011,2020-08-06T14:45:05Z,45.47455000,7.72010000,1463.00,39.699
14660,3,6803,11699.310749891654,7635.880933408011,2020-08-06T14:45:06Z,45.47446667,7.72001667,1463.00,39.688
14661,3,6804,11700.310749891654,7636.880933408011,2020-08-06T14:45:07Z,45.47438333,7.71995000,1461.00,39.677
14662,3,6805,11701.310749891654,7637.880933408011,2020-08-06T14:45:08Z,45.47430000,7.71988333,1461.00,39.667
14663,3,6806,11702.310749891654,7638.880933408011,2020-08-06T14:45:09Z,45.47421667,7.71981667,1463.00,39.656
14664,3,6807,11703.310749891654,7639.880933408011,2020-08-06T14:45:10Z,45.47411667,7.71973333,1464.00,39.643
14665,3,6808,11704.310749891654,7640.880933408011,2020-08-06T14:45:11Z,45.47403333,7.71966667,1460.00,39.633
14666,3,6809,11705.310749891654,7641.880933408011,2020-08-06T14:45:12Z,45.47393333,7.71958333,1460.00,39.62
14667,3,6810,11706.310749891654,7642.880933408011,2020-08-06T14:45:13Z,45.47385000,7.71950000,1459.00,39.609
14668,3,6811,11707.310749891654,7643.880933408011,2020-08-06T14:45:14Z,45.47375000,7.71943333,1458.00,39.596
14669,3,6812,11708.310749891654,7644.880933408011,2020-08-06T14:45:15Z,45.47366667,7.71935000,1458.00,39.585
14670,3,6813,11709.310749891654,7645.880933408011,2020-08-06T14:45:16Z,45.47358333,7.71928333,1459.00,39.574
14671,3,6814,11710.310749891654,7646.880933408011,2020-08-06T14:45:17Z,45.47350000,7.71920000,1454.00,39.563
14672,3,6815,11711.310749891654,7647.880933408011,2020-08-06T14:45:18Z,45.47341667,7.71911667,1458.00,39.552
14673,3,6816,11712.310749891654,7648.880933408011,2020-08-06T14:45:19Z,45.47333333,7.71903333,1454.00,39.541
14674,3,6817,11713.310749891654,7649.880933408011,2020-08-06T14:45:20Z,45.47323333,7.71896667,1454.00,39.528
14675,3,6818,11714.310749891654,7650.880933408011,2020-08-06T14:45:21Z,45.47315000,7.71888333,1457.00,39.517
14676,3,6819,11715.310749891654,7651.880933408011,2020-08-06T14:45:22Z,45.47306667,7.71880000,1456.00,39.506
14677,3,6820,11716.310749891654,7652.880933408011,2020-08-06T14:45:23Z,45.47298333,7.71871667,1450.00,39.494
14678,3,6821,11717.310749891654,7653.880933408011,2020-08-06T14:45:24Z,45.47290000,7.71863333,1449.00,39.483
14679,3,6822,11718.310749891654,7654.880933408011,2020-08-06T14:45:25Z,45.47280000,7.71855000,1453.00,39.47
14680,3,6823,11719.310749891654,7655.880933408011,2020-08-06T14:45:26Z,45.47271667,7.71846667,1457.00,39.459
14681,3,6824,11720.310749891654,7656.880933408011,2020-08-06T14:45:27Z,45.47261667,7.71838333,1447.00,39.446
14682,3,6825,11721.310749891654,7657.880933408011,2020-08-06T14:45:28Z,45.47253333,7.71830000,1453.00,39.435
14683,3,6826,11722.310749891654,7658.880933408011,2020-08-06T14:45:29Z,45.47245000,7.71823333,1450.00,39.424
14684,3,6827,11723.310749891654,7659.880933408011,2020-08-06T14:45:30Z,45.47236667,7.71815000,1451.00,39.413
14685,3,6828,11724.310749891654,7660.880933408011,2020-08-06T14:45:31Z,45.47228333,7.71808333,1452.00,39.402
14686,3,6829,11725.310749891654,7661.880933408011,2020-08-06T14:45:32Z,45.47220000,7.71800000,1447.00,39.391
14687,3,6830,11726.310749891654,7662.880933408011,2020-08-06T14:45:33Z,45.47211667,7.71791667,1442.00,39.38
14688,3,6831,11727.310749891654,7663.880933408011,2020-08-06T14:45:34Z,45.47201667,7.71781667,1446.00,39.366
14689,3,6832,11728.310749891654,7664.880933408011,2020-08-06T14:45:35Z,45.47193333,7.71771667,1443.00,39.354
14690,3,6833,11729.310749891654,7665.880933408011,2020-08-06T14:45:36Z,45.47185000,7.71763333,1457.00,39.343
14691,3,6834,11730.310749891654,7666.880933408011,2020-08-06T14:45:37Z,45.47178333,7.71756667,1449.00,39.334
14692,3,6835,11731.310749891654,7667.880933408011,2020-08-06T14:45:38Z,45.47170000,7.71750000,1446.00,39.323
14693,3,6836,11732.310749891654,7668.880933408011,2020-08-06T14:45:39Z,45.47163333,7.71745000,1447.00,39.315
14694,3,6837,11733.310749891654,7669.880933408011,2020-08-06T14:45:40Z,45.47156667,7.71740000,1445.00,39.306
14695,3,6838,11734.310749891654,7670.880933408011,2020-08-06T14:45:41Z,45.47150000,7.71733333,1433.00,39.297
14696,3,6839,11735.310749891654,7671.880933408011,2020-08-06T14:45:42Z,45.47143333,7.71726667,1438.00,39.288
14697,3,6840,11736.310749891654,7672.880933408011,2020-08-06T14:45:43Z,45.47135000,7.71718333,1440.00,39.277
14698,3,6841,11737.310749891654,7673.880933408011,2020-08-06T14:45:44Z,45.47125000,7.71710000,1433.00,39.264
14699,3,6842,11738.310749891654,7674.880933408011,2020-08-06T14:45:45Z,45.47116667,7.71700000,1430.00,39.252
14700,3,6843,11739.310749891654,7675.880933408011,2020-08-06T14:45:46Z,45.47108333,7.71691667,1429.00,39.241
14701,3,6844,11740.310749891654,7676.880933408011,2020-08-06T14:45:47Z,45.47100000,7.71681667,1431.00,39.229
14702,3,6845,11741.310749891654,7677.880933408011,2020-08-06T14:45:48Z,45.47091667,7.71673333,1429.00,39.217
14703,3,6846,11742.310749891654,7678.880933408011,2020-08-06T14:45:49Z,45.47083333,7.71665000,1428.00,39.206
14704,3,6847,11743.310749891654,7679.880933408011,2020-08-06T14:45:50Z,45.47075000,7.71656667,1424.00,39.195
14705,3,6848,11744.310749891654,7680.880933408011,2020-08-06T14:45:51Z,45.47066667,7.71648333,1422.00,39.184
14706,3,6849,11745.310749891654,7681.880933408011,2020-08-06T14:45:52Z,45.47056667,7.71640000,1420.00,39.171
14707,3,6850,11746.310749891654,7682.880933408011,2020-08-06T14:45:53Z,45.47046667,7.71631667,1420.00,39.158
14708,3,6851,11747.310749891654,7683.880933408011,2020-08-06T14:45:54Z,45.47036667,7.71625000,1424.00,39.146
14709,3,6852,11748.310749891654,7684.880933408011,2020-08-06T14:45:55Z,45.47028333,7.71618333,1416.00,39.135
14710,3,6853,11749.310749891654,7685.880933408011,2020-08-06T14:45:56Z,45.47020000,7.71613333,1416.00,39.125
14711,3,6854,11750.310749891654,7686.880933408011,2020-08-06T14:45:57Z,45.47011667,7.71606667,1418.00,39.115
14712,3,6855,11751.310749891654,7687.880933408011,2020-08-06T14:45:58Z,45.47001667,7.71600000,1411.00,39.103
14713,3,6856,11752.310749891654,7688.880933408011,2020-08-06T14:45:59Z,45.46993333,7.71593333,1411.00,39.092
14714,3,6857,11753.310749891654,7689.880933408011,2020-08-06T14:46:00Z,45.46985000,7.71585000,1407.00,39.081
14715,3,6858,11754.310749891654,7690.880933408011,2020-08-06T14:46:01Z,45.46976667,7.71578333,1406.00,39.07
14716,3,6859,11755.310749891654,7691.880933408011,2020-08-06T14:46:02Z,45.46970000,7.71570000,1410.00,39.06
14717,3,6860,11756.310749891654,7692.880933408011,2020-08-06T14:46:03Z,45.46961667,7.71561667,1404.00,39.049
14718,3,6861,11757.310749891654,7693.880933408011,2020-08-06T14:46:04Z,45.46953333,7.71553333,1403.00,39.038
14719,3,6862,11758.310749891654,7694.880933408011,2020-08-06T14:46:05Z,45.46945000,7.71546667,1404.00,39.027
14720,3,6863,11759.310749891654,7695.880933408011,2020-08-06T14:46:06Z,45.46936667,7.71538333,1400.00,39.016
14721,3,6864,11760.310749891654,7696.880933408011,2020-08-06T14:46:07Z,45.46928333,7.71530000,1402.00,39.004
14722,3,6865,11761.310749891654,7697.880933408011,2020-08-06T14:46:08Z,45.46920000,7.71521667,1399.00,38.993
14723,3,6866,11762.310749891654,7698.880933408011,2020-08-06T14:46:09Z,45.46911667,7.71513333,1403.00,38.982
14724,3,6867,11763.310749891654,7699.880933408011,2020-08-06T14:46:10Z,45.46901667,7.71505000,1394.00,38.969
14725,3,6868,11764.310749891654,7700.880933408011,2020-08-06T14:46:11Z,45.46891667,7.71496667,1391.00,38.956
14726,3,6869,11765.310749891654,7701.880933408011,2020-08-06T14:46:12Z,45.46881667,7.71486667,1392.00,38.942
14727,3,6870,11766.310749891654,7702.880933408011,2020-08-06T14:46:13Z,45.46871667,7.71476667,1394.00,38.929
14728,3,6871,11767.310749891654,7703.880933408011,2020-08-06T14:46:14Z,45.46863333,7.71468333,1394.00,38.918
14729,3,6872,11768.310749891654,7704.880933408011,2020-08-06T14:46:15Z,45.46855000,7.71460000,1393.00,38.906
14730,3,6873,11769.310749891654,7705.880933408011,2020-08-06T14:46:16Z,45.46846667,7.71451667,1398.00,38.895
14731,3,6874,11770.310749891654,7706.880933408011,2020-08-06T14:46:17Z,45.46838333,7.71445000,1392.00,38.884
14732,3,6875,11771.310749891654,7707.880933408011,2020-08-06T14:46:18Z,45.46830000,7.71436667,1392.00,38.873
14733,3,6876,11772.310749891654,7708.880933408011,2020-08-06T14:46:19Z,45.46821667,7.71428333,1388.00,38.862
14734,3,6877,11773.310749891654,7709.880933408011,2020-08-06T14:46:20Z,45.46811667,7.71420000,1391.00,38.849
14735,3,6878,11774.310749891654,7710.880933408011,2020-08-06T14:46:21Z,45.46801667,7.71411667,1388.00,38.836
14736,3,6879,11775.310749891654,7711.880933408011,2020-08-06T14:46:22Z,45.46793333,7.71403333,1385.00,38.825
14737,3,6880,11776.310749891654,7712.880933408011,2020-08-06T14:46:23Z,45.46785000,7.71396667,1381.00,38.814
14738,3,6881,11777.310749891654,7713.880933408011,2020-08-06T14:46:24Z,45.46776667,7.71388333,1387.00,38.803
14739,3,6882,11778.310749891654,7714.880933408011,2020-08-06T14:46:25Z,45.46768333,7.71383333,1391.00,38.793
14740,3,6883,11779.310749891654,7715.880933408011,2020-08-06T14:46:26Z,45.46760000,7.71376667,1382.00,38.782
14741,3,6884,11780.310749891654,7716.880933408011,2020-08-06T14:46:27Z,45.46750000,7.71370000,1369.00,38.77
14742,3,6885,11781.310749891654,7717.880933408011,2020-08-06T14:46:28Z,45.46741667,7.71361667,1385.00,38.759
14743,3,6886,11782.310749891654,7718.880933408011,2020-08-06T14:46:29Z,45.46731667,7.71355000,1375.00,38.747
14744,3,6887,11783.310749891654,7719.880933408011,2020-08-06T14:46:30Z,45.46723333,7.71348333,1371.00,38.736
14745,3,6888,11784.310749891654,7720.880933408011,2020-08-06T14:46:31Z,45.46715000,7.71343333,1380.00,38.726
14746,3,6889,11785.310749891654,7721.880933408011,2020-08-06T14:46:32Z,45.46708333,7.71338333,1368.00,38.718
14747,3,6890,11786.310749891654,7722.880933408011,2020-08-06T14:46:33Z,45.46700000,7.71335000,1373.00,38.709
14748,3,6891,11787.310749891654,7723.880933408011,2020-08-06T14:46:34Z,45.46691667,7.71331667,1373.00,38.7
14749,3,6892,11788.310749891654,7724.880933408011,2020-08-06T14:46:35Z,45.46681667,7.71328333,1372.00,38.689
14750,3,6893,11789.310749891654,7725.880933408011,2020-08-06T14:46:36Z,45.46673333,7.71323333,1364.00,38.679
14751,3,6894,11790.310749891654,7726.880933408011,2020-08-06T14:46:37Z,45.46663333,7.71320000,1365.00,38.668
14752,3,6895,11791.310749891654,7727.880933408011,2020-08-06T14:46:38Z,45.46655000,7.71316667,1364.00,38.659
14753,3,6896,11792.310749891654,7728.880933408011,2020-08-06T14:46:39Z,45.46648333,7.71313333,1368.00,38.652
14754,3,6897,11793.310749891654,7729.880933408011,2020-08-06T14:46:40Z,45.46640000,7.71310000,1366.00,38.643
14755,3,6898,11794.310749891654,7730.880933408011,2020-08-06T14:46:41Z,45.46633333,7.71308333,1363.00,38.636
14756,3,6899,11795.310749891654,7731.880933408011,2020-08-06T14:46:42Z,45.46625000,7.71303333,1362.00,38.626
14757,3,6900,11796.310749891654,7732.880933408011,2020-08-06T14:46:43Z,45.46615000,7.71298333,1355.00,38.614
14758,3,6901,11797.310749891654,7733.880933408011,2020-08-06T14:46:44Z,45.46605000,7.71293333,1356.00,38.603
14759,3,6902,11798.310749891654,7734.880933408011,2020-08-06T14:46:45Z,45.46595000,7.71286667,1354.00,38.591
14760,3,6903,11799.310749891654,7735.880933408011,2020-08-06T14:46:46Z,45.46586667,7.71280000,1352.00,38.58
14761,3,6904,11800.310749891654,7736.880933408011,2020-08-06T14:46:47Z,45.46578333,7.71275000,1358.00,38.57
14762,3,6905,11801.310749891654,7737.880933408011,2020-08-06T14:46:48Z,45.46570000,7.71270000,1355.00,38.561
14763,3,6906,11802.310749891654,7738.880933408011,2020-08-06T14:46:49Z,45.46561667,7.71266667,1354.00,38.551
14764,3,6907,11803.310749891654,7739.880933408011,2020-08-06T14:46:50Z,45.46553333,7.71261667,1357.00,38.542
14765,3,6908,11804.310749891654,7740.880933408011,2020-08-06T14:46:51Z,45.46545000,7.71256667,1351.00,38.532
14766,3,6909,11805.310749891654,7741.880933408011,2020-08-06T14:46:52Z,45.46535000,7.71250000,1349.00,38.52
14767,3,6910,11806.310749891654,7742.880933408011,2020-08-06T14:46:53Z,45.46523333,7.71245000,1347.00,38.507
14768,3,6911,11807.310749891654,7743.880933408011,2020-08-06T14:46:54Z,45.46515000,7.71238333,1346.00,38.496
14769,3,6912,11808.310749891654,7744.880933408011,2020-08-06T14:46:55Z,45.46505000,7.71230000,1346.00,38.483
14770,3,6913,11809.310749891654,7745.880933408011,2020-08-06T14:46:56Z,45.46496667,7.71225000,1343.00,38.473
14771,3,6914,11810.310749891654,7746.880933408011,2020-08-06T14:46:57Z,45.46488333,7.71218333,1349.00,38.463
14772,3,6915,11811.310749891654,7747.880933408011,2020-08-06T14:46:58Z,45.46480000,7.71213333,1343.00,38.453
14773,3,6916,11812.310749891654,7748.880933408011,2020-08-06T14:46:59Z,45.46471667,7.71206667,1333.00,38.442
14774,3,6917,11813.310749891654,7749.880933408011,2020-08-06T14:47:00Z,45.46463333,7.71200000,1333.00,38.432
14775,3,6918,11814.310749891654,7750.880933408011,2020-08-06T14:47:01Z,45.46453333,7.71191667,1333.00,38.419
14776,3,6919,11815.310749891654,7751.880933408011,2020-08-06T14:47:02Z,45.46445000,7.71185000,1333.00,38.408
14777,3,6920,11816.310749891654,7752.880933408011,2020-08-06T14:47:03Z,45.46436667,7.71178333,1336.00,38.398
14778,3,6921,11817.310749891654,7753.880933408011,2020-08-06T14:47:04Z,45.46428333,7.71173333,1337.00,38.388
14779,3,6922,11818.310749891654,7754.880933408011,2020-08-06T14:47:05Z,45.46421667,7.71168333,1334.00,38.38
14780,3,6923,11819.310749891654,7755.880933408011,2020-08-06T14:47:06Z,45.46415000,7.71163333,1328.00,38.371
14781,3,6924,11820.310749891654,7756.880933408011,2020-08-06T14:47:07Z,45.46408333,7.71156667,1332.00,38.362
14782,3,6925,11821.310749891654,7757.880933408011,2020-08-06T14:47:08Z,45.46400000,7.71150000,1329.00,38.352
14783,3,6926,11822.310749891654,7758.880933408011,2020-08-06T14:47:09Z,45.46391667,7.71141667,1331.00,38.34
14784,3,6927,11823.310749891654,7759.880933408011,2020-08-06T14:47:10Z,45.46383333,7.71135000,1323.00,38.33
14785,3,6928,11824.310749891654,7760.880933408011,2020-08-06T14:47:11Z,45.46376667,7.71126667,1320.00,38.32
14786,3,6929,11825.310749891654,7761.880933408011,2020-08-06T14:47:12Z,45.46371667,7.71118333,1322.00,38.312
14787,3,6930,11826.310749891654,7762.880933408011,2020-08-06T14:47:13Z,45.46365000,7.71111667,1325.00,38.303
14788,3,6931,11827.310749891654,7763.880933408011,2020-08-06T14:47:14Z,45.46358333,7.71105000,1321.00,38.294
14789,3,6932,11828.310749891654,7764.880933408011,2020-08-06T14:47:15Z,45.46350000,7.71098333,1318.00,38.283
14790,3,6933,11829.310749891654,7765.880933408011,2020-08-06T14:47:16Z,45.46343333,7.71090000,1312.00,38.273
14791,3,6934,11830.310749891654,7766.880933408011,2020-08-06T14:47:17Z,45.46335000,7.71080000,1314.00,38.261
14792,3,6935,11831.310749891654,7767.880933408011,2020-08-06T14:47:18Z,45.46328333,7.71071667,1316.00,38.251
14793,3,6936,11832.310749891654,7768.880933408011,2020-08-06T14:47:19Z,45.46321667,7.71063333,1308.00,38.242
14794,3,6937,11833.310749891654,7769.880933408011,2020-08-06T14:47:20Z,45.46315000,7.71056667,1312.00,38.232
14795,3,6938,11834.310749891654,7770.880933408011,2020-08-06T14:47:21Z,45.46308333,7.71048333,1313.00,38.223
14796,3,6939,11835.310749891654,7771.880933408011,2020-08-06T14:47:22Z,45.46301667,7.71040000,1308.00,38.213
14797,3,6940,11836.310749891654,7772.880933408011,2020-08-06T14:47:23Z,45.46295000,7.71031667,1304.00,38.203
14798,3,6941,11837.310749891654,7773.880933408011,2020-08-06T14:47:24Z,45.46286667,7.71023333,1306.00,38.192
14799,3,6942,11838.310749891654,7774.880933408011,2020-08-06T14:47:25Z,45.46280000,7.71015000,1310.00,38.182
14800,3,6943,11839.310749891654,7775.880933408011,2020-08-06T14:47:26Z,45.46273333,7.71006667,1304.00,38.172
14801,3,6944,11840.310749891654,7776.880933408011,2020-08-06T14:47:27Z,45.46268333,7.71000000,1308.00,38.165
14802,3,6945,11841.310749891654,7777.880933408011,2020-08-06T14:47:28Z,45.46261667,7.70991667,1306.00,38.155
14803,3,6946,11842.310749891654,7778.880933408011,2020-08-06T14:47:29Z,45.46256667,7.70983333,1303.00,38.147
14804,3,6947,11843.310749891654,7779.880933408011,2020-08-06T14:47:30Z,45.46250000,7.70973333,1302.00,38.136
14805,3,6948,11844.310749891654,7780.880933408011,2020-08-06T14:47:31Z,45.46241667,7.70963333,1293.00,38.124
14806,3,6949,11845.310749891654,7781.880933408011,2020-08-06T14:47:32Z,45.46235000,7.70955000,1296.00,38.114
14807,3,6950,11846.310749891654,7782.880933408011,2020-08-06T14:47:33Z,45.46228333,7.70945000,1297.00,38.104
14808,3,6951,11847.310749891654,7783.880933408011,2020-08-06T14:47:34Z,45.46223333,7.70938333,1296.00,38.096
14809,3,6952,11848.310749891654,7784.880933408011,2020-08-06T14:47:35Z,45.46216667,7.70931667,1295.00,38.087
14810,3,6953,11849.310749891654,7785.880933408011,2020-08-06T14:47:36Z,45.46211667,7.70925000,1286.00,38.08
14811,3,6954,11850.310749891654,7786.880933408011,2020-08-06T14:47:37Z,45.46206667,7.70916667,1288.00,38.072
14812,3,6955,11851.310749891654,7787.880933408011,2020-08-06T14:47:38Z,45.46200000,7.70910000,1292.00,38.063
14813,3,6956,11852.310749891654,7788.880933408011,2020-08-06T14:47:39Z,45.46193333,7.70901667,1283.00,38.053
14814,3,6957,11853.310749891654,7789.880933408011,2020-08-06T14:47:40Z,45.46188333,7.70893333,1281.00,38.044
14815,3,6958,11854.310749891654,7790.880933408011,2020-08-06T14:47:41Z,45.46181667,7.70885000,1281.00,38.035
14816,3,6959,11855.310749891654,7791.880933408011,2020-08-06T14:47:42Z,45.46176667,7.70878333,1282.00,38.027
14817,3,6960,11856.310749891654,7792.880933408011,2020-08-06T14:47:43Z,45.46171667,7.70871667,1279.00,38.02
14818,3,6961,11857.310749891654,7793.880933408011,2020-08-06T14:47:44Z,45.46165000,7.70865000,1278.00,38.011
14819,3,6962,11858.310749891654,7794.880933408011,2020-08-06T14:47:45Z,45.46158333,7.70860000,1276.00,38.002
14820,3,6963,11859.310749891654,7795.880933408011,2020-08-06T14:47:46Z,45.46153333,7.70853333,1270.00,37.995
14821,3,6964,11860.310749891654,7796.880933408011,2020-08-06T14:47:47Z,45.46146667,7.70846667,1269.00,37.986
14822,3,6965,11861.310749891654,7797.880933408011,2020-08-06T14:47:48Z,45.46140000,7.70840000,1271.00,37.977
14823,3,6966,11862.310749891654,7798.880933408011,2020-08-06T14:47:49Z,45.46133333,7.70833333,1268.00,37.968
14824,3,6967,11863.310749891654,7799.880933408011,2020-08-06T14:47:50Z,45.46125000,7.70826667,1267.00,37.957
14825,3,6968,11864.310749891654,7800.880933408011,2020-08-06T14:47:51Z,45.46118333,7.70820000,1265.00,37.948
14826,3,6969,11865.310749891654,7801.880933408011,2020-08-06T14:47:52Z,45.46113333,7.70813333,1268.00,37.94
14827,3,6970,11866.310749891654,7802.880933408011,2020-08-06T14:47:53Z,45.46105000,7.70808333,1265.00,37.931
14828,3,6971,11867.310749891654,7803.880933408011,2020-08-06T14:47:54Z,45.46098333,7.70801667,1259.00,37.922
14829,3,6972,11868.310749891654,7804.880933408011,2020-08-06T14:47:55Z,45.46091667,7.70795000,1262.00,37.912
14830,3,6973,11869.310749891654,7805.880933408011,2020-08-06T14:47:56Z,45.46083333,7.70790000,1265.00,37.903
14831,3,6974,11870.310749891654,7806.880933408011,2020-08-06T14:47:57Z,45.46076667,7.70783333,1261.00,37.894
14832,3,6975,11871.310749891654,7807.880933408011,2020-08-06T14:47:58Z,45.46070000,7.70780000,1259.00,37.886
14833,3,6976,11872.310749891654,7808.880933408011,2020-08-06T14:47:59Z,45.46063333,7.70775000,1262.00,37.878
14834,3,6977,11873.310749891654,7809.880933408011,2020-08-06T14:48:00Z,45.46056667,7.70770000,1259.00,37.869
14835,3,6978,11874.310749891654,7810.880933408011,2020-08-06T14:48:01Z,45.46048333,7.70765000,1257.00,37.859
14836,3,6979,11875.310749891654,7811.880933408011,2020-08-06T14:48:02Z,45.46041667,7.70760000,1249.00,37.851
14837,3,6980,11876.310749891654,7812.880933408011,2020-08-06T14:48:03Z,45.46035000,7.70755000,1255.00,37.843
14838,3,6981,11877.310749891654,7813.880933408011,2020-08-06T14:48:04Z,45.46026667,7.70750000,1253.00,37.833
14839,3,6982,11878.310749891654,7814.880933408011,2020-08-06T14:48:05Z,45.46018333,7.70745000,1244.00,37.823
14840,3,6983,11879.310749891654,7815.880933408011,2020-08-06T14:48:06Z,45.46010000,7.70741667,1246.00,37.814
14841,3,6984,11880.310749891654,7816.880933408011,2020-08-06T14:48:07Z,45.46000000,7.70736667,1241.00,37.803
14842,3,6985,11881.310749891654,7817.880933408011,2020-08-06T14:48:08Z,45.45991667,7.70731667,1246.00,37.793
14843,3,6986,11882.310749891654,7818.880933408011,2020-08-06T14:48:09Z,45.45983333,7.70726667,1249.00,37.783
14844,3,6987,11883.310749891654,7819.880933408011,2020-08-06T14:48:10Z,45.45975000,7.70721667,1238.00,37.773
14845,3,6988,11884.310749891654,7820.880933408011,2020-08-06T14:48:11Z,45.45966667,7.70716667,1248.00,37.763
14846,3,6989,11885.310749891654,7821.880933408011,2020-08-06T14:48:12Z,45.45960000,7.70713333,1251.00,37.755
14847,3,6990,11886.310749891654,7822.880933408011,2020-08-06T14:48:13Z,45.45951667,7.70708333,1241.00,37.746
14848,3,6991,11887.310749891654,7823.880933408011,2020-08-06T14:48:14Z,45.45943333,7.70705000,1237.00,37.737
14849,3,6992,11888.310749891654,7824.880933408011,2020-08-06T14:48:15Z,45.45936667,7.70698333,1242.00,37.727
14850,3,6993,11889.310749891654,7825.880933408011,2020-08-06T14:48:16Z,45.45928333,7.70693333,1248.00,37.718
14851,3,6994,11890.310749891654,7826.880933408011,2020-08-06T14:48:17Z,45.45921667,7.70686667,1233.00,37.709
14852,3,6995,11891.310749891654,7827.880933408011,2020-08-06T14:48:18Z,45.45913333,7.70680000,1239.00,37.698
14853,3,6996,11892.310749891654,7828.880933408011,2020-08-06T14:48:19Z,45.45906667,7.70673333,1240.00,37.689
14854,3,6997,11893.310749891654,7829.880933408011,2020-08-06T14:48:20Z,45.45900000,7.70668333,1234.00,37.681
14855,3,6998,11894.310749891654,7830.880933408011,2020-08-06T14:48:21Z,45.45891667,7.70661667,1237.00,37.67
14856,3,6999,11895.310749891654,7831.880933408011,2020-08-06T14:48:22Z,45.45883333,7.70655000,1234.00,37.659
14857,3,7000,11896.310749891654,7832.880933408011,2020-08-06T14:48:23Z,45.45876667,7.70648333,1234.00,37.65
14858,3,7001,11897.310749891654,7833.880933408011,2020-08-06T14:48:24Z,45.45868333,7.70641667,1230.00,37.64
14859,3,7002,11898.310749891654,7834.880933408011,2020-08-06T14:48:25Z,45.45861667,7.70635000,1228.00,37.631
14860,3,7003,11899.310749891654,7835.880933408011,2020-08-06T14:48:26Z,45.45855000,7.70628333,1233.00,37.622
14861,3,7004,11900.310749891654,7836.880933408011,2020-08-06T14:48:27Z,45.45846667,7.70623333,1230.00,37.612
14862,3,7005,11901.310749891654,7837.880933408011,2020-08-06T14:48:28Z,45.45840000,7.70616667,1226.00,37.603
14863,3,7006,11902.310749891654,7838.880933408011,2020-08-06T14:48:29Z,45.45831667,7.70610000,1228.00,37.592
14864,3,7007,11903.310749891654,7839.880933408011,2020-08-06T14:48:30Z,45.45821667,7.70603333,1221.00,37.58
14865,3,7008,11904.310749891654,7840.880933408011,2020-08-06T14:48:31Z,45.45811667,7.70595000,1221.00,37.567
14866,3,7009,11905.310749891654,7841.880933408011,2020-08-06T14:48:32Z,45.45803333,7.70586667,1224.00,37.556
14867,3,7010,11906.310749891654,7842.880933408011,2020-08-06T14:48:33Z,45.45795000,7.70580000,1222.00,37.545
14868,3,7011,11907.310749891654,7843.880933408011,2020-08-06T14:48:34Z,45.45788333,7.70573333,1222.00,37.536
14869,3,7012,11908.310749891654,7844.880933408011,2020-08-06T14:48:35Z,45.45780000,7.70565000,1223.00,37.525
14870,3,7013,11909.310749891654,7845.880933408011,2020-08-06T14:48:36Z,45.45771667,7.70558333,1221.00,37.514
14871,3,7014,11910.310749891654,7846.880933408011,2020-08-06T14:48:37Z,45.45763333,7.70551667,1220.00,37.504
14872,3,7015,11911.310749891654,7847.880933408011,2020-08-06T14:48:38Z,45.45755000,7.70545000,1219.00,37.493
14873,3,7016,11912.310749891654,7848.880933408011,2020-08-06T14:48:39Z,45.45746667,7.70538333,1219.00,37.483
14874,3,7017,11913.310749891654,7849.880933408011,2020-08-06T14:48:40Z,45.45738333,7.70530000,1221.00,37.471
14875,3,7018,11914.310749891654,7850.880933408011,2020-08-06T14:48:41Z,45.45730000,7.70523333,1222.00,37.461
14876,3,7019,11915.310749891654,7851.880933408011,2020-08-06T14:48:42Z,45.45723333,7.70516667,1217.00,37.452
14877,3,7020,11916.310749891654,7852.880933408011,2020-08-06T14:48:43Z,45.45715000,7.70510000,1219.00,37.441
14878,3,7021,11917.310749891654,7853.880933408011,2020-08-06T14:48:44Z,45.45706667,7.70503333,1225.00,37.43
14879,3,7022,11918.310749891654,7854.880933408011,2020-08-06T14:48:45Z,45.45700000,7.70496667,1210.00,37.421
14880,3,7023,11919.310749891654,7855.880933408011,2020-08-06T14:48:46Z,45.45690000,7.70488333,1222.00,37.408
14881,3,7024,11920.310749891654,7856.880933408011,2020-08-06T14:48:47Z,45.45681667,7.70481667,1210.00,37.398
14882,3,7025,11921.310749891654,7857.880933408011,2020-08-06T14:48:48Z,45.45671667,7.70476667,1211.00,37.387
14883,3,7026,11922.310749891654,7858.880933408011,2020-08-06T14:48:49Z,45.45663333,7.70470000,1213.00,37.376
14884,3,7027,11923.310749891654,7859.880933408011,2020-08-06T14:48:50Z,45.45653333,7.70465000,1216.00,37.365
14885,3,7028,11924.310749891654,7860.880933408011,2020-08-06T14:48:51Z,45.45645000,7.70458333,1237.00,37.354
14886,3,7029,11925.310749891654,7861.880933408011,2020-08-06T14:48:52Z,45.45636667,7.70451667,1226.00,37.343
14887,3,7030,11926.310749891654,7862.880933408011,2020-08-06T14:48:53Z,45.45630000,7.70443333,1223.00,37.334
14888,3,7031,11927.310749891654,7863.880933408011,2020-08-06T14:48:54Z,45.45623333,7.70436667,1223.00,37.325
14889,3,7032,11928.310749891654,7864.880933408011,2020-08-06T14:48:55Z,45.45618333,7.70428333,1222.00,37.316
14890,3,7033,11929.310749891654,7865.880933408011,2020-08-06T14:48:56Z,45.45611667,7.70420000,1220.00,37.306
14891,3,7034,11930.310749891654,7866.880933408011,2020-08-06T14:48:57Z,45.45603333,7.70410000,1218.00,37.294
14892,3,7035,11931.310749891654,7867.880933408011,2020-08-06T14:48:58Z,45.45596667,7.70400000,1219.00,37.284
14893,3,7036,11932.310749891654,7868.880933408011,2020-08-06T14:48:59Z,45.45590000,7.70390000,1217.00,37.273
14894,3,7037,11933.310749891654,7869.880933408011,2020-08-06T14:49:00Z,45.45583333,7.70380000,1218.00,37.263
14895,3,7038,11934.310749891654,7870.880933408011,2020-08-06T14:49:01Z,45.45578333,7.70370000,1227.00,37.254
14896,3,7039,11935.310749891654,7871.880933408011,2020-08-06T14:49:02Z,45.45573333,7.70361667,1198.00,37.246
14897,3,7040,11936.310749891654,7872.880933408011,2020-08-06T14:49:03Z,45.45566667,7.70355000,1203.00,37.237
14898,3,7041,11937.310749891654,7873.880933408011,2020-08-06T14:49:04Z,45.45560000,7.70346667,1212.00,37.227
14899,3,7042,11938.310749891654,7874.880933408011,2020-08-06T14:49:05Z,45.45553333,7.70338333,1219.00,37.217
14900,3,7043,11939.310749891654,7875.880933408011,2020-08-06T14:49:06Z,45.45548333,7.70330000,1209.00,37.209
14901,3,7044,11940.310749891654,7876.880933408011,2020-08-06T14:49:07Z,45.45543333,7.70321667,1211.00,37.201
14902,3,7045,11941.310749891654,7877.880933408011,2020-08-06T14:49:08Z,45.45538333,7.70313333,1217.00,37.192
14903,3,7046,11942.310749891654,7878.880933408011,2020-08-06T14:49:09Z,45.45531667,7.70303333,1213.00,37.182
14904,3,7047,11943.310749891654,7879.880933408011,2020-08-06T14:49:10Z,45.45526667,7.70295000,1207.00,37.174
14905,3,7048,11944.310749891654,7880.880933408011,2020-08-06T14:49:11Z,45.45520000,7.70283333,1208.00,37.162
14906,3,7049,11945.310749891654,7881.880933408011,2020-08-06T14:49:12Z,45.45515000,7.70275000,1213.00,37.154
14907,3,7050,11946.310749891654,7882.880933408011,2020-08-06T14:49:13Z,45.45510000,7.70266667,1215.00,37.146
14908,3,7051,11947.310749891654,7883.880933408011,2020-08-06T14:49:14Z,45.45506667,7.70258333,1211.00,37.139
14909,3,7052,11948.310749891654,7884.880933408011,2020-08-06T14:49:15Z,45.45500000,7.70248333,1207.00,37.129
14910,3,7053,11949.310749891654,7885.880933408011,2020-08-06T14:49:16Z,45.45495000,7.70236667,1210.00,37.119
14911,3,7054,11950.310749891654,7886.880933408011,2020-08-06T14:49:17Z,45.45488333,7.70223333,1203.00,37.107
14912,3,7055,11951.310749891654,7887.880933408011,2020-08-06T14:49:18Z,45.45485000,7.70208333,1207.00,37.097
14913,3,7056,11952.310749891654,7888.880933408011,2020-08-06T14:49:19Z,45.45481667,7.70195000,1207.00,37.088
14914,3,7057,11953.310749891654,7889.880933408011,2020-08-06T14:49:20Z,45.45480000,7.70181667,1187.00,37.081
14915,3,7058,11954.310749891654,7890.880933408011,2020-08-06T14:49:21Z,45.45478333,7.70170000,1209.00,37.075
14916,3,7059,11955.310749891654,7891.880933408011,2020-08-06T14:49:22Z,45.45475000,7.70156667,1200.00,37.066
14917,3,7060,11956.310749891654,7892.880933408011,2020-08-06T14:49:23Z,45.45471667,7.70141667,1189.00,37.056
14918,3,7061,11957.310749891654,7893.880933408011,2020-08-06T14:49:24Z,45.45468333,7.70126667,1198.00,37.046
14919,3,7062,11958.310749891654,7894.880933408011,2020-08-06T14:49:25Z,45.45465000,7.70111667,1202.00,37.037
14920,3,7063,11959.310749891654,7895.880933408011,2020-08-06T14:49:26Z,45.45463333,7.70098333,1199.00,37.03
14921,3,7064,11960.310749891654,7896.880933408011,2020-08-06T14:49:27Z,45.45461667,7.70086667,1189.00,37.023
14922,3,7065,11961.310749891654,7897.880933408011,2020-08-06T14:49:28Z,45.45460000,7.70075000,1197.00,37.016
14923,3,7066,11962.310749891654,7898.880933408011,2020-08-06T14:49:29Z,45.45456667,7.70063333,1193.00,37.008
14924,3,7067,11963.310749891654,7899.880933408011,2020-08-06T14:49:30Z,45.45453333,7.70050000,1193.00,36.999
14925,3,7068,11964.310749891654,7900.880933408011,2020-08-06T14:49:31Z,45.45448333,7.70035000,1187.00,36.988
14926,3,7069,11965.310749891654,7901.880933408011,2020-08-06T14:49:32Z,45.45443333,7.70020000,1193.00,36.977
14927,3,7070,11966.310749891654,7902.880933408011,2020-08-06T14:49:33Z,45.45440000,7.70006667,1187.00,36.968
14928,3,7071,11967.310749891654,7903.880933408011,2020-08-06T14:49:34Z,45.45438333,7.69995000,1196.00,36.962
14929,3,7072,11968.310749891654,7904.880933408011,2020-08-06T14:49:35Z,45.45436667,7.69985000,1202.00,36.956
14930,3,7073,11969.310749891654,7905.880933408011,2020-08-06T14:49:36Z,45.45435000,7.69971667,1200.00,36.948
14931,3,7074,11970.310749891654,7906.880933408011,2020-08-06T14:49:37Z,45.45435000,7.69960000,1190.00,36.943
14932,3,7075,11971.310749891654,7907.880933408011,2020-08-06T14:49:38Z,45.45433333,7.69945000,1218.00,36.935
14933,3,7076,11972.310749891654,7908.880933408011,2020-08-06T14:49:39Z,45.45433333,7.69931667,1191.00,36.929
14934,3,7077,11973.310749891654,7909.880933408011,2020-08-06T14:49:40Z,45.45433333,7.69916667,1181.00,36.923
14935,3,7078,11974.310749891654,7910.880933408011,2020-08-06T14:49:41Z,45.45433333,7.69903333,1201.00,36.917
14936,3,7079,11975.310749891654,7911.880933408011,2020-08-06T14:49:42Z,45.45435000,7.69890000,1201.00,36.912
14937,3,7080,11976.310749891654,7912.880933408011,2020-08-06T14:49:43Z,45.45436667,7.69876667,1202.00,36.908
14938,3,7081,11977.310749891654,7913.880933408011,2020-08-06T14:49:44Z,45.45440000,7.69863333,1202.00,36.905
14939,3,7082,11978.310749891654,7914.880933408011,2020-08-06T14:49:45Z,45.45441667,7.69848333,1197.00,36.9
14940,3,7083,11979.310749891654,7915.880933408011,2020-08-06T14:49:46Z,45.45445000,7.69833333,1202.00,36.896
14941,3,7084,11980.310749891654,7916.880933408011,2020-08-06T14:49:47Z,45.45446667,7.69818333,1199.00,36.891
14942,3,7085,11981.310749891654,7917.880933408011,2020-08-06T14:49:48Z,45.45450000,7.69803333,1200.00,36.888
14943,3,7086,11982.310749891654,7918.880933408011,2020-08-06T14:49:49Z,45.45451667,7.69788333,1196.00,36.883
14944,3,7087,11983.310749891654,7919.880933408011,2020-08-06T14:49:50Z,45.45456667,7.69775000,1195.00,36.882
14945,3,7088,11984.310749891654,7920.880933408011,2020-08-06T14:49:51Z,45.45460000,7.69758333,1196.00,36.877
14946,3,7089,11985.310749891654,7921.880933408011,2020-08-06T14:49:52Z,45.45465000,7.69743333,1196.00,36.875
14947,3,7090,11986.310749891654,7922.880933408011,2020-08-06T14:49:53Z,45.45470000,7.69728333,1191.00,36.873
14948,3,7091,11987.310749891654,7923.880933408011,2020-08-06T14:49:54Z,45.45475000,7.69713333,1193.00,36.871
14949,3,7092,11988.310749891654,7924.880933408011,2020-08-06T14:49:55Z,45.45480000,7.69698333,1191.00,36.869
14950,3,7093,11989.310749891654,7925.880933408011,2020-08-06T14:49:56Z,45.45486667,7.69685000,1191.00,36.87
14951,3,7094,11990.310749891654,7926.880933408011,2020-08-06T14:49:57Z,45.45491667,7.69671667,1189.00,36.869
14952,3,7095,11991.310749891654,7927.880933408011,2020-08-06T14:49:58Z,45.45496667,7.69658333,1190.00,36.867
14953,3,7096,11992.310749891654,7928.880933408011,2020-08-06T14:49:59Z,45.45503333,7.69645000,1194.00,36.868
14954,3,7097,11993.310749891654,7929.880933408011,2020-08-06T14:50:00Z,45.45508333,7.69631667,1190.00,36.867
14955,3,7098,11994.310749891654,7930.880933408011,2020-08-06T14:50:01Z,45.45513333,7.69618333,1192.00,36.865
14956,3,7099,11995.310749891654,7931.880933408011,2020-08-06T14:50:02Z,45.45518333,7.69603333,1193.00,36.864
14957,3,7100,11996.310749891654,7932.880933408011,2020-08-06T14:50:03Z,45.45523333,7.69590000,1193.00,36.862
14958,3,7101,11997.310749891654,7933.880933408011,2020-08-06T14:50:04Z,45.45530000,7.69576667,1193.00,36.863
14959,3,7102,11998.310749891654,7934.880933408011,2020-08-06T14:50:05Z,45.45535000,7.69565000,1189.00,36.862
14960,3,7103,11999.310749891654,7935.880933408011,2020-08-06T14:50:06Z,45.45541667,7.69553333,1194.00,36.863
14961,3,7104,12000.310749891654,7936.880933408011,2020-08-06T14:50:07Z,45.45548333,7.69541667,1195.00,36.865
14962,3,7105,12001.310749891654,7937.880933408011,2020-08-06T14:50:08Z,45.45553333,7.69530000,1205.00,36.864
14963,3,7106,12002.310749891654,7938.880933408011,2020-08-06T14:50:09Z,45.45556667,7.69518333,1201.00,36.862
14964,3,7107,12003.310749891654,7939.880933408011,2020-08-06T14:50:10Z,45.45558333,7.69506667,1206.00,36.859
14965,3,7108,12004.310749891654,7940.880933408011,2020-08-06T14:50:11Z,45.45556667,7.69496667,1200.00,36.853
14966,3,7109,12005.310749891654,7941.880933408011,2020-08-06T14:50:12Z,45.45553333,7.69486667,1203.00,36.846
14967,3,7110,12006.310749891654,7942.880933408011,2020-08-06T14:50:13Z,45.45548333,7.69480000,1201.00,36.838
14968,3,7111,12007.310749891654,7943.880933408011,2020-08-06T14:50:14Z,45.45543333,7.69473333,1203.00,36.831
14969,3,7112,12008.310749891654,7944.880933408011,2020-08-06T14:50:15Z,45.45538333,7.69470000,1205.00,36.825
14970,3,7113,12009.310749891654,7945.880933408011,2020-08-06T14:50:16Z,45.45531667,7.69471667,1209.00,36.819
14971,3,7114,12010.310749891654,7946.880933408011,2020-08-06T14:50:17Z,45.45528333,7.69478333,1212.00,36.819
14972,3,7115,12011.310749891654,7947.880933408011,2020-08-06T14:50:18Z,45.45526667,7.69488333,1216.00,36.822
14973,3,7116,12012.310749891654,7948.880933408011,2020-08-06T14:50:19Z,45.45528333,7.69501667,1211.00,36.829
14974,3,7117,12013.310749891654,7949.880933408011,2020-08-06T14:50:20Z,45.45533333,7.69515000,1220.00,36.839
14975,3,7118,12014.310749891654,7950.880933408011,2020-08-06T14:50:21Z,45.45540000,7.69526667,1218.00,36.85
14976,3,7119,12015.310749891654,7951.880933408011,2020-08-06T14:50:22Z,45.45546667,7.69535000,1216.00,36.86
14977,3,7120,12016.310749891654,7952.880933408011,2020-08-06T14:50:23Z,45.45556667,7.69541667,1222.00,36.872
14978,3,7121,12017.310749891654,7953.880933408011,2020-08-06T14:50:24Z,45.45566667,7.69541667,1230.00,36.882
14979,3,7122,12018.310749891654,7954.880933408011,2020-08-06T14:50:25Z,45.45576667,7.69535000,1219.00,36.888
14980,3,7123,12019.310749891654,7955.880933408011,2020-08-06T14:50:26Z,45.45586667,7.69525000,1225.00,36.893
14981,3,7124,12020.310749891654,7956.880933408011,2020-08-06T14:50:27Z,45.45593333,7.69515000,1238.00,36.895
14982,3,7125,12021.310749891654,7957.880933408011,2020-08-06T14:50:28Z,45.45596667,7.69505000,1230.00,36.894
14983,3,7126,12022.310749891654,7958.880933408011,2020-08-06T14:50:29Z,45.45600000,7.69496667,1231.00,36.893
14984,3,7127,12023.310749891654,7959.880933408011,2020-08-06T14:50:30Z,45.45601667,7.69490000,1232.00,36.892
14985,3,7128,12024.310749891654,7960.880933408011,2020-08-06T14:50:31Z,45.45600000,7.69481667,1248.00,36.887
14986,3,7129,12025.310749891654,7961.880933408011,2020-08-06T14:50:32Z,45.45598333,7.69471667,1237.00,36.881
14987,3,7130,12026.310749891654,7962.880933408011,2020-08-06T14:50:33Z,45.45595000,7.69461667,1241.00,36.874
14988,3,7131,12027.310749891654,7963.880933408011,2020-08-06T14:50:34Z,45.45593333,7.69450000,1243.00,36.867
14989,3,7132,12028.310749891654,7964.880933408011,2020-08-06T14:50:35Z,45.45588333,7.69441667,1247.00,36.859
14990,3,7133,12029.310749891654,7965.880933408011,2020-08-06T14:50:36Z,45.45583333,7.69436667,1253.00,36.852
14991,3,7134,12030.310749891654,7966.880933408011,2020-08-06T14:50:37Z,45.45578333,7.69438333,1248.00,36.848
14992,3,7135,12031.310749891654,7967.880933408011,2020-08-06T14:50:38Z,45.45573333,7.69445000,1249.00,36.846
14993,3,7136,12032.310749891654,7968.880933408011,2020-08-06T14:50:39Z,45.45571667,7.69455000,1254.00,36.849
14994,3,7137,12033.310749891654,7969.880933408011,2020-08-06T14:50:40Z,45.45571667,7.69468333,1254.00,36.855
14995,3,7138,12034.310749891654,7970.880933408011,2020-08-06T14:50:41Z,45.45578333,7.69480000,1258.00,36.866
14996,3,7139,12035.310749891654,7971.880933408011,2020-08-06T14:50:42Z,45.45588333,7.69490000,1260.00,36.88
14997,3,7140,12036.310749891654,7972.880933408011,2020-08-06T14:50:43Z,45.45601667,7.69496667,1249.00,36.895
14998,3,7141,12037.310749891654,7973.880933408011,2020-08-06T14:50:44Z,45.45613333,7.69500000,1260.00,36.907
14999,3,7142,12038.310749891654,7974.880933408011,2020-08-06T14:50:45Z,45.45623333,7.69500000,1263.00,36.916
15000,3,7143,12039.310749891654,7975.880933408011,2020-08-06T14:50:46Z,45.45633333,7.69496667,1271.00,36.924
15001,3,7144,12040.310749891654,7976.880933408011,2020-08-06T14:50:47Z,45.45643333,7.69488333,1272.00,36.93
15002,3,7145,12041.310749891654,7977.880933408011,2020-08-06T14:50:48Z,45.45651667,7.69480000,1267.00,36.934
15003,3,7146,12042.310749891654,7978.880933408011,2020-08-06T14:50:49Z,45.45660000,7.69471667,1277.00,36.938
15004,3,7147,12043.310749891654,7979.880933408011,2020-08-06T14:50:50Z,45.45663333,7.69463333,1284.00,36.938
15005,3,7148,12044.310749891654,7980.880933408011,2020-08-06T14:50:51Z,45.45663333,7.69455000,1281.00,36.934
15006,3,7149,12045.310749891654,7981.880933408011,2020-08-06T14:50:52Z,45.45663333,7.69446667,1274.00,36.931
15007,3,7150,12046.310749891654,7982.880933408011,2020-08-06T14:50:53Z,45.45660000,7.69438333,1274.00,36.924
15008,3,7151,12047.310749891654,7983.880933408011,2020-08-06T14:50:54Z,45.45655000,7.69433333,1287.00,36.917
15009,3,7152,12048.310749891654,7984.880933408011,2020-08-06T14:50:55Z,45.45648333,7.69433333,1283.00,36.911
15010,3,7153,12049.310749891654,7985.880933408011,2020-08-06T14:50:56Z,45.45641667,7.69436667,1281.00,36.906
15011,3,7154,12050.310749891654,7986.880933408011,2020-08-06T14:50:57Z,45.45635000,7.69446667,1281.00,36.904
15012,3,7155,12051.310749891654,7987.880933408011,2020-08-06T14:50:58Z,45.45631667,7.69458333,1275.00,36.906
15013,3,7156,12052.310749891654,7988.880933408011,2020-08-06T14:50:59Z,45.45630000,7.69470000,1292.00,36.91
15014,3,7157,12053.310749891654,7989.880933408011,2020-08-06T14:51:00Z,45.45631667,7.69480000,1294.00,36.916
15015,3,7158,12054.310749891654,7990.880933408011,2020-08-06T14:51:01Z,45.45633333,7.69490000,1295.00,36.921
15016,3,7159,12055.310749891654,7991.880933408011,2020-08-06T14:51:02Z,45.45635000,7.69500000,1254.00,36.927
15017,3,7160,12056.310749891654,7992.880933408011,2020-08-06T14:51:03Z,45.45635000,7.69508333,1280.00,36.931
15018,3,7161,12057.310749891654,7993.880933408011,2020-08-06T14:51:04Z,45.45631667,7.69515000,1287.00,36.931
15019,3,7162,12058.310749891654,7994.880933408011,2020-08-06T14:51:05Z,45.45628333,7.69521667,1295.00,36.93
15020,3,7163,12059.310749891654,7995.880933408011,2020-08-06T14:51:06Z,45.45623333,7.69523333,1293.00,36.926
15021,3,7164,12060.310749891654,7996.880933408011,2020-08-06T14:51:07Z,45.45616667,7.69525000,1306.00,36.921
15022,3,7165,12061.310749891654,7997.880933408011,2020-08-06T14:51:08Z,45.45610000,7.69521667,1305.00,36.913
15023,3,7166,12062.310749891654,7998.880933408011,2020-08-06T14:51:09Z,45.45603333,7.69515000,1298.00,36.904
15024,3,7167,12063.310749891654,7999.880933408011,2020-08-06T14:51:10Z,45.45600000,7.69505000,1301.00,36.897
15025,3,7168,12064.310749891654,8000.880933408011,2020-08-06T14:51:11Z,45.45598333,7.69491667,1302.00,36.89
15026,3,7169,12065.310749891654,8001.880933408011,2020-08-06T14:51:12Z,45.45598333,7.69476667,1300.00,36.883
15027,3,7170,12066.310749891654,8002.880933408011,2020-08-06T14:51:13Z,45.45600000,7.69461667,1302.00,36.878
15028,3,7171,12067.310749891654,8003.880933408011,2020-08-06T14:51:14Z,45.45603333,7.69446667,1292.00,36.875
15029,3,7172,12068.310749891654,8004.880933408011,2020-08-06T14:51:15Z,45.45610000,7.69435000,1304.00,36.876
15030,3,7173,12069.310749891654,8005.880933408011,2020-08-06T14:51:16Z,45.45618333,7.69423333,1302.00,36.879
15031,3,7174,12070.310749891654,8006.880933408011,2020-08-06T14:51:17Z,45.45630000,7.69415000,1300.00,36.886
15032,3,7175,12071.310749891654,8007.880933408011,2020-08-06T14:51:18Z,45.45643333,7.69413333,1308.00,36.898
15033,3,7176,12072.310749891654,8008.880933408011,2020-08-06T14:51:19Z,45.45655000,7.69416667,1303.00,36.91
15034,3,7177,12073.310749891654,8009.880933408011,2020-08-06T14:51:20Z,45.45665000,7.69426667,1311.00,36.924
15035,3,7178,12074.310749891654,8010.880933408011,2020-08-06T14:51:21Z,45.45671667,7.69438333,1309.00,36.935
15036,3,7179,12075.310749891654,8011.880933408011,2020-08-06T14:51:22Z,45.45673333,7.69451667,1317.00,36.942
15037,3,7180,12076.310749891654,8012.880933408011,2020-08-06T14:51:23Z,45.45670000,7.69460000,1320.00,36.943
15038,3,7181,12077.310749891654,8013.880933408011,2020-08-06T14:51:24Z,45.45665000,7.69465000,1305.00,36.94
15039,3,7182,12078.310749891654,8014.880933408011,2020-08-06T14:51:25Z,45.45658333,7.69461667,1315.00,36.933
15040,3,7183,12079.310749891654,8015.880933408011,2020-08-06T14:51:26Z,45.45653333,7.69453333,1321.00,36.924
15041,3,7184,12080.310749891654,8016.880933408011,2020-08-06T14:51:27Z,45.45650000,7.69440000,1320.00,36.916
15042,3,7185,12081.310749891654,8017.880933408011,2020-08-06T14:51:28Z,45.45653333,7.69426667,1312.00,36.913
15043,3,7186,12082.310749891654,8018.880933408011,2020-08-06T14:51:29Z,45.45661667,7.69415000,1318.00,36.916
15044,3,7187,12083.310749891654,8019.880933408011,2020-08-06T14:51:30Z,45.45673333,7.69411667,1308.00,36.925
15045,3,7188,12084.310749891654,8020.880933408011,2020-08-06T14:51:31Z,45.45686667,7.69418333,1315.00,36.94
15046,3,7189,12085.310749891654,8021.880933408011,2020-08-06T14:51:32Z,45.45695000,7.69431667,1329.00,36.954
15047,3,7190,12086.310749891654,8022.880933408011,2020-08-06T14:51:33Z,45.45695000,7.69448333,1322.00,36.961
15048,3,7191,12087.310749891654,8023.880933408011,2020-08-06T14:51:34Z,45.45690000,7.69456667,1324.00,36.96
15049,3,7192,12088.310749891654,8024.880933408011,2020-08-06T14:51:35Z,45.45683333,7.69456667,1328.00,36.954
15050,3,7193,12089.310749891654,8025.880933408011,2020-08-06T14:51:36Z,45.45676667,7.69451667,1334.00,36.945
15051,3,7194,12090.310749891654,8026.880933408011,2020-08-06T14:51:37Z,45.45671667,7.69441667,1332.00,36.936
15052,3,7195,12091.310749891654,8027.880933408011,2020-08-06T14:51:38Z,45.45671667,7.69430000,1344.00,36.931
15053,3,7196,12092.310749891654,8028.880933408011,2020-08-06T14:51:39Z,45.45675000,7.69418333,1329.00,36.93
15054,3,7197,12093.310749891654,8029.880933408011,2020-08-06T14:51:40Z,45.45681667,7.69408333,1329.00,36.932
15055,3,7198,12094.310749891654,8030.880933408011,2020-08-06T14:51:41Z,45.45690000,7.69400000,1362.00,36.936
15056,3,7199,12095.310749891654,8031.880933408011,2020-08-06T14:51:42Z,45.45700000,7.69398333,1332.00,36.944
15057,3,7200,12096.310749891654,8032.880933408011,2020-08-06T14:51:43Z,45.45710000,7.69400000,1333.00,36.954
15058,3,7201,12097.310749891654,8033.880933408011,2020-08-06T14:51:44Z,45.45721667,7.69406667,1356.00,36.968
15059,3,7202,12098.310749891654,8034.880933408011,2020-08-06T14:51:45Z,45.45731667,7.69416667,1341.00,36.982
15060,3,7203,12099.310749891654,8035.880933408011,2020-08-06T14:51:46Z,45.45740000,7.69428333,1340.00,36.994
15061,3,7204,12100.310749891654,8036.880933408011,2020-08-06T14:51:47Z,45.45745000,7.69441667,1341.00,37.005
15062,3,7205,12101.310749891654,8037.880933408011,2020-08-06T14:51:48Z,45.45745000,7.69453333,1345.00,37.01
15063,3,7206,12102.310749891654,8038.880933408011,2020-08-06T14:51:49Z,45.45741667,7.69461667,1351.00,37.01
15064,3,7207,12103.310749891654,8039.880933408011,2020-08-06T14:51:50Z,45.45736667,7.69466667,1365.00,37.008
15065,3,7208,12104.310749891654,8040.880933408011,2020-08-06T14:51:51Z,45.45731667,7.69470000,1355.00,37.004
15066,3,7209,12105.310749891654,8041.880933408011,2020-08-06T14:51:52Z,45.45725000,7.69468333,1355.00,36.997
15067,3,7210,12106.310749891654,8042.880933408011,2020-08-06T14:51:53Z,45.45720000,7.69465000,1364.00,36.991
15068,3,7211,12107.310749891654,8043.880933408011,2020-08-06T14:51:54Z,45.45716667,7.69458333,1353.00,36.985
15069,3,7212,12108.310749891654,8044.880933408011,2020-08-06T14:51:55Z,45.45713333,7.69448333,1358.00,36.978
15070,3,7213,12109.310749891654,8045.880933408011,2020-08-06T14:51:56Z,45.45713333,7.69436667,1363.00,36.973
15071,3,7214,12110.310749891654,8046.880933408011,2020-08-06T14:51:57Z,45.45715000,7.69425000,1372.00,36.97
15072,3,7215,12111.310749891654,8047.880933408011,2020-08-06T14:51:58Z,45.45720000,7.69415000,1353.00,36.97
15073,3,7216,12112.310749891654,8048.880933408011,2020-08-06T14:51:59Z,45.45728333,7.69406667,1367.00,36.974
15074,3,7217,12113.310749891654,8049.880933408011,2020-08-06T14:52:00Z,45.45738333,7.69403333,1363.00,36.982
15075,3,7218,12114.310749891654,8050.880933408011,2020-08-06T14:52:01Z,45.45750000,7.69405000,1374.00,36.994
15076,3,7219,12115.310749891654,8051.880933408011,2020-08-06T14:52:02Z,45.45760000,7.69411667,1367.00,37.006
15077,3,7220,12116.310749891654,8052.880933408011,2020-08-06T14:52:03Z,45.45768333,7.69421667,1381.00,37.018
15078,3,7221,12117.310749891654,8053.880933408011,2020-08-06T14:52:04Z,45.45773333,7.69433333,1377.00,37.028
15079,3,7222,12118.310749891654,8054.880933408011,2020-08-06T14:52:05Z,45.45776667,7.69446667,1370.00,37.036
15080,3,7223,12119.310749891654,8055.880933408011,2020-08-06T14:52:06Z,45.45775000,7.69456667,1380.00,37.039
15081,3,7224,12120.310749891654,8056.880933408011,2020-08-06T14:52:07Z,45.45773333,7.69466667,1382.00,37.042
15082,3,7225,12121.310749891654,8057.880933408011,2020-08-06T14:52:08Z,45.45770000,7.69473333,1382.00,37.042
15083,3,7226,12122.310749891654,8058.880933408011,2020-08-06T14:52:09Z,45.45766667,7.69478333,1373.00,37.041
15084,3,7227,12123.310749891654,8059.880933408011,2020-08-06T14:52:10Z,45.45760000,7.69481667,1388.00,37.036
15085,3,7228,12124.310749891654,8060.880933408011,2020-08-06T14:52:11Z,45.45753333,7.69481667,1382.00,37.03
15086,3,7229,12125.310749891654,8061.880933408011,2020-08-06T14:52:12Z,45.45746667,7.69478333,1390.00,37.022
15087,3,7230,12126.310749891654,8062.880933408011,2020-08-06T14:52:13Z,45.45740000,7.69473333,1387.00,37.014
15088,3,7231,12127.310749891654,8063.880933408011,2020-08-06T14:52:14Z,45.45731667,7.69465000,1395.00,37.002
15089,3,7232,12128.310749891654,8064.880933408011,2020-08-06T14:52:15Z,45.45725000,7.69458333,1386.00,36.993
15090,3,7233,12129.310749891654,8065.880933408011,2020-08-06T14:52:16Z,45.45718333,7.69450000,1414.00,36.983
15091,3,7234,12130.310749891654,8066.880933408011,2020-08-06T14:52:17Z,45.45711667,7.69441667,1389.00,36.974
15092,3,7235,12131.310749891654,8067.880933408011,2020-08-06T14:52:18Z,45.45705000,7.69435000,1389.00,36.965
15093,3,7236,12132.310749891654,8068.880933408011,2020-08-06T14:52:19Z,45.45698333,7.69430000,1380.00,36.956
15094,3,7237,12133.310749891654,8069.880933408011,2020-08-06T14:52:20Z,45.45691667,7.69428333,1377.00,36.949
15095,3,7238,12134.310749891654,8070.880933408011,2020-08-06T14:52:21Z,45.45686667,7.69425000,1376.00,36.943
15096,3,7239,12135.310749891654,8071.880933408011,2020-08-06T14:52:22Z,45.45680000,7.69420000,1392.00,36.935
15097,3,7240,12136.310749891654,8072.880933408011,2020-08-06T14:52:23Z,45.45675000,7.69411667,1380.00,36.927
15098,3,7241,12137.310749891654,8073.880933408011,2020-08-06T14:52:24Z,45.45673333,7.69400000,1382.00,36.92
15099,3,7242,12138.310749891654,8074.880933408011,2020-08-06T14:52:25Z,45.45671667,7.69385000,1384.00,36.912
15100,3,7243,12139.310749891654,8075.880933408011,2020-08-06T14:52:26Z,45.45675000,7.69371667,1389.00,36.91
15101,3,7244,12140.310749891654,8076.880933408011,2020-08-06T14:52:27Z,45.45678333,7.69358333,1382.00,36.907
15102,3,7245,12141.310749891654,8077.880933408011,2020-08-06T14:52:28Z,45.45685000,7.69348333,1382.00,36.909
15103,3,7246,12142.310749891654,8078.880933408011,2020-08-06T14:52:29Z,45.45695000,7.69340000,1394.00,36.915
15104,3,7247,12143.310749891654,8079.880933408011,2020-08-06T14:52:30Z,45.45705000,7.69335000,1371.00,36.922
15105,3,7248,12144.310749891654,8080.880933408011,2020-08-06T14:52:31Z,45.45716667,7.69333333,1383.00,36.933
15106,3,7249,12145.310749891654,8081.880933408011,2020-08-06T14:52:32Z,45.45728333,7.69336667,1388.00,36.945
15107,3,7250,12146.310749891654,8082.880933408011,2020-08-06T14:52:33Z,45.45738333,7.69345000,1392.00,36.958
15108,3,7251,12147.310749891654,8083.880933408011,2020-08-06T14:52:34Z,45.45743333,7.69356667,1383.00,36.967
15109,3,7252,12148.310749891654,8084.880933408011,2020-08-06T14:52:35Z,45.45745000,7.69368333,1379.00,36.974
15110,3,7253,12149.310749891654,8085.880933408011,2020-08-06T14:52:36Z,45.45743333,7.69380000,1416.00,36.977
15111,3,7254,12150.310749891654,8086.880933408011,2020-08-06T14:52:37Z,45.45740000,7.69390000,1370.00,36.978
15112,3,7255,12151.310749891654,8087.880933408011,2020-08-06T14:52:38Z,45.45733333,7.69396667,1388.00,36.975
15113,3,7256,12152.310749891654,8088.880933408011,2020-08-06T14:52:39Z,45.45726667,7.69395000,1396.00,36.968
15114,3,7257,12153.310749891654,8089.880933408011,2020-08-06T14:52:40Z,45.45720000,7.69390000,1387.00,36.96
15115,3,7258,12154.310749891654,8090.880933408011,2020-08-06T14:52:41Z,45.45715000,7.69381667,1387.00,36.951
15116,3,7259,12155.310749891654,8091.880933408011,2020-08-06T14:52:42Z,45.45711667,7.69371667,1388.00,36.944
15117,3,7260,12156.310749891654,8092.880933408011,2020-08-06T14:52:43Z,45.45711667,7.69358333,1383.00,36.938
15118,3,7261,12157.310749891654,8093.880933408011,2020-08-06T14:52:44Z,45.45715000,7.69345000,1384.00,36.936
15119,3,7262,12158.310749891654,8094.880933408011,2020-08-06T14:52:45Z,45.45723333,7.69335000,1385.00,36.939
15120,3,7263,12159.310749891654,8095.880933408011,2020-08-06T14:52:46Z,45.45733333,7.69328333,1384.00,36.946
15121,3,7264,12160.310749891654,8096.880933408011,2020-08-06T14:52:47Z,45.45745000,7.69328333,1379.00,36.957
15122,3,7265,12161.310749891654,8097.880933408011,2020-08-06T14:52:48Z,45.45755000,7.69331667,1389.00,36.968
15123,3,7266,12162.310749891654,8098.880933408011,2020-08-06T14:52:49Z,45.45763333,7.69341667,1396.00,36.98
15124,3,7267,12163.310749891654,8099.880933408011,2020-08-06T14:52:50Z,45.45770000,7.69351667,1390.00,36.99
15125,3,7268,12164.310749891654,8100.880933408011,2020-08-06T14:52:51Z,45.45771667,7.69365000,1386.00,36.997
15126,3,7269,12165.310749891654,8101.880933408011,2020-08-06T14:52:52Z,45.45770000,7.69376667,1404.00,37.001
15127,3,7270,12166.310749891654,8102.880933408011,2020-08-06T14:52:53Z,45.45765000,7.69383333,1395.00,36.999
15128,3,7271,12167.310749891654,8103.880933408011,2020-08-06T14:52:54Z,45.45758333,7.69388333,1400.00,36.995
15129,3,7272,12168.310749891654,8104.880933408011,2020-08-06T14:52:55Z,45.45751667,7.69388333,1392.00,36.988
15130,3,7273,12169.310749891654,8105.880933408011,2020-08-06T14:52:56Z,45.45743333,7.69386667,1398.00,36.98
15131,3,7274,12170.310749891654,8106.880933408011,2020-08-06T14:52:57Z,45.45736667,7.69380000,1383.00,36.971
15132,3,7275,12171.310749891654,8107.880933408011,2020-08-06T14:52:58Z,45.45731667,7.69368333,1402.00,36.961
15133,3,7276,12172.310749891654,8108.880933408011,2020-08-06T14:52:59Z,45.45728333,7.69356667,1398.00,36.953
15134,3,7277,12173.310749891654,8109.880933408011,2020-08-06T14:53:00Z,45.45730000,7.69343333,1390.00,36.949
15135,3,7278,12174.310749891654,8110.880933408011,2020-08-06T14:53:01Z,45.45731667,7.69330000,1393.00,36.945
15136,3,7279,12175.310749891654,8111.880933408011,2020-08-06T14:53:02Z,45.45736667,7.69316667,1391.00,36.944
15137,3,7280,12176.310749891654,8112.880933408011,2020-08-06T14:53:03Z,45.45741667,7.69305000,1390.00,36.944
15138,3,7281,12177.310749891654,8113.880933408011,2020-08-06T14:53:04Z,45.45746667,7.69291667,1397.00,36.943
15139,3,7282,12178.310749891654,8114.880933408011,2020-08-06T14:53:05Z,45.45751667,7.69278333,1403.00,36.942
15140,3,7283,12179.310749891654,8115.880933408011,2020-08-06T14:53:06Z,45.45760000,7.69266667,1387.00,36.945
15141,3,7284,12180.310749891654,8116.880933408011,2020-08-06T14:53:07Z,45.45770000,7.69258333,1384.00,36.951
15142,3,7285,12181.310749891654,8117.880933408011,2020-08-06T14:53:08Z,45.45780000,7.69255000,1419.00,36.959
15143,3,7286,12182.310749891654,8118.880933408011,2020-08-06T14:53:09Z,45.45790000,7.69253333,1383.00,36.968
15144,3,7287,12183.310749891654,8119.880933408011,2020-08-06T14:53:10Z,45.45801667,7.69258333,1403.00,36.981
15145,3,7288,12184.310749891654,8120.880933408011,2020-08-06T14:53:11Z,45.45813333,7.69266667,1391.00,36.995
15146,3,7289,12185.310749891654,8121.880933408011,2020-08-06T14:53:12Z,45.45820000,7.69278333,1406.00,37.006
15147,3,7290,12186.310749891654,8122.880933408011,2020-08-06T14:53:13Z,45.45825000,7.69291667,1406.00,37.016
15148,3,7291,12187.310749891654,8123.880933408011,2020-08-06T14:53:14Z,45.45825000,7.69305000,1410.00,37.022
15149,3,7292,12188.310749891654,8124.880933408011,2020-08-06T14:53:15Z,45.45821667,7.69318333,1416.00,37.025
15150,3,7293,12189.310749891654,8125.880933408011,2020-08-06T14:53:16Z,45.45815000,7.69326667,1404.00,37.022
15151,3,7294,12190.310749891654,8126.880933408011,2020-08-06T14:53:17Z,45.45808333,7.69330000,1412.00,37.017
15152,3,7295,12191.310749891654,8127.880933408011,2020-08-06T14:53:18Z,45.45801667,7.69330000,1419.00,37.011
15153,3,7296,12192.310749891654,8128.880933408011,2020-08-06T14:53:19Z,45.45795000,7.69326667,1420.00,37.003
15154,3,7297,12193.310749891654,8129.880933408011,2020-08-06T14:53:20Z,45.45790000,7.69321667,1428.00,36.996
15155,3,7298,12194.310749891654,8130.880933408011,2020-08-06T14:53:21Z,45.45786667,7.69311667,1411.00,36.989
15156,3,7299,12195.310749891654,8131.880933408011,2020-08-06T14:53:22Z,45.45786667,7.69298333,1423.00,36.983
15157,3,7300,12196.310749891654,8132.880933408011,2020-08-06T14:53:23Z,45.45790000,7.69283333,1423.00,36.98
15158,3,7301,12197.310749891654,8133.880933408011,2020-08-06T14:53:24Z,45.45796667,7.69270000,1438.00,36.981
15159,3,7302,12198.310749891654,8134.880933408011,2020-08-06T14:53:25Z,45.45806667,7.69263333,1414.00,36.987
15160,3,7303,12199.310749891654,8135.880933408011,2020-08-06T14:53:26Z,45.45818333,7.69261667,1431.00,36.998
15161,3,7304,12200.310749891654,8136.880933408011,2020-08-06T14:53:27Z,45.45830000,7.69270000,1436.00,37.012
15162,3,7305,12201.310749891654,8137.880933408011,2020-08-06T14:53:28Z,45.45836667,7.69283333,1440.00,37.024
15163,3,7306,12202.310749891654,8138.880933408011,2020-08-06T14:53:29Z,45.45838333,7.69300000,1436.00,37.032
15164,3,7307,12203.310749891654,8139.880933408011,2020-08-06T14:53:30Z,45.45833333,7.69313333,1444.00,37.033
15165,3,7308,12204.310749891654,8140.880933408011,2020-08-06T14:53:31Z,45.45826667,7.69320000,1440.00,37.03
15166,3,7309,12205.310749891654,8141.880933408011,2020-08-06T14:53:32Z,45.45818333,7.69320000,1461.00,37.022
15167,3,7310,12206.310749891654,8142.880933408011,2020-08-06T14:53:33Z,45.45810000,7.69316667,1457.00,37.013
15168,3,7311,12207.310749891654,8143.880933408011,2020-08-06T14:53:34Z,45.45805000,7.69308333,1438.00,37.005
15169,3,7312,12208.310749891654,8144.880933408011,2020-08-06T14:53:35Z,45.45805000,7.69295000,1443.00,36.999
15170,3,7313,12209.310749891654,8145.880933408011,2020-08-06T14:53:36Z,45.45806667,7.69280000,1461.00,36.994
15171,3,7314,12210.310749891654,8146.880933408011,2020-08-06T14:53:37Z,45.45810000,7.69266667,1456.00,36.992
15172,3,7315,12211.310749891654,8147.880933408011,2020-08-06T14:53:38Z,45.45818333,7.69253333,1463.00,36.994
15173,3,7316,12212.310749891654,8148.880933408011,2020-08-06T14:53:39Z,45.45826667,7.69246667,1465.00,36.999
15174,3,7317,12213.310749891654,8149.880933408011,2020-08-06T14:53:40Z,45.45836667,7.69246667,1452.00,37.009
15175,3,7318,12214.310749891654,8150.880933408011,2020-08-06T14:53:41Z,45.45848333,7.69253333,1456.00,37.022
15176,3,7319,12215.310749891654,8151.880933408011,2020-08-06T14:53:42Z,45.45856667,7.69263333,1468.00,37.034
15177,3,7320,12216.310749891654,8152.880933408011,2020-08-06T14:53:43Z,45.45861667,7.69278333,1465.00,37.045
15178,3,7321,12217.310749891654,8153.880933408011,2020-08-06T14:53:44Z,45.45860000,7.69293333,1471.00,37.05
15179,3,7322,12218.310749891654,8154.880933408011,2020-08-06T14:53:45Z,45.45851667,7.69303333,1476.00,37.046
15180,3,7323,12219.310749891654,8155.880933408011,2020-08-06T14:53:46Z,45.45843333,7.69305000,1478.00,37.039
15181,3,7324,12220.310749891654,8156.880933408011,2020-08-06T14:53:47Z,45.45835000,7.69301667,1477.00,37.03
15182,3,7325,12221.310749891654,8157.880933408011,2020-08-06T14:53:48Z,45.45828333,7.69293333,1482.00,37.02
15183,3,7326,12222.310749891654,8158.880933408011,2020-08-06T14:53:49Z,45.45825000,7.69280000,1481.00,37.012
15184,3,7327,12223.310749891654,8159.880933408011,2020-08-06T14:53:50Z,45.45825000,7.69265000,1490.00,37.005
15185,3,7328,12224.310749891654,8160.880933408011,2020-08-06T14:53:51Z,45.45830000,7.69251667,1489.00,37.004
15186,3,7329,12225.310749891654,8161.880933408011,2020-08-06T14:53:52Z,45.45838333,7.69241667,1496.00,37.008
15187,3,7330,12226.310749891654,8162.880933408011,2020-08-06T14:53:53Z,45.45848333,7.69236667,1490.00,37.015
15188,3,7331,12227.310749891654,8163.880933408011,2020-08-06T14:53:54Z,45.45860000,7.69238333,1491.00,37.027
15189,3,7332,12228.310749891654,8164.880933408011,2020-08-06T14:53:55Z,45.45870000,7.69245000,1482.00,37.039
15190,3,7333,12229.310749891654,8165.880933408011,2020-08-06T14:53:56Z,45.45880000,7.69255000,1501.00,37.053
15191,3,7334,12230.310749891654,8166.880933408011,2020-08-06T14:53:57Z,45.45883333,7.69270000,1495.00,37.062
15192,3,7335,12231.310749891654,8167.880933408011,2020-08-06T14:53:58Z,45.45881667,7.69283333,1502.00,37.066
15193,3,7336,12232.310749891654,8168.880933408011,2020-08-06T14:53:59Z,45.45876667,7.69295000,1500.00,37.066
15194,3,7337,12233.310749891654,8169.880933408011,2020-08-06T14:54:00Z,45.45870000,7.69301667,1500.00,37.063
15195,3,7338,12234.310749891654,8170.880933408011,2020-08-06T14:54:01Z,45.45860000,7.69305000,1508.00,37.055
15196,3,7339,12235.310749891654,8171.880933408011,2020-08-06T14:54:02Z,45.45851667,7.69301667,1504.00,37.046
15197,3,7340,12236.310749891654,8172.880933408011,2020-08-06T14:54:03Z,45.45843333,7.69296667,1505.00,37.036
15198,3,7341,12237.310749891654,8173.880933408011,2020-08-06T14:54:04Z,45.45838333,7.69286667,1504.00,37.027
15199,3,7342,12238.310749891654,8174.880933408011,2020-08-06T14:54:05Z,45.45835000,7.69275000,1519.00,37.019
15200,3,7343,12239.310749891654,8175.880933408011,2020-08-06T14:54:06Z,45.45833333,7.69261667,1518.00,37.012
15201,3,7344,12240.310749891654,8176.880933408011,2020-08-06T14:54:07Z,45.45838333,7.69246667,1517.00,37.01
15202,3,7345,12241.310749891654,8177.880933408011,2020-08-06T14:54:08Z,45.45845000,7.69236667,1526.00,37.012
15203,3,7346,12242.310749891654,8178.880933408011,2020-08-06T14:54:09Z,45.45856667,7.69230000,1510.00,37.02
15204,3,7347,12243.310749891654,8179.880933408011,2020-08-06T14:54:10Z,45.45868333,7.69231667,1520.00,37.032
15205,3,7348,12244.310749891654,8180.880933408011,2020-08-06T14:54:11Z,45.45880000,7.69236667,1534.00,37.045
15206,3,7349,12245.310749891654,8181.880933408011,2020-08-06T14:54:12Z,45.45888333,7.69243333,1528.00,37.056
15207,3,7350,12246.310749891654,8182.880933408011,2020-08-06T14:54:13Z,45.45896667,7.69255000,1536.00,37.069
15208,3,7351,12247.310749891654,8183.880933408011,2020-08-06T14:54:14Z,45.45903333,7.69268333,1543.00,37.08
15209,3,7352,12248.310749891654,8184.880933408011,2020-08-06T14:54:15Z,45.45908333,7.69281667,1521.00,37.091
15210,3,7353,12249.310749891654,8185.880933408011,2020-08-06T14:54:16Z,45.45910000,7.69296667,1524.00,37.098
15211,3,7354,12250.310749891654,8186.880933408011,2020-08-06T14:54:17Z,45.45908333,7.69311667,1546.00,37.103
15212,3,7355,12251.310749891654,8187.880933408011,2020-08-06T14:54:18Z,45.45903333,7.69323333,1533.00,37.103
15213,3,7356,12252.310749891654,8188.880933408011,2020-08-06T14:54:19Z,45.45895000,7.69330000,1545.00,37.098
15214,3,7357,12253.310749891654,8189.880933408011,2020-08-06T14:54:20Z,45.45886667,7.69333333,1550.00,37.092
15215,3,7358,12254.310749891654,8190.880933408011,2020-08-06T14:54:21Z,45.45878333,7.69331667,1551.00,37.083
15216,3,7359,12255.310749891654,8191.880933408011,2020-08-06T14:54:22Z,45.45871667,7.69328333,1557.00,37.076
15217,3,7360,12256.310749891654,8192.88093340801,2020-08-06T14:54:23Z,45.45865000,7.69325000,1561.00,37.068
15218,3,7361,12257.310749891654,8193.88093340801,2020-08-06T14:54:24Z,45.45858333,7.69318333,1565.00,37.059
15219,3,7362,12258.310749891654,8194.88093340801,2020-08-06T14:54:25Z,45.45853333,7.69310000,1557.00,37.051
15220,3,7363,12259.310749891654,8195.88093340801,2020-08-06T14:54:26Z,45.45848333,7.69300000,1555.00,37.042
15221,3,7364,12260.310749891654,8196.88093340801,2020-08-06T14:54:27Z,45.45845000,7.69288333,1557.00,37.034
15222,3,7365,12261.310749891654,8197.88093340801,2020-08-06T14:54:28Z,45.45843333,7.69276667,1564.00,37.027
15223,3,7366,12262.310749891654,8198.88093340801,2020-08-06T14:54:29Z,45.45843333,7.69263333,1562.00,37.022
15224,3,7367,12263.310749891654,8199.88093340801,2020-08-06T14:54:30Z,45.45846667,7.69251667,1556.00,37.02
15225,3,7368,12264.310749891654,8200.88093340801,2020-08-06T14:54:31Z,45.45851667,7.69240000,1550.00,37.02
15226,3,7369,12265.310749891654,8201.88093340801,2020-08-06T14:54:32Z,45.45860000,7.69233333,1563.00,37.025
15227,3,7370,12266.310749891654,8202.88093340801,2020-08-06T14:54:33Z,45.45870000,7.69228333,1552.00,37.032
15228,3,7371,12267.310749891654,8203.88093340801,2020-08-06T14:54:34Z,45.45881667,7.69226667,1575.00,37.043
15229,3,7372,12268.310749891654,8204.88093340801,2020-08-06T14:54:35Z,45.45895000,7.69228333,1552.00,37.056
15230,3,7373,12269.310749891654,8205.88093340801,2020-08-06T14:54:36Z,45.45905000,7.69231667,1561.00,37.067
15231,3,7374,12270.310749891654,8206.88093340801,2020-08-06T14:54:37Z,45.45915000,7.69236667,1569.00,37.078
15232,3,7375,12271.310749891654,8207.88093340801,2020-08-06T14:54:38Z,45.45926667,7.69245000,1562.00,37.093
15233,3,7376,12272.310749891654,8208.88093340801,2020-08-06T14:54:39Z,45.45935000,7.69256667,1560.00,37.105
15234,3,7377,12273.310749891654,8209.88093340801,2020-08-06T14:54:40Z,45.45941667,7.69268333,1564.00,37.116
15235,3,7378,12274.310749891654,8210.88093340801,2020-08-06T14:54:41Z,45.45945000,7.69283333,1569.00,37.126
15236,3,7379,12275.310749891654,8211.88093340801,2020-08-06T14:54:42Z,45.45946667,7.69296667,1572.00,37.133
15237,3,7380,12276.310749891654,8212.88093340801,2020-08-06T14:54:43Z,45.45945000,7.69308333,1576.00,37.136
15238,3,7381,12277.310749891654,8213.88093340801,2020-08-06T14:54:44Z,45.45941667,7.69320000,1578.00,37.138
15239,3,7382,12278.310749891654,8214.88093340801,2020-08-06T14:54:45Z,45.45936667,7.69326667,1576.00,37.136
15240,3,7383,12279.310749891654,8215.88093340801,2020-08-06T14:54:46Z,45.45928333,7.69331667,1588.00,37.13
15241,3,7384,12280.310749891654,8216.88093340801,2020-08-06T14:54:47Z,45.45920000,7.69331667,1587.00,37.122
15242,3,7385,12281.310749891654,8217.88093340801,2020-08-06T14:54:48Z,45.45910000,7.69328333,1590.00,37.112
15243,3,7386,12282.310749891654,8218.88093340801,2020-08-06T14:54:49Z,45.45903333,7.69318333,1583.00,37.101
15244,3,7387,12283.310749891654,8219.88093340801,2020-08-06T14:54:50Z,45.45898333,7.69306667,1591.00,37.092
15245,3,7388,12284.310749891654,8220.88093340801,2020-08-06T14:54:51Z,45.45895000,7.69293333,1602.00,37.083
15246,3,7389,12285.310749891654,8221.88093340801,2020-08-06T14:54:52Z,45.45896667,7.69280000,1599.00,37.079
15247,3,7390,12286.310749891654,8222.88093340801,2020-08-06T14:54:53Z,45.45903333,7.69270000,1590.00,37.081
15248,3,7391,12287.310749891654,8223.88093340801,2020-08-06T14:54:54Z,45.45911667,7.69263333,1590.00,37.086
15249,3,7392,12288.310749891654,8224.88093340801,2020-08-06T14:54:55Z,45.45923333,7.69261667,1605.00,37.096
15250,3,7393,12289.310749891654,8225.88093340801,2020-08-06T14:54:56Z,45.45935000,7.69263333,1611.00,37.108
15251,3,7394,12290.310749891654,8226.88093340801,2020-08-06T14:54:57Z,45.45945000,7.69266667,1610.00,37.119
15252,3,7395,12291.310749891654,8227.88093340801,2020-08-06T14:54:58Z,45.45955000,7.69275000,1591.00,37.132
15253,3,7396,12292.310749891654,8228.88093340801,2020-08-06T14:54:59Z,45.45963333,7.69286667,1611.00,37.144
15254,3,7397,12293.310749891654,8229.88093340801,2020-08-06T14:55:00Z,45.45970000,7.69300000,1616.00,37.156
15255,3,7398,12294.310749891654,8230.88093340801,2020-08-06T14:55:01Z,45.45971667,7.69315000,1616.00,37.164
15256,3,7399,12295.310749891654,8231.88093340801,2020-08-06T14:55:02Z,45.45971667,7.69328333,1615.00,37.17
15257,3,7400,12296.310749891654,8232.88093340801,2020-08-06T14:55:03Z,45.45966667,7.69338333,1619.00,37.169
15258,3,7401,12297.310749891654,8233.88093340801,2020-08-06T14:55:04Z,45.45958333,7.69345000,1624.00,37.164
15259,3,7402,12298.310749891654,8234.88093340801,2020-08-06T14:55:05Z,45.45950000,7.69348333,1625.00,37.158
15260,3,7403,12299.310749891654,8235.88093340801,2020-08-06T14:55:06Z,45.45940000,7.69348333,1632.00,37.148
15261,3,7404,12300.310749891654,8236.88093340801,2020-08-06T14:55:07Z,45.45931667,7.69346667,1627.00,37.14
15262,3,7405,12301.310749891654,8237.88093340801,2020-08-06T14:55:08Z,45.45923333,7.69340000,1635.00,37.129
15263,3,7406,12302.310749891654,8238.88093340801,2020-08-06T14:55:09Z,45.45916667,7.69328333,1628.00,37.118
15264,3,7407,12303.310749891654,8239.88093340801,2020-08-06T14:55:10Z,45.45913333,7.69315000,1625.00,37.109
15265,3,7408,12304.310749891654,8240.88093340801,2020-08-06T14:55:11Z,45.45913333,7.69303333,1648.00,37.104
15266,3,7409,12305.310749891654,8241.88093340801,2020-08-06T14:55:12Z,45.45920000,7.69295000,1635.00,37.107
15267,3,7410,12306.310749891654,8242.88093340801,2020-08-06T14:55:13Z,45.45931667,7.69293333,1632.00,37.117
15268,3,7411,12307.310749891654,8243.88093340801,2020-08-06T14:55:14Z,45.45943333,7.69296667,1656.00,37.13
15269,3,7412,12308.310749891654,8244.88093340801,2020-08-06T14:55:15Z,45.45953333,7.69303333,1628.00,37.142
15270,3,7413,12309.310749891654,8245.88093340801,2020-08-06T14:55:16Z,45.45963333,7.69313333,1648.00,37.155
15271,3,7414,12310.310749891654,8246.88093340801,2020-08-06T14:55:17Z,45.45968333,7.69325000,1658.00,37.165
15272,3,7415,12311.310749891654,8247.88093340801,2020-08-06T14:55:18Z,45.45971667,7.69338333,1656.00,37.174
15273,3,7416,12312.310749891654,8248.88093340801,2020-08-06T14:55:19Z,45.45973333,7.69353333,1638.00,37.182
15274,3,7417,12313.310749891654,8249.88093340801,2020-08-06T14:55:20Z,45.45973333,7.69370000,1651.00,37.188
15275,3,7418,12314.310749891654,8250.88093340801,2020-08-06T14:55:21Z,45.45968333,7.69385000,1656.00,37.19
15276,3,7419,12315.310749891654,8251.88093340801,2020-08-06T14:55:22Z,45.45963333,7.69395000,1650.00,37.19
15277,3,7420,12316.310749891654,8252.88093340801,2020-08-06T14:55:23Z,45.45953333,7.69398333,1667.00,37.182
15278,3,7421,12317.310749891654,8253.88093340801,2020-08-06T14:55:24Z,45.45943333,7.69395000,1654.00,37.171
15279,3,7422,12318.310749891654,8254.88093340801,2020-08-06T14:55:25Z,45.45935000,7.69385000,1673.00,37.159
15280,3,7423,12319.310749891654,8255.88093340801,2020-08-06T14:55:26Z,45.45928333,7.69375000,1663.00,37.148
15281,3,7424,12320.310749891654,8256.88093340801,2020-08-06T14:55:27Z,45.45926667,7.69366667,1666.00,37.143
15282,3,7425,12321.310749891654,8257.88093340801,2020-08-06T14:55:28Z,45.45923333,7.69360000,1675.00,37.137
15283,3,7426,12322.310749891654,8258.88093340801,2020-08-06T14:55:29Z,45.45918333,7.69353333,1675.00,37.13
15284,3,7427,12323.310749891654,8259.88093340801,2020-08-06T14:55:30Z,45.45915000,7.69346667,1671.00,37.124
15285,3,7428,12324.310749891654,8260.88093340801,2020-08-06T14:55:31Z,45.45911667,7.69338333,1644.00,37.117
15286,3,7429,12325.310749891654,8261.88093340801,2020-08-06T14:55:32Z,45.45913333,7.69330000,1671.00,37.115
15287,3,7430,12326.310749891654,8262.88093340801,2020-08-06T14:55:33Z,45.45918333,7.69320000,1647.00,37.116
15288,3,7431,12327.310749891654,8263.88093340801,2020-08-06T14:55:34Z,45.45926667,7.69311667,1679.00,37.12
15289,3,7432,12328.310749891654,8264.88093340801,2020-08-06T14:55:35Z,45.45936667,7.69306667,1675.00,37.128
15290,3,7433,12329.310749891654,8265.88093340801,2020-08-06T14:55:36Z,45.45946667,7.69305000,1668.00,37.136
15291,3,7434,12330.310749891654,8266.88093340801,2020-08-06T14:55:37Z,45.45955000,7.69303333,1672.00,37.143
15292,3,7435,12331.310749891654,8267.88093340801,2020-08-06T14:55:38Z,45.45965000,7.69301667,1672.00,37.152
15293,3,7436,12332.310749891654,8268.88093340801,2020-08-06T14:55:39Z,45.45975000,7.69298333,1668.00,37.16
15294,3,7437,12333.310749891654,8269.88093340801,2020-08-06T14:55:40Z,45.45983333,7.69295000,1653.00,37.167
15295,3,7438,12334.310749891654,8270.88093340801,2020-08-06T14:55:41Z,45.45991667,7.69296667,1669.00,37.175
15296,3,7439,12335.310749891654,8271.88093340801,2020-08-06T14:55:42Z,45.46001667,7.69301667,1678.00,37.187
15297,3,7440,12336.310749891654,8272.88093340801,2020-08-06T14:55:43Z,45.46010000,7.69313333,1676.00,37.199
15298,3,7441,12337.310749891654,8273.88093340801,2020-08-06T14:55:44Z,45.46015000,7.69326667,1673.00,37.21
15299,3,7442,12338.310749891654,8274.88093340801,2020-08-06T14:55:45Z,45.46015000,7.69341667,1676.00,37.216
15300,3,7443,12339.310749891654,8275.88093340801,2020-08-06T14:55:46Z,45.46013333,7.69353333,1691.00,37.219
15301,3,7444,12340.310749891654,8276.88093340801,2020-08-06T14:55:47Z,45.46010000,7.69363333,1680.00,37.22
15302,3,7445,12341.310749891654,8277.88093340801,2020-08-06T14:55:48Z,45.46001667,7.69370000,1688.00,37.215
15303,3,7446,12342.310749891654,8278.88093340801,2020-08-06T14:55:49Z,45.45995000,7.69375000,1694.00,37.211
15304,3,7447,12343.310749891654,8279.88093340801,2020-08-06T14:55:50Z,45.45986667,7.69378333,1702.00,37.204
15305,3,7448,12344.310749891654,8280.88093340801,2020-08-06T14:55:51Z,45.45978333,7.69378333,1689.00,37.197
15306,3,7449,12345.310749891654,8281.88093340801,2020-08-06T14:55:52Z,45.45971667,7.69371667,1689.00,37.188
15307,3,7450,12346.310749891654,8282.88093340801,2020-08-06T14:55:53Z,45.45966667,7.69361667,1695.00,37.179
15308,3,7451,12347.310749891654,8283.88093340801,2020-08-06T14:55:54Z,45.45963333,7.69348333,1692.00,37.17
15309,3,7452,12348.310749891654,8284.88093340801,2020-08-06T14:55:55Z,45.45963333,7.69335000,1712.00,37.165
15310,3,7453,12349.310749891654,8285.88093340801,2020-08-06T14:55:56Z,45.45963333,7.69323333,1706.00,37.16
15311,3,7454,12350.310749891654,8286.88093340801,2020-08-06T14:55:57Z,45.45966667,7.69315000,1689.00,37.159
15312,3,7455,12351.310749891654,8287.88093340801,2020-08-06T14:55:58Z,45.45971667,7.69306667,1702.00,37.161
15313,3,7456,12352.310749891654,8288.88093340801,2020-08-06T14:55:59Z,45.45976667,7.69298333,1702.00,37.162
15314,3,7457,12353.310749891654,8289.88093340801,2020-08-06T14:56:00Z,45.45981667,7.69286667,1706.00,37.162
15315,3,7458,12354.310749891654,8290.88093340801,2020-08-06T14:56:01Z,45.45990000,7.69273333,1677.00,37.164
15316,3,7459,12355.310749891654,8291.88093340801,2020-08-06T14:56:02Z,45.45998333,7.69265000,1710.00,37.168
15317,3,7460,12356.310749891654,8292.88093340801,2020-08-06T14:56:03Z,45.46010000,7.69258333,1710.00,37.177
15318,3,7461,12357.310749891654,8293.88093340801,2020-08-06T14:56:04Z,45.46020000,7.69260000,1701.00,37.187
15319,3,7462,12358.310749891654,8294.88093340801,2020-08-06T14:56:05Z,45.46031667,7.69265000,1685.00,37.2
15320,3,7463,12359.310749891654,8295.88093340801,2020-08-06T14:56:06Z,45.46040000,7.69275000,1714.00,37.212
15321,3,7464,12360.310749891654,8296.88093340801,2020-08-06T14:56:07Z,45.46048333,7.69288333,1697.00,37.225
15322,3,7465,12361.310749891654,8297.88093340801,2020-08-06T14:56:08Z,45.46055000,7.69300000,1692.00,37.236
15323,3,7466,12362.310749891654,8298.88093340801,2020-08-06T14:56:09Z,45.46056667,7.69310000,1704.00,37.242
15324,3,7467,12363.310749891654,8299.88093340801,2020-08-06T14:56:10Z,45.46055000,7.69321667,1702.00,37.245
15325,3,7468,12364.310749891654,8300.88093340801,2020-08-06T14:56:11Z,45.46050000,7.69331667,1709.00,37.245
15326,3,7469,12365.310749891654,8301.88093340801,2020-08-06T14:56:12Z,45.46045000,7.69341667,1693.00,37.244
15327,3,7470,12366.310749891654,8302.88093340801,2020-08-06T14:56:13Z,45.46038333,7.69348333,1706.00,37.241
15328,3,7471,12367.310749891654,8303.88093340801,2020-08-06T14:56:14Z,45.46030000,7.69350000,1703.00,37.233
15329,3,7472,12368.310749891654,8304.88093340801,2020-08-06T14:56:15Z,45.46021667,7.69346667,1713.00,37.224
15330,3,7473,12369.310749891654,8305.88093340801,2020-08-06T14:56:16Z,45.46013333,7.69340000,1717.00,37.214
15331,3,7474,12370.310749891654,8306.88093340801,2020-08-06T14:56:17Z,45.46006667,7.69331667,1712.00,37.204
15332,3,7475,12371.310749891654,8307.88093340801,2020-08-06T14:56:18Z,45.46001667,7.69320000,1715.00,37.194
15333,3,7476,12372.310749891654,8308.88093340801,2020-08-06T14:56:19Z,45.46000000,7.69308333,1726.00,37.188
15334,3,7477,12373.310749891654,8309.88093340801,2020-08-06T14:56:20Z,45.46001667,7.69296667,1710.00,37.185
15335,3,7478,12374.310749891654,8310.88093340801,2020-08-06T14:56:21Z,45.46005000,7.69285000,1727.00,37.183
15336,3,7479,12375.310749891654,8311.88093340801,2020-08-06T14:56:22Z,45.46008333,7.69273333,1716.00,37.181
15337,3,7480,12376.310749891654,8312.88093340801,2020-08-06T14:56:23Z,45.46013333,7.69263333,1701.00,37.182
15338,3,7481,12377.310749891654,8313.88093340801,2020-08-06T14:56:24Z,45.46020000,7.69253333,1715.00,37.184
15339,3,7482,12378.310749891654,8314.88093340801,2020-08-06T14:56:25Z,45.46028333,7.69246667,1716.00,37.189
15340,3,7483,12379.310749891654,8315.88093340801,2020-08-06T14:56:26Z,45.46038333,7.69241667,1714.00,37.196
15341,3,7484,12380.310749891654,8316.88093340801,2020-08-06T14:56:27Z,45.46046667,7.69236667,1709.00,37.202
15342,3,7485,12381.310749891654,8317.88093340801,2020-08-06T14:56:28Z,45.46056667,7.69231667,1710.00,37.21
15343,3,7486,12382.310749891654,8318.88093340801,2020-08-06T14:56:29Z,45.46066667,7.69225000,1725.00,37.216
15344,3,7487,12383.310749891654,8319.88093340801,2020-08-06T14:56:30Z,45.46076667,7.69215000,1695.00,37.222
15345,3,7488,12384.310749891654,8320.88093340801,2020-08-06T14:56:31Z,45.46086667,7.69205000,1712.00,37.227
15346,3,7489,12385.310749891654,8321.88093340801,2020-08-06T14:56:32Z,45.46096667,7.69195000,1694.00,37.232
15347,3,7490,12386.310749891654,8322.88093340801,2020-08-06T14:56:33Z,45.46108333,7.69188333,1709.00,37.241
15348,3,7491,12387.310749891654,8323.88093340801,2020-08-06T14:56:34Z,45.46118333,7.69185000,1698.00,37.249
15349,3,7492,12388.310749891654,8324.88093340801,2020-08-06T14:56:35Z,45.46128333,7.69188333,1693.00,37.26
15350,3,7493,12389.310749891654,8325.88093340801,2020-08-06T14:56:36Z,45.46135000,7.69193333,1706.00,37.268
15351,3,7494,12390.310749891654,8326.88093340801,2020-08-06T14:56:37Z,45.46141667,7.69200000,1707.00,37.277
15352,3,7495,12391.310749891654,8327.88093340801,2020-08-06T14:56:38Z,45.46146667,7.69210000,1706.00,37.286
15353,3,7496,12392.310749891654,8328.88093340801,2020-08-06T14:56:39Z,45.46150000,7.69220000,1706.00,37.293
15354,3,7497,12393.310749891654,8329.88093340801,2020-08-06T14:56:40Z,45.46150000,7.69233333,1708.00,37.299
15355,3,7498,12394.310749891654,8330.88093340801,2020-08-06T14:56:41Z,45.46146667,7.69243333,1701.00,37.3
15356,3,7499,12395.310749891654,8331.88093340801,2020-08-06T14:56:42Z,45.46140000,7.69250000,1701.00,37.296
15357,3,7500,12396.310749891654,8332.88093340801,2020-08-06T14:56:43Z,45.46131667,7.69251667,1705.00,37.289
15358,3,7501,12397.310749891654,8333.88093340801,2020-08-06T14:56:44Z,45.46123333,7.69248333,1699.00,37.279
15359,3,7502,12398.310749891654,8334.88093340801,2020-08-06T14:56:45Z,45.46116667,7.69238333,1695.00,37.269
15360,3,7503,12399.310749891654,8335.88093340801,2020-08-06T14:56:46Z,45.46111667,7.69223333,1695.00,37.258
15361,3,7504,12400.310749891654,8336.88093340801,2020-08-06T14:56:47Z,45.46106667,7.69208333,1701.00,37.247
15362,3,7505,12401.310749891654,8337.88093340801,2020-08-06T14:56:48Z,45.46103333,7.69195000,1714.00,37.239
15363,3,7506,12402.310749891654,8338.88093340801,2020-08-06T14:56:49Z,45.46100000,7.69185000,1706.00,37.231
15364,3,7507,12403.310749891654,8339.88093340801,2020-08-06T14:56:50Z,45.46095000,7.69175000,1696.00,37.223
15365,3,7508,12404.310749891654,8340.88093340801,2020-08-06T14:56:51Z,45.46091667,7.69165000,1706.00,37.215
15366,3,7509,12405.310749891654,8341.88093340801,2020-08-06T14:56:52Z,45.46088333,7.69151667,1693.00,37.207
15367,3,7510,12406.310749891654,8342.88093340801,2020-08-06T14:56:53Z,45.46083333,7.69136667,1702.00,37.196
15368,3,7511,12407.310749891654,8343.88093340801,2020-08-06T14:56:54Z,45.46078333,7.69125000,1704.00,37.186
15369,3,7512,12408.310749891654,8344.88093340801,2020-08-06T14:56:55Z,45.46071667,7.69113333,1685.00,37.175
15370,3,7513,12409.310749891654,8345.88093340801,2020-08-06T14:56:56Z,45.46066667,7.69103333,1693.00,37.166
15371,3,7514,12410.310749891654,8346.88093340801,2020-08-06T14:56:57Z,45.46060000,7.69093333,1694.00,37.156
15372,3,7515,12411.310749891654,8347.88093340801,2020-08-06T14:56:58Z,45.46053333,7.69081667,1687.00,37.145
15373,3,7516,12412.310749891654,8348.88093340801,2020-08-06T14:56:59Z,45.46046667,7.69068333,1688.00,37.133
15374,3,7517,12413.310749891654,8349.88093340801,2020-08-06T14:57:00Z,45.46040000,7.69055000,1682.00,37.122
15375,3,7518,12414.310749891654,8350.88093340801,2020-08-06T14:57:01Z,45.46031667,7.69041667,1685.00,37.108
15376,3,7519,12415.310749891654,8351.88093340801,2020-08-06T14:57:02Z,45.46023333,7.69028333,1684.00,37.095
15377,3,7520,12416.310749891654,8352.88093340801,2020-08-06T14:57:03Z,45.46016667,7.69016667,1677.00,37.084
15378,3,7521,12417.310749891654,8353.88093340801,2020-08-06T14:57:04Z,45.46010000,7.69005000,1681.00,37.073
15379,3,7522,12418.310749891654,8354.88093340801,2020-08-06T14:57:05Z,45.46001667,7.68993333,1680.00,37.06
15380,3,7523,12419.310749891654,8355.88093340801,2020-08-06T14:57:06Z,45.45995000,7.68981667,1679.00,37.049
15381,3,7524,12420.310749891654,8356.88093340801,2020-08-06T14:57:07Z,45.45986667,7.68968333,1680.00,37.036
15382,3,7525,12421.310749891654,8357.88093340801,2020-08-06T14:57:08Z,45.45980000,7.68953333,1669.00,37.023
15383,3,7526,12422.310749891654,8358.88093340801,2020-08-06T14:57:09Z,45.45973333,7.68940000,1674.00,37.011
15384,3,7527,12423.310749891654,8359.88093340801,2020-08-06T14:57:10Z,45.45966667,7.68926667,1673.00,37.0
15385,3,7528,12424.310749891654,8360.88093340801,2020-08-06T14:57:11Z,45.45960000,7.68913333,1672.00,36.988
15386,3,7529,12425.310749891654,8361.88093340801,2020-08-06T14:57:12Z,45.45951667,7.68900000,1667.00,36.975
15387,3,7530,12426.310749891654,8362.88093340801,2020-08-06T14:57:13Z,45.45945000,7.68886667,1664.00,36.963
15388,3,7531,12427.310749891654,8363.88093340801,2020-08-06T14:57:14Z,45.45936667,7.68873333,1669.00,36.95
15389,3,7532,12428.310749891654,8364.88093340801,2020-08-06T14:57:15Z,45.45930000,7.68860000,1661.00,36.938
15390,3,7533,12429.310749891654,8365.88093340801,2020-08-06T14:57:16Z,45.45921667,7.68845000,1671.00,36.924
15391,3,7534,12430.310749891654,8366.88093340801,2020-08-06T14:57:17Z,45.45915000,7.68831667,1658.00,36.912
15392,3,7535,12431.310749891654,8367.88093340801,2020-08-06T14:57:18Z,45.45908333,7.68818333,1660.00,36.9
15393,3,7536,12432.310749891654,8368.88093340801,2020-08-06T14:57:19Z,45.45901667,7.68805000,1659.00,36.889
15394,3,7537,12433.310749891654,8369.88093340801,2020-08-06T14:57:20Z,45.45893333,7.68791667,1662.00,36.875
15395,3,7538,12434.310749891654,8370.88093340801,2020-08-06T14:57:21Z,45.45885000,7.68780000,1656.00,36.863
15396,3,7539,12435.310749891654,8371.88093340801,2020-08-06T14:57:22Z,45.45876667,7.68768333,1656.00,36.85
15397,3,7540,12436.310749891654,8372.88093340801,2020-08-06T14:57:23Z,45.45868333,7.68756667,1656.00,36.837
15398,3,7541,12437.310749891654,8373.88093340801,2020-08-06T14:57:24Z,45.45860000,7.68746667,1649.00,36.825
15399,3,7542,12438.310749891654,8374.88093340801,2020-08-06T14:57:25Z,45.45851667,7.68735000,1652.00,36.813
15400,3,7543,12439.310749891654,8375.88093340801,2020-08-06T14:57:26Z,45.45845000,7.68725000,1649.00,36.802
15401,3,7544,12440.310749891654,8376.88093340801,2020-08-06T14:57:27Z,45.45836667,7.68713333,1646.00,36.79
15402,3,7545,12441.310749891654,8377.88093340801,2020-08-06T14:57:28Z,45.45828333,7.68701667,1640.00,36.777
15403,3,7546,12442.310749891654,8378.88093340801,2020-08-06T14:57:29Z,45.45818333,7.68690000,1642.00,36.763
15404,3,7547,12443.310749891654,8379.88093340801,2020-08-06T14:57:30Z,45.45810000,7.68680000,1642.00,36.751
15405,3,7548,12444.310749891654,8380.88093340801,2020-08-06T14:57:31Z,45.45801667,7.68668333,1638.00,36.738
15406,3,7549,12445.310749891654,8381.88093340801,2020-08-06T14:57:32Z,45.45793333,7.68656667,1636.00,36.726
15407,3,7550,12446.310749891654,8382.88093340801,2020-08-06T14:57:33Z,45.45785000,7.68645000,1634.00,36.713
15408,3,7551,12447.310749891654,8383.88093340801,2020-08-06T14:57:34Z,45.45776667,7.68633333,1635.00,36.7
15409,3,7552,12448.310749891654,8384.88093340801,2020-08-06T14:57:35Z,45.45768333,7.68621667,1632.00,36.688
15410,3,7553,12449.310749891654,8385.88093340801,2020-08-06T14:57:36Z,45.45760000,7.68611667,1628.00,36.676
15411,3,7554,12450.310749891654,8386.88093340801,2020-08-06T14:57:37Z,45.45751667,7.68600000,1627.00,36.663
15412,3,7555,12451.310749891654,8387.88093340801,2020-08-06T14:57:38Z,45.45743333,7.68588333,1625.00,36.651
15413,3,7556,12452.310749891654,8388.88093340801,2020-08-06T14:57:39Z,45.45735000,7.68576667,1623.00,36.638
15414,3,7557,12453.310749891654,8389.88093340801,2020-08-06T14:57:40Z,45.45726667,7.68565000,1625.00,36.625
15415,3,7558,12454.310749891654,8390.88093340801,2020-08-06T14:57:41Z,45.45718333,7.68551667,1621.00,36.612
15416,3,7559,12455.310749891654,8391.88093340801,2020-08-06T14:57:42Z,45.45711667,7.68538333,1617.00,36.6
15417,3,7560,12456.310749891654,8392.88093340801,2020-08-06T14:57:43Z,45.45705000,7.68525000,1615.00,36.589
15418,3,7561,12457.310749891654,8393.88093340801,2020-08-06T14:57:44Z,45.45698333,7.68511667,1618.00,36.577
15419,3,7562,12458.310749891654,8394.88093340801,2020-08-06T14:57:45Z,45.45691667,7.68500000,1614.00,36.566
15420,3,7563,12459.310749891654,8395.88093340801,2020-08-06T14:57:46Z,45.45685000,7.68488333,1615.00,36.555
15421,3,7564,12460.310749891654,8396.88093340801,2020-08-06T14:57:47Z,45.45678333,7.68476667,1613.00,36.544
15422,3,7565,12461.310749891654,8397.88093340801,2020-08-06T14:57:48Z,45.45671667,7.68463333,1612.00,36.532
15423,3,7566,12462.310749891654,8398.88093340801,2020-08-06T14:57:49Z,45.45665000,7.68450000,1610.00,36.52
15424,3,7567,12463.310749891654,8399.88093340801,2020-08-06T14:57:50Z,45.45656667,7.68436667,1603.00,36.507
15425,3,7568,12464.310749891654,8400.88093340801,2020-08-06T14:57:51Z,45.45650000,7.68425000,1604.00,36.496
15426,3,7569,12465.310749891654,8401.88093340801,2020-08-06T14:57:52Z,45.45643333,7.68411667,1604.00,36.484
15427,3,7570,12466.310749891654,8402.88093340801,2020-08-06T14:57:53Z,45.45635000,7.68398333,1599.00,36.471
15428,3,7571,12467.310749891654,8403.88093340801,2020-08-06T14:57:54Z,45.45628333,7.68386667,1598.00,36.46
15429,3,7572,12468.310749891654,8404.88093340801,2020-08-06T14:57:55Z,45.45621667,7.68373333,1600.00,36.448
15430,3,7573,12469.310749891654,8405.88093340801,2020-08-06T14:57:56Z,45.45613333,7.68363333,1597.00,36.436
15431,3,7574,12470.310749891654,8406.88093340801,2020-08-06T14:57:57Z,45.45606667,7.68351667,1597.00,36.425
15432,3,7575,12471.310749891654,8407.88093340801,2020-08-06T14:57:58Z,45.45598333,7.68338333,1596.00,36.412
15433,3,7576,12472.310749891654,8408.88093340801,2020-08-06T14:57:59Z,45.45590000,7.68325000,1591.00,36.399
15434,3,7577,12473.310749891654,8409.88093340801,2020-08-06T14:58:00Z,45.45583333,7.68313333,1591.00,36.388
15435,3,7578,12474.310749891654,8410.88093340801,2020-08-06T14:58:01Z,45.45576667,7.68300000,1588.00,36.376
15436,3,7579,12475.310749891654,8411.88093340801,2020-08-06T14:58:02Z,45.45568333,7.68288333,1592.00,36.363
15437,3,7580,12476.310749891654,8412.88093340801,2020-08-06T14:58:03Z,45.45560000,7.68278333,1587.00,36.352
15438,3,7581,12477.310749891654,8413.88093340801,2020-08-06T14:58:04Z,45.45551667,7.68266667,1587.00,36.339
15439,3,7582,12478.310749891654,8414.88093340801,2020-08-06T14:58:05Z,45.45543333,7.68258333,1584.00,36.328
15440,3,7583,12479.310749891654,8415.88093340801,2020-08-06T14:58:06Z,45.45535000,7.68246667,1583.00,36.315
15441,3,7584,12480.310749891654,8416.88093340801,2020-08-06T14:58:07Z,45.45526667,7.68235000,1580.00,36.302
15442,3,7585,12481.310749891654,8417.88093340801,2020-08-06T14:58:08Z,45.45518333,7.68225000,1579.00,36.29
15443,3,7586,12482.310749891654,8418.88093340801,2020-08-06T14:58:09Z,45.45510000,7.68213333,1579.00,36.278
15444,3,7587,12483.310749891654,8419.88093340801,2020-08-06T14:58:10Z,45.45501667,7.68203333,1578.00,36.266
15445,3,7588,12484.310749891654,8420.88093340801,2020-08-06T14:58:11Z,45.45493333,7.68191667,1576.00,36.253
15446,3,7589,12485.310749891654,8421.88093340801,2020-08-06T14:58:12Z,45.45485000,7.68181667,1576.00,36.241
15447,3,7590,12486.310749891654,8422.88093340801,2020-08-06T14:58:13Z,45.45476667,7.68171667,1574.00,36.229
15448,3,7591,12487.310749891654,8423.88093340801,2020-08-06T14:58:14Z,45.45468333,7.68160000,1573.00,36.217
15449,3,7592,12488.310749891654,8424.88093340801,2020-08-06T14:58:15Z,45.45460000,7.68148333,1571.00,36.204
15450,3,7593,12489.310749891654,8425.88093340801,2020-08-06T14:58:16Z,45.45450000,7.68136667,1568.00,36.19
15451,3,7594,12490.310749891654,8426.88093340801,2020-08-06T14:58:17Z,45.45441667,7.68126667,1567.00,36.178
15452,3,7595,12491.310749891654,8427.88093340801,2020-08-06T14:58:18Z,45.45433333,7.68115000,1569.00,36.165
15453,3,7596,12492.310749891654,8428.88093340801,2020-08-06T14:58:19Z,45.45425000,7.68103333,1564.00,36.153
15454,3,7597,12493.310749891654,8429.88093340801,2020-08-06T14:58:20Z,45.45418333,7.68093333,1564.00,36.142
15455,3,7598,12494.310749891654,8430.88093340801,2020-08-06T14:58:21Z,45.45410000,7.68081667,1561.00,36.13
15456,3,7599,12495.310749891654,8431.88093340801,2020-08-06T14:58:22Z,45.45401667,7.68070000,1558.00,36.117
15457,3,7600,12496.310749891654,8432.88093340801,2020-08-06T14:58:23Z,45.45393333,7.68058333,1560.00,36.105
15458,3,7601,12497.310749891654,8433.88093340801,2020-08-06T14:58:24Z,45.45383333,7.68048333,1557.00,36.091
15459,3,7602,12498.310749891654,8434.88093340801,2020-08-06T14:58:25Z,45.45375000,7.68038333,1557.00,36.079
15460,3,7603,12499.310749891654,8435.88093340801,2020-08-06T14:58:26Z,45.45365000,7.68026667,1554.00,36.065
15461,3,7604,12500.310749891654,8436.88093340801,2020-08-06T14:58:27Z,45.45356667,7.68016667,1553.00,36.053
15462,3,7605,12501.310749891654,8437.88093340801,2020-08-06T14:58:28Z,45.45348333,7.68005000,1551.00,36.04
15463,3,7606,12502.310749891654,8438.88093340801,2020-08-06T14:58:29Z,45.45338333,7.67995000,1551.00,36.027
15464,3,7607,12503.310749891654,8439.88093340801,2020-08-06T14:58:30Z,45.45330000,7.67983333,1548.00,36.014
15465,3,7608,12504.310749891654,8440.88093340801,2020-08-06T14:58:31Z,45.45321667,7.67973333,1547.00,36.002
15466,3,7609,12505.310749891654,8441.88093340801,2020-08-06T14:58:32Z,45.45311667,7.67961667,1545.00,35.988
15467,3,7610,12506.310749891654,8442.88093340801,2020-08-06T14:58:33Z,45.45303333,7.67950000,1543.00,35.976
15468,3,7611,12507.310749891654,8443.88093340801,2020-08-06T14:58:34Z,45.45295000,7.67940000,1544.00,35.964
15469,3,7612,12508.310749891654,8444.88093340801,2020-08-06T14:58:35Z,45.45285000,7.67930000,1541.00,35.95
15470,3,7613,12509.310749891654,8445.88093340801,2020-08-06T14:58:36Z,45.45276667,7.67920000,1539.00,35.938
15471,3,7614,12510.310749891654,8446.88093340801,2020-08-06T14:58:37Z,45.45266667,7.67910000,1538.00,35.925
15472,3,7615,12511.310749891654,8447.88093340801,2020-08-06T14:58:38Z,45.45258333,7.67898333,1538.00,35.912
15473,3,7616,12512.310749891654,8448.88093340801,2020-08-06T14:58:39Z,45.45250000,7.67886667,1536.00,35.899
15474,3,7617,12513.310749891654,8449.88093340801,2020-08-06T14:58:40Z,45.45241667,7.67876667,1533.00,35.887
15475,3,7618,12514.310749891654,8450.88093340801,2020-08-06T14:58:41Z,45.45233333,7.67865000,1533.00,35.875
15476,3,7619,12515.310749891654,8451.88093340801,2020-08-06T14:58:42Z,45.45223333,7.67853333,1531.00,35.861
15477,3,7620,12516.310749891654,8452.88093340801,2020-08-06T14:58:43Z,45.45215000,7.67843333,1530.00,35.849
15478,3,7621,12517.310749891654,8453.88093340801,2020-08-06T14:58:44Z,45.45206667,7.67831667,1529.00,35.836
15479,3,7622,12518.310749891654,8454.88093340801,2020-08-06T14:58:45Z,45.45196667,7.67820000,1527.00,35.822
15480,3,7623,12519.310749891654,8455.88093340801,2020-08-06T14:58:46Z,45.45188333,7.67808333,1524.00,35.809
15481,3,7624,12520.310749891654,8456.88093340801,2020-08-06T14:58:47Z,45.45180000,7.67796667,1522.00,35.797
15482,3,7625,12521.310749891654,8457.88093340801,2020-08-06T14:58:48Z,45.45170000,7.67785000,1520.00,35.783
15483,3,7626,12522.310749891654,8458.88093340801,2020-08-06T14:58:49Z,45.45161667,7.67771667,1520.00,35.769
15484,3,7627,12523.310749891654,8459.88093340801,2020-08-06T14:58:50Z,45.45153333,7.67760000,1520.00,35.757
15485,3,7628,12524.310749891654,8460.88093340801,2020-08-06T14:58:51Z,45.45145000,7.67748333,1517.00,35.744
15486,3,7629,12525.310749891654,8461.88093340801,2020-08-06T14:58:52Z,45.45136667,7.67735000,1518.00,35.731
15487,3,7630,12526.310749891654,8462.88093340801,2020-08-06T14:58:53Z,45.45130000,7.67723333,1515.00,35.72
15488,3,7631,12527.310749891654,8463.88093340801,2020-08-06T14:58:54Z,45.45121667,7.67710000,1515.00,35.707
15489,3,7632,12528.310749891654,8464.88093340801,2020-08-06T14:58:55Z,45.45113333,7.67696667,1512.00,35.693
15490,3,7633,12529.310749891654,8465.88093340801,2020-08-06T14:58:56Z,45.45105000,7.67683333,1510.00,35.68
15491,3,7634,12530.310749891654,8466.88093340801,2020-08-06T14:58:57Z,45.45096667,7.67670000,1510.00,35.667
15492,3,7635,12531.310749891654,8467.88093340801,2020-08-06T14:58:58Z,45.45088333,7.67656667,1508.00,35.654
15493,3,7636,12532.310749891654,8468.88093340801,2020-08-06T14:58:59Z,45.45080000,7.67643333,1506.00,35.64
15494,3,7637,12533.310749891654,8469.88093340801,2020-08-06T14:59:00Z,45.45071667,7.67630000,1506.00,35.627
15495,3,7638,12534.310749891654,8470.88093340801,2020-08-06T14:59:01Z,45.45063333,7.67618333,1504.00,35.615
15496,3,7639,12535.310749891654,8471.88093340801,2020-08-06T14:59:02Z,45.45055000,7.67606667,1501.00,35.602
15497,3,7640,12536.310749891654,8472.88093340801,2020-08-06T14:59:03Z,45.45046667,7.67595000,1500.00,35.589
15498,3,7641,12537.310749891654,8473.88093340801,2020-08-06T14:59:04Z,45.45036667,7.67583333,1499.00,35.575
15499,3,7642,12538.310749891654,8474.88093340801,2020-08-06T14:59:05Z,45.45028333,7.67571667,1499.00,35.563
15500,3,7643,12539.310749891654,8475.88093340801,2020-08-06T14:59:06Z,45.45018333,7.67560000,1497.00,35.549
15501,3,7644,12540.310749891654,8476.88093340801,2020-08-06T14:59:07Z,45.45008333,7.67548333,1493.00,35.534
15502,3,7645,12541.310749891654,8477.88093340801,2020-08-06T14:59:08Z,45.45000000,7.67536667,1494.00,35.522
15503,3,7646,12542.310749891654,8478.88093340801,2020-08-06T14:59:09Z,45.44990000,7.67523333,1493.00,35.507
15504,3,7647,12543.310749891654,8479.88093340801,2020-08-06T14:59:10Z,45.44981667,7.67511667,1492.00,35.494
15505,3,7648,12544.310749891654,8480.88093340801,2020-08-06T14:59:11Z,45.44971667,7.67501667,1490.00,35.481
15506,3,7649,12545.310749891654,8481.88093340801,2020-08-06T14:59:12Z,45.44963333,7.67490000,1489.00,35.468
15507,3,7650,12546.310749891654,8482.88093340801,2020-08-06T14:59:13Z,45.44953333,7.67480000,1488.00,35.455
15508,3,7651,12547.310749891654,8483.88093340801,2020-08-06T14:59:14Z,45.44943333,7.67468333,1488.00,35.441
15509,3,7652,12548.310749891654,8484.88093340801,2020-08-06T14:59:15Z,45.44935000,7.67456667,1486.00,35.428
15510,3,7653,12549.310749891654,8485.88093340801,2020-08-06T14:59:16Z,45.44925000,7.67446667,1487.00,35.414
15511,3,7654,12550.310749891654,8486.88093340801,2020-08-06T14:59:17Z,45.44916667,7.67436667,1483.00,35.403
15512,3,7655,12551.310749891654,8487.88093340801,2020-08-06T14:59:18Z,45.44906667,7.67425000,1482.00,35.388
15513,3,7656,12552.310749891654,8488.88093340801,2020-08-06T14:59:19Z,45.44896667,7.67415000,1483.00,35.375
15514,3,7657,12553.310749891654,8489.88093340801,2020-08-06T14:59:20Z,45.44886667,7.67405000,1478.00,35.361
15515,3,7658,12554.310749891654,8490.88093340801,2020-08-06T14:59:21Z,45.44876667,7.67395000,1480.00,35.348
15516,3,7659,12555.310749891654,8491.88093340801,2020-08-06T14:59:22Z,45.44866667,7.67385000,1480.00,35.334
15517,3,7660,12556.310749891654,8492.88093340801,2020-08-06T14:59:23Z,45.44856667,7.67376667,1477.00,35.321
15518,3,7661,12557.310749891654,8493.88093340801,2020-08-06T14:59:24Z,45.44848333,7.67366667,1477.00,35.309
15519,3,7662,12558.310749891654,8494.88093340801,2020-08-06T14:59:25Z,45.44838333,7.67355000,1475.00,35.295
15520,3,7663,12559.310749891654,8495.88093340801,2020-08-06T14:59:26Z,45.44828333,7.67345000,1474.00,35.282
15521,3,7664,12560.310749891654,8496.88093340801,2020-08-06T14:59:27Z,45.44820000,7.67335000,1473.00,35.27
15522,3,7665,12561.310749891654,8497.88093340801,2020-08-06T14:59:28Z,45.44810000,7.67325000,1471.00,35.256
15523,3,7666,12562.310749891654,8498.88093340801,2020-08-06T14:59:29Z,45.44801667,7.67313333,1473.00,35.244
15524,3,7667,12563.310749891654,8499.88093340801,2020-08-06T14:59:30Z,45.44791667,7.67303333,1469.00,35.23
15525,3,7668,12564.310749891654,8500.88093340801,2020-08-06T14:59:31Z,45.44781667,7.67293333,1470.00,35.217
15526,3,7669,12565.310749891654,8501.88093340801,2020-08-06T14:59:32Z,45.44773333,7.67283333,1467.00,35.205
15527,3,7670,12566.310749891654,8502.88093340801,2020-08-06T14:59:33Z,45.44763333,7.67271667,1466.00,35.191
15528,3,7671,12567.310749891654,8503.88093340801,2020-08-06T14:59:34Z,45.44755000,7.67261667,1465.00,35.179
15529,3,7672,12568.310749891654,8504.88093340801,2020-08-06T14:59:35Z,45.44745000,7.67251667,1464.00,35.165
15530,3,7673,12569.310749891654,8505.88093340801,2020-08-06T14:59:36Z,45.44735000,7.67241667,1462.00,35.152
15531,3,7674,12570.310749891654,8506.88093340801,2020-08-06T14:59:37Z,45.44726667,7.67230000,1462.00,35.139
15532,3,7675,12571.310749891654,8507.88093340801,2020-08-06T14:59:38Z,45.44718333,7.67220000,1459.00,35.127
15533,3,7676,12572.310749891654,8508.88093340801,2020-08-06T14:59:39Z,45.44710000,7.67208333,1460.00,35.114
15534,3,7677,12573.310749891654,8509.88093340801,2020-08-06T14:59:40Z,45.44701667,7.67198333,1461.00,35.103
15535,3,7678,12574.310749891654,8510.88093340801,2020-08-06T14:59:41Z,45.44693333,7.67186667,1456.00,35.09
15536,3,7679,12575.310749891654,8511.88093340801,2020-08-06T14:59:42Z,45.44685000,7.67175000,1454.00,35.077
15537,3,7680,12576.310749891654,8512.88093340801,2020-08-06T14:59:43Z,45.44676667,7.67163333,1453.00,35.065
15538,3,7681,12577.310749891654,8513.88093340801,2020-08-06T14:59:44Z,45.44668333,7.67151667,1451.00,35.052
15539,3,7682,12578.310749891654,8514.88093340801,2020-08-06T14:59:45Z,45.44660000,7.67140000,1449.00,35.04
15540,3,7683,12579.310749891654,8515.88093340801,2020-08-06T14:59:46Z,45.44651667,7.67130000,1448.00,35.028
15541,3,7684,12580.310749891654,8516.88093340801,2020-08-06T14:59:47Z,45.44643333,7.67118333,1448.00,35.015
15542,3,7685,12581.310749891654,8517.88093340801,2020-08-06T14:59:48Z,45.44635000,7.67108333,1445.00,35.003
15543,3,7686,12582.310749891654,8518.88093340801,2020-08-06T14:59:49Z,45.44626667,7.67096667,1445.00,34.991
15544,3,7687,12583.310749891654,8519.88093340801,2020-08-06T14:59:50Z,45.44618333,7.67086667,1443.00,34.979
15545,3,7688,12584.310749891654,8520.88093340801,2020-08-06T14:59:51Z,45.44610000,7.67075000,1443.00,34.966
15546,3,7689,12585.310749891654,8521.88093340801,2020-08-06T14:59:52Z,45.44601667,7.67065000,1439.00,34.954
15547,3,7690,12586.310749891654,8522.88093340801,2020-08-06T14:59:53Z,45.44595000,7.67055000,1441.00,34.944
15548,3,7691,12587.310749891654,8523.88093340801,2020-08-06T14:59:54Z,45.44586667,7.67045000,1439.00,34.932
15549,3,7692,12588.310749891654,8524.88093340801,2020-08-06T14:59:55Z,45.44578333,7.67035000,1439.00,34.92
15550,3,7693,12589.310749891654,8525.88093340801,2020-08-06T14:59:56Z,45.44570000,7.67023333,1433.00,34.908
15551,3,7694,12590.310749891654,8526.88093340801,2020-08-06T14:59:57Z,45.44563333,7.67013333,1434.00,34.897
15552,3,7695,12591.310749891654,8527.88093340801,2020-08-06T14:59:58Z,45.44555000,7.67001667,1434.00,34.885
15553,3,7696,12592.310749891654,8528.88093340801,2020-08-06T14:59:59Z,45.44546667,7.66991667,1432.00,34.873
15554,3,7697,12593.310749891654,8529.88093340801,2020-08-06T15:00:00Z,45.44540000,7.66980000,1429.00,34.862
15555,3,7698,12594.310749891654,8530.88093340801,2020-08-06T15:00:01Z,45.44531667,7.66970000,1430.00,34.85
15556,3,7699,12595.310749891654,8531.88093340801,2020-08-06T15:00:02Z,45.44523333,7.66960000,1430.00,34.838
15557,3,7700,12596.310749891654,8532.88093340801,2020-08-06T15:00:03Z,45.44515000,7.66950000,1425.00,34.826
15558,3,7701,12597.310749891654,8533.88093340801,2020-08-06T15:00:04Z,45.44506667,7.66941667,1425.00,34.815
15559,3,7702,12598.310749891654,8534.88093340801,2020-08-06T15:00:05Z,45.44500000,7.66930000,1425.00,34.804
15560,3,7703,12599.310749891654,8535.88093340801,2020-08-06T15:00:06Z,45.44493333,7.66920000,1422.00,34.794
15561,3,7704,12600.310749891654,8536.88093340801,2020-08-06T15:00:07Z,45.44485000,7.66910000,1421.00,34.782
15562,3,7705,12601.310749891654,8537.88093340801,2020-08-06T15:00:08Z,45.44478333,7.66898333,1419.00,34.771
15563,3,7706,12602.310749891654,8538.88093340801,2020-08-06T15:00:09Z,45.44471667,7.66886667,1416.00,34.76
15564,3,7707,12603.310749891654,8539.88093340801,2020-08-06T15:00:10Z,45.44465000,7.66876667,1416.00,34.75
15565,3,7708,12604.310749891654,8540.88093340801,2020-08-06T15:00:11Z,45.44458333,7.66865000,1411.00,34.739
15566,3,7709,12605.310749891654,8541.88093340801,2020-08-06T15:00:12Z,45.44451667,7.66853333,1415.00,34.728
15567,3,7710,12606.310749891654,8542.88093340801,2020-08-06T15:00:13Z,45.44445000,7.66840000,1413.00,34.716
15568,3,7711,12607.310749891654,8543.88093340801,2020-08-06T15:00:14Z,45.44438333,7.66828333,1407.00,34.705
15569,3,7712,12608.310749891654,8544.88093340801,2020-08-06T15:00:15Z,45.44431667,7.66815000,1406.00,34.694
15570,3,7713,12609.310749891654,8545.88093340801,2020-08-06T15:00:16Z,45.44425000,7.66803333,1407.00,34.683
15571,3,7714,12610.310749891654,8546.88093340801,2020-08-06T15:00:17Z,45.44418333,7.66791667,1409.00,34.672
15572,3,7715,12611.310749891654,8547.88093340801,2020-08-06T15:00:18Z,45.44413333,7.66780000,1406.00,34.663
15573,3,7716,12612.310749891654,8548.88093340801,2020-08-06T15:00:19Z,45.44406667,7.66768333,1402.00,34.652
15574,3,7717,12613.310749891654,8549.88093340801,2020-08-06T15:00:20Z,45.44400000,7.66756667,1404.00,34.641
15575,3,7718,12614.310749891654,8550.88093340801,2020-08-06T15:00:21Z,45.44393333,7.66743333,1397.00,34.629
15576,3,7719,12615.310749891654,8551.88093340801,2020-08-06T15:00:22Z,45.44386667,7.66730000,1390.00,34.618
15577,3,7720,12616.310749891654,8552.88093340801,2020-08-06T15:00:23Z,45.44381667,7.66718333,1400.00,34.608
15578,3,7721,12617.310749891654,8553.88093340801,2020-08-06T15:00:24Z,45.44376667,7.66705000,1397.00,34.598
15579,3,7722,12618.310749891654,8554.88093340801,2020-08-06T15:00:25Z,45.44371667,7.66693333,1391.00,34.589
15580,3,7723,12619.310749891654,8555.88093340801,2020-08-06T15:00:26Z,45.44365000,7.66681667,1396.00,34.578
15581,3,7724,12620.310749891654,8556.88093340801,2020-08-06T15:00:27Z,45.44358333,7.66670000,1388.00,34.567
15582,3,7725,12621.310749891654,8557.88093340801,2020-08-06T15:00:28Z,45.44351667,7.66658333,1388.00,34.556
15583,3,7726,12622.310749891654,8558.88093340801,2020-08-06T15:00:29Z,45.44346667,7.66646667,1392.00,34.547
15584,3,7727,12623.310749891654,8559.88093340801,2020-08-06T15:00:30Z,45.44340000,7.66635000,1387.00,34.536
15585,3,7728,12624.310749891654,8560.88093340801,2020-08-06T15:00:31Z,45.44333333,7.66623333,1385.00,34.525
15586,3,7729,12625.310749891654,8561.88093340801,2020-08-06T15:00:32Z,45.44326667,7.66613333,1386.00,34.515
15587,3,7730,12626.310749891654,8562.88093340801,2020-08-06T15:00:33Z,45.44320000,7.66600000,1387.00,34.504
15588,3,7731,12627.310749891654,8563.88093340801,2020-08-06T15:00:34Z,45.44311667,7.66588333,1380.00,34.491
15589,3,7732,12628.310749891654,8564.88093340801,2020-08-06T15:00:35Z,45.44305000,7.66575000,1381.00,34.479
15590,3,7733,12629.310749891654,8565.88093340801,2020-08-06T15:00:36Z,45.44296667,7.66563333,1382.00,34.467
15591,3,7734,12630.310749891654,8566.88093340801,2020-08-06T15:00:37Z,45.44290000,7.66551667,1380.00,34.456
15592,3,7735,12631.310749891654,8567.88093340801,2020-08-06T15:00:38Z,45.44283333,7.66541667,1378.00,34.446
15593,3,7736,12632.310749891654,8568.88093340801,2020-08-06T15:00:39Z,45.44275000,7.66531667,1379.00,34.434
15594,3,7737,12633.310749891654,8569.88093340801,2020-08-06T15:00:40Z,45.44268333,7.66520000,1374.00,34.423
15595,3,7738,12634.310749891654,8570.88093340801,2020-08-06T15:00:41Z,45.44260000,7.66508333,1373.00,34.411
15596,3,7739,12635.310749891654,8571.88093340801,2020-08-06T15:00:42Z,45.44251667,7.66496667,1373.00,34.398
15597,3,7740,12636.310749891654,8572.88093340801,2020-08-06T15:00:43Z,45.44243333,7.66485000,1376.00,34.385
15598,3,7741,12637.310749891654,8573.88093340801,2020-08-06T15:00:44Z,45.44235000,7.66475000,1370.00,34.374
15599,3,7742,12638.310749891654,8574.88093340801,2020-08-06T15:00:45Z,45.44228333,7.66465000,1372.00,34.363
15600,3,7743,12639.310749891654,8575.88093340801,2020-08-06T15:00:46Z,45.44220000,7.66455000,1373.00,34.351
15601,3,7744,12640.310749891654,8576.88093340801,2020-08-06T15:00:47Z,45.44211667,7.66445000,1367.00,34.34
15602,3,7745,12641.310749891654,8577.88093340801,2020-08-06T15:00:48Z,45.44203333,7.66433333,1357.00,34.327
15603,3,7746,12642.310749891654,8578.88093340801,2020-08-06T15:00:49Z,45.44193333,7.66421667,1362.00,34.313
15604,3,7747,12643.310749891654,8579.88093340801,2020-08-06T15:00:50Z,45.44183333,7.66410000,1361.00,34.299
15605,3,7748,12644.310749891654,8580.88093340801,2020-08-06T15:00:51Z,45.44175000,7.66398333,1361.00,34.286
15606,3,7749,12645.310749891654,8581.88093340801,2020-08-06T15:00:52Z,45.44166667,7.66386667,1361.00,34.274
15607,3,7750,12646.310749891654,8582.88093340801,2020-08-06T15:00:53Z,45.44158333,7.66376667,1355.00,34.262
15608,3,7751,12647.310749891654,8583.88093340801,2020-08-06T15:00:54Z,45.44151667,7.66365000,1358.00,34.251
15609,3,7752,12648.310749891654,8584.88093340801,2020-08-06T15:00:55Z,45.44143333,7.66353333,1358.00,34.239
15610,3,7753,12649.310749891654,8585.88093340801,2020-08-06T15:00:56Z,45.44133333,7.66341667,1348.00,34.224
15611,3,7754,12650.310749891654,8586.88093340801,2020-08-06T15:00:57Z,45.44123333,7.66330000,1362.00,34.21
15612,3,7755,12651.310749891654,8587.88093340801,2020-08-06T15:00:58Z,45.44115000,7.66318333,1347.00,34.198
15613,3,7756,12652.310749891654,8588.88093340801,2020-08-06T15:00:59Z,45.44108333,7.66308333,1330.00,34.188
15614,3,7757,12653.310749891654,8589.88093340801,2020-08-06T15:01:00Z,45.44103333,7.66298333,1344.00,34.179
15615,3,7758,12654.310749891654,8590.88093340801,2020-08-06T15:01:01Z,45.44100000,7.66290000,1351.00,34.173
15616,3,7759,12655.310749891654,8591.88093340801,2020-08-06T15:01:02Z,45.44096667,7.66280000,1357.00,34.166
15617,3,7760,12656.310749891654,8592.88093340801,2020-08-06T15:01:03Z,45.44091667,7.66270000,1343.00,34.157
15618,3,7761,12657.310749891654,8593.88093340801,2020-08-06T15:01:04Z,45.44083333,7.66258333,1344.00,34.144
15619,3,7762,12658.310749891654,8594.88093340801,2020-08-06T15:01:05Z,45.44075000,7.66246667,1346.00,34.132
15620,3,7763,12659.310749891654,8595.88093340801,2020-08-06T15:01:06Z,45.44068333,7.66233333,1341.00,34.12
15621,3,7764,12660.310749891654,8596.88093340801,2020-08-06T15:01:07Z,45.44063333,7.66220000,1346.00,34.111
15622,3,7765,12661.310749891654,8597.88093340801,2020-08-06T15:01:08Z,45.44058333,7.66208333,1354.00,34.101
15623,3,7766,12662.310749891654,8598.88093340801,2020-08-06T15:01:09Z,45.44053333,7.66196667,1345.00,34.092
15624,3,7767,12663.310749891654,8599.88093340801,2020-08-06T15:01:10Z,45.44048333,7.66185000,1341.00,34.083
15625,3,7768,12664.310749891654,8600.88093340801,2020-08-06T15:01:11Z,45.44041667,7.66170000,1342.00,34.071
15626,3,7769,12665.310749891654,8601.88093340801,2020-08-06T15:01:12Z,45.44035000,7.66156667,1352.00,34.059
15627,3,7770,12666.310749891654,8602.88093340801,2020-08-06T15:01:13Z,45.44030000,7.66143333,1340.00,34.049
15628,3,7771,12667.310749891654,8603.88093340801,2020-08-06T15:01:14Z,45.44026667,7.66131667,1357.00,34.042
15629,3,7772,12668.310749891654,8604.88093340801,2020-08-06T15:01:15Z,45.44023333,7.66121667,1327.00,34.035
15630,3,7773,12669.310749891654,8605.88093340801,2020-08-06T15:01:16Z,45.44020000,7.66108333,1347.00,34.027
15631,3,7774,12670.310749891654,8606.88093340801,2020-08-06T15:01:17Z,45.44018333,7.66095000,1344.00,34.02
15632,3,7775,12671.310749891654,8607.88093340801,2020-08-06T15:01:18Z,45.44018333,7.66080000,1353.00,34.015
15633,3,7776,12672.310749891654,8608.88093340801,2020-08-06T15:01:19Z,45.44023333,7.66066667,1353.00,34.014
15634,3,7777,12673.310749891654,8609.88093340801,2020-08-06T15:01:20Z,45.44030000,7.66055000,1359.00,34.017
15635,3,7778,12674.310749891654,8610.88093340801,2020-08-06T15:01:21Z,45.44038333,7.66048333,1361.00,34.022
15636,3,7779,12675.310749891654,8611.88093340801,2020-08-06T15:01:22Z,45.44046667,7.66046667,1361.00,34.03
15637,3,7780,12676.310749891654,8612.88093340801,2020-08-06T15:01:23Z,45.44055000,7.66050000,1355.00,34.039
15638,3,7781,12677.310749891654,8613.88093340801,2020-08-06T15:01:24Z,45.44063333,7.66058333,1360.00,34.051
15639,3,7782,12678.310749891654,8614.88093340801,2020-08-06T15:01:25Z,45.44070000,7.66066667,1358.00,34.06
15640,3,7783,12679.310749891654,8615.88093340801,2020-08-06T15:01:26Z,45.44073333,7.66076667,1359.00,34.067
15641,3,7784,12680.310749891654,8616.88093340801,2020-08-06T15:01:27Z,45.44075000,7.66088333,1352.00,34.073
15642,3,7785,12681.310749891654,8617.88093340801,2020-08-06T15:01:28Z,45.44073333,7.66100000,1360.00,34.076
15643,3,7786,12682.310749891654,8618.88093340801,2020-08-06T15:01:29Z,45.44068333,7.66110000,1366.00,34.075
15644,3,7787,12683.310749891654,8619.88093340801,2020-08-06T15:01:30Z,45.44063333,7.66118333,1360.00,34.073
15645,3,7788,12684.310749891654,8620.88093340801,2020-08-06T15:01:31Z,45.44056667,7.66121667,1352.00,34.067
15646,3,7789,12685.310749891654,8621.88093340801,2020-08-06T15:01:32Z,45.44050000,7.66123333,1371.00,34.062
15647,3,7790,12686.310749891654,8622.88093340801,2020-08-06T15:01:33Z,45.44043333,7.66120000,1366.00,34.054
15648,3,7791,12687.310749891654,8623.88093340801,2020-08-06T15:01:34Z,45.44036667,7.66115000,1365.00,34.045
15649,3,7792,12688.310749891654,8624.88093340801,2020-08-06T15:01:35Z,45.44030000,7.66106667,1367.00,34.036
15650,3,7793,12689.310749891654,8625.88093340801,2020-08-06T15:01:36Z,45.44025000,7.66096667,1367.00,34.027
15651,3,7794,12690.310749891654,8626.88093340801,2020-08-06T15:01:37Z,45.44020000,7.66083333,1365.00,34.017
15652,3,7795,12691.310749891654,8627.88093340801,2020-08-06T15:01:38Z,45.44018333,7.66066667,1369.00,34.01
15653,3,7796,12692.310749891654,8628.88093340801,2020-08-06T15:01:39Z,45.44020000,7.66051667,1368.00,34.006
15654,3,7797,12693.310749891654,8629.88093340801,2020-08-06T15:01:40Z,45.44025000,7.66035000,1370.00,34.004
15655,3,7798,12694.310749891654,8630.88093340801,2020-08-06T15:01:41Z,45.44031667,7.66023333,1378.00,34.007
15656,3,7799,12695.310749891654,8631.88093340801,2020-08-06T15:01:42Z,45.44040000,7.66015000,1377.00,34.012
15657,3,7800,12696.310749891654,8632.88093340801,2020-08-06T15:01:43Z,45.44048333,7.66011667,1367.00,34.019
15658,3,7801,12697.310749891654,8633.88093340801,2020-08-06T15:01:44Z,45.44058333,7.66015000,1383.00,34.03
15659,3,7802,12698.310749891654,8634.88093340801,2020-08-06T15:01:45Z,45.44065000,7.66021667,1369.00,34.039
15660,3,7803,12699.310749891654,8635.88093340801,2020-08-06T15:01:46Z,45.44071667,7.66031667,1386.00,34.049
15661,3,7804,12700.310749891654,8636.88093340801,2020-08-06T15:01:47Z,45.44076667,7.66041667,1372.00,34.058
15662,3,7805,12701.310749891654,8637.88093340801,2020-08-06T15:01:48Z,45.44080000,7.66051667,1380.00,34.065
15663,3,7806,12702.310749891654,8638.88093340801,2020-08-06T15:01:49Z,45.44080000,7.66063333,1379.00,34.069
15664,3,7807,12703.310749891654,8639.88093340801,2020-08-06T15:01:50Z,45.44078333,7.66073333,1376.00,34.071
15665,3,7808,12704.310749891654,8640.88093340801,2020-08-06T15:01:51Z,45.44075000,7.66083333,1385.00,34.071
15666,3,7809,12705.310749891654,8641.88093340801,2020-08-06T15:01:52Z,45.44068333,7.66090000,1380.00,34.067
15667,3,7810,12706.310749891654,8642.88093340801,2020-08-06T15:01:53Z,45.44061667,7.66095000,1384.00,34.063
15668,3,7811,12707.310749891654,8643.88093340801,2020-08-06T15:01:54Z,45.44053333,7.66095000,1386.00,34.054
15669,3,7812,12708.310749891654,8644.88093340801,2020-08-06T15:01:55Z,45.44045000,7.66091667,1386.00,34.045
15670,3,7813,12709.310749891654,8645.88093340801,2020-08-06T15:01:56Z,45.44038333,7.66083333,1386.00,34.035
15671,3,7814,12710.310749891654,8646.88093340801,2020-08-06T15:01:57Z,45.44031667,7.66070000,1393.00,34.024
15672,3,7815,12711.310749891654,8647.88093340801,2020-08-06T15:01:58Z,45.44028333,7.66055000,1387.00,34.015
15673,3,7816,12712.310749891654,8648.88093340801,2020-08-06T15:01:59Z,45.44026667,7.66040000,1391.00,34.008
15674,3,7817,12713.310749891654,8649.88093340801,2020-08-06T15:02:00Z,45.44026667,7.66025000,1394.00,34.002
15675,3,7818,12714.310749891654,8650.88093340801,2020-08-06T15:02:01Z,45.44031667,7.66010000,1392.00,34.002
15676,3,7819,12715.310749891654,8651.88093340801,2020-08-06T15:02:02Z,45.44036667,7.65996667,1403.00,34.002
15677,3,7820,12716.310749891654,8652.88093340801,2020-08-06T15:02:03Z,45.44045000,7.65986667,1400.00,34.006
15678,3,7821,12717.310749891654,8653.88093340801,2020-08-06T15:02:04Z,45.44051667,7.65980000,1383.00,34.01
15679,3,7822,12718.310749891654,8654.88093340801,2020-08-06T15:02:05Z,45.44060000,7.65980000,1403.00,34.019
15680,3,7823,12719.310749891654,8655.88093340801,2020-08-06T15:02:06Z,45.44070000,7.65983333,1397.00,34.03
15681,3,7824,12720.310749891654,8656.88093340801,2020-08-06T15:02:07Z,45.44078333,7.65988333,1403.00,34.04
15682,3,7825,12721.310749891654,8657.88093340801,2020-08-06T15:02:08Z,45.44085000,7.65996667,1403.00,34.049
15683,3,7826,12722.310749891654,8658.88093340801,2020-08-06T15:02:09Z,45.44090000,7.66005000,1395.00,34.057
15684,3,7827,12723.310749891654,8659.88093340801,2020-08-06T15:02:10Z,45.44093333,7.66016667,1402.00,34.065
15685,3,7828,12724.310749891654,8660.88093340801,2020-08-06T15:02:11Z,45.44093333,7.66028333,1408.00,34.069
15686,3,7829,12725.310749891654,8661.88093340801,2020-08-06T15:02:12Z,45.44091667,7.66040000,1398.00,34.072
15687,3,7830,12726.310749891654,8662.88093340801,2020-08-06T15:02:13Z,45.44088333,7.66048333,1408.00,34.071
15688,3,7831,12727.310749891654,8663.88093340801,2020-08-06T15:02:14Z,45.44081667,7.66055000,1400.00,34.067
15689,3,7832,12728.310749891654,8664.88093340801,2020-08-06T15:02:15Z,45.44075000,7.66058333,1401.00,34.062
15690,3,7833,12729.310749891654,8665.88093340801,2020-08-06T15:02:16Z,45.44066667,7.66056667,1409.00,34.053
15691,3,7834,12730.310749891654,8666.88093340801,2020-08-06T15:02:17Z,45.44058333,7.66050000,1406.00,34.043
15692,3,7835,12731.310749891654,8667.88093340801,2020-08-06T15:02:18Z,45.44051667,7.66040000,1409.00,34.032
15693,3,7836,12732.310749891654,8668.88093340801,2020-08-06T15:02:19Z,45.44046667,7.66028333,1407.00,34.023
15694,3,7837,12733.310749891654,8669.88093340801,2020-08-06T15:02:20Z,45.44043333,7.66011667,1410.00,34.014
15695,3,7838,12734.310749891654,8670.88093340801,2020-08-06T15:02:21Z,45.44043333,7.65995000,1409.00,34.008
15696,3,7839,12735.310749891654,8671.88093340801,2020-08-06T15:02:22Z,45.44046667,7.65980000,1413.00,34.006
15697,3,7840,12736.310749891654,8672.88093340801,2020-08-06T15:02:23Z,45.44051667,7.65966667,1410.00,34.006
15698,3,7841,12737.310749891654,8673.88093340801,2020-08-06T15:02:24Z,45.44058333,7.65955000,1421.00,34.008
15699,3,7842,12738.310749891654,8674.88093340801,2020-08-06T15:02:25Z,45.44066667,7.65946667,1426.00,34.013
15700,3,7843,12739.310749891654,8675.88093340801,2020-08-06T15:02:26Z,45.44075000,7.65943333,1412.00,34.02
15701,3,7844,12740.310749891654,8676.88093340801,2020-08-06T15:02:27Z,45.44085000,7.65941667,1414.00,34.029
15702,3,7845,12741.310749891654,8677.88093340801,2020-08-06T15:02:28Z,45.44093333,7.65945000,1423.00,34.039
15703,3,7846,12742.310749891654,8678.88093340801,2020-08-06T15:02:29Z,45.44101667,7.65951667,1410.00,34.049
15704,3,7847,12743.310749891654,8679.88093340801,2020-08-06T15:02:30Z,45.44106667,7.65960000,1417.00,34.057
15705,3,7848,12744.310749891654,8680.88093340801,2020-08-06T15:02:31Z,45.44110000,7.65971667,1422.00,34.065
15706,3,7849,12745.310749891654,8681.88093340801,2020-08-06T15:02:32Z,45.44111667,7.65983333,1420.00,34.071
15707,3,7850,12746.310749891654,8682.88093340801,2020-08-06T15:02:33Z,45.44111667,7.65995000,1419.00,34.075
15708,3,7851,12747.310749891654,8683.88093340801,2020-08-06T15:02:34Z,45.44108333,7.66005000,1417.00,34.075
15709,3,7852,12748.310749891654,8684.88093340801,2020-08-06T15:02:35Z,45.44105000,7.66011667,1424.00,34.074
15710,3,7853,12749.310749891654,8685.88093340801,2020-08-06T15:02:36Z,45.44096667,7.66016667,1418.00,34.068
15711,3,7854,12750.310749891654,8686.88093340801,2020-08-06T15:02:37Z,45.44088333,7.66016667,1421.00,34.06
15712,3,7855,12751.310749891654,8687.88093340801,2020-08-06T15:02:38Z,45.44081667,7.66015000,1429.00,34.053
15713,3,7856,12752.310749891654,8688.88093340801,2020-08-06T15:02:39Z,45.44073333,7.66010000,1427.00,34.043
15714,3,7857,12753.310749891654,8689.88093340801,2020-08-06T15:02:40Z,45.44066667,7.66001667,1425.00,34.033
15715,3,7858,12754.310749891654,8690.88093340801,2020-08-06T15:02:41Z,45.44060000,7.65991667,1428.00,34.023
15716,3,7859,12755.310749891654,8691.88093340801,2020-08-06T15:02:42Z,45.44055000,7.65976667,1428.00,34.012
15717,3,7860,12756.310749891654,8692.88093340801,2020-08-06T15:02:43Z,45.44051667,7.65960000,1429.00,34.003
15718,3,7861,12757.310749891654,8693.88093340801,2020-08-06T15:02:44Z,45.44050000,7.65945000,1427.00,33.996
15719,3,7862,12758.310749891654,8694.88093340801,2020-08-06T15:02:45Z,45.44051667,7.65928333,1435.00,33.992
15720,3,7863,12759.310749891654,8695.88093340801,2020-08-06T15:02:46Z,45.44056667,7.65915000,1432.00,33.992
15721,3,7864,12760.310749891654,8696.88093340801,2020-08-06T15:02:47Z,45.44061667,7.65901667,1438.00,33.992
15722,3,7865,12761.310749891654,8697.88093340801,2020-08-06T15:02:48Z,45.44068333,7.65890000,1439.00,33.994
15723,3,7866,12762.310749891654,8698.88093340801,2020-08-06T15:02:49Z,45.44075000,7.65880000,1436.00,33.997
15724,3,7867,12763.310749891654,8699.88093340801,2020-08-06T15:02:50Z,45.44081667,7.65875000,1427.00,34.002
15725,3,7868,12764.310749891654,8700.88093340801,2020-08-06T15:02:51Z,45.44091667,7.65871667,1438.00,34.01
15726,3,7869,12765.310749891654,8701.88093340801,2020-08-06T15:02:52Z,45.44100000,7.65873333,1437.00,34.019
15727,3,7870,12766.310749891654,8702.88093340801,2020-08-06T15:02:53Z,45.44108333,7.65878333,1441.00,34.029
15728,3,7871,12767.310749891654,8703.88093340801,2020-08-06T15:02:54Z,45.44115000,7.65886667,1433.00,34.039
15729,3,7872,12768.310749891654,8704.88093340801,2020-08-06T15:02:55Z,45.44118333,7.65896667,1443.00,34.046
15730,3,7873,12769.310749891654,8705.88093340801,2020-08-06T15:02:56Z,45.44120000,7.65906667,1432.00,34.051
15731,3,7874,12770.310749891654,8706.88093340801,2020-08-06T15:02:57Z,45.44118333,7.65916667,1447.00,34.053
15732,3,7875,12771.310749891654,8707.88093340801,2020-08-06T15:02:58Z,45.44116667,7.65926667,1440.00,34.055
15733,3,7876,12772.310749891654,8708.88093340801,2020-08-06T15:02:59Z,45.44111667,7.65935000,1433.00,34.053
15734,3,7877,12773.310749891654,8709.88093340801,2020-08-06T15:03:00Z,45.44105000,7.65943333,1447.00,34.05
15735,3,7878,12774.310749891654,8710.88093340801,2020-08-06T15:03:01Z,45.44096667,7.65948333,1438.00,34.043
15736,3,7879,12775.310749891654,8711.88093340801,2020-08-06T15:03:02Z,45.44088333,7.65951667,1442.00,34.036
15737,3,7880,12776.310749891654,8712.88093340801,2020-08-06T15:03:03Z,45.44080000,7.65948333,1439.00,34.027
15738,3,7881,12777.310749891654,8713.88093340801,2020-08-06T15:03:04Z,45.44070000,7.65941667,1443.00,34.014
15739,3,7882,12778.310749891654,8714.88093340801,2020-08-06T15:03:05Z,45.44063333,7.65930000,1442.00,34.004
15740,3,7883,12779.310749891654,8715.88093340801,2020-08-06T15:03:06Z,45.44058333,7.65916667,1446.00,33.994
15741,3,7884,12780.310749891654,8716.88093340801,2020-08-06T15:03:07Z,45.44056667,7.65901667,1442.00,33.987
15742,3,7885,12781.310749891654,8717.88093340801,2020-08-06T15:03:08Z,45.44056667,7.65886667,1449.00,33.981
15743,3,7886,12782.310749891654,8718.88093340801,2020-08-06T15:03:09Z,45.44058333,7.65871667,1439.00,33.978
15744,3,7887,12783.310749891654,8719.88093340801,2020-08-06T15:03:10Z,45.44063333,7.65858333,1441.00,33.978
15745,3,7888,12784.310749891654,8720.88093340801,2020-08-06T15:03:11Z,45.44068333,7.65846667,1445.00,33.978
15746,3,7889,12785.310749891654,8721.88093340801,2020-08-06T15:03:12Z,45.44075000,7.65835000,1451.00,33.981
15747,3,7890,12786.310749891654,8722.88093340801,2020-08-06T15:03:13Z,45.44081667,7.65823333,1456.00,33.983
15748,3,7891,12787.310749891654,8723.88093340801,2020-08-06T15:03:14Z,45.44091667,7.65815000,1437.00,33.99
15749,3,7892,12788.310749891654,8724.88093340801,2020-08-06T15:03:15Z,45.44100000,7.65808333,1445.00,33.996
15750,3,7893,12789.310749891654,8725.88093340801,2020-08-06T15:03:16Z,45.44110000,7.65806667,1446.00,34.005
15751,3,7894,12790.310749891654,8726.88093340801,2020-08-06T15:03:17Z,45.44118333,7.65806667,1442.00,34.013
15752,3,7895,12791.310749891654,8727.88093340801,2020-08-06T15:03:18Z,45.44126667,7.65811667,1452.00,34.023
15753,3,7896,12792.310749891654,8728.88093340801,2020-08-06T15:03:19Z,45.44131667,7.65818333,1442.00,34.031
15754,3,7897,12793.310749891654,8729.88093340801,2020-08-06T15:03:20Z,45.44133333,7.65830000,1449.00,34.037
15755,3,7898,12794.310749891654,8730.88093340801,2020-08-06T15:03:21Z,45.44133333,7.65841667,1447.00,34.041
15756,3,7899,12795.310749891654,8731.88093340801,2020-08-06T15:03:22Z,45.44130000,7.65851667,1442.00,34.041
15757,3,7900,12796.310749891654,8732.88093340801,2020-08-06T15:03:23Z,45.44123333,7.65858333,1446.00,34.037
15758,3,7901,12797.310749891654,8733.88093340801,2020-08-06T15:03:24Z,45.44115000,7.65860000,1442.00,34.029
15759,3,7902,12798.310749891654,8734.88093340801,2020-08-06T15:03:25Z,45.44106667,7.65856667,1449.00,34.02
15760,3,7903,12799.310749891654,8735.88093340801,2020-08-06T15:03:26Z,45.44096667,7.65850000,1447.00,34.008
15761,3,7904,12800.310749891654,8736.88093340801,2020-08-06T15:03:27Z,45.44088333,7.65840000,1446.00,33.996
15762,3,7905,12801.310749891654,8737.88093340801,2020-08-06T15:03:28Z,45.44083333,7.65826667,1450.00,33.986
15763,3,7906,12802.310749891654,8738.88093340801,2020-08-06T15:03:29Z,45.44078333,7.65813333,1436.00,33.976
15764,3,7907,12803.310749891654,8739.88093340801,2020-08-06T15:03:30Z,45.44076667,7.65800000,1457.00,33.97
15765,3,7908,12804.310749891654,8740.88093340801,2020-08-06T15:03:31Z,45.44076667,7.65785000,1445.00,33.964
15766,3,7909,12805.310749891654,8741.88093340801,2020-08-06T15:03:32Z,45.44078333,7.65770000,1452.00,33.961
15767,3,7910,12806.310749891654,8742.88093340801,2020-08-06T15:03:33Z,45.44080000,7.65756667,1457.00,33.958
15768,3,7911,12807.310749891654,8743.88093340801,2020-08-06T15:03:34Z,45.44085000,7.65745000,1441.00,33.958
15769,3,7912,12808.310749891654,8744.88093340801,2020-08-06T15:03:35Z,45.44091667,7.65736667,1450.00,33.962
15770,3,7913,12809.310749891654,8745.88093340801,2020-08-06T15:03:36Z,45.44100000,7.65730000,1456.00,33.968
15771,3,7914,12810.310749891654,8746.88093340801,2020-08-06T15:03:37Z,45.44108333,7.65726667,1446.00,33.975
15772,3,7915,12811.310749891654,8747.88093340801,2020-08-06T15:03:38Z,45.44120000,7.65726667,1454.00,33.986
15773,3,7916,12812.310749891654,8748.88093340801,2020-08-06T15:03:39Z,45.44130000,7.65728333,1448.00,33.997
15774,3,7917,12813.310749891654,8749.88093340801,2020-08-06T15:03:40Z,45.44138333,7.65733333,1449.00,34.007
15775,3,7918,12814.310749891654,8750.88093340801,2020-08-06T15:03:41Z,45.44146667,7.65740000,1439.00,34.018
15776,3,7919,12815.310749891654,8751.88093340801,2020-08-06T15:03:42Z,45.44151667,7.65750000,1449.00,34.026
15777,3,7920,12816.310749891654,8752.88093340801,2020-08-06T15:03:43Z,45.44155000,7.65760000,1454.00,34.033
15778,3,7921,12817.310749891654,8753.88093340801,2020-08-06T15:03:44Z,45.44155000,7.65770000,1455.00,34.036
15779,3,7922,12818.310749891654,8754.88093340801,2020-08-06T15:03:45Z,45.44153333,7.65780000,1449.00,34.038
15780,3,7923,12819.310749891654,8755.88093340801,2020-08-06T15:03:46Z,45.44148333,7.65786667,1450.00,34.036
15781,3,7924,12820.310749891654,8756.88093340801,2020-08-06T15:03:47Z,45.44143333,7.65793333,1447.00,34.033
15782,3,7925,12821.310749891654,8757.88093340801,2020-08-06T15:03:48Z,45.44136667,7.65796667,1449.00,34.028
15783,3,7926,12822.310749891654,8758.88093340801,2020-08-06T15:03:49Z,45.44128333,7.65801667,1445.00,34.021
15784,3,7927,12823.310749891654,8759.88093340801,2020-08-06T15:03:50Z,45.44121667,7.65808333,1449.00,34.017
15785,3,7928,12824.310749891654,8760.88093340801,2020-08-06T15:03:51Z,45.44116667,7.65815000,1447.00,34.015
15786,3,7929,12825.310749891654,8761.88093340801,2020-08-06T15:03:52Z,45.44110000,7.65823333,1442.00,34.011
15787,3,7930,12826.310749891654,8762.88093340801,2020-08-06T15:03:53Z,45.44103333,7.65830000,1448.00,34.007
15788,3,7931,12827.310749891654,8763.88093340801,2020-08-06T15:03:54Z,45.44095000,7.65835000,1445.00,34.0
15789,3,7932,12828.310749891654,8764.88093340801,2020-08-06T15:03:55Z,45.44088333,7.65835000,1450.00,33.994
15790,3,7933,12829.310749891654,8765.88093340801,2020-08-06T15:03:56Z,45.44080000,7.65833333,1449.00,33.985
15791,3,7934,12830.310749891654,8766.88093340801,2020-08-06T15:03:57Z,45.44073333,7.65828333,1447.00,33.977
15792,3,7935,12831.310749891654,8767.88093340801,2020-08-06T15:03:58Z,45.44066667,7.65821667,1447.00,33.968
15793,3,7936,12832.310749891654,8768.88093340801,2020-08-06T15:03:59Z,45.44061667,7.65810000,1449.00,33.959
15794,3,7937,12833.310749891654,8769.88093340801,2020-08-06T15:04:00Z,45.44058333,7.65800000,1445.00,33.952
15795,3,7938,12834.310749891654,8770.88093340801,2020-08-06T15:04:01Z,45.44056667,7.65788333,1450.00,33.946
15796,3,7939,12835.310749891654,8771.88093340801,2020-08-06T15:04:02Z,45.44056667,7.65775000,1446.00,33.941
15797,3,7940,12836.310749891654,8772.88093340801,2020-08-06T15:04:03Z,45.44056667,7.65761667,1448.00,33.936
15798,3,7941,12837.310749891654,8773.88093340801,2020-08-06T15:04:04Z,45.44060000,7.65746667,1439.00,33.934
15799,3,7942,12838.310749891654,8774.88093340801,2020-08-06T15:04:05Z,45.44065000,7.65731667,1441.00,33.934
15800,3,7943,12839.310749891654,8775.88093340801,2020-08-06T15:04:06Z,45.44068333,7.65716667,1438.00,33.932
15801,3,7944,12840.310749891654,8776.88093340801,2020-08-06T15:04:07Z,45.44075000,7.65703333,1448.00,33.934
15802,3,7945,12841.310749891654,8777.88093340801,2020-08-06T15:04:08Z,45.44080000,7.65691667,1446.00,33.934
15803,3,7946,12842.310749891654,8778.88093340801,2020-08-06T15:04:09Z,45.44085000,7.65678333,1448.00,33.935
15804,3,7947,12843.310749891654,8779.88093340801,2020-08-06T15:04:10Z,45.44091667,7.65666667,1432.00,33.937
15805,3,7948,12844.310749891654,8780.88093340801,2020-08-06T15:04:11Z,45.44100000,7.65653333,1435.00,33.941
15806,3,7949,12845.310749891654,8781.88093340801,2020-08-06T15:04:12Z,45.44108333,7.65641667,1435.00,33.945
15807,3,7950,12846.310749891654,8782.88093340801,2020-08-06T15:04:13Z,45.44118333,7.65631667,1431.00,33.951
15808,3,7951,12847.310749891654,8783.88093340801,2020-08-06T15:04:14Z,45.44126667,7.65621667,1435.00,33.956
15809,3,7952,12848.310749891654,8784.88093340801,2020-08-06T15:04:15Z,45.44135000,7.65611667,1430.00,33.961
15810,3,7953,12849.310749891654,8785.88093340801,2020-08-06T15:04:16Z,45.44143333,7.65603333,1436.00,33.966
15811,3,7954,12850.310749891654,8786.88093340801,2020-08-06T15:04:17Z,45.44150000,7.65595000,1431.00,33.97
15812,3,7955,12851.310749891654,8787.88093340801,2020-08-06T15:04:18Z,45.44158333,7.65586667,1431.00,33.975
15813,3,7956,12852.310749891654,8788.88093340801,2020-08-06T15:04:19Z,45.44168333,7.65578333,1426.00,33.982
15814,3,7957,12853.310749891654,8789.88093340801,2020-08-06T15:04:20Z,45.44178333,7.65568333,1432.00,33.989
15815,3,7958,12854.310749891654,8790.88093340801,2020-08-06T15:04:21Z,45.44186667,7.65560000,1431.00,33.994
15816,3,7959,12855.310749891654,8791.88093340801,2020-08-06T15:04:22Z,45.44195000,7.65551667,1418.00,33.999
15817,3,7960,12856.310749891654,8792.88093340801,2020-08-06T15:04:23Z,45.44201667,7.65545000,1436.00,34.004
15818,3,7961,12857.310749891654,8793.88093340801,2020-08-06T15:04:24Z,45.44210000,7.65541667,1429.00,34.011
15819,3,7962,12858.310749891654,8794.88093340801,2020-08-06T15:04:25Z,45.44218333,7.65540000,1426.00,34.018
15820,3,7963,12859.310749891654,8795.88093340801,2020-08-06T15:04:26Z,45.44226667,7.65543333,1436.00,34.028
15821,3,7964,12860.310749891654,8796.88093340801,2020-08-06T15:04:27Z,45.44235000,7.65548333,1427.00,34.038
15822,3,7965,12861.310749891654,8797.88093340801,2020-08-06T15:04:28Z,45.44241667,7.65556667,1425.00,34.047
15823,3,7966,12862.310749891654,8798.88093340801,2020-08-06T15:04:29Z,45.44248333,7.65565000,1425.00,34.057
15824,3,7967,12863.310749891654,8799.88093340801,2020-08-06T15:04:30Z,45.44251667,7.65575000,1432.00,34.064
15825,3,7968,12864.310749891654,8800.88093340801,2020-08-06T15:04:31Z,45.44253333,7.65586667,1430.00,34.07
15826,3,7969,12865.310749891654,8801.88093340801,2020-08-06T15:04:32Z,45.44250000,7.65598333,1425.00,34.07
15827,3,7970,12866.310749891654,8802.88093340801,2020-08-06T15:04:33Z,45.44246667,7.65608333,1431.00,34.07
15828,3,7971,12867.310749891654,8803.88093340801,2020-08-06T15:04:34Z,45.44240000,7.65616667,1432.00,34.067
15829,3,7972,12868.310749891654,8804.88093340801,2020-08-06T15:04:35Z,45.44231667,7.65620000,1426.00,34.06
15830,3,7973,12869.310749891654,8805.88093340801,2020-08-06T15:04:36Z,45.44223333,7.65620000,1424.00,34.051
15831,3,7974,12870.310749891654,8806.88093340801,2020-08-06T15:04:37Z,45.44215000,7.65615000,1431.00,34.041
15832,3,7975,12871.310749891654,8807.88093340801,2020-08-06T15:04:38Z,45.44208333,7.65608333,1427.00,34.032
15833,3,7976,12872.310749891654,8808.88093340801,2020-08-06T15:04:39Z,45.44201667,7.65598333,1421.00,34.022
15834,3,7977,12873.310749891654,8809.88093340801,2020-08-06T15:04:40Z,45.44198333,7.65588333,1428.00,34.015
15835,3,7978,12874.310749891654,8810.88093340801,2020-08-06T15:04:41Z,45.44195000,7.65575000,1428.00,34.007
15836,3,7979,12875.310749891654,8811.88093340801,2020-08-06T15:04:42Z,45.44191667,7.65561667,1418.00,33.999
15837,3,7980,12876.310749891654,8812.88093340801,2020-08-06T15:04:43Z,45.44190000,7.65546667,1421.00,33.993
15838,3,7981,12877.310749891654,8813.88093340801,2020-08-06T15:04:44Z,45.44186667,7.65533333,1425.00,33.985
15839,3,7982,12878.310749891654,8814.88093340801,2020-08-06T15:04:45Z,45.44185000,7.65520000,1421.00,33.978
15840,3,7983,12879.310749891654,8815.88093340801,2020-08-06T15:04:46Z,45.44183333,7.65506667,1424.00,33.972
15841,3,7984,12880.310749891654,8816.88093340801,2020-08-06T15:04:47Z,45.44185000,7.65493333,1414.00,33.969
15842,3,7985,12881.310749891654,8817.88093340801,2020-08-06T15:04:48Z,45.44188333,7.65481667,1420.00,33.968
15843,3,7986,12882.310749891654,8818.88093340801,2020-08-06T15:04:49Z,45.44193333,7.65468333,1410.00,33.969
15844,3,7987,12883.310749891654,8819.88093340801,2020-08-06T15:04:50Z,45.44198333,7.65455000,1414.00,33.969
15845,3,7988,12884.310749891654,8820.88093340801,2020-08-06T15:04:51Z,45.44205000,7.65441667,1414.00,33.971
15846,3,7989,12885.310749891654,8821.88093340801,2020-08-06T15:04:52Z,45.44211667,7.65428333,1418.00,33.973
15847,3,7990,12886.310749891654,8822.88093340801,2020-08-06T15:04:53Z,45.44218333,7.65416667,1412.00,33.976
15848,3,7991,12887.310749891654,8823.88093340801,2020-08-06T15:04:54Z,45.44225000,7.65405000,1409.00,33.979
15849,3,7992,12888.310749891654,8824.88093340801,2020-08-06T15:04:55Z,45.44231667,7.65395000,1419.00,33.982
15850,3,7993,12889.310749891654,8825.88093340801,2020-08-06T15:04:56Z,45.44240000,7.65385000,1411.00,33.987
15851,3,7994,12890.310749891654,8826.88093340801,2020-08-06T15:04:57Z,45.44248333,7.65375000,1410.00,33.992
15852,3,7995,12891.310749891654,8827.88093340801,2020-08-06T15:04:58Z,45.44255000,7.65366667,1413.00,33.996
15853,3,7996,12892.310749891654,8828.88093340801,2020-08-06T15:04:59Z,45.44263333,7.65356667,1402.00,34.0
15854,3,7997,12893.310749891654,8829.88093340801,2020-08-06T15:05:00Z,45.44273333,7.65350000,1413.00,34.008
15855,3,7998,12894.310749891654,8830.88093340801,2020-08-06T15:05:01Z,45.44281667,7.65343333,1402.00,34.014
15856,3,7999,12895.310749891654,8831.88093340801,2020-08-06T15:05:02Z,45.44291667,7.65336667,1405.00,34.022
15857,3,8000,12896.310749891654,8832.88093340801,2020-08-06T15:05:03Z,45.44301667,7.65333333,1410.00,34.031
15858,3,8001,12897.310749891654,8833.88093340801,2020-08-06T15:05:04Z,45.44311667,7.65328333,1402.00,34.039
15859,3,8002,12898.310749891654,8834.88093340801,2020-08-06T15:05:05Z,45.44321667,7.65325000,1417.00,34.048
15860,3,8003,12899.310749891654,8835.88093340801,2020-08-06T15:05:06Z,45.44331667,7.65323333,1395.00,34.058
15861,3,8004,12900.310749891654,8836.88093340801,2020-08-06T15:05:07Z,45.44343333,7.65321667,1408.00,34.069
15862,3,8005,12901.310749891654,8837.88093340801,2020-08-06T15:05:08Z,45.44353333,7.65323333,1404.00,34.079
15863,3,8006,12902.310749891654,8838.88093340801,2020-08-06T15:05:09Z,45.44363333,7.65326667,1409.00,34.091
15864,3,8007,12903.310749891654,8839.88093340801,2020-08-06T15:05:10Z,45.44373333,7.65333333,1406.00,34.103
15865,3,8008,12904.310749891654,8840.88093340801,2020-08-06T15:05:11Z,45.44381667,7.65340000,1409.00,34.113
15866,3,8009,12905.310749891654,8841.88093340801,2020-08-06T15:05:12Z,45.44388333,7.65348333,1407.00,34.123
15867,3,8010,12906.310749891654,8842.88093340801,2020-08-06T15:05:13Z,45.44393333,7.65358333,1406.00,34.131
15868,3,8011,12907.310749891654,8843.88093340801,2020-08-06T15:05:14Z,45.44398333,7.65368333,1405.00,34.14
15869,3,8012,12908.310749891654,8844.88093340801,2020-08-06T15:05:15Z,45.44401667,7.65378333,1402.00,34.146
15870,3,8013,12909.310749891654,8845.88093340801,2020-08-06T15:05:16Z,45.44403333,7.65386667,1407.00,34.151
15871,3,8014,12910.310749891654,8846.88093340801,2020-08-06T15:05:17Z,45.44401667,7.65396667,1397.00,34.153
15872,3,8015,12911.310749891654,8847.88093340801,2020-08-06T15:05:18Z,45.44400000,7.65405000,1407.00,34.154
15873,3,8016,12912.310749891654,8848.88093340801,2020-08-06T15:05:19Z,45.44395000,7.65411667,1402.00,34.151
15874,3,8017,12913.310749891654,8849.88093340801,2020-08-06T15:05:20Z,45.44388333,7.65418333,1405.00,34.147
15875,3,8018,12914.310749891654,8850.88093340801,2020-08-06T15:05:21Z,45.44381667,7.65423333,1404.00,34.142
15876,3,8019,12915.310749891654,8851.88093340801,2020-08-06T15:05:22Z,45.44375000,7.65426667,1402.00,34.136
15877,3,8020,12916.310749891654,8852.88093340801,2020-08-06T15:05:23Z,45.44368333,7.65428333,1398.00,34.13
15878,3,8021,12917.310749891654,8853.88093340801,2020-08-06T15:05:24Z,45.44358333,7.65428333,1395.00,34.12
15879,3,8022,12918.310749891654,8854.88093340801,2020-08-06T15:05:25Z,45.44348333,7.65426667,1402.00,34.109
15880,3,8023,12919.310749891654,8855.88093340801,2020-08-06T15:05:26Z,45.44338333,7.65425000,1395.00,34.099
15881,3,8024,12920.310749891654,8856.88093340801,2020-08-06T15:05:27Z,45.44328333,7.65421667,1391.00,34.088
15882,3,8025,12921.310749891654,8857.88093340801,2020-08-06T15:05:28Z,45.44320000,7.65418333,1397.00,34.078
15883,3,8026,12922.310749891654,8858.88093340801,2020-08-06T15:05:29Z,45.44311667,7.65413333,1402.00,34.068
15884,3,8027,12923.310749891654,8859.88093340801,2020-08-06T15:05:30Z,45.44305000,7.65408333,1399.00,34.06
15885,3,8028,12924.310749891654,8860.88093340801,2020-08-06T15:05:31Z,45.44298333,7.65401667,1402.00,34.051
15886,3,8029,12925.310749891654,8861.88093340801,2020-08-06T15:05:32Z,45.44291667,7.65393333,1396.00,34.041
15887,3,8030,12926.310749891654,8862.88093340801,2020-08-06T15:05:33Z,45.44285000,7.65383333,1396.00,34.031
15888,3,8031,12927.310749891654,8863.88093340801,2020-08-06T15:05:34Z,45.44278333,7.65373333,1398.00,34.021
15889,3,8032,12928.310749891654,8864.88093340801,2020-08-06T15:05:35Z,45.44271667,7.65361667,1400.00,34.011
15890,3,8033,12929.310749891654,8865.88093340801,2020-08-06T15:05:36Z,45.44265000,7.65351667,1401.00,34.0
15891,3,8034,12930.310749891654,8866.88093340801,2020-08-06T15:05:37Z,45.44258333,7.65345000,1398.00,33.991
15892,3,8035,12931.310749891654,8867.88093340801,2020-08-06T15:05:38Z,45.44251667,7.65338333,1392.00,33.983
15893,3,8036,12932.310749891654,8868.88093340801,2020-08-06T15:05:39Z,45.44245000,7.65331667,1390.00,33.974
15894,3,8037,12933.310749891654,8869.88093340801,2020-08-06T15:05:40Z,45.44236667,7.65326667,1385.00,33.964
15895,3,8038,12934.310749891654,8870.88093340801,2020-08-06T15:05:41Z,45.44228333,7.65321667,1384.00,33.954
15896,3,8039,12935.310749891654,8871.88093340801,2020-08-06T15:05:42Z,45.44220000,7.65318333,1393.00,33.944
15897,3,8040,12936.310749891654,8872.88093340801,2020-08-06T15:05:43Z,45.44213333,7.65315000,1387.00,33.936
15898,3,8041,12937.310749891654,8873.88093340801,2020-08-06T15:05:44Z,45.44206667,7.65310000,1387.00,33.928
15899,3,8042,12938.310749891654,8874.88093340801,2020-08-06T15:05:45Z,45.44200000,7.65306667,1384.00,33.92
15900,3,8043,12939.310749891654,8875.88093340801,2020-08-06T15:05:46Z,45.44193333,7.65301667,1385.00,33.912
15901,3,8044,12940.310749891654,8876.88093340801,2020-08-06T15:05:47Z,45.44186667,7.65298333,1387.00,33.904
15902,3,8045,12941.310749891654,8877.88093340801,2020-08-06T15:05:48Z,45.44178333,7.65296667,1388.00,33.895
15903,3,8046,12942.310749891654,8878.88093340801,2020-08-06T15:05:49Z,45.44170000,7.65293333,1381.00,33.886
15904,3,8047,12943.310749891654,8879.88093340801,2020-08-06T15:05:50Z,45.44161667,7.65290000,1389.00,33.876
15905,3,8048,12944.310749891654,8880.88093340801,2020-08-06T15:05:51Z,45.44153333,7.65286667,1384.00,33.867
15906,3,8049,12945.310749891654,8881.88093340801,2020-08-06T15:05:52Z,45.44146667,7.65281667,1387.00,33.858
15907,3,8050,12946.310749891654,8882.88093340801,2020-08-06T15:05:53Z,45.44138333,7.65278333,1374.00,33.849
15908,3,8051,12947.310749891654,8883.88093340801,2020-08-06T15:05:54Z,45.44130000,7.65275000,1386.00,33.839
15909,3,8052,12948.310749891654,8884.88093340801,2020-08-06T15:05:55Z,45.44121667,7.65270000,1368.00,33.829
15910,3,8053,12949.310749891654,8885.88093340801,2020-08-06T15:05:56Z,45.44113333,7.65266667,1372.00,33.82
15911,3,8054,12950.310749891654,8886.88093340801,2020-08-06T15:05:57Z,45.44105000,7.65263333,1379.00,33.81
15912,3,8055,12951.310749891654,8887.88093340801,2020-08-06T15:05:58Z,45.44096667,7.65261667,1371.00,33.801
15913,3,8056,12952.310749891654,8888.88093340801,2020-08-06T15:05:59Z,45.44088333,7.65260000,1383.00,33.792
15914,3,8057,12953.310749891654,8889.88093340801,2020-08-06T15:06:00Z,45.44080000,7.65258333,1376.00,33.784
15915,3,8058,12954.310749891654,8890.88093340801,2020-08-06T15:06:01Z,45.44071667,7.65255000,1368.00,33.774
15916,3,8059,12955.310749891654,8891.88093340801,2020-08-06T15:06:02Z,45.44061667,7.65251667,1361.00,33.763
15917,3,8060,12956.310749891654,8892.88093340801,2020-08-06T15:06:03Z,45.44053333,7.65246667,1365.00,33.753
15918,3,8061,12957.310749891654,8893.88093340801,2020-08-06T15:06:04Z,45.44043333,7.65243333,1367.00,33.742
15919,3,8062,12958.310749891654,8894.88093340801,2020-08-06T15:06:05Z,45.44033333,7.65240000,1366.00,33.731
15920,3,8063,12959.310749891654,8895.88093340801,2020-08-06T15:06:06Z,45.44026667,7.65236667,1365.00,33.723
15921,3,8064,12960.310749891654,8896.88093340801,2020-08-06T15:06:07Z,45.44018333,7.65233333,1348.00,33.713
15922,3,8065,12961.310749891654,8897.88093340801,2020-08-06T15:06:08Z,45.44011667,7.65230000,1364.00,33.706
15923,3,8066,12962.310749891654,8898.88093340801,2020-08-06T15:06:09Z,45.44003333,7.65225000,1356.00,33.696
15924,3,8067,12963.310749891654,8899.88093340801,2020-08-06T15:06:10Z,45.43993333,7.65220000,1356.00,33.684
15925,3,8068,12964.310749891654,8900.88093340801,2020-08-06T15:06:11Z,45.43985000,7.65215000,1362.00,33.674
15926,3,8069,12965.310749891654,8901.88093340801,2020-08-06T15:06:12Z,45.43975000,7.65210000,1350.00,33.662
15927,3,8070,12966.310749891654,8902.88093340801,2020-08-06T15:06:13Z,45.43966667,7.65205000,1353.00,33.652
15928,3,8071,12967.310749891654,8903.88093340801,2020-08-06T15:06:14Z,45.43958333,7.65200000,1348.00,33.642
15929,3,8072,12968.310749891654,8904.88093340801,2020-08-06T15:06:15Z,45.43950000,7.65193333,1348.00,33.631
15930,3,8073,12969.310749891654,8905.88093340801,2020-08-06T15:06:16Z,45.43941667,7.65188333,1350.00,33.621
15931,3,8074,12970.310749891654,8906.88093340801,2020-08-06T15:06:17Z,45.43931667,7.65181667,1340.00,33.609
15932,3,8075,12971.310749891654,8907.88093340801,2020-08-06T15:06:18Z,45.43923333,7.65173333,1345.00,33.598
15933,3,8076,12972.310749891654,8908.88093340801,2020-08-06T15:06:19Z,45.43915000,7.65166667,1344.00,33.587
15934,3,8077,12973.310749891654,8909.88093340801,2020-08-06T15:06:20Z,45.43908333,7.65160000,1338.00,33.578
15935,3,8078,12974.310749891654,8910.88093340801,2020-08-06T15:06:21Z,45.43901667,7.65153333,1344.00,33.569
15936,3,8079,12975.310749891654,8911.88093340801,2020-08-06T15:06:22Z,45.43893333,7.65146667,1336.00,33.559
15937,3,8080,12976.310749891654,8912.88093340801,2020-08-06T15:06:23Z,45.43885000,7.65138333,1339.00,33.548
15938,3,8081,12977.310749891654,8913.88093340801,2020-08-06T15:06:24Z,45.43876667,7.65128333,1336.00,33.536
15939,3,8082,12978.310749891654,8914.88093340801,2020-08-06T15:06:25Z,45.43868333,7.65120000,1343.00,33.525
15940,3,8083,12979.310749891654,8915.88093340801,2020-08-06T15:06:26Z,45.43863333,7.65110000,1344.00,33.516
15941,3,8084,12980.310749891654,8916.88093340801,2020-08-06T15:06:27Z,45.43858333,7.65101667,1342.00,33.508
15942,3,8085,12981.310749891654,8917.88093340801,2020-08-06T15:06:28Z,45.43853333,7.65091667,1341.00,33.5
15943,3,8086,12982.310749891654,8918.88093340801,2020-08-06T15:06:29Z,45.43846667,7.65081667,1338.00,33.49
15944,3,8087,12983.310749891654,8919.88093340801,2020-08-06T15:06:30Z,45.43841667,7.65071667,1347.00,33.482
15945,3,8088,12984.310749891654,8920.88093340801,2020-08-06T15:06:31Z,45.43836667,7.65060000,1342.00,33.473
15946,3,8089,12985.310749891654,8921.88093340801,2020-08-06T15:06:32Z,45.43831667,7.65048333,1331.00,33.464
15947,3,8090,12986.310749891654,8922.88093340801,2020-08-06T15:06:33Z,45.43826667,7.65035000,1335.00,33.454
15948,3,8091,12987.310749891654,8923.88093340801,2020-08-06T15:06:34Z,45.43821667,7.65021667,1338.00,33.445
15949,3,8092,12988.310749891654,8924.88093340801,2020-08-06T15:06:35Z,45.43816667,7.65008333,1339.00,33.435
15950,3,8093,12989.310749891654,8925.88093340801,2020-08-06T15:06:36Z,45.43810000,7.64993333,1340.00,33.423
15951,3,8094,12990.310749891654,8926.88093340801,2020-08-06T15:06:37Z,45.43805000,7.64980000,1340.00,33.414
15952,3,8095,12991.310749891654,8927.88093340801,2020-08-06T15:06:38Z,45.43801667,7.64966667,1346.00,33.406
15953,3,8096,12992.310749891654,8928.88093340801,2020-08-06T15:06:39Z,45.43798333,7.64953333,1337.00,33.398
15954,3,8097,12993.310749891654,8929.88093340801,2020-08-06T15:06:40Z,45.43796667,7.64938333,1344.00,33.391
15955,3,8098,12994.310749891654,8930.88093340801,2020-08-06T15:06:41Z,45.43793333,7.64921667,1344.00,33.382
15956,3,8099,12995.310749891654,8931.88093340801,2020-08-06T15:06:42Z,45.43790000,7.64906667,1343.00,33.374
15957,3,8100,12996.310749891654,8932.88093340801,2020-08-06T15:06:43Z,45.43785000,7.64891667,1349.00,33.364
15958,3,8101,12997.310749891654,8933.88093340801,2020-08-06T15:06:44Z,45.43781667,7.64878333,1346.00,33.356
15959,3,8102,12998.310749891654,8934.88093340801,2020-08-06T15:06:45Z,45.43778333,7.64866667,1345.00,33.349
15960,3,8103,12999.310749891654,8935.88093340801,2020-08-06T15:06:46Z,45.43775000,7.64851667,1334.00,33.341
15961,3,8104,13000.310749891654,8936.88093340801,2020-08-06T15:06:47Z,45.43770000,7.64836667,1346.00,33.331
15962,3,8105,13001.310749891654,8937.88093340801,2020-08-06T15:06:48Z,45.43765000,7.64821667,1343.00,33.321
15963,3,8106,13002.310749891654,8938.88093340801,2020-08-06T15:06:49Z,45.43760000,7.64810000,1345.00,33.312
15964,3,8107,13003.310749891654,8939.88093340801,2020-08-06T15:06:50Z,45.43755000,7.64800000,1349.00,33.303
15965,3,8108,13004.310749891654,8940.88093340801,2020-08-06T15:06:51Z,45.43748333,7.64791667,1344.00,33.294
15966,3,8109,13005.310749891654,8941.88093340801,2020-08-06T15:06:52Z,45.43741667,7.64785000,1341.00,33.285
15967,3,8110,13006.310749891654,8942.88093340801,2020-08-06T15:06:53Z,45.43735000,7.64780000,1342.00,33.277
15968,3,8111,13007.310749891654,8943.88093340801,2020-08-06T15:06:54Z,45.43726667,7.64773333,1344.00,33.266
15969,3,8112,13008.310749891654,8944.88093340801,2020-08-06T15:06:55Z,45.43718333,7.64766667,1344.00,33.255
15970,3,8113,13009.310749891654,8945.88093340801,2020-08-06T15:06:56Z,45.43710000,7.64760000,1344.00,33.245
15971,3,8114,13010.310749891654,8946.88093340801,2020-08-06T15:06:57Z,45.43701667,7.64753333,1340.00,33.234
15972,3,8115,13011.310749891654,8947.88093340801,2020-08-06T15:06:58Z,45.43693333,7.64745000,1335.00,33.223
15973,3,8116,13012.310749891654,8948.88093340801,2020-08-06T15:06:59Z,45.43685000,7.64736667,1335.00,33.212
15974,3,8117,13013.310749891654,8949.88093340801,2020-08-06T15:07:00Z,45.43676667,7.64728333,1335.00,33.201
15975,3,8118,13014.310749891654,8950.88093340801,2020-08-06T15:07:01Z,45.43668333,7.64718333,1331.00,33.189
15976,3,8119,13015.310749891654,8951.88093340801,2020-08-06T15:07:02Z,45.43661667,7.64710000,1333.00,33.18
15977,3,8120,13016.310749891654,8952.88093340801,2020-08-06T15:07:03Z,45.43653333,7.64700000,1331.00,33.168
15978,3,8121,13017.310749891654,8953.88093340801,2020-08-06T15:07:04Z,45.43645000,7.64691667,1330.00,33.157
15979,3,8122,13018.310749891654,8954.88093340801,2020-08-06T15:07:05Z,45.43638333,7.64683333,1332.00,33.147
15980,3,8123,13019.310749891654,8955.88093340801,2020-08-06T15:07:06Z,45.43631667,7.64676667,1324.00,33.138
15981,3,8124,13020.310749891654,8956.88093340801,2020-08-06T15:07:07Z,45.43623333,7.64670000,1322.00,33.128
15982,3,8125,13021.310749891654,8957.88093340801,2020-08-06T15:07:08Z,45.43615000,7.64665000,1321.00,33.118
15983,3,8126,13022.310749891654,8958.88093340801,2020-08-06T15:07:09Z,45.43605000,7.64660000,1321.00,33.106
15984,3,8127,13023.310749891654,8959.88093340801,2020-08-06T15:07:10Z,45.43595000,7.64655000,1326.00,33.094
15985,3,8128,13024.310749891654,8960.88093340801,2020-08-06T15:07:11Z,45.43586667,7.64650000,1319.00,33.084
15986,3,8129,13025.310749891654,8961.88093340801,2020-08-06T15:07:12Z,45.43578333,7.64643333,1316.00,33.074
15987,3,8130,13026.310749891654,8962.88093340801,2020-08-06T15:07:13Z,45.43570000,7.64636667,1316.00,33.063
15988,3,8131,13027.310749891654,8963.88093340801,2020-08-06T15:07:14Z,45.43561667,7.64631667,1318.00,33.053
15989,3,8132,13028.310749891654,8964.88093340801,2020-08-06T15:07:15Z,45.43553333,7.64628333,1317.00,33.043
15990,3,8133,13029.310749891654,8965.88093340801,2020-08-06T15:07:16Z,45.43545000,7.64623333,1315.00,33.033
15991,3,8134,13030.310749891654,8966.88093340801,2020-08-06T15:07:17Z,45.43536667,7.64618333,1314.00,33.023
15992,3,8135,13031.310749891654,8967.88093340801,2020-08-06T15:07:18Z,45.43526667,7.64611667,1319.00,33.011
15993,3,8136,13032.310749891654,8968.88093340801,2020-08-06T15:07:19Z,45.43518333,7.64606667,1314.00,33.001
15994,3,8137,13033.310749891654,8969.88093340801,2020-08-06T15:07:20Z,45.43508333,7.64600000,1317.00,32.989
15995,3,8138,13034.310749891654,8970.88093340801,2020-08-06T15:07:21Z,45.43500000,7.64593333,1314.00,32.978
15996,3,8139,13035.310749891654,8971.88093340801,2020-08-06T15:07:22Z,45.43491667,7.64586667,1315.00,32.968
15997,3,8140,13036.310749891654,8972.88093340801,2020-08-06T15:07:23Z,45.43483333,7.64580000,1311.00,32.957
15998,3,8141,13037.310749891654,8973.88093340801,2020-08-06T15:07:24Z,45.43475000,7.64571667,1307.00,32.946
15999,3,8142,13038.310749891654,8974.88093340801,2020-08-06T15:07:25Z,45.43466667,7.64563333,1308.00,32.935
16000,3,8143,13039.310749891654,8975.88093340801,2020-08-06T15:07:26Z,45.43456667,7.64553333,1307.00,32.921
16001,3,8144,13040.310749891654,8976.88093340801,2020-08-06T15:07:27Z,45.43448333,7.64545000,1311.00,32.91
16002,3,8145,13041.310749891654,8977.88093340801,2020-08-06T15:07:28Z,45.43440000,7.64538333,1304.00,32.899
16003,3,8146,13042.310749891654,8978.88093340801,2020-08-06T15:07:29Z,45.43431667,7.64530000,1311.00,32.888
16004,3,8147,13043.310749891654,8979.88093340801,2020-08-06T15:07:30Z,45.43423333,7.64523333,1310.00,32.878
16005,3,8148,13044.310749891654,8980.88093340801,2020-08-06T15:07:31Z,45.43415000,7.64516667,1310.00,32.867
16006,3,8149,13045.310749891654,8981.88093340801,2020-08-06T15:07:32Z,45.43408333,7.64508333,1308.00,32.858
16007,3,8150,13046.310749891654,8982.88093340801,2020-08-06T15:07:33Z,45.43400000,7.64500000,1308.00,32.847
16008,3,8151,13047.310749891654,8983.88093340801,2020-08-06T15:07:34Z,45.43391667,7.64491667,1312.00,32.835
16009,3,8152,13048.310749891654,8984.88093340801,2020-08-06T15:07:35Z,45.43383333,7.64485000,1313.00,32.825
16010,3,8153,13049.310749891654,8985.88093340801,2020-08-06T15:07:36Z,45.43375000,7.64480000,1312.00,32.815
16011,3,8154,13050.310749891654,8986.88093340801,2020-08-06T15:07:37Z,45.43365000,7.64476667,1313.00,32.804
16012,3,8155,13051.310749891654,8987.88093340801,2020-08-06T15:07:38Z,45.43356667,7.64471667,1310.00,32.794
16013,3,8156,13052.310749891654,8988.88093340801,2020-08-06T15:07:39Z,45.43348333,7.64468333,1313.00,32.784
16014,3,8157,13053.310749891654,8989.88093340801,2020-08-06T15:07:40Z,45.43340000,7.64465000,1310.00,32.775
16015,3,8158,13054.310749891654,8990.88093340801,2020-08-06T15:07:41Z,45.43331667,7.64463333,1311.00,32.766
16016,3,8159,13055.310749891654,8991.88093340801,2020-08-06T15:07:42Z,45.43323333,7.64461667,1311.00,32.757
16017,3,8160,13056.310749891654,8992.88093340801,2020-08-06T15:07:43Z,45.43313333,7.64461667,1314.00,32.747
16018,3,8161,13057.310749891654,8993.88093340801,2020-08-06T15:07:44Z,45.43305000,7.64461667,1310.00,32.738
16019,3,8162,13058.310749891654,8994.88093340801,2020-08-06T15:07:45Z,45.43296667,7.64463333,1316.00,32.73
16020,3,8163,13059.310749891654,8995.88093340801,2020-08-06T15:07:46Z,45.43288333,7.64463333,1315.00,32.722
16021,3,8164,13060.310749891654,8996.88093340801,2020-08-06T15:07:47Z,45.43278333,7.64463333,1306.00,32.712
16022,3,8165,13061.310749891654,8997.88093340801,2020-08-06T15:07:48Z,45.43270000,7.64463333,1315.00,32.703
16023,3,8166,13062.310749891654,8998.88093340801,2020-08-06T15:07:49Z,45.43260000,7.64458333,1295.00,32.692
16024,3,8167,13063.310749891654,8999.88093340801,2020-08-06T15:07:50Z,45.43251667,7.64450000,1319.00,32.681
16025,3,8168,13064.310749891654,9000.88093340801,2020-08-06T15:07:51Z,45.43245000,7.64438333,1311.00,32.67
16026,3,8169,13065.310749891654,9001.88093340801,2020-08-06T15:07:52Z,45.43240000,7.64423333,1321.00,32.66
16027,3,8170,13066.310749891654,9002.88093340801,2020-08-06T15:07:53Z,45.43238333,7.64406667,1304.00,32.653
16028,3,8171,13067.310749891654,9003.88093340801,2020-08-06T15:07:54Z,45.43240000,7.64391667,1323.00,32.65
16029,3,8172,13068.310749891654,9004.88093340801,2020-08-06T15:07:55Z,45.43246667,7.64378333,1315.00,32.652
16030,3,8173,13069.310749891654,9005.88093340801,2020-08-06T15:07:56Z,45.43256667,7.64371667,1317.00,32.66
16031,3,8174,13070.310749891654,9006.88093340801,2020-08-06T15:07:57Z,45.43266667,7.64368333,1316.00,32.669
16032,3,8175,13071.310749891654,9007.88093340801,2020-08-06T15:07:58Z,45.43276667,7.64370000,1322.00,32.679
16033,3,8176,13072.310749891654,9008.88093340801,2020-08-06T15:07:59Z,45.43285000,7.64375000,1319.00,32.689
16034,3,8177,13073.310749891654,9009.88093340801,2020-08-06T15:08:00Z,45.43291667,7.64380000,1317.00,32.698
16035,3,8178,13074.310749891654,9010.88093340801,2020-08-06T15:08:01Z,45.43296667,7.64386667,1322.00,32.705
16036,3,8179,13075.310749891654,9011.88093340801,2020-08-06T15:08:02Z,45.43300000,7.64396667,1322.00,32.712
16037,3,8180,13076.310749891654,9012.88093340801,2020-08-06T15:08:03Z,45.43303333,7.64406667,1323.00,32.718
16038,3,8181,13077.310749891654,9013.88093340801,2020-08-06T15:08:04Z,45.43305000,7.64418333,1313.00,32.724
16039,3,8182,13078.310749891654,9014.88093340801,2020-08-06T15:08:05Z,45.43305000,7.64430000,1318.00,32.728
16040,3,8183,13079.310749891654,9015.88093340801,2020-08-06T15:08:06Z,45.43305000,7.64441667,1317.00,32.732
16041,3,8184,13080.310749891654,9016.88093340801,2020-08-06T15:08:07Z,45.43303333,7.64450000,1327.00,32.733
16042,3,8185,13081.310749891654,9017.88093340801,2020-08-06T15:08:08Z,45.43301667,7.64458333,1313.00,32.734
16043,3,8186,13082.310749891654,9018.88093340801,2020-08-06T15:08:09Z,45.43298333,7.64465000,1323.00,32.733
16044,3,8187,13083.310749891654,9019.88093340801,2020-08-06T15:08:10Z,45.43293333,7.64473333,1316.00,32.73
16045,3,8188,13084.310749891654,9020.88093340801,2020-08-06T15:08:11Z,45.43288333,7.64481667,1318.00,32.728
16046,3,8189,13085.310749891654,9021.88093340801,2020-08-06T15:08:12Z,45.43281667,7.64490000,1319.00,32.724
16047,3,8190,13086.310749891654,9022.88093340801,2020-08-06T15:08:13Z,45.43275000,7.64498333,1321.00,32.72
16048,3,8191,13087.310749891654,9023.88093340801,2020-08-06T15:08:14Z,45.43268333,7.64503333,1314.00,32.715
16049,3,8192,13088.310749891654,9024.88093340801,2020-08-06T15:08:15Z,45.43260000,7.64508333,1320.00,32.708
16050,3,8193,13089.310749891654,9025.88093340801,2020-08-06T15:08:16Z,45.43251667,7.64508333,1323.00,32.7
16051,3,8194,13090.310749891654,9026.88093340801,2020-08-06T15:08:17Z,45.43243333,7.64508333,1321.00,32.692
16052,3,8195,13091.310749891654,9027.88093340801,2020-08-06T15:08:18Z,45.43236667,7.64505000,1325.00,32.684
16053,3,8196,13092.310749891654,9028.88093340801,2020-08-06T15:08:19Z,45.43230000,7.64500000,1324.00,32.675
16054,3,8197,13093.310749891654,9029.88093340801,2020-08-06T15:08:20Z,45.43223333,7.64493333,1315.00,32.667
16055,3,8198,13094.310749891654,9030.88093340801,2020-08-06T15:08:21Z,45.43218333,7.64483333,1320.00,32.658
16056,3,8199,13095.310749891654,9031.88093340801,2020-08-06T15:08:22Z,45.43215000,7.64471667,1316.00,32.651
16057,3,8200,13096.310749891654,9032.88093340801,2020-08-06T15:08:23Z,45.43215000,7.64458333,1314.00,32.646
16058,3,8201,13097.310749891654,9033.88093340801,2020-08-06T15:08:24Z,45.43218333,7.64445000,1315.00,32.645
16059,3,8202,13098.310749891654,9034.88093340801,2020-08-06T15:08:25Z,45.43223333,7.64431667,1313.00,32.646
16060,3,8203,13099.310749891654,9035.88093340801,2020-08-06T15:08:26Z,45.43231667,7.64423333,1311.00,32.652
16061,3,8204,13100.310749891654,9036.88093340801,2020-08-06T15:08:27Z,45.43240000,7.64416667,1308.00,32.658
16062,3,8205,13101.310749891654,9037.88093340801,2020-08-06T15:08:28Z,45.43250000,7.64413333,1316.00,32.667
16063,3,8206,13102.310749891654,9038.88093340801,2020-08-06T15:08:29Z,45.43260000,7.64413333,1311.00,32.677
16064,3,8207,13103.310749891654,9039.88093340801,2020-08-06T15:08:30Z,45.43268333,7.64416667,1313.00,32.686
16065,3,8208,13104.310749891654,9040.88093340801,2020-08-06T15:08:31Z,45.43275000,7.64423333,1299.00,32.695
16066,3,8209,13105.310749891654,9041.88093340801,2020-08-06T15:08:32Z,45.43280000,7.64430000,1319.00,32.703
16067,3,8210,13106.310749891654,9042.88093340801,2020-08-06T15:08:33Z,45.43283333,7.64436667,1312.00,32.708
16068,3,8211,13107.310749891654,9043.88093340801,2020-08-06T15:08:34Z,45.43286667,7.64443333,1310.00,32.714
16069,3,8212,13108.310749891654,9044.88093340801,2020-08-06T15:08:35Z,45.43290000,7.64451667,1316.00,32.72
16070,3,8213,13109.310749891654,9045.88093340801,2020-08-06T15:08:36Z,45.43291667,7.64461667,1313.00,32.725
16071,3,8214,13110.310749891654,9046.88093340801,2020-08-06T15:08:37Z,45.43295000,7.64471667,1313.00,32.731
16072,3,8215,13111.310749891654,9047.88093340801,2020-08-06T15:08:38Z,45.43298333,7.64480000,1315.00,32.738
16073,3,8216,13112.310749891654,9048.88093340801,2020-08-06T15:08:39Z,45.43301667,7.64490000,1312.00,32.744
16074,3,8217,13113.310749891654,9049.88093340801,2020-08-06T15:08:40Z,45.43305000,7.64498333,1312.00,32.75
16075,3,8218,13114.310749891654,9050.88093340801,2020-08-06T15:08:41Z,45.43306667,7.64508333,1312.00,32.755
16076,3,8219,13115.310749891654,9051.88093340801,2020-08-06T15:08:42Z,45.43308333,7.64516667,1316.00,32.76
16077,3,8220,13116.310749891654,9052.88093340801,2020-08-06T15:08:43Z,45.43306667,7.64525000,1320.00,32.761
16078,3,8221,13117.310749891654,9053.88093340801,2020-08-06T15:08:44Z,45.43303333,7.64533333,1310.00,32.76
16079,3,8222,13118.310749891654,9054.88093340801,2020-08-06T15:08:45Z,45.43298333,7.64540000,1316.00,32.757
16080,3,8223,13119.310749891654,9055.88093340801,2020-08-06T15:08:46Z,45.43290000,7.64546667,1311.00,32.751
16081,3,8224,13120.310749891654,9056.88093340801,2020-08-06T15:08:47Z,45.43281667,7.64550000,1300.00,32.744
16082,3,8225,13121.310749891654,9057.88093340801,2020-08-06T15:08:48Z,45.43271667,7.64548333,1309.00,32.733
16083,3,8226,13122.310749891654,9058.88093340801,2020-08-06T15:08:49Z,45.43265000,7.64543333,1309.00,32.725
16084,3,8227,13123.310749891654,9059.88093340801,2020-08-06T15:08:50Z,45.43258333,7.64535000,1310.00,32.716
16085,3,8228,13124.310749891654,9060.88093340801,2020-08-06T15:08:51Z,45.43253333,7.64523333,1309.00,32.707
16086,3,8229,13125.310749891654,9061.88093340801,2020-08-06T15:08:52Z,45.43251667,7.64511667,1311.00,32.701
16087,3,8230,13126.310749891654,9062.88093340801,2020-08-06T15:08:53Z,45.43253333,7.64498333,1309.00,32.698
16088,3,8231,13127.310749891654,9063.88093340801,2020-08-06T15:08:54Z,45.43255000,7.64485000,1313.00,32.696
16089,3,8232,13128.310749891654,9064.88093340801,2020-08-06T15:08:55Z,45.43260000,7.64471667,1307.00,32.696
16090,3,8233,13129.310749891654,9065.88093340801,2020-08-06T15:08:56Z,45.43265000,7.64460000,1312.00,32.697
16091,3,8234,13130.310749891654,9066.88093340801,2020-08-06T15:08:57Z,45.43271667,7.64446667,1306.00,32.7
16092,3,8235,13131.310749891654,9067.88093340801,2020-08-06T15:08:58Z,45.43276667,7.64433333,1308.00,32.7
16093,3,8236,13132.310749891654,9068.88093340801,2020-08-06T15:08:59Z,45.43280000,7.64418333,1311.00,32.699
16094,3,8237,13133.310749891654,9069.88093340801,2020-08-06T15:09:00Z,45.43281667,7.64401667,1311.00,32.695
16095,3,8238,13134.310749891654,9070.88093340801,2020-08-06T15:09:01Z,45.43281667,7.64383333,1307.00,32.689
16096,3,8239,13135.310749891654,9071.88093340801,2020-08-06T15:09:02Z,45.43280000,7.64366667,1305.00,32.682
16097,3,8240,13136.310749891654,9072.88093340801,2020-08-06T15:09:03Z,45.43278333,7.64351667,1303.00,32.675
16098,3,8241,13137.310749891654,9073.88093340801,2020-08-06T15:09:04Z,45.43273333,7.64338333,1304.00,32.666
16099,3,8242,13138.310749891654,9074.88093340801,2020-08-06T15:09:05Z,45.43268333,7.64328333,1306.00,32.657
16100,3,8243,13139.310749891654,9075.88093340801,2020-08-06T15:09:06Z,45.43261667,7.64318333,1302.00,32.647
16101,3,8244,13140.310749891654,9076.88093340801,2020-08-06T15:09:07Z,45.43255000,7.64313333,1303.00,32.639
16102,3,8245,13141.310749891654,9077.88093340801,2020-08-06T15:09:08Z,45.43246667,7.64308333,1299.00,32.629
16103,3,8246,13142.310749891654,9078.88093340801,2020-08-06T15:09:09Z,45.43238333,7.64306667,1311.00,32.62
16104,3,8247,13143.310749891654,9079.88093340801,2020-08-06T15:09:10Z,45.43231667,7.64306667,1310.00,32.613
16105,3,8248,13144.310749891654,9080.88093340801,2020-08-06T15:09:11Z,45.43223333,7.64305000,1288.00,32.604
16106,3,8249,13145.310749891654,9081.88093340801,2020-08-06T15:09:12Z,45.43216667,7.64303333,1309.00,32.597
16107,3,8250,13146.310749891654,9082.88093340801,2020-08-06T15:09:13Z,45.43210000,7.64296667,1317.00,32.588
16108,3,8251,13147.310749891654,9083.88093340801,2020-08-06T15:09:14Z,45.43203333,7.64286667,1310.00,32.578
16109,3,8252,13148.310749891654,9084.88093340801,2020-08-06T15:09:15Z,45.43201667,7.64271667,1323.00,32.572
16110,3,8253,13149.310749891654,9085.88093340801,2020-08-06T15:09:16Z,45.43203333,7.64255000,1312.00,32.568
16111,3,8254,13150.310749891654,9086.88093340801,2020-08-06T15:09:17Z,45.43208333,7.64241667,1308.00,32.569
16112,3,8255,13151.310749891654,9087.88093340801,2020-08-06T15:09:18Z,45.43216667,7.64233333,1315.00,32.574
16113,3,8256,13152.310749891654,9088.88093340801,2020-08-06T15:09:19Z,45.43226667,7.64230000,1315.00,32.583
16114,3,8257,13153.310749891654,9089.88093340801,2020-08-06T15:09:20Z,45.43236667,7.64230000,1316.00,32.593
16115,3,8258,13154.310749891654,9090.88093340801,2020-08-06T15:09:21Z,45.43246667,7.64231667,1315.00,32.603
16116,3,8259,13155.310749891654,9091.88093340801,2020-08-06T15:09:22Z,45.43253333,7.64236667,1303.00,32.612
16117,3,8260,13156.310749891654,9092.88093340801,2020-08-06T15:09:23Z,45.43258333,7.64246667,1310.00,32.62
16118,3,8261,13157.310749891654,9093.88093340801,2020-08-06T15:09:24Z,45.43263333,7.64258333,1305.00,32.629
16119,3,8262,13158.310749891654,9094.88093340801,2020-08-06T15:09:25Z,45.43265000,7.64270000,1314.00,32.635
16120,3,8263,13159.310749891654,9095.88093340801,2020-08-06T15:09:26Z,45.43266667,7.64283333,1319.00,32.641
16121,3,8264,13160.310749891654,9096.88093340801,2020-08-06T15:09:27Z,45.43263333,7.64295000,1295.00,32.641
16122,3,8265,13161.310749891654,9097.88093340801,2020-08-06T15:09:28Z,45.43258333,7.64303333,1303.00,32.639
16123,3,8266,13162.310749891654,9098.88093340801,2020-08-06T15:09:29Z,45.43250000,7.64306667,1313.00,32.632
16124,3,8267,13163.310749891654,9099.88093340801,2020-08-06T15:09:30Z,45.43241667,7.64305000,1316.00,32.623
16125,3,8268,13164.310749891654,9100.88093340801,2020-08-06T15:09:31Z,45.43235000,7.64300000,1317.00,32.614
16126,3,8269,13165.310749891654,9101.88093340801,2020-08-06T15:09:32Z,45.43228333,7.64288333,1304.00,32.604
16127,3,8270,13166.310749891654,9102.88093340801,2020-08-06T15:09:33Z,45.43225000,7.64273333,1316.00,32.596
16128,3,8271,13167.310749891654,9103.88093340801,2020-08-06T15:09:34Z,45.43225000,7.64255000,1328.00,32.59
16129,3,8272,13168.310749891654,9104.88093340801,2020-08-06T15:09:35Z,45.43228333,7.64238333,1316.00,32.587
16130,3,8273,13169.310749891654,9105.88093340801,2020-08-06T15:09:36Z,45.43236667,7.64226667,1314.00,32.592
16131,3,8274,13170.310749891654,9106.88093340801,2020-08-06T15:09:37Z,45.43246667,7.64220000,1328.00,32.599
16132,3,8275,13171.310749891654,9107.88093340801,2020-08-06T15:09:38Z,45.43258333,7.64220000,1315.00,32.611
16133,3,8276,13172.310749891654,9108.88093340801,2020-08-06T15:09:39Z,45.43268333,7.64223333,1308.00,32.622
16134,3,8277,13173.310749891654,9109.88093340801,2020-08-06T15:09:40Z,45.43275000,7.64231667,1312.00,32.632
16135,3,8278,13174.310749891654,9110.88093340801,2020-08-06T15:09:41Z,45.43281667,7.64243333,1319.00,32.642
16136,3,8279,13175.310749891654,9111.88093340801,2020-08-06T15:09:42Z,45.43286667,7.64253333,1316.00,32.651
16137,3,8280,13176.310749891654,9112.88093340801,2020-08-06T15:09:43Z,45.43291667,7.64263333,1321.00,32.659
16138,3,8281,13177.310749891654,9113.88093340801,2020-08-06T15:09:44Z,45.43293333,7.64271667,1322.00,32.664
16139,3,8282,13178.310749891654,9114.88093340801,2020-08-06T15:09:45Z,45.43295000,7.64281667,1322.00,32.669
16140,3,8283,13179.310749891654,9115.88093340801,2020-08-06T15:09:46Z,45.43296667,7.64291667,1307.00,32.674
16141,3,8284,13180.310749891654,9116.88093340801,2020-08-06T15:09:47Z,45.43295000,7.64300000,1317.00,32.675
16142,3,8285,13181.310749891654,9117.88093340801,2020-08-06T15:09:48Z,45.43293333,7.64308333,1301.00,32.676
16143,3,8286,13182.310749891654,9118.88093340801,2020-08-06T15:09:49Z,45.43290000,7.64316667,1330.00,32.675
16144,3,8287,13183.310749891654,9119.88093340801,2020-08-06T15:09:50Z,45.43285000,7.64321667,1318.00,32.672
16145,3,8288,13184.310749891654,9120.88093340801,2020-08-06T15:09:51Z,45.43276667,7.64325000,1313.00,32.665
16146,3,8289,13185.310749891654,9121.88093340801,2020-08-06T15:09:52Z,45.43268333,7.64323333,1317.00,32.656
16147,3,8290,13186.310749891654,9122.88093340801,2020-08-06T15:09:53Z,45.43260000,7.64320000,1314.00,32.646
16148,3,8291,13187.310749891654,9123.88093340801,2020-08-06T15:09:54Z,45.43250000,7.64313333,1310.00,32.634
16149,3,8292,13188.310749891654,9124.88093340801,2020-08-06T15:09:55Z,45.43241667,7.64305000,1319.00,32.623
16150,3,8293,13189.310749891654,9125.88093340801,2020-08-06T15:09:56Z,45.43233333,7.64298333,1327.00,32.612
16151,3,8294,13190.310749891654,9126.88093340801,2020-08-06T15:09:57Z,45.43225000,7.64290000,1331.00,32.601
16152,3,8295,13191.310749891654,9127.88093340801,2020-08-06T15:09:58Z,45.43215000,7.64283333,1326.00,32.589
16153,3,8296,13192.310749891654,9128.88093340801,2020-08-06T15:09:59Z,45.43206667,7.64275000,1301.00,32.578
16154,3,8297,13193.310749891654,9129.88093340801,2020-08-06T15:10:00Z,45.43198333,7.64268333,1309.00,32.567
16155,3,8298,13194.310749891654,9130.88093340801,2020-08-06T15:10:01Z,45.43188333,7.64261667,1304.00,32.555
16156,3,8299,13195.310749891654,9131.88093340801,2020-08-06T15:10:02Z,45.43178333,7.64253333,1295.00,32.542
16157,3,8300,13196.310749891654,9132.88093340801,2020-08-06T15:10:03Z,45.43166667,7.64243333,1314.00,32.527
16158,3,8301,13197.310749891654,9133.88093340801,2020-08-06T15:10:04Z,45.43155000,7.64235000,1309.00,32.512
16159,3,8302,13198.310749891654,9134.88093340801,2020-08-06T15:10:05Z,45.43143333,7.64225000,1309.00,32.497
16160,3,8303,13199.310749891654,9135.88093340801,2020-08-06T15:10:06Z,45.43133333,7.64216667,1324.00,32.485
16161,3,8304,13200.310749891654,9136.88093340801,2020-08-06T15:10:07Z,45.43125000,7.64208333,1316.00,32.473
16162,3,8305,13201.310749891654,9137.88093340801,2020-08-06T15:10:08Z,45.43116667,7.64203333,1314.00,32.463
16163,3,8306,13202.310749891654,9138.88093340801,2020-08-06T15:10:09Z,45.43110000,7.64196667,1314.00,32.454
16164,3,8307,13203.310749891654,9139.88093340801,2020-08-06T15:10:10Z,45.43103333,7.64190000,1313.00,32.446
16165,3,8308,13204.310749891654,9140.88093340801,2020-08-06T15:10:11Z,45.43093333,7.64183333,1312.00,32.433
16166,3,8309,13205.310749891654,9141.88093340801,2020-08-06T15:10:12Z,45.43085000,7.64178333,1303.00,32.423
16167,3,8310,13206.310749891654,9142.88093340801,2020-08-06T15:10:13Z,45.43075000,7.64171667,1303.00,32.411
16168,3,8311,13207.310749891654,9143.88093340801,2020-08-06T15:10:14Z,45.43065000,7.64165000,1303.00,32.399
16169,3,8312,13208.310749891654,9144.88093340801,2020-08-06T15:10:15Z,45.43055000,7.64156667,1303.00,32.386
16170,3,8313,13209.310749891654,9145.88093340801,2020-08-06T15:10:16Z,45.43043333,7.64150000,1302.00,32.372
16171,3,8314,13210.310749891654,9146.88093340801,2020-08-06T15:10:17Z,45.43033333,7.64141667,1302.00,32.359
16172,3,8315,13211.310749891654,9147.88093340801,2020-08-06T15:10:18Z,45.43021667,7.64135000,1296.00,32.345
16173,3,8316,13212.310749891654,9148.88093340801,2020-08-06T15:10:19Z,45.43010000,7.64126667,1297.00,32.331
16174,3,8317,13213.310749891654,9149.88093340801,2020-08-06T15:10:20Z,45.43000000,7.64116667,1305.00,32.317
16175,3,8318,13214.310749891654,9150.88093340801,2020-08-06T15:10:21Z,45.42990000,7.64108333,1301.00,32.304
16176,3,8319,13215.310749891654,9151.88093340801,2020-08-06T15:10:22Z,45.42980000,7.64100000,1297.00,32.292
16177,3,8320,13216.310749891654,9152.88093340801,2020-08-06T15:10:23Z,45.42971667,7.64093333,1300.00,32.281
16178,3,8321,13217.310749891654,9153.88093340801,2020-08-06T15:10:24Z,45.42963333,7.64086667,1301.00,32.27
16179,3,8322,13218.310749891654,9154.88093340801,2020-08-06T15:10:25Z,45.42955000,7.64080000,1300.00,32.26
16180,3,8323,13219.310749891654,9155.88093340801,2020-08-06T15:10:26Z,45.42946667,7.64073333,1300.00,32.249
16181,3,8324,13220.310749891654,9156.88093340801,2020-08-06T15:10:27Z,45.42938333,7.64066667,1299.00,32.239
16182,3,8325,13221.310749891654,9157.88093340801,2020-08-06T15:10:28Z,45.42930000,7.64061667,1299.00,32.229
16183,3,8326,13222.310749891654,9158.88093340801,2020-08-06T15:10:29Z,45.42921667,7.64055000,1300.00,32.218
16184,3,8327,13223.310749891654,9159.88093340801,2020-08-06T15:10:30Z,45.42915000,7.64048333,1298.00,32.209
16185,3,8328,13224.310749891654,9160.88093340801,2020-08-06T15:10:31Z,45.42906667,7.64041667,1298.00,32.199
16186,3,8329,13225.310749891654,9161.88093340801,2020-08-06T15:10:32Z,45.42898333,7.64035000,1292.00,32.188
16187,3,8330,13226.310749891654,9162.88093340801,2020-08-06T15:10:33Z,45.42888333,7.64026667,1293.00,32.175
16188,3,8331,13227.310749891654,9163.88093340801,2020-08-06T15:10:34Z,45.42878333,7.64020000,1293.00,32.163
16189,3,8332,13228.310749891654,9164.88093340801,2020-08-06T15:10:35Z,45.42870000,7.64015000,1292.00,32.153
16190,3,8333,13229.310749891654,9165.88093340801,2020-08-06T15:10:36Z,45.42863333,7.64011667,1293.00,32.145
16191,3,8334,13230.310749891654,9166.88093340801,2020-08-06T15:10:37Z,45.42856667,7.64006667,1292.00,32.137
16192,3,8335,13231.310749891654,9167.88093340801,2020-08-06T15:10:38Z,45.42848333,7.64000000,1292.00,32.126
16193,3,8336,13232.310749891654,9168.88093340801,2020-08-06T15:10:39Z,45.42840000,7.63993333,1289.00,32.115
16194,3,8337,13233.310749891654,9169.88093340801,2020-08-06T15:10:40Z,45.42831667,7.63986667,1292.00,32.105
16195,3,8338,13234.310749891654,9170.88093340801,2020-08-06T15:10:41Z,45.42823333,7.63978333,1289.00,32.094
16196,3,8339,13235.310749891654,9171.88093340801,2020-08-06T15:10:42Z,45.42815000,7.63971667,1283.00,32.083
16197,3,8340,13236.310749891654,9172.88093340801,2020-08-06T15:10:43Z,45.42806667,7.63965000,1286.00,32.072
16198,3,8341,13237.310749891654,9173.88093340801,2020-08-06T15:10:44Z,45.42798333,7.63956667,1290.00,32.061
16199,3,8342,13238.310749891654,9174.88093340801,2020-08-06T15:10:45Z,45.42791667,7.63950000,1288.00,32.052
16200,3,8343,13239.310749891654,9175.88093340801,2020-08-06T15:10:46Z,45.42781667,7.63943333,1283.00,32.04
16201,3,8344,13240.310749891654,9176.88093340801,2020-08-06T15:10:47Z,45.42773333,7.63936667,1291.00,32.029
16202,3,8345,13241.310749891654,9177.88093340801,2020-08-06T15:10:48Z,45.42765000,7.63931667,1289.00,32.019
16203,3,8346,13242.310749891654,9178.88093340801,2020-08-06T15:10:49Z,45.42755000,7.63925000,1285.00,32.007
16204,3,8347,13243.310749891654,9179.88093340801,2020-08-06T15:10:50Z,45.42746667,7.63918333,1283.00,31.997
16205,3,8348,13244.310749891654,9180.88093340801,2020-08-06T15:10:51Z,45.42738333,7.63911667,1286.00,31.986
16206,3,8349,13245.310749891654,9181.88093340801,2020-08-06T15:10:52Z,45.42730000,7.63905000,1284.00,31.975
16207,3,8350,13246.310749891654,9182.88093340801,2020-08-06T15:10:53Z,45.42720000,7.63900000,1282.00,31.964
16208,3,8351,13247.310749891654,9183.88093340801,2020-08-06T15:10:54Z,45.42711667,7.63895000,1284.00,31.954
16209,3,8352,13248.310749891654,9184.88093340801,2020-08-06T15:10:55Z,45.42703333,7.63888333,1280.00,31.943
16210,3,8353,13249.310749891654,9185.88093340801,2020-08-06T15:10:56Z,45.42695000,7.63881667,1278.00,31.932
16211,3,8354,13250.310749891654,9186.88093340801,2020-08-06T15:10:57Z,45.42685000,7.63876667,1278.00,31.921
16212,3,8355,13251.310749891654,9187.88093340801,2020-08-06T15:10:58Z,45.42676667,7.63870000,1275.00,31.91
16213,3,8356,13252.310749891654,9188.88093340801,2020-08-06T15:10:59Z,45.42666667,7.63863333,1275.00,31.898
16214,3,8357,13253.310749891654,9189.88093340801,2020-08-06T15:11:00Z,45.42656667,7.63855000,1274.00,31.885
16215,3,8358,13254.310749891654,9190.88093340801,2020-08-06T15:11:01Z,45.42648333,7.63846667,1272.00,31.874
16216,3,8359,13255.310749891654,9191.88093340801,2020-08-06T15:11:02Z,45.42640000,7.63840000,1274.00,31.863
16217,3,8360,13256.310749891654,9192.88093340801,2020-08-06T15:11:03Z,45.42631667,7.63831667,1275.00,31.852
16218,3,8361,13257.310749891654,9193.88093340801,2020-08-06T15:11:04Z,45.42623333,7.63823333,1269.00,31.841
16219,3,8362,13258.310749891654,9194.88093340801,2020-08-06T15:11:05Z,45.42615000,7.63815000,1269.00,31.83
16220,3,8363,13259.310749891654,9195.88093340801,2020-08-06T15:11:06Z,45.42606667,7.63806667,1269.00,31.818
16221,3,8364,13260.310749891654,9196.88093340801,2020-08-06T15:11:07Z,45.42596667,7.63798333,1263.00,31.806
16222,3,8365,13261.310749891654,9197.88093340801,2020-08-06T15:11:08Z,45.42588333,7.63791667,1265.00,31.795
16223,3,8366,13262.310749891654,9198.88093340801,2020-08-06T15:11:09Z,45.42578333,7.63785000,1263.00,31.783
16224,3,8367,13263.310749891654,9199.88093340801,2020-08-06T15:11:10Z,45.42570000,7.63778333,1259.00,31.772
16225,3,8368,13264.310749891654,9200.88093340801,2020-08-06T15:11:11Z,45.42560000,7.63770000,1255.00,31.759
16226,3,8369,13265.310749891654,9201.88093340801,2020-08-06T15:11:12Z,45.42551667,7.63763333,1252.00,31.749
16227,3,8370,13266.310749891654,9202.88093340801,2020-08-06T15:11:13Z,45.42541667,7.63756667,1256.00,31.736
16228,3,8371,13267.310749891654,9203.88093340801,2020-08-06T15:11:14Z,45.42530000,7.63748333,1255.00,31.722
16229,3,8372,13268.310749891654,9204.88093340801,2020-08-06T15:11:15Z,45.42520000,7.63740000,1246.00,31.709
16230,3,8373,13269.310749891654,9205.88093340801,2020-08-06T15:11:16Z,45.42510000,7.63730000,1244.00,31.696
16231,3,8374,13270.310749891654,9206.88093340801,2020-08-06T15:11:17Z,45.42501667,7.63721667,1247.00,31.684
16232,3,8375,13271.310749891654,9207.88093340801,2020-08-06T15:11:18Z,45.42493333,7.63713333,1248.00,31.673
16233,3,8376,13272.310749891654,9208.88093340801,2020-08-06T15:11:19Z,45.42485000,7.63705000,1251.00,31.662
16234,3,8377,13273.310749891654,9209.88093340801,2020-08-06T15:11:20Z,45.42476667,7.63696667,1246.00,31.651
16235,3,8378,13274.310749891654,9210.88093340801,2020-08-06T15:11:21Z,45.42468333,7.63688333,1249.00,31.64
16236,3,8379,13275.310749891654,9211.88093340801,2020-08-06T15:11:22Z,45.42460000,7.63680000,1247.00,31.628
16237,3,8380,13276.310749891654,9212.88093340801,2020-08-06T15:11:23Z,45.42451667,7.63671667,1251.00,31.617
16238,3,8381,13277.310749891654,9213.88093340801,2020-08-06T15:11:24Z,45.42441667,7.63665000,1248.00,31.605
16239,3,8382,13278.310749891654,9214.88093340801,2020-08-06T15:11:25Z,45.42433333,7.63655000,1243.00,31.593
16240,3,8383,13279.310749891654,9215.88093340801,2020-08-06T15:11:26Z,45.42425000,7.63646667,1242.00,31.582
16241,3,8384,13280.310749891654,9216.88093340801,2020-08-06T15:11:27Z,45.42416667,7.63638333,1245.00,31.571
16242,3,8385,13281.310749891654,9217.88093340801,2020-08-06T15:11:28Z,45.42408333,7.63630000,1245.00,31.56
16243,3,8386,13282.310749891654,9218.88093340801,2020-08-06T15:11:29Z,45.42400000,7.63621667,1243.00,31.549
16244,3,8387,13283.310749891654,9219.88093340801,2020-08-06T15:11:30Z,45.42390000,7.63613333,1239.00,31.536
16245,3,8388,13284.310749891654,9220.88093340801,2020-08-06T15:11:31Z,45.42381667,7.63605000,1239.00,31.525
16246,3,8389,13285.310749891654,9221.88093340801,2020-08-06T15:11:32Z,45.42373333,7.63595000,1238.00,31.513
16247,3,8390,13286.310749891654,9222.88093340801,2020-08-06T15:11:33Z,45.42365000,7.63585000,1242.00,31.501
16248,3,8391,13287.310749891654,9223.88093340801,2020-08-06T15:11:34Z,45.42355000,7.63576667,1239.00,31.488
16249,3,8392,13288.310749891654,9224.88093340801,2020-08-06T15:11:35Z,45.42346667,7.63568333,1234.00,31.477
16250,3,8393,13289.310749891654,9225.88093340801,2020-08-06T15:11:36Z,45.42336667,7.63558333,1235.00,31.464
16251,3,8394,13290.310749891654,9226.88093340801,2020-08-06T15:11:37Z,45.42326667,7.63550000,1236.00,31.451
16252,3,8395,13291.310749891654,9227.88093340801,2020-08-06T15:11:38Z,45.42318333,7.63540000,1234.00,31.439
16253,3,8396,13292.310749891654,9228.88093340801,2020-08-06T15:11:39Z,45.42308333,7.63531667,1237.00,31.426
16254,3,8397,13293.310749891654,9229.88093340801,2020-08-06T15:11:40Z,45.42300000,7.63521667,1233.00,31.414
16255,3,8398,13294.310749891654,9230.88093340801,2020-08-06T15:11:41Z,45.42290000,7.63511667,1234.00,31.401
16256,3,8399,13295.310749891654,9231.88093340801,2020-08-06T15:11:42Z,45.42281667,7.63500000,1232.00,31.389
16257,3,8400,13296.310749891654,9232.88093340801,2020-08-06T15:11:43Z,45.42271667,7.63490000,1234.00,31.375
16258,3,8401,13297.310749891654,9233.88093340801,2020-08-06T15:11:44Z,45.42263333,7.63478333,1234.00,31.363
16259,3,8402,13298.310749891654,9234.88093340801,2020-08-06T15:11:45Z,45.42255000,7.63468333,1235.00,31.351
16260,3,8403,13299.310749891654,9235.88093340801,2020-08-06T15:11:46Z,45.42246667,7.63458333,1233.00,31.34
16261,3,8404,13300.310749891654,9236.88093340801,2020-08-06T15:11:47Z,45.42238333,7.63450000,1235.00,31.328
16262,3,8405,13301.310749891654,9237.88093340801,2020-08-06T15:11:48Z,45.42228333,7.63440000,1234.00,31.315
16263,3,8406,13302.310749891654,9238.88093340801,2020-08-06T15:11:49Z,45.42218333,7.63430000,1230.00,31.302
16264,3,8407,13303.310749891654,9239.88093340801,2020-08-06T15:11:50Z,45.42206667,7.63420000,1222.00,31.287
16265,3,8408,13304.310749891654,9240.88093340801,2020-08-06T15:11:51Z,45.42196667,7.63408333,1232.00,31.273
16266,3,8409,13305.310749891654,9241.88093340801,2020-08-06T15:11:52Z,45.42185000,7.63400000,1230.00,31.258
16267,3,8410,13306.310749891654,9242.88093340801,2020-08-06T15:11:53Z,45.42173333,7.63390000,1224.00,31.243
16268,3,8411,13307.310749891654,9243.88093340801,2020-08-06T15:11:54Z,45.42163333,7.63381667,1230.00,31.23
16269,3,8412,13308.310749891654,9244.88093340801,2020-08-06T15:11:55Z,45.42153333,7.63373333,1228.00,31.217
16270,3,8413,13309.310749891654,9245.88093340801,2020-08-06T15:11:56Z,45.42143333,7.63365000,1229.00,31.204
16271,3,8414,13310.310749891654,9246.88093340801,2020-08-06T15:11:57Z,45.42133333,7.63356667,1228.00,31.192
16272,3,8415,13311.310749891654,9247.88093340801,2020-08-06T15:11:58Z,45.42121667,7.63346667,1225.00,31.177
16273,3,8416,13312.310749891654,9248.88093340801,2020-08-06T15:11:59Z,45.42111667,7.63338333,1227.00,31.164
16274,3,8417,13313.310749891654,9249.88093340801,2020-08-06T15:12:00Z,45.42100000,7.63328333,1215.00,31.149
16275,3,8418,13314.310749891654,9250.88093340801,2020-08-06T15:12:01Z,45.42088333,7.63318333,1223.00,31.134
16276,3,8419,13315.310749891654,9251.88093340801,2020-08-06T15:12:02Z,45.42078333,7.63306667,1224.00,31.12
16277,3,8420,13316.310749891654,9252.88093340801,2020-08-06T15:12:03Z,45.42068333,7.63296667,1224.00,31.106
16278,3,8421,13317.310749891654,9253.88093340801,2020-08-06T15:12:04Z,45.42058333,7.63285000,1219.00,31.092
16279,3,8422,13318.310749891654,9254.88093340801,2020-08-06T15:12:05Z,45.42050000,7.63275000,1221.00,31.081
16280,3,8423,13319.310749891654,9255.88093340801,2020-08-06T15:12:06Z,45.42040000,7.63266667,1229.00,31.068
16281,3,8424,13320.310749891654,9256.88093340801,2020-08-06T15:12:07Z,45.42030000,7.63258333,1220.00,31.055
16282,3,8425,13321.310749891654,9257.88093340801,2020-08-06T15:12:08Z,45.42021667,7.63248333,1226.00,31.043
16283,3,8426,13322.310749891654,9258.88093340801,2020-08-06T15:12:09Z,45.42011667,7.63240000,1210.00,31.03
16284,3,8427,13323.310749891654,9259.88093340801,2020-08-06T15:12:10Z,45.42003333,7.63233333,1221.00,31.02
16285,3,8428,13324.310749891654,9260.88093340801,2020-08-06T15:12:11Z,45.41993333,7.63225000,1232.00,31.007
16286,3,8429,13325.310749891654,9261.88093340801,2020-08-06T15:12:12Z,45.41983333,7.63218333,1210.00,30.995
16287,3,8430,13326.310749891654,9262.88093340801,2020-08-06T15:12:13Z,45.41975000,7.63210000,1218.00,30.983
16288,3,8431,13327.310749891654,9263.88093340801,2020-08-06T15:12:14Z,45.41965000,7.63203333,1222.00,30.971
16289,3,8432,13328.310749891654,9264.88093340801,2020-08-06T15:12:15Z,45.41956667,7.63195000,1217.00,30.96
16290,3,8433,13329.310749891654,9265.88093340801,2020-08-06T15:12:16Z,45.41950000,7.63186667,1223.00,30.95
16291,3,8434,13330.310749891654,9266.88093340801,2020-08-06T15:12:17Z,45.41943333,7.63181667,1221.00,30.942
16292,3,8435,13331.310749891654,9267.88093340801,2020-08-06T15:12:18Z,45.41938333,7.63175000,1217.00,30.935
16293,3,8436,13332.310749891654,9268.88093340801,2020-08-06T15:12:19Z,45.41931667,7.63168333,1218.00,30.926
16294,3,8437,13333.310749891654,9269.88093340801,2020-08-06T15:12:20Z,45.41923333,7.63161667,1211.00,30.915
16295,3,8438,13334.310749891654,9270.88093340801,2020-08-06T15:12:21Z,45.41913333,7.63153333,1206.00,30.902
16296,3,8439,13335.310749891654,9271.88093340801,2020-08-06T15:12:22Z,45.41903333,7.63145000,1200.00,30.89
16297,3,8440,13336.310749891654,9272.88093340801,2020-08-06T15:12:23Z,45.41891667,7.63136667,1206.00,30.875
16298,3,8441,13337.310749891654,9273.88093340801,2020-08-06T15:12:24Z,45.41883333,7.63130000,1205.00,30.865
16299,3,8442,13338.310749891654,9274.88093340801,2020-08-06T15:12:25Z,45.41873333,7.63123333,1199.00,30.852
16300,3,8443,13339.310749891654,9275.88093340801,2020-08-06T15:12:26Z,45.41866667,7.63115000,1206.00,30.843
16301,3,8444,13340.310749891654,9276.88093340801,2020-08-06T15:12:27Z,45.41858333,7.63110000,1206.00,30.833
16302,3,8445,13341.310749891654,9277.88093340801,2020-08-06T15:12:28Z,45.41850000,7.63103333,1202.00,30.822
16303,3,8446,13342.310749891654,9278.88093340801,2020-08-06T15:12:29Z,45.41840000,7.63095000,1197.00,30.809
16304,3,8447,13343.310749891654,9279.88093340801,2020-08-06T15:12:30Z,45.41831667,7.63086667,1198.00,30.798
16305,3,8448,13344.310749891654,9280.88093340801,2020-08-06T15:12:31Z,45.41823333,7.63078333,1195.00,30.787
16306,3,8449,13345.310749891654,9281.88093340801,2020-08-06T15:12:32Z,45.41815000,7.63070000,1201.00,30.776
16307,3,8450,13346.310749891654,9282.88093340801,2020-08-06T15:12:33Z,45.41806667,7.63063333,1199.00,30.765
16308,3,8451,13347.310749891654,9283.88093340801,2020-08-06T15:12:34Z,45.41798333,7.63056667,1198.00,30.755
16309,3,8452,13348.310749891654,9284.88093340801,2020-08-06T15:12:35Z,45.41790000,7.63048333,1198.00,30.743
16310,3,8453,13349.310749891654,9285.88093340801,2020-08-06T15:12:36Z,45.41781667,7.63040000,1194.00,30.732
16311,3,8454,13350.310749891654,9286.88093340801,2020-08-06T15:12:37Z,45.41773333,7.63030000,1192.00,30.721
16312,3,8455,13351.310749891654,9287.88093340801,2020-08-06T15:12:38Z,45.41765000,7.63020000,1194.00,30.709
16313,3,8456,13352.310749891654,9288.88093340801,2020-08-06T15:12:39Z,45.41755000,7.63011667,1196.00,30.696
16314,3,8457,13353.310749891654,9289.88093340801,2020-08-06T15:12:40Z,45.41746667,7.63001667,1193.00,30.684
16315,3,8458,13354.310749891654,9290.88093340801,2020-08-06T15:12:41Z,45.41736667,7.62991667,1185.00,30.671
16316,3,8459,13355.310749891654,9291.88093340801,2020-08-06T15:12:42Z,45.41728333,7.62981667,1195.00,30.659
16317,3,8460,13356.310749891654,9292.88093340801,2020-08-06T15:12:43Z,45.41720000,7.62973333,1201.00,30.648
16318,3,8461,13357.310749891654,9293.88093340801,2020-08-06T15:12:44Z,45.41713333,7.62965000,1196.00,30.639
16319,3,8462,13358.310749891654,9294.88093340801,2020-08-06T15:12:45Z,45.41706667,7.62956667,1183.00,30.629
16320,3,8463,13359.310749891654,9295.88093340801,2020-08-06T15:12:46Z,45.41700000,7.62950000,1175.00,30.62
16321,3,8464,13360.310749891654,9296.88093340801,2020-08-06T15:12:47Z,45.41695000,7.62941667,1179.00,30.612
16322,3,8465,13361.310749891654,9297.88093340801,2020-08-06T15:12:48Z,45.41690000,7.62931667,1205.00,30.604
16323,3,8466,13362.310749891654,9298.88093340801,2020-08-06T15:12:49Z,45.41688333,7.62918333,1192.00,30.598
16324,3,8467,13363.310749891654,9299.88093340801,2020-08-06T15:12:50Z,45.41690000,7.62901667,1202.00,30.594
16325,3,8468,13364.310749891654,9300.88093340801,2020-08-06T15:12:51Z,45.41693333,7.62885000,1204.00,30.592
16326,3,8469,13365.310749891654,9301.88093340801,2020-08-06T15:12:52Z,45.41701667,7.62873333,1202.00,30.596
16327,3,8470,13366.310749891654,9302.88093340801,2020-08-06T15:12:53Z,45.41711667,7.62863333,1204.00,30.603
16328,3,8471,13367.310749891654,9303.88093340801,2020-08-06T15:12:54Z,45.41721667,7.62858333,1204.00,30.612
16329,3,8472,13368.310749891654,9304.88093340801,2020-08-06T15:12:55Z,45.41731667,7.62855000,1212.00,30.621
16330,3,8473,13369.310749891654,9305.88093340801,2020-08-06T15:12:56Z,45.41741667,7.62855000,1208.00,30.631
16331,3,8474,13370.310749891654,9306.88093340801,2020-08-06T15:12:57Z,45.41750000,7.62856667,1211.00,30.64
16332,3,8475,13371.310749891654,9307.88093340801,2020-08-06T15:12:58Z,45.41758333,7.62861667,1212.00,30.65
16333,3,8476,13372.310749891654,9308.88093340801,2020-08-06T15:12:59Z,45.41765000,7.62868333,1212.00,30.659
16334,3,8477,13373.310749891654,9309.88093340801,2020-08-06T15:13:00Z,45.41766667,7.62876667,1212.00,30.663
16335,3,8478,13374.310749891654,9310.88093340801,2020-08-06T15:13:01Z,45.41768333,7.62885000,1204.00,30.668
16336,3,8479,13375.310749891654,9311.88093340801,2020-08-06T15:13:02Z,45.41765000,7.62893333,1212.00,30.667
16337,3,8480,13376.310749891654,9312.88093340801,2020-08-06T15:13:03Z,45.41761667,7.62898333,1211.00,30.665
16338,3,8481,13377.310749891654,9313.88093340801,2020-08-06T15:13:04Z,45.41755000,7.62901667,1212.00,30.66
16339,3,8482,13378.310749891654,9314.88093340801,2020-08-06T15:13:05Z,45.41748333,7.62901667,1207.00,30.653
16340,3,8483,13379.310749891654,9315.88093340801,2020-08-06T15:13:06Z,45.41740000,7.62898333,1211.00,30.643
16341,3,8484,13380.310749891654,9316.88093340801,2020-08-06T15:13:07Z,45.41733333,7.62895000,1214.00,30.636
16342,3,8485,13381.310749891654,9317.88093340801,2020-08-06T15:13:08Z,45.41725000,7.62890000,1211.00,30.625
16343,3,8486,13382.310749891654,9318.88093340801,2020-08-06T15:13:09Z,45.41718333,7.62885000,1214.00,30.617
16344,3,8487,13383.310749891654,9319.88093340801,2020-08-06T15:13:10Z,45.41711667,7.62880000,1214.00,30.609
16345,3,8488,13384.310749891654,9320.88093340801,2020-08-06T15:13:11Z,45.41703333,7.62876667,1213.00,30.599
16346,3,8489,13385.310749891654,9321.88093340801,2020-08-06T15:13:12Z,45.41696667,7.62871667,1208.00,30.591
16347,3,8490,13386.310749891654,9322.88093340801,2020-08-06T15:13:13Z,45.41690000,7.62868333,1209.00,30.583
16348,3,8491,13387.310749891654,9323.88093340801,2020-08-06T15:13:14Z,45.41681667,7.62865000,1215.00,30.574
16349,3,8492,13388.310749891654,9324.88093340801,2020-08-06T15:13:15Z,45.41673333,7.62860000,1231.00,30.563
16350,3,8493,13389.310749891654,9325.88093340801,2020-08-06T15:13:16Z,45.41665000,7.62856667,1225.00,30.554
16351,3,8494,13390.310749891654,9326.88093340801,2020-08-06T15:13:17Z,45.41656667,7.62851667,1197.00,30.544
16352,3,8495,13391.310749891654,9327.88093340801,2020-08-06T15:13:18Z,45.41646667,7.62848333,1201.00,30.533
16353,3,8496,13392.310749891654,9328.88093340801,2020-08-06T15:13:19Z,45.41638333,7.62843333,1201.00,30.523
16354,3,8497,13393.310749891654,9329.88093340801,2020-08-06T15:13:20Z,45.41630000,7.62838333,1197.00,30.513
16355,3,8498,13394.310749891654,9330.88093340801,2020-08-06T15:13:21Z,45.41620000,7.62831667,1185.00,30.5
16356,3,8499,13395.310749891654,9331.88093340801,2020-08-06T15:13:22Z,45.41610000,7.62825000,1186.00,30.488
16357,3,8500,13396.310749891654,9332.88093340801,2020-08-06T15:13:23Z,45.41600000,7.62818333,1188.00,30.476
16358,3,8501,13397.310749891654,9333.88093340801,2020-08-06T15:13:24Z,45.41590000,7.62811667,1182.00,30.464
16359,3,8502,13398.310749891654,9334.88093340801,2020-08-06T15:13:25Z,45.41580000,7.62806667,1174.00,30.452
16360,3,8503,13399.310749891654,9335.88093340801,2020-08-06T15:13:26Z,45.41571667,7.62803333,1182.00,30.442
16361,3,8504,13400.310749891654,9336.88093340801,2020-08-06T15:13:27Z,45.41563333,7.62800000,1183.00,30.433
16362,3,8505,13401.310749891654,9337.88093340801,2020-08-06T15:13:28Z,45.41555000,7.62796667,1177.00,30.423
16363,3,8506,13402.310749891654,9338.88093340801,2020-08-06T15:13:29Z,45.41546667,7.62793333,1178.00,30.414
16364,3,8507,13403.310749891654,9339.88093340801,2020-08-06T15:13:30Z,45.41538333,7.62788333,1167.00,30.404
16365,3,8508,13404.310749891654,9340.88093340801,2020-08-06T15:13:31Z,45.41530000,7.62781667,1171.00,30.393
16366,3,8509,13405.310749891654,9341.88093340801,2020-08-06T15:13:32Z,45.41521667,7.62776667,1176.00,30.383
16367,3,8510,13406.310749891654,9342.88093340801,2020-08-06T15:13:33Z,45.41513333,7.62771667,1169.00,30.373
16368,3,8511,13407.310749891654,9343.88093340801,2020-08-06T15:13:34Z,45.41505000,7.62763333,1170.00,30.362
16369,3,8512,13408.310749891654,9344.88093340801,2020-08-06T15:13:35Z,45.41496667,7.62756667,1164.00,30.351
16370,3,8513,13409.310749891654,9345.88093340801,2020-08-06T15:13:36Z,45.41490000,7.62748333,1165.00,30.342
16371,3,8514,13410.310749891654,9346.88093340801,2020-08-06T15:13:37Z,45.41481667,7.62740000,1165.00,30.331
16372,3,8515,13411.310749891654,9347.88093340801,2020-08-06T15:13:38Z,45.41473333,7.62733333,1161.00,30.32
16373,3,8516,13412.310749891654,9348.88093340801,2020-08-06T15:13:39Z,45.41465000,7.62726667,1161.00,30.31
16374,3,8517,13413.310749891654,9349.88093340801,2020-08-06T15:13:40Z,45.41458333,7.62718333,1160.00,30.3
16375,3,8518,13414.310749891654,9350.88093340801,2020-08-06T15:13:41Z,45.41450000,7.62711667,1161.00,30.289
16376,3,8519,13415.310749891654,9351.88093340801,2020-08-06T15:13:42Z,45.41441667,7.62705000,1154.00,30.279
16377,3,8520,13416.310749891654,9352.88093340801,2020-08-06T15:13:43Z,45.41433333,7.62698333,1151.00,30.268
16378,3,8521,13417.310749891654,9353.88093340801,2020-08-06T15:13:44Z,45.41425000,7.62690000,1158.00,30.257
16379,3,8522,13418.310749891654,9354.88093340801,2020-08-06T15:13:45Z,45.41418333,7.62681667,1156.00,30.248
16380,3,8523,13419.310749891654,9355.88093340801,2020-08-06T15:13:46Z,45.41410000,7.62673333,1152.00,30.237
16381,3,8524,13420.310749891654,9356.88093340801,2020-08-06T15:13:47Z,45.41401667,7.62666667,1151.00,30.226
16382,3,8525,13421.310749891654,9357.88093340801,2020-08-06T15:13:48Z,45.41393333,7.62660000,1153.00,30.215
16383,3,8526,13422.310749891654,9358.88093340801,2020-08-06T15:13:49Z,45.41386667,7.62653333,1151.00,30.206
16384,3,8527,13423.310749891654,9359.88093340801,2020-08-06T15:13:50Z,45.41378333,7.62645000,1153.00,30.195
16385,3,8528,13424.310749891654,9360.88093340801,2020-08-06T15:13:51Z,45.41370000,7.62638333,1146.00,30.185
16386,3,8529,13425.310749891654,9361.88093340801,2020-08-06T15:13:52Z,45.41361667,7.62631667,1146.00,30.174
16387,3,8530,13426.310749891654,9362.88093340801,2020-08-06T15:13:53Z,45.41353333,7.62625000,1148.00,30.164
16388,3,8531,13427.310749891654,9363.88093340801,2020-08-06T15:13:54Z,45.41345000,7.62618333,1141.00,30.153
16389,3,8532,13428.310749891654,9364.88093340801,2020-08-06T15:13:55Z,45.41336667,7.62611667,1144.00,30.142
16390,3,8533,13429.310749891654,9365.88093340801,2020-08-06T15:13:56Z,45.41330000,7.62605000,1140.00,30.133
16391,3,8534,13430.310749891654,9366.88093340801,2020-08-06T15:13:57Z,45.41321667,7.62598333,1138.00,30.123
16392,3,8535,13431.310749891654,9367.88093340801,2020-08-06T15:13:58Z,45.41313333,7.62591667,1138.00,30.112
16393,3,8536,13432.310749891654,9368.88093340801,2020-08-06T15:13:59Z,45.41305000,7.62585000,1134.00,30.102
16394,3,8537,13433.310749891654,9369.88093340801,2020-08-06T15:14:00Z,45.41296667,7.62578333,1135.00,30.091
16395,3,8538,13434.310749891654,9370.88093340801,2020-08-06T15:14:01Z,45.41288333,7.62571667,1133.00,30.08
16396,3,8539,13435.310749891654,9371.88093340801,2020-08-06T15:14:02Z,45.41280000,7.62565000,1133.00,30.07
16397,3,8540,13436.310749891654,9372.88093340801,2020-08-06T15:14:03Z,45.41273333,7.62558333,1130.00,30.061
16398,3,8541,13437.310749891654,9373.88093340801,2020-08-06T15:14:04Z,45.41265000,7.62551667,1125.00,30.05
16399,3,8542,13438.310749891654,9374.88093340801,2020-08-06T15:14:05Z,45.41256667,7.62545000,1123.00,30.04
16400,3,8543,13439.310749891654,9375.88093340801,2020-08-06T15:14:06Z,45.41250000,7.62538333,1125.00,30.031
16401,3,8544,13440.310749891654,9376.88093340801,2020-08-06T15:14:07Z,45.41241667,7.62533333,1123.00,30.021
16402,3,8545,13441.310749891654,9377.88093340801,2020-08-06T15:14:08Z,45.41233333,7.62526667,1121.00,30.01
16403,3,8546,13442.310749891654,9378.88093340801,2020-08-06T15:14:09Z,45.41226667,7.62520000,1118.00,30.001
16404,3,8547,13443.310749891654,9379.88093340801,2020-08-06T15:14:10Z,45.41218333,7.62515000,1116.00,29.991
16405,3,8548,13444.310749891654,9380.88093340801,2020-08-06T15:14:11Z,45.41210000,7.62508333,1115.00,29.981
16406,3,8549,13445.310749891654,9381.88093340801,2020-08-06T15:14:12Z,45.41203333,7.62501667,1113.00,29.972
16407,3,8550,13446.310749891654,9382.88093340801,2020-08-06T15:14:13Z,45.41195000,7.62495000,1116.00,29.961
16408,3,8551,13447.310749891654,9383.88093340801,2020-08-06T15:14:14Z,45.41188333,7.62490000,1112.00,29.953
16409,3,8552,13448.310749891654,9384.88093340801,2020-08-06T15:14:15Z,45.41181667,7.62483333,1111.00,29.944
16410,3,8553,13449.310749891654,9385.88093340801,2020-08-06T15:14:16Z,45.41175000,7.62478333,1108.00,29.935
16411,3,8554,13450.310749891654,9386.88093340801,2020-08-06T15:14:17Z,45.41168333,7.62473333,1100.00,29.927
16412,3,8555,13451.310749891654,9387.88093340801,2020-08-06T15:14:18Z,45.41161667,7.62468333,1094.00,29.919
16413,3,8556,13452.310749891654,9388.88093340801,2020-08-06T15:14:19Z,45.41153333,7.62461667,1101.00,29.908
16414,3,8557,13453.310749891654,9389.88093340801,2020-08-06T15:14:20Z,45.41145000,7.62456667,1096.00,29.898
16415,3,8558,13454.310749891654,9390.88093340801,2020-08-06T15:14:21Z,45.41136667,7.62450000,1092.00,29.887
16416,3,8559,13455.310749891654,9391.88093340801,2020-08-06T15:14:22Z,45.41128333,7.62445000,1091.00,29.877
16417,3,8560,13456.310749891654,9392.88093340801,2020-08-06T15:14:23Z,45.41120000,7.62438333,1087.00,29.867
16418,3,8561,13457.310749891654,9393.88093340801,2020-08-06T15:14:24Z,45.41111667,7.62431667,1094.00,29.856
16419,3,8562,13458.310749891654,9394.88093340801,2020-08-06T15:14:25Z,45.41105000,7.62426667,1087.00,29.848
16420,3,8563,13459.310749891654,9395.88093340801,2020-08-06T15:14:26Z,45.41098333,7.62420000,1087.00,29.839
16421,3,8564,13460.310749891654,9396.88093340801,2020-08-06T15:14:27Z,45.41090000,7.62415000,1090.00,29.829
16422,3,8565,13461.310749891654,9397.88093340801,2020-08-06T15:14:28Z,45.41083333,7.62408333,1085.00,29.82
16423,3,8566,13462.310749891654,9398.88093340801,2020-08-06T15:14:29Z,45.41078333,7.62401667,1084.00,29.813
16424,3,8567,13463.310749891654,9399.88093340801,2020-08-06T15:14:30Z,45.41070000,7.62395000,1082.00,29.802
16425,3,8568,13464.310749891654,9400.88093340801,2020-08-06T15:14:31Z,45.41063333,7.62388333,1079.00,29.793
16426,3,8569,13465.310749891654,9401.88093340801,2020-08-06T15:14:32Z,45.41055000,7.62383333,1077.00,29.783
16427,3,8570,13466.310749891654,9402.88093340801,2020-08-06T15:14:33Z,45.41048333,7.62375000,1073.00,29.774
16428,3,8571,13467.310749891654,9403.88093340801,2020-08-06T15:14:34Z,45.41041667,7.62368333,1075.00,29.765
16429,3,8572,13468.310749891654,9404.88093340801,2020-08-06T15:14:35Z,45.41035000,7.62360000,1074.00,29.755
16430,3,8573,13469.310749891654,9405.88093340801,2020-08-06T15:14:36Z,45.41028333,7.62353333,1074.00,29.747
16431,3,8574,13470.310749891654,9406.88093340801,2020-08-06T15:14:37Z,45.41021667,7.62345000,1066.00,29.737
16432,3,8575,13471.310749891654,9407.88093340801,2020-08-06T15:14:38Z,45.41013333,7.62336667,1063.00,29.726
16433,3,8576,13472.310749891654,9408.88093340801,2020-08-06T15:14:39Z,45.41006667,7.62328333,1067.00,29.716
16434,3,8577,13473.310749891654,9409.88093340801,2020-08-06T15:14:40Z,45.40998333,7.62320000,1064.00,29.705
16435,3,8578,13474.310749891654,9410.88093340801,2020-08-06T15:14:41Z,45.40990000,7.62311667,1063.00,29.694
16436,3,8579,13475.310749891654,9411.88093340801,2020-08-06T15:14:42Z,45.40983333,7.62303333,1063.00,29.685
16437,3,8580,13476.310749891654,9412.88093340801,2020-08-06T15:14:43Z,45.40976667,7.62295000,1063.00,29.675
16438,3,8581,13477.310749891654,9413.88093340801,2020-08-06T15:14:44Z,45.40970000,7.62286667,1059.00,29.666
16439,3,8582,13478.310749891654,9414.88093340801,2020-08-06T15:14:45Z,45.40963333,7.62278333,1058.00,29.656
16440,3,8583,13479.310749891654,9415.88093340801,2020-08-06T15:14:46Z,45.40955000,7.62270000,1060.00,29.645
16441,3,8584,13480.310749891654,9416.88093340801,2020-08-06T15:14:47Z,45.40946667,7.62261667,1056.00,29.634
16442,3,8585,13481.310749891654,9417.88093340801,2020-08-06T15:14:48Z,45.40940000,7.62253333,1053.00,29.625
16443,3,8586,13482.310749891654,9418.88093340801,2020-08-06T15:14:49Z,45.40933333,7.62245000,1057.00,29.615
16444,3,8587,13483.310749891654,9419.88093340801,2020-08-06T15:14:50Z,45.40925000,7.62238333,1054.00,29.605
16445,3,8588,13484.310749891654,9420.88093340801,2020-08-06T15:14:51Z,45.40918333,7.62230000,1050.00,29.595
16446,3,8589,13485.310749891654,9421.88093340801,2020-08-06T15:14:52Z,45.40911667,7.62221667,1051.00,29.586
16447,3,8590,13486.310749891654,9422.88093340801,2020-08-06T15:14:53Z,45.40903333,7.62215000,1049.00,29.575
16448,3,8591,13487.310749891654,9423.88093340801,2020-08-06T15:14:54Z,45.40895000,7.62206667,1048.00,29.564
16449,3,8592,13488.310749891654,9424.88093340801,2020-08-06T15:14:55Z,45.40886667,7.62198333,1048.00,29.553
16450,3,8593,13489.310749891654,9425.88093340801,2020-08-06T15:14:56Z,45.40878333,7.62191667,1046.00,29.542
16451,3,8594,13490.310749891654,9426.88093340801,2020-08-06T15:14:57Z,45.40870000,7.62183333,1045.00,29.531
16452,3,8595,13491.310749891654,9427.88093340801,2020-08-06T15:14:58Z,45.40863333,7.62176667,1046.00,29.522
16453,3,8596,13492.310749891654,9428.88093340801,2020-08-06T15:14:59Z,45.40856667,7.62170000,1048.00,29.513
16454,3,8597,13493.310749891654,9429.88093340801,2020-08-06T15:15:00Z,45.40848333,7.62163333,1046.00,29.503
16455,3,8598,13494.310749891654,9430.88093340801,2020-08-06T15:15:01Z,45.40841667,7.62156667,1040.00,29.494
16456,3,8599,13495.310749891654,9431.88093340801,2020-08-06T15:15:02Z,45.40833333,7.62148333,1043.00,29.483
16457,3,8600,13496.310749891654,9432.88093340801,2020-08-06T15:15:03Z,45.40825000,7.62141667,1046.00,29.472
16458,3,8601,13497.310749891654,9433.88093340801,2020-08-06T15:15:04Z,45.40818333,7.62135000,1041.00,29.463
16459,3,8602,13498.310749891654,9434.88093340801,2020-08-06T15:15:05Z,45.40810000,7.62128333,1042.00,29.453
16460,3,8603,13499.310749891654,9435.88093340801,2020-08-06T15:15:06Z,45.40803333,7.62121667,1041.00,29.444
16461,3,8604,13500.310749891654,9436.88093340801,2020-08-06T15:15:07Z,45.40795000,7.62116667,1038.00,29.434
16462,3,8605,13501.310749891654,9437.88093340801,2020-08-06T15:15:08Z,45.40786667,7.62110000,1038.00,29.423
16463,3,8606,13502.310749891654,9438.88093340801,2020-08-06T15:15:09Z,45.40778333,7.62103333,1041.00,29.413
16464,3,8607,13503.310749891654,9439.88093340801,2020-08-06T15:15:10Z,45.40770000,7.62096667,1042.00,29.402
16465,3,8608,13504.310749891654,9440.88093340801,2020-08-06T15:15:11Z,45.40763333,7.62091667,1038.00,29.394
16466,3,8609,13505.310749891654,9441.88093340801,2020-08-06T15:15:12Z,45.40755000,7.62086667,1041.00,29.384
16467,3,8610,13506.310749891654,9442.88093340801,2020-08-06T15:15:13Z,45.40748333,7.62081667,1039.00,29.375
16468,3,8611,13507.310749891654,9443.88093340801,2020-08-06T15:15:14Z,45.40740000,7.62075000,1029.00,29.365
16469,3,8612,13508.310749891654,9444.88093340801,2020-08-06T15:15:15Z,45.40730000,7.62070000,1036.00,29.353
16470,3,8613,13509.310749891654,9445.88093340801,2020-08-06T15:15:16Z,45.40721667,7.62065000,1038.00,29.343
16471,3,8614,13510.310749891654,9446.88093340801,2020-08-06T15:15:17Z,45.40713333,7.62060000,1031.00,29.333
16472,3,8615,13511.310749891654,9447.88093340801,2020-08-06T15:15:18Z,45.40705000,7.62055000,1035.00,29.323
16473,3,8616,13512.310749891654,9448.88093340801,2020-08-06T15:15:19Z,45.40696667,7.62050000,1035.00,29.313
16474,3,8617,13513.310749891654,9449.88093340801,2020-08-06T15:15:20Z,45.40688333,7.62045000,1032.00,29.303
16475,3,8618,13514.310749891654,9450.88093340801,2020-08-06T15:15:21Z,45.40680000,7.62040000,1026.00,29.293
16476,3,8619,13515.310749891654,9451.88093340801,2020-08-06T15:15:22Z,45.40671667,7.62035000,1035.00,29.283
16477,3,8620,13516.310749891654,9452.88093340801,2020-08-06T15:15:23Z,45.40663333,7.62031667,1033.00,29.273
16478,3,8621,13517.310749891654,9453.88093340801,2020-08-06T15:15:24Z,45.40655000,7.62026667,1031.00,29.263
16479,3,8622,13518.310749891654,9454.88093340801,2020-08-06T15:15:25Z,45.40646667,7.62020000,1032.00,29.252
16480,3,8623,13519.310749891654,9455.88093340801,2020-08-06T15:15:26Z,45.40640000,7.62015000,1029.00,29.244
16481,3,8624,13520.310749891654,9456.88093340801,2020-08-06T15:15:27Z,45.40631667,7.62010000,1028.00,29.234
16482,3,8625,13521.310749891654,9457.88093340801,2020-08-06T15:15:28Z,45.40621667,7.62005000,1032.00,29.222
16483,3,8626,13522.310749891654,9458.88093340801,2020-08-06T15:15:29Z,45.40613333,7.62001667,1030.00,29.213
16484,3,8627,13523.310749891654,9459.88093340801,2020-08-06T15:15:30Z,45.40605000,7.61996667,1028.00,29.203
16485,3,8628,13524.310749891654,9460.88093340801,2020-08-06T15:15:31Z,45.40596667,7.61991667,1030.00,29.193
16486,3,8629,13525.310749891654,9461.88093340801,2020-08-06T15:15:32Z,45.40588333,7.61988333,1034.00,29.183
16487,3,8630,13526.310749891654,9462.88093340801,2020-08-06T15:15:33Z,45.40580000,7.61983333,1024.00,29.173
16488,3,8631,13527.310749891654,9463.88093340801,2020-08-06T15:15:34Z,45.40571667,7.61980000,1029.00,29.164
16489,3,8632,13528.310749891654,9464.88093340801,2020-08-06T15:15:35Z,45.40563333,7.61976667,1021.00,29.154
16490,3,8633,13529.310749891654,9465.88093340801,2020-08-06T15:15:36Z,45.40553333,7.61975000,1018.00,29.143
16491,3,8634,13530.310749891654,9466.88093340801,2020-08-06T15:15:37Z,45.40545000,7.61971667,1024.00,29.134
16492,3,8635,13531.310749891654,9467.88093340801,2020-08-06T15:15:38Z,45.40535000,7.61970000,1026.00,29.123
16493,3,8636,13532.310749891654,9468.88093340801,2020-08-06T15:15:39Z,45.40526667,7.61968333,1022.00,29.114
16494,3,8637,13533.310749891654,9469.88093340801,2020-08-06T15:15:40Z,45.40518333,7.61966667,1017.00,29.105
16495,3,8638,13534.310749891654,9470.88093340801,2020-08-06T15:15:41Z,45.40511667,7.61963333,1018.00,29.097
16496,3,8639,13535.310749891654,9471.88093340801,2020-08-06T15:15:42Z,45.40503333,7.61960000,1015.00,29.088
16497,3,8640,13536.310749891654,9472.88093340801,2020-08-06T15:15:43Z,45.40493333,7.61956667,1006.00,29.077
16498,3,8641,13537.310749891654,9473.88093340801,2020-08-06T15:15:44Z,45.40483333,7.61951667,1014.00,29.065
16499,3,8642,13538.310749891654,9474.88093340801,2020-08-06T15:15:45Z,45.40475000,7.61948333,1010.00,29.056
16500,3,8643,13539.310749891654,9475.88093340801,2020-08-06T15:15:46Z,45.40465000,7.61943333,1003.00,29.044
16501,3,8644,13540.310749891654,9476.88093340801,2020-08-06T15:15:47Z,45.40456667,7.61938333,1005.00,29.034
16502,3,8645,13541.310749891654,9477.88093340801,2020-08-06T15:15:48Z,45.40448333,7.61935000,1003.00,29.024
16503,3,8646,13542.310749891654,9478.88093340801,2020-08-06T15:15:49Z,45.40440000,7.61931667,995.00,29.015
16504,3,8647,13543.310749891654,9479.88093340801,2020-08-06T15:15:50Z,45.40431667,7.61928333,997.00,29.005
16505,3,8648,13544.310749891654,9480.88093340801,2020-08-06T15:15:51Z,45.40421667,7.61926667,996.00,28.995
16506,3,8649,13545.310749891654,9481.88093340801,2020-08-06T15:15:52Z,45.40413333,7.61925000,991.00,28.986
16507,3,8650,13546.310749891654,9482.88093340801,2020-08-06T15:15:53Z,45.40405000,7.61921667,992.00,28.976
16508,3,8651,13547.310749891654,9483.88093340801,2020-08-06T15:15:54Z,45.40396667,7.61920000,990.00,28.967
16509,3,8652,13548.310749891654,9484.88093340801,2020-08-06T15:15:55Z,45.40388333,7.61918333,990.00,28.958
16510,3,8653,13549.310749891654,9485.88093340801,2020-08-06T15:15:56Z,45.40380000,7.61918333,987.00,28.95
16511,3,8654,13550.310749891654,9486.88093340801,2020-08-06T15:15:57Z,45.40371667,7.61916667,988.00,28.941
16512,3,8655,13551.310749891654,9487.88093340801,2020-08-06T15:15:58Z,45.40363333,7.61915000,976.00,28.932
16513,3,8656,13552.310749891654,9488.88093340801,2020-08-06T15:15:59Z,45.40353333,7.61913333,979.00,28.921
16514,3,8657,13553.310749891654,9489.88093340801,2020-08-06T15:16:00Z,45.40345000,7.61910000,979.00,28.912
16515,3,8658,13554.310749891654,9490.88093340801,2020-08-06T15:16:01Z,45.40338333,7.61906667,973.00,28.904
16516,3,8659,13555.310749891654,9491.88093340801,2020-08-06T15:16:02Z,45.40330000,7.61905000,978.00,28.895
16517,3,8660,13556.310749891654,9492.88093340801,2020-08-06T15:16:03Z,45.40323333,7.61903333,966.00,28.888
16518,3,8661,13557.310749891654,9493.88093340801,2020-08-06T15:16:04Z,45.40316667,7.61901667,967.00,28.88
16519,3,8662,13558.310749891654,9494.88093340801,2020-08-06T15:16:05Z,45.40308333,7.61900000,963.00,28.871
16520,3,8663,13559.310749891654,9495.88093340801,2020-08-06T15:16:06Z,45.40301667,7.61898333,964.00,28.864
16521,3,8664,13560.310749891654,9496.88093340801,2020-08-06T15:16:07Z,45.40293333,7.61898333,959.00,28.856
16522,3,8665,13561.310749891654,9497.88093340801,2020-08-06T15:16:08Z,45.40285000,7.61898333,955.00,28.847
16523,3,8666,13562.310749891654,9498.88093340801,2020-08-06T15:16:09Z,45.40278333,7.61896667,955.00,28.84
16524,3,8667,13563.310749891654,9499.88093340801,2020-08-06T15:16:10Z,45.40270000,7.61896667,952.00,28.831
16525,3,8668,13564.310749891654,9500.88093340801,2020-08-06T15:16:11Z,45.40261667,7.61898333,949.00,28.824
16526,3,8669,13565.310749891654,9501.88093340801,2020-08-06T15:16:12Z,45.40253333,7.61900000,945.00,28.816
16527,3,8670,13566.310749891654,9502.88093340801,2020-08-06T15:16:13Z,45.40245000,7.61900000,940.00,28.807
16528,3,8671,13567.310749891654,9503.88093340801,2020-08-06T15:16:14Z,45.40236667,7.61901667,941.00,28.8
16529,3,8672,13568.310749891654,9504.88093340801,2020-08-06T15:16:15Z,45.40228333,7.61903333,936.00,28.792
16530,3,8673,13569.310749891654,9505.88093340801,2020-08-06T15:16:16Z,45.40220000,7.61901667,939.00,28.783
16531,3,8674,13570.310749891654,9506.88093340801,2020-08-06T15:16:17Z,45.40211667,7.61903333,939.00,28.775
16532,3,8675,13571.310749891654,9507.88093340801,2020-08-06T15:16:18Z,45.40203333,7.61903333,938.00,28.766
16533,3,8676,13572.310749891654,9508.88093340801,2020-08-06T15:16:19Z,45.40195000,7.61905000,933.00,28.759
16534,3,8677,13573.310749891654,9509.88093340801,2020-08-06T15:16:20Z,45.40186667,7.61906667,935.00,28.751
16535,3,8678,13574.310749891654,9510.88093340801,2020-08-06T15:16:21Z,45.40178333,7.61906667,933.00,28.742
16536,3,8679,13575.310749891654,9511.88093340801,2020-08-06T15:16:22Z,45.40168333,7.61908333,930.00,28.733
16537,3,8680,13576.310749891654,9512.88093340801,2020-08-06T15:16:23Z,45.40160000,7.61910000,934.00,28.725
16538,3,8681,13577.310749891654,9513.88093340801,2020-08-06T15:16:24Z,45.40151667,7.61911667,929.00,28.717
16539,3,8682,13578.310749891654,9514.88093340801,2020-08-06T15:16:25Z,45.40145000,7.61913333,930.00,28.711
16540,3,8683,13579.310749891654,9515.88093340801,2020-08-06T15:16:26Z,45.40136667,7.61913333,931.00,28.703
16541,3,8684,13580.310749891654,9516.88093340801,2020-08-06T15:16:27Z,45.40128333,7.61915000,926.00,28.695
16542,3,8685,13581.310749891654,9517.88093340801,2020-08-06T15:16:28Z,45.40118333,7.61915000,928.00,28.685
16543,3,8686,13582.310749891654,9518.88093340801,2020-08-06T15:16:29Z,45.40110000,7.61915000,921.00,28.676
16544,3,8687,13583.310749891654,9519.88093340801,2020-08-06T15:16:30Z,45.40101667,7.61915000,921.00,28.668
16545,3,8688,13584.310749891654,9520.88093340801,2020-08-06T15:16:31Z,45.40091667,7.61915000,920.00,28.658
16546,3,8689,13585.310749891654,9521.88093340801,2020-08-06T15:16:32Z,45.40083333,7.61915000,917.00,28.65
16547,3,8690,13586.310749891654,9522.88093340801,2020-08-06T15:16:33Z,45.40075000,7.61913333,915.00,28.641
16548,3,8691,13587.310749891654,9523.88093340801,2020-08-06T15:16:34Z,45.40066667,7.61911667,915.00,28.632
16549,3,8692,13588.310749891654,9524.88093340801,2020-08-06T15:16:35Z,45.40058333,7.61908333,914.00,28.622
16550,3,8693,13589.310749891654,9525.88093340801,2020-08-06T15:16:36Z,45.40050000,7.61906667,914.00,28.613
16551,3,8694,13590.310749891654,9526.88093340801,2020-08-06T15:16:37Z,45.40043333,7.61905000,911.00,28.606
16552,3,8695,13591.310749891654,9527.88093340801,2020-08-06T15:16:38Z,45.40035000,7.61901667,906.00,28.597
16553,3,8696,13592.310749891654,9528.88093340801,2020-08-06T15:16:39Z,45.40026667,7.61900000,904.00,28.588
16554,3,8697,13593.310749891654,9529.88093340801,2020-08-06T15:16:40Z,45.40018333,7.61898333,902.00,28.579
16555,3,8698,13594.310749891654,9530.88093340801,2020-08-06T15:16:41Z,45.40008333,7.61896667,904.00,28.568
16556,3,8699,13595.310749891654,9531.88093340801,2020-08-06T15:16:42Z,45.40000000,7.61895000,900.00,28.559
16557,3,8700,13596.310749891654,9532.88093340801,2020-08-06T15:16:43Z,45.39991667,7.61891667,897.00,28.55
16558,3,8701,13597.310749891654,9533.88093340801,2020-08-06T15:16:44Z,45.39983333,7.61888333,896.00,28.54
16559,3,8702,13598.310749891654,9534.88093340801,2020-08-06T15:16:45Z,45.39975000,7.61885000,895.00,28.531
16560,3,8703,13599.310749891654,9535.88093340801,2020-08-06T15:16:46Z,45.39966667,7.61883333,894.00,28.522
16561,3,8704,13600.310749891654,9536.88093340801,2020-08-06T15:16:47Z,45.39958333,7.61880000,889.00,28.512
16562,3,8705,13601.310749891654,9537.88093340801,2020-08-06T15:16:48Z,45.39950000,7.61878333,888.00,28.504
16563,3,8706,13602.310749891654,9538.88093340801,2020-08-06T15:16:49Z,45.39941667,7.61875000,883.00,28.494
16564,3,8707,13603.310749891654,9539.88093340801,2020-08-06T15:16:50Z,45.39933333,7.61873333,881.00,28.485
16565,3,8708,13604.310749891654,9540.88093340801,2020-08-06T15:16:51Z,45.39925000,7.61871667,877.00,28.476
16566,3,8709,13605.310749891654,9541.88093340801,2020-08-06T15:16:52Z,45.39916667,7.61870000,879.00,28.467
16567,3,8710,13606.310749891654,9542.88093340801,2020-08-06T15:16:53Z,45.39906667,7.61870000,876.00,28.457
16568,3,8711,13607.310749891654,9543.88093340801,2020-08-06T15:16:54Z,45.39900000,7.61868333,876.00,28.45
16569,3,8712,13608.310749891654,9544.88093340801,2020-08-06T15:16:55Z,45.39891667,7.61868333,872.00,28.442
16570,3,8713,13609.310749891654,9545.88093340801,2020-08-06T15:16:56Z,45.39883333,7.61868333,871.00,28.433
16571,3,8714,13610.310749891654,9546.88093340801,2020-08-06T15:16:57Z,45.39875000,7.61868333,868.00,28.425
16572,3,8715,13611.310749891654,9547.88093340801,2020-08-06T15:16:58Z,45.39866667,7.61870000,863.00,28.417
16573,3,8716,13612.310749891654,9548.88093340801,2020-08-06T15:16:59Z,45.39856667,7.61870000,865.00,28.407
16574,3,8717,13613.310749891654,9549.88093340801,2020-08-06T15:17:00Z,45.39846667,7.61870000,860.00,28.397
16575,3,8718,13614.310749891654,9550.88093340801,2020-08-06T15:17:01Z,45.39838333,7.61868333,862.00,28.388
16576,3,8719,13615.310749891654,9551.88093340801,2020-08-06T15:17:02Z,45.39830000,7.61866667,864.00,28.38
16577,3,8720,13616.310749891654,9552.88093340801,2020-08-06T15:17:03Z,45.39823333,7.61865000,870.00,28.372
16578,3,8721,13617.310749891654,9553.88093340801,2020-08-06T15:17:04Z,45.39816667,7.61865000,859.00,28.366
16579,3,8722,13618.310749891654,9554.88093340801,2020-08-06T15:17:05Z,45.39810000,7.61865000,839.00,28.359
16580,3,8723,13619.310749891654,9555.88093340801,2020-08-06T15:17:06Z,45.39803333,7.61866667,855.00,28.353
16581,3,8724,13620.310749891654,9556.88093340801,2020-08-06T15:17:07Z,45.39798333,7.61866667,857.00,28.348
16582,3,8725,13621.310749891654,9557.88093340801,2020-08-06T15:17:08Z,45.39791667,7.61868333,857.00,28.342
16583,3,8726,13622.310749891654,9558.88093340801,2020-08-06T15:17:09Z,45.39783333,7.61868333,855.00,28.334
16584,3,8727,13623.310749891654,9559.88093340801,2020-08-06T15:17:10Z,45.39775000,7.61866667,859.00,28.325
16585,3,8728,13624.310749891654,9560.88093340801,2020-08-06T15:17:11Z,45.39768333,7.61865000,856.00,28.317
16586,3,8729,13625.310749891654,9561.88093340801,2020-08-06T15:17:12Z,45.39761667,7.61863333,850.00,28.31
16587,3,8730,13626.310749891654,9562.88093340801,2020-08-06T15:17:13Z,45.39753333,7.61860000,853.00,28.301
16588,3,8731,13627.310749891654,9563.88093340801,2020-08-06T15:17:14Z,45.39746667,7.61856667,858.00,28.293
16589,3,8732,13628.310749891654,9564.88093340801,2020-08-06T15:17:15Z,45.39740000,7.61853333,854.00,28.285
16590,3,8733,13629.310749891654,9565.88093340801,2020-08-06T15:17:16Z,45.39731667,7.61848333,852.00,28.275
16591,3,8734,13630.310749891654,9566.88093340801,2020-08-06T15:17:17Z,45.39725000,7.61845000,857.00,28.267
16592,3,8735,13631.310749891654,9567.88093340801,2020-08-06T15:17:18Z,45.39718333,7.61840000,851.00,28.259
16593,3,8736,13632.310749891654,9568.88093340801,2020-08-06T15:17:19Z,45.39711667,7.61833333,855.00,28.25
16594,3,8737,13633.310749891654,9569.88093340801,2020-08-06T15:17:20Z,45.39705000,7.61828333,865.00,28.242
16595,3,8738,13634.310749891654,9570.88093340801,2020-08-06T15:17:21Z,45.39700000,7.61821667,861.00,28.234
16596,3,8739,13635.310749891654,9571.88093340801,2020-08-06T15:17:22Z,45.39693333,7.61815000,861.00,28.225
16597,3,8740,13636.310749891654,9572.88093340801,2020-08-06T15:17:23Z,45.39688333,7.61810000,861.00,28.219
16598,3,8741,13637.310749891654,9573.88093340801,2020-08-06T15:17:24Z,45.39681667,7.61806667,853.00,28.211
16599,3,8742,13638.310749891654,9574.88093340801,2020-08-06T15:17:25Z,45.39676667,7.61803333,848.00,28.205
16600,3,8743,13639.310749891654,9575.88093340801,2020-08-06T15:17:26Z,45.39670000,7.61800000,842.00,28.197
16601,3,8744,13640.310749891654,9576.88093340801,2020-08-06T15:17:27Z,45.39663333,7.61796667,849.00,28.189
16602,3,8745,13641.310749891654,9577.88093340801,2020-08-06T15:17:28Z,45.39656667,7.61791667,843.00,28.181
16603,3,8746,13642.310749891654,9578.88093340801,2020-08-06T15:17:29Z,45.39651667,7.61786667,856.00,28.174
16604,3,8747,13643.310749891654,9579.88093340801,2020-08-06T15:17:30Z,45.39646667,7.61781667,855.00,28.167
16605,3,8748,13644.310749891654,9580.88093340801,2020-08-06T15:17:31Z,45.39641667,7.61776667,856.00,28.161
16606,3,8749,13645.310749891654,9581.88093340801,2020-08-06T15:17:32Z,45.39636667,7.61771667,843.00,28.154
16607,3,8750,13646.310749891654,9582.88093340801,2020-08-06T15:17:33Z,45.39631667,7.61765000,844.00,28.147
16608,3,8751,13647.310749891654,9583.88093340801,2020-08-06T15:17:34Z,45.39626667,7.61756667,849.00,28.139
16609,3,8752,13648.310749891654,9584.88093340801,2020-08-06T15:17:35Z,45.39620000,7.61746667,844.00,28.129
16610,3,8753,13649.310749891654,9585.88093340801,2020-08-06T15:17:36Z,45.39615000,7.61736667,861.00,28.12
16611,3,8754,13650.310749891654,9586.88093340801,2020-08-06T15:17:37Z,45.39611667,7.61728333,837.00,28.114
16612,3,8755,13651.310749891654,9587.88093340801,2020-08-06T15:17:38Z,45.39606667,7.61718333,857.00,28.106
16613,3,8756,13652.310749891654,9588.88093340801,2020-08-06T15:17:39Z,45.39601667,7.61708333,834.00,28.097
16614,3,8757,13653.310749891654,9589.88093340801,2020-08-06T15:17:40Z,45.39598333,7.61696667,852.00,28.09
16615,3,8758,13654.310749891654,9590.88093340801,2020-08-06T15:17:41Z,45.39596667,7.61686667,841.00,28.085
16616,3,8759,13655.310749891654,9591.88093340801,2020-08-06T15:17:42Z,45.39593333,7.61676667,849.00,28.078
16617,3,8760,13656.310749891654,9592.88093340801,2020-08-06T15:17:43Z,45.39591667,7.61666667,838.00,28.073
16618,3,8761,13657.310749891654,9593.88093340801,2020-08-06T15:17:44Z,45.39590000,7.61655000,832.00,28.067
16619,3,8762,13658.310749891654,9594.88093340801,2020-08-06T15:17:45Z,45.39586667,7.61645000,845.00,28.061
16620,3,8763,13659.310749891654,9595.88093340801,2020-08-06T15:17:46Z,45.39583333,7.61633333,845.00,28.053
16621,3,8764,13660.310749891654,9596.88093340801,2020-08-06T15:17:47Z,45.39581667,7.61621667,842.00,28.048
16622,3,8765,13661.310749891654,9597.88093340801,2020-08-06T15:17:48Z,45.39580000,7.61608333,841.00,28.041
16623,3,8766,13662.310749891654,9598.88093340801,2020-08-06T15:17:49Z,45.39578333,7.61596667,844.00,28.036
16624,3,8767,13663.310749891654,9599.88093340801,2020-08-06T15:17:50Z,45.39575000,7.61585000,840.00,28.029
16625,3,8768,13664.310749891654,9600.88093340801,2020-08-06T15:17:51Z,45.39573333,7.61573333,840.00,28.023
16626,3,8769,13665.310749891654,9601.88093340801,2020-08-06T15:17:52Z,45.39570000,7.61561667,839.00,28.016
16627,3,8770,13666.310749891654,9602.88093340801,2020-08-06T15:17:53Z,45.39568333,7.61548333,840.00,28.01
16628,3,8771,13667.310749891654,9603.88093340801,2020-08-06T15:17:54Z,45.39565000,7.61535000,838.00,28.002
16629,3,8772,13668.310749891654,9604.88093340801,2020-08-06T15:17:55Z,45.39565000,7.61523333,839.00,27.998
16630,3,8773,13669.310749891654,9605.88093340801,2020-08-06T15:17:56Z,45.39563333,7.61510000,836.00,27.992
16631,3,8774,13670.310749891654,9606.88093340801,2020-08-06T15:17:57Z,45.39560000,7.61498333,835.00,27.985
16632,3,8775,13671.310749891654,9607.88093340801,2020-08-06T15:17:58Z,45.39558333,7.61485000,828.00,27.978
16633,3,8776,13672.310749891654,9608.88093340801,2020-08-06T15:17:59Z,45.39555000,7.61473333,832.00,27.971
16634,3,8777,13673.310749891654,9609.88093340801,2020-08-06T15:18:00Z,45.39553333,7.61460000,827.00,27.965
16635,3,8778,13674.310749891654,9610.88093340801,2020-08-06T15:18:01Z,45.39548333,7.61446667,827.00,27.956
16636,3,8779,13675.310749891654,9611.88093340801,2020-08-06T15:18:02Z,45.39545000,7.61435000,824.00,27.948
16637,3,8780,13676.310749891654,9612.88093340801,2020-08-06T15:18:03Z,45.39541667,7.61423333,828.00,27.941
16638,3,8781,13677.310749891654,9613.88093340801,2020-08-06T15:18:04Z,45.39536667,7.61411667,825.00,27.932
16639,3,8782,13678.310749891654,9614.88093340801,2020-08-06T15:18:05Z,45.39533333,7.61401667,823.00,27.926
16640,3,8783,13679.310749891654,9615.88093340801,2020-08-06T15:18:06Z,45.39528333,7.61391667,821.00,27.917
16641,3,8784,13680.310749891654,9616.88093340801,2020-08-06T15:18:07Z,45.39521667,7.61383333,825.00,27.908
16642,3,8785,13681.310749891654,9617.88093340801,2020-08-06T15:18:08Z,45.39516667,7.61375000,823.00,27.9
16643,3,8786,13682.310749891654,9618.88093340801,2020-08-06T15:18:09Z,45.39510000,7.61365000,825.00,27.89
16644,3,8787,13683.310749891654,9619.88093340801,2020-08-06T15:18:10Z,45.39505000,7.61356667,824.00,27.882
16645,3,8788,13684.310749891654,9620.88093340801,2020-08-06T15:18:11Z,45.39500000,7.61348333,820.00,27.875
16646,3,8789,13685.310749891654,9621.88093340801,2020-08-06T15:18:12Z,45.39493333,7.61340000,823.00,27.865
16647,3,8790,13686.310749891654,9622.88093340801,2020-08-06T15:18:13Z,45.39488333,7.61331667,821.00,27.858
16648,3,8791,13687.310749891654,9623.88093340801,2020-08-06T15:18:14Z,45.39483333,7.61321667,822.00,27.849
16649,3,8792,13688.310749891654,9624.88093340801,2020-08-06T15:18:15Z,45.39476667,7.61313333,824.00,27.84
16650,3,8793,13689.310749891654,9625.88093340801,2020-08-06T15:18:16Z,45.39471667,7.61303333,825.00,27.831
16651,3,8794,13690.310749891654,9626.88093340801,2020-08-06T15:18:17Z,45.39466667,7.61291667,823.00,27.823
16652,3,8795,13691.310749891654,9627.88093340801,2020-08-06T15:18:18Z,45.39461667,7.61281667,824.00,27.814
16653,3,8796,13692.310749891654,9628.88093340801,2020-08-06T15:18:19Z,45.39456667,7.61271667,830.00,27.806
16654,3,8797,13693.310749891654,9629.88093340801,2020-08-06T15:18:20Z,45.39450000,7.61261667,830.00,27.796
16655,3,8798,13694.310749891654,9630.88093340801,2020-08-06T15:18:21Z,45.39445000,7.61253333,828.00,27.788
16656,3,8799,13695.310749891654,9631.88093340801,2020-08-06T15:18:22Z,45.39440000,7.61243333,829.00,27.78
16657,3,8800,13696.310749891654,9632.88093340801,2020-08-06T15:18:23Z,45.39435000,7.61233333,826.00,27.772
16658,3,8801,13697.310749891654,9633.88093340801,2020-08-06T15:18:24Z,45.39431667,7.61220000,830.00,27.764
16659,3,8802,13698.310749891654,9634.88093340801,2020-08-06T15:18:25Z,45.39426667,7.61208333,828.00,27.755
16660,3,8803,13699.310749891654,9635.88093340801,2020-08-06T15:18:26Z,45.39423333,7.61198333,829.00,27.749
16661,3,8804,13700.310749891654,9636.88093340801,2020-08-06T15:18:27Z,45.39418333,7.61186667,831.00,27.74
16662,3,8805,13701.310749891654,9637.88093340801,2020-08-06T15:18:28Z,45.39413333,7.61176667,829.00,27.732
16663,3,8806,13702.310749891654,9638.88093340801,2020-08-06T15:18:29Z,45.39408333,7.61165000,833.00,27.723
16664,3,8807,13703.310749891654,9639.88093340801,2020-08-06T15:18:30Z,45.39405000,7.61155000,836.00,27.716
16665,3,8808,13704.310749891654,9640.88093340801,2020-08-06T15:18:31Z,45.39398333,7.61146667,837.00,27.707
16666,3,8809,13705.310749891654,9641.88093340801,2020-08-06T15:18:32Z,45.39393333,7.61140000,833.00,27.7
16667,3,8810,13706.310749891654,9642.88093340801,2020-08-06T15:18:33Z,45.39386667,7.61135000,836.00,27.691
16668,3,8811,13707.310749891654,9643.88093340801,2020-08-06T15:18:34Z,45.39380000,7.61131667,834.00,27.684
16669,3,8812,13708.310749891654,9644.88093340801,2020-08-06T15:18:35Z,45.39375000,7.61133333,834.00,27.679
16670,3,8813,13709.310749891654,9645.88093340801,2020-08-06T15:18:36Z,45.39370000,7.61140000,830.00,27.676
16671,3,8814,13710.310749891654,9646.88093340801,2020-08-06T15:18:37Z,45.39366667,7.61150000,832.00,27.676
16672,3,8815,13711.310749891654,9647.88093340801,2020-08-06T15:18:38Z,45.39365000,7.61160000,832.00,27.677
16673,3,8816,13712.310749891654,9648.88093340801,2020-08-06T15:18:39Z,45.39366667,7.61171667,835.00,27.683
16674,3,8817,13713.310749891654,9649.88093340801,2020-08-06T15:18:40Z,45.39371667,7.61181667,828.00,27.691
16675,3,8818,13714.310749891654,9650.88093340801,2020-08-06T15:18:41Z,45.39378333,7.61190000,826.00,27.7
16676,3,8819,13715.310749891654,9651.88093340801,2020-08-06T15:18:42Z,45.39386667,7.61196667,827.00,27.711
16677,3,8820,13716.310749891654,9652.88093340801,2020-08-06T15:18:43Z,45.39396667,7.61200000,832.00,27.722
16678,3,8821,13717.310749891654,9653.88093340801,2020-08-06T15:18:44Z,45.39406667,7.61203333,833.00,27.733
16679,3,8822,13718.310749891654,9654.88093340801,2020-08-06T15:18:45Z,45.39418333,7.61206667,827.00,27.746
16680,3,8823,13719.310749891654,9655.88093340801,2020-08-06T15:18:46Z,45.39428333,7.61210000,833.00,27.758
16681,3,8824,13720.310749891654,9656.88093340801,2020-08-06T15:18:47Z,45.39438333,7.61213333,835.00,27.769
16682,3,8825,13721.310749891654,9657.88093340801,2020-08-06T15:18:48Z,45.39450000,7.61218333,832.00,27.782
16683,3,8826,13722.310749891654,9658.88093340801,2020-08-06T15:18:49Z,45.39460000,7.61223333,835.00,27.794
16684,3,8827,13723.310749891654,9659.88093340801,2020-08-06T15:18:50Z,45.39470000,7.61230000,835.00,27.806
16685,3,8828,13724.310749891654,9660.88093340801,2020-08-06T15:18:51Z,45.39478333,7.61235000,823.00,27.816
16686,3,8829,13725.310749891654,9661.88093340801,2020-08-06T15:18:52Z,45.39485000,7.61241667,832.00,27.825
16687,3,8830,13726.310749891654,9662.88093340801,2020-08-06T15:18:53Z,45.39491667,7.61248333,839.00,27.834
16688,3,8831,13727.310749891654,9663.88093340801,2020-08-06T15:18:54Z,45.39496667,7.61256667,820.00,27.842
16689,3,8832,13728.310749891654,9664.88093340801,2020-08-06T15:18:55Z,45.39498333,7.61265000,832.00,27.846
16690,3,8833,13729.310749891654,9665.88093340801,2020-08-06T15:18:56Z,45.39500000,7.61275000,835.00,27.851
16691,3,8834,13730.310749891654,9666.88093340801,2020-08-06T15:18:57Z,45.39496667,7.61285000,829.00,27.851
16692,3,8835,13731.310749891654,9667.88093340801,2020-08-06T15:18:58Z,45.39493333,7.61293333,826.00,27.85
16693,3,8836,13732.310749891654,9668.88093340801,2020-08-06T15:18:59Z,45.39488333,7.61301667,830.00,27.848
16694,3,8837,13733.310749891654,9669.88093340801,2020-08-06T15:19:00Z,45.39481667,7.61308333,835.00,27.843
16695,3,8838,13734.310749891654,9670.88093340801,2020-08-06T15:19:01Z,45.39476667,7.61315000,834.00,27.84
16696,3,8839,13735.310749891654,9671.88093340801,2020-08-06T15:19:02Z,45.39470000,7.61321667,829.00,27.836
16697,3,8840,13736.310749891654,9672.88093340801,2020-08-06T15:19:03Z,45.39465000,7.61325000,832.00,27.832
16698,3,8841,13737.310749891654,9673.88093340801,2020-08-06T15:19:04Z,45.39458333,7.61325000,835.00,27.825
16699,3,8842,13738.310749891654,9674.88093340801,2020-08-06T15:19:05Z,45.39451667,7.61321667,834.00,27.817
16700,3,8843,13739.310749891654,9675.88093340801,2020-08-06T15:19:06Z,45.39446667,7.61315000,831.00,27.81
16701,3,8844,13740.310749891654,9676.88093340801,2020-08-06T15:19:07Z,45.39440000,7.61305000,833.00,27.8
16702,3,8845,13741.310749891654,9677.88093340801,2020-08-06T15:19:08Z,45.39436667,7.61293333,844.00,27.793
16703,3,8846,13742.310749891654,9678.88093340801,2020-08-06T15:19:09Z,45.39433333,7.61280000,839.00,27.785
16704,3,8847,13743.310749891654,9679.88093340801,2020-08-06T15:19:10Z,45.39430000,7.61268333,836.00,27.778
16705,3,8848,13744.310749891654,9680.88093340801,2020-08-06T15:19:11Z,45.39426667,7.61256667,846.00,27.771
16706,3,8849,13745.310749891654,9681.88093340801,2020-08-06T15:19:12Z,45.39423333,7.61245000,843.00,27.764
16707,3,8850,13746.310749891654,9682.88093340801,2020-08-06T15:19:13Z,45.39420000,7.61233333,841.00,27.757
16708,3,8851,13747.310749891654,9683.88093340801,2020-08-06T15:19:14Z,45.39416667,7.61221667,842.00,27.749
16709,3,8852,13748.310749891654,9684.88093340801,2020-08-06T15:19:15Z,45.39411667,7.61210000,839.00,27.741
16710,3,8853,13749.310749891654,9685.88093340801,2020-08-06T15:19:16Z,45.39408333,7.61198333,838.00,27.734
16711,3,8854,13750.310749891654,9686.88093340801,2020-08-06T15:19:17Z,45.39403333,7.61186667,841.00,27.725
16712,3,8855,13751.310749891654,9687.88093340801,2020-08-06T15:19:18Z,45.39398333,7.61175000,835.00,27.716
16713,3,8856,13752.310749891654,9688.88093340801,2020-08-06T15:19:19Z,45.39393333,7.61163333,831.00,27.707
16714,3,8857,13753.310749891654,9689.88093340801,2020-08-06T15:19:20Z,45.39388333,7.61151667,828.00,27.698
16715,3,8858,13754.310749891654,9690.88093340801,2020-08-06T15:19:21Z,45.39383333,7.61138333,837.00,27.689
16716,3,8859,13755.310749891654,9691.88093340801,2020-08-06T15:19:22Z,45.39378333,7.61126667,837.00,27.68
16717,3,8860,13756.310749891654,9692.88093340801,2020-08-06T15:19:23Z,45.39375000,7.61115000,836.00,27.673
16718,3,8861,13757.310749891654,9693.88093340801,2020-08-06T15:19:24Z,45.39370000,7.61103333,836.00,27.664
16719,3,8862,13758.310749891654,9694.88093340801,2020-08-06T15:19:25Z,45.39365000,7.61091667,833.00,27.656
16720,3,8863,13759.310749891654,9695.88093340801,2020-08-06T15:19:26Z,45.39360000,7.61081667,838.00,27.647
16721,3,8864,13760.310749891654,9696.88093340801,2020-08-06T15:19:27Z,45.39353333,7.61070000,832.00,27.637
16722,3,8865,13761.310749891654,9697.88093340801,2020-08-06T15:19:28Z,45.39348333,7.61060000,831.00,27.629
16723,3,8866,13762.310749891654,9698.88093340801,2020-08-06T15:19:29Z,45.39341667,7.61050000,831.00,27.619
16724,3,8867,13763.310749891654,9699.88093340801,2020-08-06T15:19:30Z,45.39335000,7.61040000,832.00,27.609
16725,3,8868,13764.310749891654,9700.88093340801,2020-08-06T15:19:31Z,45.39328333,7.61031667,831.00,27.6
16726,3,8869,13765.310749891654,9701.88093340801,2020-08-06T15:19:32Z,45.39321667,7.61025000,832.00,27.591
16727,3,8870,13766.310749891654,9702.88093340801,2020-08-06T15:19:33Z,45.39315000,7.61021667,831.00,27.583
16728,3,8871,13767.310749891654,9703.88093340801,2020-08-06T15:19:34Z,45.39308333,7.61016667,830.00,27.574
16729,3,8872,13768.310749891654,9704.88093340801,2020-08-06T15:19:35Z,45.39301667,7.61015000,831.00,27.567
16730,3,8873,13769.310749891654,9705.88093340801,2020-08-06T15:19:36Z,45.39295000,7.61015000,833.00,27.56
16731,3,8874,13770.310749891654,9706.88093340801,2020-08-06T15:19:37Z,45.39288333,7.61013333,828.00,27.553
16732,3,8875,13771.310749891654,9707.88093340801,2020-08-06T15:19:38Z,45.39280000,7.61013333,831.00,27.545
16733,3,8876,13772.310749891654,9708.88093340801,2020-08-06T15:19:39Z,45.39273333,7.61015000,837.00,27.538
16734,3,8877,13773.310749891654,9709.88093340801,2020-08-06T15:19:40Z,45.39266667,7.61018333,833.00,27.533
16735,3,8878,13774.310749891654,9710.88093340801,2020-08-06T15:19:41Z,45.39260000,7.61021667,833.00,27.527
16736,3,8879,13775.310749891654,9711.88093340801,2020-08-06T15:19:42Z,45.39255000,7.61026667,836.00,27.523
16737,3,8880,13776.310749891654,9712.88093340801,2020-08-06T15:19:43Z,45.39250000,7.61031667,836.00,27.52
16738,3,8881,13777.310749891654,9713.88093340801,2020-08-06T15:19:44Z,45.39245000,7.61038333,830.00,27.517
16739,3,8882,13778.310749891654,9714.88093340801,2020-08-06T15:19:45Z,45.39241667,7.61045000,835.00,27.516
16740,3,8883,13779.310749891654,9715.88093340801,2020-08-06T15:19:46Z,45.39240000,7.61053333,836.00,27.516
16741,3,8884,13780.310749891654,9716.88093340801,2020-08-06T15:19:47Z,45.39236667,7.61063333,834.00,27.516
16742,3,8885,13781.310749891654,9717.88093340801,2020-08-06T15:19:48Z,45.39235000,7.61071667,837.00,27.517
16743,3,8886,13782.310749891654,9718.88093340801,2020-08-06T15:19:49Z,45.39233333,7.61081667,836.00,27.519
16744,3,8887,13783.310749891654,9719.88093340801,2020-08-06T15:19:50Z,45.39231667,7.61090000,829.00,27.52
16745,3,8888,13784.310749891654,9720.88093340801,2020-08-06T15:19:51Z,45.39228333,7.61100000,840.00,27.519
16746,3,8889,13785.310749891654,9721.88093340801,2020-08-06T15:19:52Z,45.39225000,7.61108333,829.00,27.519
16747,3,8890,13786.310749891654,9722.88093340801,2020-08-06T15:19:53Z,45.39221667,7.61118333,841.00,27.519
16748,3,8891,13787.310749891654,9723.88093340801,2020-08-06T15:19:54Z,45.39220000,7.61128333,837.00,27.52
16749,3,8892,13788.310749891654,9724.88093340801,2020-08-06T15:19:55Z,45.39218333,7.61138333,849.00,27.522
16750,3,8893,13789.310749891654,9725.88093340801,2020-08-06T15:19:56Z,45.39216667,7.61148333,838.00,27.523
16751,3,8894,13790.310749891654,9726.88093340801,2020-08-06T15:19:57Z,45.39216667,7.61158333,833.00,27.527
16752,3,8895,13791.310749891654,9727.88093340801,2020-08-06T15:19:58Z,45.39218333,7.61170000,836.00,27.532
16753,3,8896,13792.310749891654,9728.88093340801,2020-08-06T15:19:59Z,45.39220000,7.61181667,837.00,27.537
16754,3,8897,13793.310749891654,9729.88093340801,2020-08-06T15:20:00Z,45.39221667,7.61191667,840.00,27.542
16755,3,8898,13794.310749891654,9730.88093340801,2020-08-06T15:20:01Z,45.39225000,7.61201667,837.00,27.549
16756,3,8899,13795.310749891654,9731.88093340801,2020-08-06T15:20:02Z,45.39228333,7.61211667,838.00,27.556
16757,3,8900,13796.310749891654,9732.88093340801,2020-08-06T15:20:03Z,45.39233333,7.61220000,841.00,27.563
16758,3,8901,13797.310749891654,9733.88093340801,2020-08-06T15:20:04Z,45.39238333,7.61230000,839.00,27.572
16759,3,8902,13798.310749891654,9734.88093340801,2020-08-06T15:20:05Z,45.39243333,7.61238333,838.00,27.58
16760,3,8903,13799.310749891654,9735.88093340801,2020-08-06T15:20:06Z,45.39248333,7.61245000,834.00,27.587
16761,3,8904,13800.310749891654,9736.88093340801,2020-08-06T15:20:07Z,45.39255000,7.61253333,837.00,27.596
16762,3,8905,13801.310749891654,9737.88093340801,2020-08-06T15:20:08Z,45.39261667,7.61260000,836.00,27.605
16763,3,8906,13802.310749891654,9738.88093340801,2020-08-06T15:20:09Z,45.39270000,7.61265000,838.00,27.615
16764,3,8907,13803.310749891654,9739.88093340801,2020-08-06T15:20:10Z,45.39278333,7.61270000,837.00,27.625
16765,3,8908,13804.310749891654,9740.88093340801,2020-08-06T15:20:11Z,45.39286667,7.61273333,837.00,27.635
16766,3,8909,13805.310749891654,9741.88093340801,2020-08-06T15:20:12Z,45.39296667,7.61276667,829.00,27.646
16767,3,8910,13806.310749891654,9742.88093340801,2020-08-06T15:20:13Z,45.39305000,7.61281667,837.00,27.656
16768,3,8911,13807.310749891654,9743.88093340801,2020-08-06T15:20:14Z,45.39313333,7.61288333,834.00,27.667
16769,3,8912,13808.310749891654,9744.88093340801,2020-08-06T15:20:15Z,45.39320000,7.61293333,835.00,27.675
16770,3,8913,13809.310749891654,9745.88093340801,2020-08-06T15:20:16Z,45.39328333,7.61298333,834.00,27.685
16771,3,8914,13810.310749891654,9746.88093340801,2020-08-06T15:20:17Z,45.39335000,7.61305000,831.00,27.694
16772,3,8915,13811.310749891654,9747.88093340801,2020-08-06T15:20:18Z,45.39341667,7.61313333,833.00,27.703
16773,3,8916,13812.310749891654,9748.88093340801,2020-08-06T15:20:19Z,45.39348333,7.61321667,825.00,27.713
16774,3,8917,13813.310749891654,9749.88093340801,2020-08-06T15:20:20Z,45.39355000,7.61330000,842.00,27.722
16775,3,8918,13814.310749891654,9750.88093340801,2020-08-06T15:20:21Z,45.39361667,7.61340000,826.00,27.732
16776,3,8919,13815.310749891654,9751.88093340801,2020-08-06T15:20:22Z,45.39370000,7.61350000,828.00,27.744
16777,3,8920,13816.310749891654,9752.88093340801,2020-08-06T15:20:23Z,45.39375000,7.61358333,833.00,27.752
16778,3,8921,13817.310749891654,9753.88093340801,2020-08-06T15:20:24Z,45.39380000,7.61366667,809.00,27.76
16779,3,8922,13818.310749891654,9754.88093340801,2020-08-06T15:20:25Z,45.39381667,7.61375000,837.00,27.764
16780,3,8923,13819.310749891654,9755.88093340801,2020-08-06T15:20:26Z,45.39381667,7.61383333,833.00,27.767
16781,3,8924,13820.310749891654,9756.88093340801,2020-08-06T15:20:27Z,45.39376667,7.61390000,827.00,27.764
16782,3,8925,13821.310749891654,9757.88093340801,2020-08-06T15:20:28Z,45.39371667,7.61393333,831.00,27.76
16783,3,8926,13822.310749891654,9758.88093340801,2020-08-06T15:20:29Z,45.39365000,7.61393333,827.00,27.753
16784,3,8927,13823.310749891654,9759.88093340801,2020-08-06T15:20:30Z,45.39358333,7.61386667,827.00,27.744
16785,3,8928,13824.310749891654,9760.88093340801,2020-08-06T15:20:31Z,45.39353333,7.61376667,833.00,27.736
16786,3,8929,13825.310749891654,9761.88093340801,2020-08-06T15:20:32Z,45.39350000,7.61365000,822.00,27.729
16787,3,8930,13826.310749891654,9762.88093340801,2020-08-06T15:20:33Z,45.39348333,7.61351667,827.00,27.723
16788,3,8931,13827.310749891654,9763.88093340801,2020-08-06T15:20:34Z,45.39346667,7.61336667,822.00,27.716
16789,3,8932,13828.310749891654,9764.88093340801,2020-08-06T15:20:35Z,45.39343333,7.61323333,823.00,27.708
16790,3,8933,13829.310749891654,9765.88093340801,2020-08-06T15:20:36Z,45.39340000,7.61311667,826.00,27.701
16791,3,8934,13830.310749891654,9766.88093340801,2020-08-06T15:20:37Z,45.39336667,7.61298333,815.00,27.693
16792,3,8935,13831.310749891654,9767.88093340801,2020-08-06T15:20:38Z,45.39333333,7.61286667,818.00,27.686
16793,3,8936,13832.310749891654,9768.88093340801,2020-08-06T15:20:39Z,45.39330000,7.61276667,821.00,27.68
16794,3,8937,13833.310749891654,9769.88093340801,2020-08-06T15:20:40Z,45.39325000,7.61268333,817.00,27.672
16795,3,8938,13834.310749891654,9770.88093340801,2020-08-06T15:20:41Z,45.39320000,7.61261667,816.00,27.665
16796,3,8939,13835.310749891654,9771.88093340801,2020-08-06T15:20:42Z,45.39311667,7.61255000,803.00,27.654
16797,3,8940,13836.310749891654,9772.88093340801,2020-08-06T15:20:43Z,45.39305000,7.61248333,823.00,27.645
16798,3,8941,13837.310749891654,9773.88093340801,2020-08-06T15:20:44Z,45.39296667,7.61241667,814.00,27.634
16799,3,8942,13838.310749891654,9774.88093340801,2020-08-06T15:20:45Z,45.39290000,7.61233333,817.00,27.625
16800,3,8943,13839.310749891654,9775.88093340801,2020-08-06T15:20:46Z,45.39285000,7.61223333,811.00,27.617
16801,3,8944,13840.310749891654,9776.88093340801,2020-08-06T15:20:47Z,45.39280000,7.61213333,823.00,27.608
16802,3,8945,13841.310749891654,9777.88093340801,2020-08-06T15:20:48Z,45.39275000,7.61201667,811.00,27.6
16803,3,8946,13842.310749891654,9778.88093340801,2020-08-06T15:20:49Z,45.39268333,7.61190000,817.00,27.589
16804,3,8947,13843.310749891654,9779.88093340801,2020-08-06T15:20:50Z,45.39261667,7.61178333,816.00,27.579
16805,3,8948,13844.310749891654,9780.88093340801,2020-08-06T15:20:51Z,45.39256667,7.61166667,813.00,27.57
16806,3,8949,13845.310749891654,9781.88093340801,2020-08-06T15:20:52Z,45.39250000,7.61155000,818.00,27.559
16807,3,8950,13846.310749891654,9782.88093340801,2020-08-06T15:20:53Z,45.39245000,7.61143333,811.00,27.55
16808,3,8951,13847.310749891654,9783.88093340801,2020-08-06T15:20:54Z,45.39241667,7.61130000,814.00,27.543
16809,3,8952,13848.310749891654,9784.88093340801,2020-08-06T15:20:55Z,45.39236667,7.61118333,811.00,27.534
16810,3,8953,13849.310749891654,9785.88093340801,2020-08-06T15:20:56Z,45.39230000,7.61106667,809.00,27.523
16811,3,8954,13850.310749891654,9786.88093340801,2020-08-06T15:20:57Z,45.39225000,7.61096667,810.00,27.515
16812,3,8955,13851.310749891654,9787.88093340801,2020-08-06T15:20:58Z,45.39218333,7.61088333,815.00,27.506
16813,3,8956,13852.310749891654,9788.88093340801,2020-08-06T15:20:59Z,45.39211667,7.61083333,812.00,27.497
16814,3,8957,13853.310749891654,9789.88093340801,2020-08-06T15:21:00Z,45.39203333,7.61080000,808.00,27.488
16815,3,8958,13854.310749891654,9790.88093340801,2020-08-06T15:21:01Z,45.39196667,7.61080000,808.00,27.481
16816,3,8959,13855.310749891654,9791.88093340801,2020-08-06T15:21:02Z,45.39190000,7.61080000,798.00,27.474
16817,3,8960,13856.310749891654,9792.88093340801,2020-08-06T15:21:03Z,45.39183333,7.61081667,813.00,27.468
16818,3,8961,13857.310749891654,9793.88093340801,2020-08-06T15:21:04Z,45.39176667,7.61085000,809.00,27.462
16819,3,8962,13858.310749891654,9794.88093340801,2020-08-06T15:21:05Z,45.39170000,7.61090000,806.00,27.457
16820,3,8963,13859.310749891654,9795.88093340801,2020-08-06T15:21:06Z,45.39165000,7.61095000,804.00,27.454
16821,3,8964,13860.310749891654,9796.88093340801,2020-08-06T15:21:07Z,45.39158333,7.61100000,795.00,27.449
16822,3,8965,13861.310749891654,9797.88093340801,2020-08-06T15:21:08Z,45.39151667,7.61103333,803.00,27.443
16823,3,8966,13862.310749891654,9798.88093340801,2020-08-06T15:21:09Z,45.39143333,7.61106667,806.00,27.436
16824,3,8967,13863.310749891654,9799.88093340801,2020-08-06T15:21:10Z,45.39135000,7.61110000,806.00,27.428
16825,3,8968,13864.310749891654,9800.88093340801,2020-08-06T15:21:11Z,45.39128333,7.61111667,802.00,27.422
16826,3,8969,13865.310749891654,9801.88093340801,2020-08-06T15:21:12Z,45.39120000,7.61113333,805.00,27.414
16827,3,8970,13866.310749891654,9802.88093340801,2020-08-06T15:21:13Z,45.39111667,7.61115000,803.00,27.406
16828,3,8971,13867.310749891654,9803.88093340801,2020-08-06T15:21:14Z,45.39105000,7.61116667,806.00,27.4
16829,3,8972,13868.310749891654,9804.88093340801,2020-08-06T15:21:15Z,45.39096667,7.61116667,805.00,27.392
16830,3,8973,13869.310749891654,9805.88093340801,2020-08-06T15:21:16Z,45.39088333,7.61116667,797.00,27.383
16831,3,8974,13870.310749891654,9806.88093340801,2020-08-06T15:21:17Z,45.39080000,7.61116667,798.00,27.375
16832,3,8975,13871.310749891654,9807.88093340801,2020-08-06T15:21:18Z,45.39071667,7.61118333,800.00,27.367
16833,3,8976,13872.310749891654,9808.88093340801,2020-08-06T15:21:19Z,45.39063333,7.61118333,800.00,27.359
16834,3,8977,13873.310749891654,9809.88093340801,2020-08-06T15:21:20Z,45.39055000,7.61118333,793.00,27.35
16835,3,8978,13874.310749891654,9810.88093340801,2020-08-06T15:21:21Z,45.39048333,7.61118333,808.00,27.343
16836,3,8979,13875.310749891654,9811.88093340801,2020-08-06T15:21:22Z,45.39041667,7.61118333,795.00,27.337
16837,3,8980,13876.310749891654,9812.88093340801,2020-08-06T15:21:23Z,45.39033333,7.61118333,807.00,27.328
16838,3,8981,13877.310749891654,9813.88093340801,2020-08-06T15:21:24Z,45.39026667,7.61120000,789.00,27.322
16839,3,8982,13878.310749891654,9814.88093340801,2020-08-06T15:21:25Z,45.39020000,7.61123333,797.00,27.317
16840,3,8983,13879.310749891654,9815.88093340801,2020-08-06T15:21:26Z,45.39013333,7.61125000,796.00,27.31
16841,3,8984,13880.310749891654,9816.88093340801,2020-08-06T15:21:27Z,45.39006667,7.61130000,795.00,27.305
16842,3,8985,13881.310749891654,9817.88093340801,2020-08-06T15:21:28Z,45.38998333,7.61133333,798.00,27.298
16843,3,8986,13882.310749891654,9818.88093340801,2020-08-06T15:21:29Z,45.38991667,7.61136667,807.00,27.292
16844,3,8987,13883.310749891654,9819.88093340801,2020-08-06T15:21:30Z,45.38985000,7.61138333,799.00,27.286
16845,3,8988,13884.310749891654,9820.88093340801,2020-08-06T15:21:31Z,45.38978333,7.61136667,803.00,27.279
16846,3,8989,13885.310749891654,9821.88093340801,2020-08-06T15:21:32Z,45.38971667,7.61135000,806.00,27.272
16847,3,8990,13886.310749891654,9822.88093340801,2020-08-06T15:21:33Z,45.38966667,7.61133333,808.00,27.266
16848,3,8991,13887.310749891654,9823.88093340801,2020-08-06T15:21:34Z,45.38961667,7.61135000,808.00,27.262
16849,3,8992,13888.310749891654,9824.88093340801,2020-08-06T15:21:35Z,45.38958333,7.61140000,796.00,27.26
16850,3,8993,13889.310749891654,9825.88093340801,2020-08-06T15:21:36Z,45.38955000,7.61146667,796.00,27.259
16851,3,8994,13890.310749891654,9826.88093340801,2020-08-06T15:21:37Z,45.38955000,7.61156667,796.00,27.262
16852,3,8995,13891.310749891654,9827.88093340801,2020-08-06T15:21:38Z,45.38956667,7.61166667,801.00,27.267
16853,3,8996,13892.310749891654,9828.88093340801,2020-08-06T15:21:39Z,45.38961667,7.61175000,797.00,27.275
16854,3,8997,13893.310749891654,9829.88093340801,2020-08-06T15:21:40Z,45.38970000,7.61181667,788.00,27.286
16855,3,8998,13894.310749891654,9830.88093340801,2020-08-06T15:21:41Z,45.38980000,7.61185000,796.00,27.297
16856,3,8999,13895.310749891654,9831.88093340801,2020-08-06T15:21:42Z,45.38990000,7.61183333,799.00,27.306
16857,3,9000,13896.310749891654,9832.88093340801,2020-08-06T15:21:43Z,45.39000000,7.61176667,798.00,27.314
16858,3,9001,13897.310749891654,9833.88093340801,2020-08-06T15:21:44Z,45.39010000,7.61166667,798.00,27.321
16859,3,9002,13898.310749891654,9834.88093340801,2020-08-06T15:21:45Z,45.39016667,7.61153333,793.00,27.323
16860,3,9003,13899.310749891654,9835.88093340801,2020-08-06T15:21:46Z,45.39020000,7.61136667,794.00,27.321
16861,3,9004,13900.310749891654,9836.88093340801,2020-08-06T15:21:47Z,45.39021667,7.61121667,796.00,27.318
16862,3,9005,13901.310749891654,9837.88093340801,2020-08-06T15:21:48Z,45.39018333,7.61108333,797.00,27.31
16863,3,9006,13902.310749891654,9838.88093340801,2020-08-06T15:21:49Z,45.39013333,7.61100000,809.00,27.302
16864,3,9007,13903.310749891654,9839.88093340801,2020-08-06T15:21:50Z,45.39008333,7.61091667,807.00,27.294
16865,3,9008,13904.310749891654,9840.88093340801,2020-08-06T15:21:51Z,45.39001667,7.61086667,802.00,27.286
16866,3,9009,13905.310749891654,9841.88093340801,2020-08-06T15:21:52Z,45.38995000,7.61081667,803.00,27.278
16867,3,9010,13906.310749891654,9842.88093340801,2020-08-06T15:21:53Z,45.38988333,7.61080000,808.00,27.27
16868,3,9011,13907.310749891654,9843.88093340801,2020-08-06T15:21:54Z,45.38983333,7.61081667,805.00,27.266
16869,3,9012,13908.310749891654,9844.88093340801,2020-08-06T15:21:55Z,45.38978333,7.61085000,803.00,27.262
16870,3,9013,13909.310749891654,9845.88093340801,2020-08-06T15:21:56Z,45.38975000,7.61091667,803.00,27.261
16871,3,9014,13910.310749891654,9846.88093340801,2020-08-06T15:21:57Z,45.38973333,7.61098333,803.00,27.261
16872,3,9015,13911.310749891654,9847.88093340801,2020-08-06T15:21:58Z,45.38975000,7.61106667,805.00,27.266
16873,3,9016,13912.310749891654,9848.88093340801,2020-08-06T15:21:59Z,45.38980000,7.61113333,802.00,27.273
16874,3,9017,13913.310749891654,9849.88093340801,2020-08-06T15:22:00Z,45.38986667,7.61118333,804.00,27.281
16875,3,9018,13914.310749891654,9850.88093340801,2020-08-06T15:22:01Z,45.38996667,7.61121667,798.00,27.293
16876,3,9019,13915.310749891654,9851.88093340801,2020-08-06T15:22:02Z,45.39006667,7.61121667,797.00,27.303
16877,3,9020,13916.310749891654,9852.88093340801,2020-08-06T15:22:03Z,45.39018333,7.61118333,798.00,27.313
16878,3,9021,13917.310749891654,9853.88093340801,2020-08-06T15:22:04Z,45.39030000,7.61110000,800.00,27.322
16879,3,9022,13918.310749891654,9854.88093340801,2020-08-06T15:22:05Z,45.39040000,7.61100000,798.00,27.329
16880,3,9023,13919.310749891654,9855.88093340801,2020-08-06T15:22:06Z,45.39048333,7.61088333,798.00,27.334
16881,3,9024,13920.310749891654,9856.88093340801,2020-08-06T15:22:07Z,45.39055000,7.61076667,800.00,27.337
16882,3,9025,13921.310749891654,9857.88093340801,2020-08-06T15:22:08Z,45.39060000,7.61065000,802.00,27.338
16883,3,9026,13922.310749891654,9858.88093340801,2020-08-06T15:22:09Z,45.39063333,7.61051667,795.00,27.337
16884,3,9027,13923.310749891654,9859.88093340801,2020-08-06T15:22:10Z,45.39065000,7.61038333,799.00,27.334
16885,3,9028,13924.310749891654,9860.88093340801,2020-08-06T15:22:11Z,45.39066667,7.61023333,798.00,27.331
16886,3,9029,13925.310749891654,9861.88093340801,2020-08-06T15:22:12Z,45.39065000,7.61010000,805.00,27.325
16887,3,9030,13926.310749891654,9862.88093340801,2020-08-06T15:22:13Z,45.39061667,7.60998333,801.00,27.318
16888,3,9031,13927.310749891654,9863.88093340801,2020-08-06T15:22:14Z,45.39055000,7.60986667,800.00,27.307
16889,3,9032,13928.310749891654,9864.88093340801,2020-08-06T15:22:15Z,45.39048333,7.60980000,797.00,27.299
16890,3,9033,13929.310749891654,9865.88093340801,2020-08-06T15:22:16Z,45.39041667,7.60975000,800.00,27.29
16891,3,9034,13930.310749891654,9866.88093340801,2020-08-06T15:22:17Z,45.39033333,7.60971667,793.00,27.281
16892,3,9035,13931.310749891654,9867.88093340801,2020-08-06T15:22:18Z,45.39026667,7.60971667,794.00,27.274
16893,3,9036,13932.310749891654,9868.88093340801,2020-08-06T15:22:19Z,45.39020000,7.60973333,800.00,27.268
16894,3,9037,13933.310749891654,9869.88093340801,2020-08-06T15:22:20Z,45.39015000,7.60975000,799.00,27.263
16895,3,9038,13934.310749891654,9870.88093340801,2020-08-06T15:22:21Z,45.39010000,7.60980000,793.00,27.26
16896,3,9039,13935.310749891654,9871.88093340801,2020-08-06T15:22:22Z,45.39005000,7.60985000,799.00,27.256
16897,3,9040,13936.310749891654,9872.88093340801,2020-08-06T15:22:23Z,45.39000000,7.60988333,787.00,27.252
16898,3,9041,13937.310749891654,9873.88093340801,2020-08-06T15:22:24Z,45.38995000,7.60993333,797.00,27.249
16899,3,9042,13938.310749891654,9874.88093340801,2020-08-06T15:22:25Z,45.38990000,7.60998333,803.00,27.245
16900,3,9043,13939.310749891654,9875.88093340801,2020-08-06T15:22:26Z,45.38986667,7.61005000,792.00,27.244
16901,3,9044,13940.310749891654,9876.88093340801,2020-08-06T15:22:27Z,45.38983333,7.61010000,800.00,27.242
16902,3,9045,13941.310749891654,9877.88093340801,2020-08-06T15:22:28Z,45.38980000,7.61016667,789.00,27.241
16903,3,9046,13942.310749891654,9878.88093340801,2020-08-06T15:22:29Z,45.38975000,7.61025000,790.00,27.239
16904,3,9047,13943.310749891654,9879.88093340801,2020-08-06T15:22:30Z,45.38971667,7.61033333,793.00,27.238
16905,3,9048,13944.310749891654,9880.88093340801,2020-08-06T15:22:31Z,45.38966667,7.61041667,793.00,27.236
16906,3,9049,13945.310749891654,9881.88093340801,2020-08-06T15:22:32Z,45.38963333,7.61050000,797.00,27.235
16907,3,9050,13946.310749891654,9882.88093340801,2020-08-06T15:22:33Z,45.38958333,7.61058333,785.00,27.233
16908,3,9051,13947.310749891654,9883.88093340801,2020-08-06T15:22:34Z,45.38953333,7.61065000,789.00,27.23
16909,3,9052,13948.310749891654,9884.88093340801,2020-08-06T15:22:35Z,45.38948333,7.61073333,786.00,27.228
16910,3,9053,13949.310749891654,9885.88093340801,2020-08-06T15:22:36Z,45.38943333,7.61078333,786.00,27.224
16911,3,9054,13950.310749891654,9886.88093340801,2020-08-06T15:22:37Z,45.38938333,7.61083333,794.00,27.221
16912,3,9055,13951.310749891654,9887.88093340801,2020-08-06T15:22:38Z,45.38933333,7.61086667,785.00,27.217
16913,3,9056,13952.310749891654,9888.88093340801,2020-08-06T15:22:39Z,45.38930000,7.61093333,792.00,27.216
16914,3,9057,13953.310749891654,9889.88093340801,2020-08-06T15:22:40Z,45.38925000,7.61100000,787.00,27.213
16915,3,9058,13954.310749891654,9890.88093340801,2020-08-06T15:22:41Z,45.38920000,7.61106667,788.00,27.21
16916,3,9059,13955.310749891654,9891.88093340801,2020-08-06T15:22:42Z,45.38915000,7.61115000,786.00,27.208
16917,3,9060,13956.310749891654,9892.88093340801,2020-08-06T15:22:43Z,45.38910000,7.61121667,788.00,27.205
16918,3,9061,13957.310749891654,9893.88093340801,2020-08-06T15:22:44Z,45.38905000,7.61126667,780.00,27.202
16919,3,9062,13958.310749891654,9894.88093340801,2020-08-06T15:22:45Z,45.38900000,7.61130000,785.00,27.198
16920,3,9063,13959.310749891654,9895.88093340801,2020-08-06T15:22:46Z,45.38895000,7.61133333,785.00,27.194
16921,3,9064,13960.310749891654,9896.88093340801,2020-08-06T15:22:47Z,45.38890000,7.61138333,792.00,27.191
16922,3,9065,13961.310749891654,9897.88093340801,2020-08-06T15:22:48Z,45.38886667,7.61145000,781.00,27.19
16923,3,9066,13962.310749891654,9898.88093340801,2020-08-06T15:22:49Z,45.38883333,7.61155000,789.00,27.19
16924,3,9067,13963.310749891654,9899.88093340801,2020-08-06T15:22:50Z,45.38881667,7.61163333,780.00,27.191
16925,3,9068,13964.310749891654,9900.88093340801,2020-08-06T15:22:51Z,45.38880000,7.61173333,777.00,27.193
16926,3,9069,13965.310749891654,9901.88093340801,2020-08-06T15:22:52Z,45.38880000,7.61181667,782.00,27.196
16927,3,9070,13966.310749891654,9902.88093340801,2020-08-06T15:22:53Z,45.38881667,7.61191667,776.00,27.201
16928,3,9071,13967.310749891654,9903.88093340801,2020-08-06T15:22:54Z,45.38881667,7.61201667,781.00,27.204
16929,3,9072,13968.310749891654,9904.88093340801,2020-08-06T15:22:55Z,45.38883333,7.61213333,775.00,27.21
16930,3,9073,13969.310749891654,9905.88093340801,2020-08-06T15:22:56Z,45.38883333,7.61226667,775.00,27.214
16931,3,9074,13970.310749891654,9906.88093340801,2020-08-06T15:22:57Z,45.38883333,7.61238333,776.00,27.218
16932,3,9075,13971.310749891654,9907.88093340801,2020-08-06T15:22:58Z,45.38883333,7.61250000,767.00,27.222
16933,3,9076,13972.310749891654,9908.88093340801,2020-08-06T15:22:59Z,45.38881667,7.61260000,782.00,27.224
16934,3,9077,13973.310749891654,9909.88093340801,2020-08-06T15:23:00Z,45.38880000,7.61270000,773.00,27.226
16935,3,9078,13974.310749891654,9910.88093340801,2020-08-06T15:23:01Z,45.38878333,7.61280000,767.00,27.228
16936,3,9079,13975.310749891654,9911.88093340801,2020-08-06T15:23:02Z,45.38875000,7.61291667,800.00,27.229
16937,3,9080,13976.310749891654,9912.88093340801,2020-08-06T15:23:03Z,45.38873333,7.61301667,785.00,27.23
16938,3,9081,13977.310749891654,9913.88093340801,2020-08-06T15:23:04Z,45.38873333,7.61313333,759.00,27.234
16939,3,9082,13978.310749891654,9914.88093340801,2020-08-06T15:23:05Z,45.38871667,7.61325000,765.00,27.237
16940,3,9083,13979.310749891654,9915.88093340801,2020-08-06T15:23:06Z,45.38871667,7.61335000,768.00,27.24
16941,3,9084,13980.310749891654,9916.88093340801,2020-08-06T15:23:07Z,45.38871667,7.61346667,762.00,27.243
16942,3,9085,13981.310749891654,9917.88093340801,2020-08-06T15:23:08Z,45.38871667,7.61360000,762.00,27.248
16943,3,9086,13982.310749891654,9918.88093340801,2020-08-06T15:23:09Z,45.38873333,7.61375000,765.00,27.254
16944,3,9087,13983.310749891654,9919.88093340801,2020-08-06T15:23:10Z,45.38875000,7.61390000,767.00,27.261
16945,3,9088,13984.310749891654,9920.88093340801,2020-08-06T15:23:11Z,45.38876667,7.61405000,757.00,27.267
16946,3,9089,13985.310749891654,9921.88093340801,2020-08-06T15:23:12Z,45.38880000,7.61418333,757.00,27.275
16947,3,9090,13986.310749891654,9922.88093340801,2020-08-06T15:23:13Z,45.38883333,7.61430000,764.00,27.282
16948,3,9091,13987.310749891654,9923.88093340801,2020-08-06T15:23:14Z,45.38886667,7.61441667,756.00,27.289
16949,3,9092,13988.310749891654,9924.88093340801,2020-08-06T15:23:15Z,45.38890000,7.61455000,749.00,27.297
16950,3,9093,13989.310749891654,9925.88093340801,2020-08-06T15:23:16Z,45.38893333,7.61468333,753.00,27.305
16951,3,9094,13990.310749891654,9926.88093340801,2020-08-06T15:23:17Z,45.38896667,7.61483333,764.00,27.313
16952,3,9095,13991.310749891654,9927.88093340801,2020-08-06T15:23:18Z,45.38900000,7.61498333,758.00,27.321
16953,3,9096,13992.310749891654,9928.88093340801,2020-08-06T15:23:19Z,45.38905000,7.61511667,748.00,27.331
16954,3,9097,13993.310749891654,9929.88093340801,2020-08-06T15:23:20Z,45.38908333,7.61526667,750.00,27.339
16955,3,9098,13994.310749891654,9930.88093340801,2020-08-06T15:23:21Z,45.38911667,7.61540000,754.00,27.347
16956,3,9099,13995.310749891654,9931.88093340801,2020-08-06T15:23:22Z,45.38916667,7.61553333,759.00,27.356
16957,3,9100,13996.310749891654,9932.88093340801,2020-08-06T15:23:23Z,45.38921667,7.61566667,768.00,27.366
16958,3,9101,13997.310749891654,9933.88093340801,2020-08-06T15:23:24Z,45.38925000,7.61576667,761.00,27.372
16959,3,9102,13998.310749891654,9934.88093340801,2020-08-06T15:23:25Z,45.38928333,7.61586667,759.00,27.379
16960,3,9103,13999.310749891654,9935.88093340801,2020-08-06T15:23:26Z,45.38931667,7.61595000,758.00,27.385
16961,3,9104,14000.310749891654,9936.88093340801,2020-08-06T15:23:27Z,45.38935000,7.61605000,756.00,27.392
16962,3,9105,14001.310749891654,9937.88093340801,2020-08-06T15:23:28Z,45.38938333,7.61615000,756.00,27.399
16963,3,9106,14002.310749891654,9938.88093340801,2020-08-06T15:23:29Z,45.38943333,7.61628333,753.00,27.408
16964,3,9107,14003.310749891654,9939.88093340801,2020-08-06T15:23:30Z,45.38946667,7.61640000,739.00,27.415
16965,3,9108,14004.310749891654,9940.88093340801,2020-08-06T15:23:31Z,45.38951667,7.61650000,754.00,27.424
16966,3,9109,14005.310749891654,9941.88093340801,2020-08-06T15:23:32Z,45.38956667,7.61661667,753.00,27.433
16967,3,9110,14006.310749891654,9942.88093340801,2020-08-06T15:23:33Z,45.38960000,7.61673333,745.00,27.44
16968,3,9111,14007.310749891654,9943.88093340801,2020-08-06T15:23:34Z,45.38965000,7.61685000,755.00,27.449
16969,3,9112,14008.310749891654,9944.88093340801,2020-08-06T15:23:35Z,45.38968333,7.61698333,749.00,27.457
16970,3,9113,14009.310749891654,9945.88093340801,2020-08-06T15:23:36Z,45.38973333,7.61711667,747.00,27.466
16971,3,9114,14010.310749891654,9946.88093340801,2020-08-06T15:23:37Z,45.38978333,7.61723333,749.00,27.475
16972,3,9115,14011.310749891654,9947.88093340801,2020-08-06T15:23:38Z,45.38981667,7.61735000,749.00,27.483
16973,3,9116,14012.310749891654,9948.88093340801,2020-08-06T15:23:39Z,45.38986667,7.61748333,754.00,27.492
16974,3,9117,14013.310749891654,9949.88093340801,2020-08-06T15:23:40Z,45.38990000,7.61760000,751.00,27.499
16975,3,9118,14014.310749891654,9950.88093340801,2020-08-06T15:23:41Z,45.38993333,7.61771667,755.00,27.507
16976,3,9119,14015.310749891654,9951.88093340801,2020-08-06T15:23:42Z,45.38998333,7.61785000,748.00,27.516
16977,3,9120,14016.310749891654,9952.88093340801,2020-08-06T15:23:43Z,45.39001667,7.61798333,754.00,27.524
16978,3,9121,14017.310749891654,9953.88093340801,2020-08-06T15:23:44Z,45.39006667,7.61810000,753.00,27.533
16979,3,9122,14018.310749891654,9954.88093340801,2020-08-06T15:23:45Z,45.39010000,7.61823333,745.00,27.541
16980,3,9123,14019.310749891654,9955.88093340801,2020-08-06T15:23:46Z,45.39013333,7.61835000,756.00,27.549
16981,3,9124,14020.310749891654,9956.88093340801,2020-08-06T15:23:47Z,45.39016667,7.61848333,757.00,27.556
16982,3,9125,14021.310749891654,9957.88093340801,2020-08-06T15:23:48Z,45.39020000,7.61861667,761.00,27.564
16983,3,9126,14022.310749891654,9958.88093340801,2020-08-06T15:23:49Z,45.39023333,7.61873333,754.00,27.572
16984,3,9127,14023.310749891654,9959.88093340801,2020-08-06T15:23:50Z,45.39025000,7.61885000,754.00,27.578
16985,3,9128,14024.310749891654,9960.88093340801,2020-08-06T15:23:51Z,45.39028333,7.61895000,753.00,27.584
16986,3,9129,14025.310749891654,9961.88093340801,2020-08-06T15:23:52Z,45.39031667,7.61905000,753.00,27.591
16987,3,9130,14026.310749891654,9962.88093340801,2020-08-06T15:23:53Z,45.39035000,7.61915000,753.00,27.598
16988,3,9131,14027.310749891654,9963.88093340801,2020-08-06T15:23:54Z,45.39038333,7.61926667,735.00,27.605
16989,3,9132,14028.310749891654,9964.88093340801,2020-08-06T15:23:55Z,45.39041667,7.61938333,743.00,27.613
16990,3,9133,14029.310749891654,9965.88093340801,2020-08-06T15:23:56Z,45.39045000,7.61950000,748.00,27.62
16991,3,9134,14030.310749891654,9966.88093340801,2020-08-06T15:23:57Z,45.39048333,7.61963333,744.00,27.628
16992,3,9135,14031.310749891654,9967.88093340801,2020-08-06T15:23:58Z,45.39053333,7.61975000,749.00,27.637
16993,3,9136,14032.310749891654,9968.88093340801,2020-08-06T15:23:59Z,45.39056667,7.61986667,748.00,27.645
16994,3,9137,14033.310749891654,9969.88093340801,2020-08-06T15:24:00Z,45.39061667,7.61998333,746.00,27.654
16995,3,9138,14034.310749891654,9970.88093340801,2020-08-06T15:24:01Z,45.39065000,7.62010000,748.00,27.661
16996,3,9139,14035.310749891654,9971.88093340801,2020-08-06T15:24:02Z,45.39070000,7.62021667,748.00,27.67
16997,3,9140,14036.310749891654,9972.88093340801,2020-08-06T15:24:03Z,45.39075000,7.62033333,746.00,27.679
16998,3,9141,14037.310749891654,9973.88093340801,2020-08-06T15:24:04Z,45.39081667,7.62041667,747.00,27.689
16999,3,9142,14038.310749891654,9974.88093340801,2020-08-06T15:24:05Z,45.39088333,7.62051667,746.00,27.699
17000,3,9143,14039.310749891654,9975.88093340801,2020-08-06T15:24:06Z,45.39095000,7.62061667,742.00,27.709
17001,3,9144,14040.310749891654,9976.88093340801,2020-08-06T15:24:07Z,45.39101667,7.62071667,743.00,27.719
17002,3,9145,14041.310749891654,9977.88093340801,2020-08-06T15:24:08Z,45.39106667,7.62081667,747.00,27.728
17003,3,9146,14042.310749891654,9978.88093340801,2020-08-06T15:24:09Z,45.39113333,7.62091667,748.00,27.738
17004,3,9147,14043.310749891654,9979.88093340801,2020-08-06T15:24:10Z,45.39120000,7.62101667,754.00,27.748
17005,3,9148,14044.310749891654,9980.88093340801,2020-08-06T15:24:11Z,45.39125000,7.62111667,747.00,27.757
17006,3,9149,14045.310749891654,9981.88093340801,2020-08-06T15:24:12Z,45.39130000,7.62121667,728.00,27.765
17007,3,9150,14046.310749891654,9982.88093340801,2020-08-06T15:24:13Z,45.39135000,7.62130000,740.00,27.773
17008,3,9151,14047.310749891654,9983.88093340801,2020-08-06T15:24:14Z,45.39138333,7.62136667,746.00,27.779
17009,3,9152,14048.310749891654,9984.88093340801,2020-08-06T15:24:15Z,45.39141667,7.62146667,747.00,27.786
17010,3,9153,14049.310749891654,9985.88093340801,2020-08-06T15:24:16Z,45.39145000,7.62156667,753.00,27.793
17011,3,9154,14050.310749891654,9986.88093340801,2020-08-06T15:24:17Z,45.39146667,7.62166667,746.00,27.798
17012,3,9155,14051.310749891654,9987.88093340801,2020-08-06T15:24:18Z,45.39148333,7.62180000,744.00,27.804
17013,3,9156,14052.310749891654,9988.88093340801,2020-08-06T15:24:19Z,45.39150000,7.62191667,736.00,27.81
17014,3,9157,14053.310749891654,9989.88093340801,2020-08-06T15:24:20Z,45.39151667,7.62200000,763.00,27.815
17015,3,9158,14054.310749891654,9990.88093340801,2020-08-06T15:24:21Z,45.39151667,7.62208333,740.00,27.818
17016,3,9159,14055.310749891654,9991.88093340801,2020-08-06T15:24:22Z,45.39153333,7.62216667,747.00,27.822
17017,3,9160,14056.310749891654,9992.88093340801,2020-08-06T15:24:23Z,45.39155000,7.62226667,736.00,27.828
17018,3,9161,14057.310749891654,9993.88093340801,2020-08-06T15:24:24Z,45.39155000,7.62238333,737.00,27.832
17019,3,9162,14058.310749891654,9994.88093340801,2020-08-06T15:24:25Z,45.39156667,7.62250000,739.00,27.838
17020,3,9163,14059.310749891654,9995.88093340801,2020-08-06T15:24:26Z,45.39158333,7.62261667,742.00,27.844
17021,3,9164,14060.310749891654,9996.88093340801,2020-08-06T15:24:27Z,45.39160000,7.62273333,741.00,27.85
17022,3,9165,14061.310749891654,9997.88093340801,2020-08-06T15:24:28Z,45.39160000,7.62285000,738.00,27.854
17023,3,9166,14062.310749891654,9998.88093340801,2020-08-06T15:24:29Z,45.39160000,7.62295000,741.00,27.857
17024,3,9167,14063.310749891654,9999.88093340801,2020-08-06T15:24:30Z,45.39160000,7.62305000,739.00,27.861
17025,3,9168,14064.310749891654,10000.88093340801,2020-08-06T15:24:31Z,45.39160000,7.62315000,733.00,27.865
17026,3,9169,14065.310749891654,10001.88093340801,2020-08-06T15:24:32Z,45.39160000,7.62326667,733.00,27.869
17027,3,9170,14066.310749891654,10002.88093340801,2020-08-06T15:24:33Z,45.39160000,7.62338333,739.00,27.873
17028,3,9171,14067.310749891654,10003.88093340801,2020-08-06T15:24:34Z,45.39161667,7.62348333,743.00,27.879
17029,3,9172,14068.310749891654,10004.88093340801,2020-08-06T15:24:35Z,45.39163333,7.62360000,736.00,27.885
17030,3,9173,14069.310749891654,10005.88093340801,2020-08-06T15:24:36Z,45.39165000,7.62368333,728.00,27.889
17031,3,9174,14070.310749891654,10006.88093340801,2020-08-06T15:24:37Z,45.39168333,7.62376667,736.00,27.896
17032,3,9175,14071.310749891654,10007.88093340801,2020-08-06T15:24:38Z,45.39170000,7.62386667,737.00,27.901
17033,3,9176,14072.310749891654,10008.88093340801,2020-08-06T15:24:39Z,45.39173333,7.62398333,731.00,27.909
17034,3,9177,14073.310749891654,10009.88093340801,2020-08-06T15:24:40Z,45.39175000,7.62410000,733.00,27.915
17035,3,9178,14074.310749891654,10010.88093340801,2020-08-06T15:24:41Z,45.39176667,7.62421667,741.00,27.921
17036,3,9179,14075.310749891654,10011.88093340801,2020-08-06T15:24:42Z,45.39178333,7.62431667,736.00,27.926
17037,3,9180,14076.310749891654,10012.88093340801,2020-08-06T15:24:43Z,45.39178333,7.62443333,740.00,27.93
17038,3,9181,14077.310749891654,10013.88093340801,2020-08-06T15:24:44Z,45.39180000,7.62453333,732.00,27.936
17039,3,9182,14078.310749891654,10014.88093340801,2020-08-06T15:24:45Z,45.39181667,7.62463333,738.00,27.941
17040,3,9183,14079.310749891654,10015.88093340801,2020-08-06T15:24:46Z,45.39183333,7.62471667,724.00,27.946
17041,3,9184,14080.310749891654,10016.88093340801,2020-08-06T15:24:47Z,45.39185000,7.62481667,728.00,27.951
17042,3,9185,14081.310749891654,10017.88093340801,2020-08-06T15:24:48Z,45.39183333,7.62490000,740.00,27.953
17043,3,9186,14082.310749891654,10018.88093340801,2020-08-06T15:24:49Z,45.39181667,7.62498333,735.00,27.954
17044,3,9187,14083.310749891654,10019.88093340801,2020-08-06T15:24:50Z,45.39178333,7.62508333,745.00,27.955
17045,3,9188,14084.310749891654,10020.88093340801,2020-08-06T15:24:51Z,45.39170000,7.62515000,744.00,27.949
17046,3,9189,14085.310749891654,10021.88093340801,2020-08-06T15:24:52Z,45.39161667,7.62520000,735.00,27.943
17047,3,9190,14086.310749891654,10022.88093340801,2020-08-06T15:24:53Z,45.39151667,7.62520000,743.00,27.933
17048,3,9191,14087.310749891654,10023.88093340801,2020-08-06T15:24:54Z,45.39143333,7.62515000,736.00,27.923
17049,3,9192,14088.310749891654,10024.88093340801,2020-08-06T15:24:55Z,45.39136667,7.62505000,741.00,27.913
17050,3,9193,14089.310749891654,10025.88093340801,2020-08-06T15:24:56Z,45.39133333,7.62493333,732.00,27.905
17051,3,9194,14090.310749891654,10026.88093340801,2020-08-06T15:24:57Z,45.39130000,7.62480000,744.00,27.897
17052,3,9195,14091.310749891654,10027.88093340801,2020-08-06T15:24:58Z,45.39130000,7.62465000,744.00,27.891
17053,3,9196,14092.310749891654,10028.88093340801,2020-08-06T15:24:59Z,45.39133333,7.62451667,742.00,27.89
17054,3,9197,14093.310749891654,10029.88093340801,2020-08-06T15:25:00Z,45.39138333,7.62438333,750.00,27.889
17055,3,9198,14094.310749891654,10030.88093340801,2020-08-06T15:25:01Z,45.39145000,7.62425000,744.00,27.891
17056,3,9199,14095.310749891654,10031.88093340801,2020-08-06T15:25:02Z,45.39153333,7.62416667,754.00,27.896
17057,3,9200,14096.310749891654,10032.88093340801,2020-08-06T15:25:03Z,45.39163333,7.62411667,751.00,27.904
17058,3,9201,14097.310749891654,10033.88093340801,2020-08-06T15:25:04Z,45.39173333,7.62411667,755.00,27.914
17059,3,9202,14098.310749891654,10034.88093340801,2020-08-06T15:25:05Z,45.39181667,7.62415000,752.00,27.923
17060,3,9203,14099.310749891654,10035.88093340801,2020-08-06T15:25:06Z,45.39190000,7.62420000,757.00,27.933
17061,3,9204,14100.310749891654,10036.88093340801,2020-08-06T15:25:07Z,45.39195000,7.62426667,758.00,27.94
17062,3,9205,14101.310749891654,10037.88093340801,2020-08-06T15:25:08Z,45.39198333,7.62436667,762.00,27.947
17063,3,9206,14102.310749891654,10038.88093340801,2020-08-06T15:25:09Z,45.39200000,7.62445000,755.00,27.952
17064,3,9207,14103.310749891654,10039.88093340801,2020-08-06T15:25:10Z,45.39200000,7.62455000,756.00,27.956
17065,3,9208,14104.310749891654,10040.88093340801,2020-08-06T15:25:11Z,45.39196667,7.62465000,755.00,27.956
17066,3,9209,14105.310749891654,10041.88093340801,2020-08-06T15:25:12Z,45.39191667,7.62473333,760.00,27.955
17067,3,9210,14106.310749891654,10042.88093340801,2020-08-06T15:25:13Z,45.39183333,7.62478333,760.00,27.948
17068,3,9211,14107.310749891654,10043.88093340801,2020-08-06T15:25:14Z,45.39173333,7.62480000,757.00,27.939
17069,3,9212,14108.310749891654,10044.88093340801,2020-08-06T15:25:15Z,45.39165000,7.62475000,754.00,27.929
17070,3,9213,14109.310749891654,10045.88093340801,2020-08-06T15:25:16Z,45.39156667,7.62466667,759.00,27.918
17071,3,9214,14110.310749891654,10046.88093340801,2020-08-06T15:25:17Z,45.39150000,7.62458333,763.00,27.908
17072,3,9215,14111.310749891654,10047.88093340801,2020-08-06T15:25:18Z,45.39143333,7.62448333,767.00,27.898
17073,3,9216,14112.310749891654,10048.88093340801,2020-08-06T15:25:19Z,45.39140000,7.62435000,751.00,27.89
17074,3,9217,14113.310749891654,10049.88093340801,2020-08-06T15:25:20Z,45.39138333,7.62423333,769.00,27.884
17075,3,9218,14114.310749891654,10050.88093340801,2020-08-06T15:25:21Z,45.39138333,7.62408333,759.00,27.878
17076,3,9219,14115.310749891654,10051.88093340801,2020-08-06T15:25:22Z,45.39143333,7.62395000,794.00,27.878
17077,3,9220,14116.310749891654,10052.88093340801,2020-08-06T15:25:23Z,45.39150000,7.62383333,773.00,27.88
17078,3,9221,14117.310749891654,10053.88093340801,2020-08-06T15:25:24Z,45.39158333,7.62375000,769.00,27.885
17079,3,9222,14118.310749891654,10054.88093340801,2020-08-06T15:25:25Z,45.39168333,7.62371667,767.00,27.894
17080,3,9223,14119.310749891654,10055.88093340801,2020-08-06T15:25:26Z,45.39178333,7.62373333,772.00,27.904
17081,3,9224,14120.310749891654,10056.88093340801,2020-08-06T15:25:27Z,45.39186667,7.62378333,774.00,27.914
17082,3,9225,14121.310749891654,10057.88093340801,2020-08-06T15:25:28Z,45.39193333,7.62385000,771.00,27.923
17083,3,9226,14122.310749891654,10058.88093340801,2020-08-06T15:25:29Z,45.39198333,7.62395000,776.00,27.932
17084,3,9227,14123.310749891654,10059.88093340801,2020-08-06T15:25:30Z,45.39200000,7.62405000,777.00,27.937
17085,3,9228,14124.310749891654,10060.88093340801,2020-08-06T15:25:31Z,45.39200000,7.62416667,775.00,27.942
17086,3,9229,14125.310749891654,10061.88093340801,2020-08-06T15:25:32Z,45.39196667,7.62428333,775.00,27.943
17087,3,9230,14126.310749891654,10062.88093340801,2020-08-06T15:25:33Z,45.39191667,7.62436667,769.00,27.941
17088,3,9231,14127.310749891654,10063.88093340801,2020-08-06T15:25:34Z,45.39185000,7.62441667,780.00,27.936
17089,3,9232,14128.310749891654,10064.88093340801,2020-08-06T15:25:35Z,45.39176667,7.62445000,781.00,27.929
17090,3,9233,14129.310749891654,10065.88093340801,2020-08-06T15:25:36Z,45.39166667,7.62445000,777.00,27.92
17091,3,9234,14130.310749891654,10066.88093340801,2020-08-06T15:25:37Z,45.39160000,7.62441667,779.00,27.912
17092,3,9235,14131.310749891654,10067.88093340801,2020-08-06T15:25:38Z,45.39153333,7.62433333,768.00,27.902
17093,3,9236,14132.310749891654,10068.88093340801,2020-08-06T15:25:39Z,45.39148333,7.62421667,783.00,27.893
17094,3,9237,14133.310749891654,10069.88093340801,2020-08-06T15:25:40Z,45.39146667,7.62408333,789.00,27.886
17095,3,9238,14134.310749891654,10070.88093340801,2020-08-06T15:25:41Z,45.39146667,7.62395000,787.00,27.881
17096,3,9239,14135.310749891654,10071.88093340801,2020-08-06T15:25:42Z,45.39148333,7.62381667,780.00,27.878
17097,3,9240,14136.310749891654,10072.88093340801,2020-08-06T15:25:43Z,45.39153333,7.62370000,787.00,27.879
17098,3,9241,14137.310749891654,10073.88093340801,2020-08-06T15:25:44Z,45.39160000,7.62360000,786.00,27.881
17099,3,9242,14138.310749891654,10074.88093340801,2020-08-06T15:25:45Z,45.39166667,7.62350000,789.00,27.884
17100,3,9243,14139.310749891654,10075.88093340801,2020-08-06T15:25:46Z,45.39175000,7.62343333,787.00,27.89
17101,3,9244,14140.310749891654,10076.88093340801,2020-08-06T15:25:47Z,45.39185000,7.62338333,796.00,27.898
17102,3,9245,14141.310749891654,10077.88093340801,2020-08-06T15:25:48Z,45.39195000,7.62336667,793.00,27.907
17103,3,9246,14142.310749891654,10078.88093340801,2020-08-06T15:25:49Z,45.39203333,7.62338333,788.00,27.916
17104,3,9247,14143.310749891654,10079.88093340801,2020-08-06T15:25:50Z,45.39210000,7.62341667,792.00,27.924
17105,3,9248,14144.310749891654,10080.88093340801,2020-08-06T15:25:51Z,45.39215000,7.62348333,792.00,27.931
17106,3,9249,14145.310749891654,10081.88093340801,2020-08-06T15:25:52Z,45.39220000,7.62358333,794.00,27.94
17107,3,9250,14146.310749891654,10082.88093340801,2020-08-06T15:25:53Z,45.39223333,7.62368333,796.00,27.947
17108,3,9251,14147.310749891654,10083.88093340801,2020-08-06T15:25:54Z,45.39225000,7.62380000,800.00,27.953
17109,3,9252,14148.310749891654,10084.88093340801,2020-08-06T15:25:55Z,45.39223333,7.62390000,801.00,27.955
17110,3,9253,14149.310749891654,10085.88093340801,2020-08-06T15:25:56Z,45.39220000,7.62400000,793.00,27.955
17111,3,9254,14150.310749891654,10086.88093340801,2020-08-06T15:25:57Z,45.39213333,7.62406667,800.00,27.951
17112,3,9255,14151.310749891654,10087.88093340801,2020-08-06T15:25:58Z,45.39205000,7.62410000,804.00,27.944
17113,3,9256,14152.310749891654,10088.88093340801,2020-08-06T15:25:59Z,45.39196667,7.62410000,803.00,27.936
17114,3,9257,14153.310749891654,10089.88093340801,2020-08-06T15:26:00Z,45.39190000,7.62403333,802.00,27.927
17115,3,9258,14154.310749891654,10090.88093340801,2020-08-06T15:26:01Z,45.39185000,7.62395000,807.00,27.919
17116,3,9259,14155.310749891654,10091.88093340801,2020-08-06T15:26:02Z,45.39181667,7.62381667,803.00,27.911
17117,3,9260,14156.310749891654,10092.88093340801,2020-08-06T15:26:03Z,45.39180000,7.62370000,810.00,27.905
17118,3,9261,14157.310749891654,10093.88093340801,2020-08-06T15:26:04Z,45.39181667,7.62356667,806.00,27.901
17119,3,9262,14158.310749891654,10094.88093340801,2020-08-06T15:26:05Z,45.39186667,7.62343333,800.00,27.901
17120,3,9263,14159.310749891654,10095.88093340801,2020-08-06T15:26:06Z,45.39193333,7.62333333,805.00,27.904
17121,3,9264,14160.310749891654,10096.88093340801,2020-08-06T15:26:07Z,45.39203333,7.62326667,799.00,27.912
17122,3,9265,14161.310749891654,10097.88093340801,2020-08-06T15:26:08Z,45.39213333,7.62325000,806.00,27.921
17123,3,9266,14162.310749891654,10098.88093340801,2020-08-06T15:26:09Z,45.39223333,7.62325000,808.00,27.931
17124,3,9267,14163.310749891654,10099.88093340801,2020-08-06T15:26:10Z,45.39231667,7.62330000,808.00,27.941
17125,3,9268,14164.310749891654,10100.88093340801,2020-08-06T15:26:11Z,45.39236667,7.62338333,805.00,27.949
17126,3,9269,14165.310749891654,10101.88093340801,2020-08-06T15:26:12Z,45.39240000,7.62348333,811.00,27.956
17127,3,9270,14166.310749891654,10102.88093340801,2020-08-06T15:26:13Z,45.39241667,7.62358333,813.00,27.961
17128,3,9271,14167.310749891654,10103.88093340801,2020-08-06T15:26:14Z,45.39241667,7.62368333,814.00,27.965
17129,3,9272,14168.310749891654,10104.88093340801,2020-08-06T15:26:15Z,45.39236667,7.62378333,814.00,27.963
17130,3,9273,14169.310749891654,10105.88093340801,2020-08-06T15:26:16Z,45.39231667,7.62385000,816.00,27.961
17131,3,9274,14170.310749891654,10106.88093340801,2020-08-06T15:26:17Z,45.39225000,7.62388333,815.00,27.956
17132,3,9275,14171.310749891654,10107.88093340801,2020-08-06T15:26:18Z,45.39216667,7.62390000,813.00,27.948
17133,3,9276,14172.310749891654,10108.88093340801,2020-08-06T15:26:19Z,45.39208333,7.62391667,823.00,27.94
17134,3,9277,14173.310749891654,10109.88093340801,2020-08-06T15:26:20Z,45.39200000,7.62393333,818.00,27.933
17135,3,9278,14174.310749891654,10110.88093340801,2020-08-06T15:26:21Z,45.39193333,7.62393333,815.00,27.926
17136,3,9279,14175.310749891654,10111.88093340801,2020-08-06T15:26:22Z,45.39185000,7.62391667,820.00,27.918
17137,3,9280,14176.310749891654,10112.88093340801,2020-08-06T15:26:23Z,45.39178333,7.62385000,816.00,27.909
17138,3,9281,14177.310749891654,10113.88093340801,2020-08-06T15:26:24Z,45.39171667,7.62375000,825.00,27.898
17139,3,9282,14178.310749891654,10114.88093340801,2020-08-06T15:26:25Z,45.39168333,7.62360000,825.00,27.89
17140,3,9283,14179.310749891654,10115.88093340801,2020-08-06T15:26:26Z,45.39166667,7.62345000,829.00,27.882
17141,3,9284,14180.310749891654,10116.88093340801,2020-08-06T15:26:27Z,45.39166667,7.62330000,836.00,27.877
17142,3,9285,14181.310749891654,10117.88093340801,2020-08-06T15:26:28Z,45.39170000,7.62318333,821.00,27.876
17143,3,9286,14182.310749891654,10118.88093340801,2020-08-06T15:26:29Z,45.39175000,7.62306667,833.00,27.876
17144,3,9287,14183.310749891654,10119.88093340801,2020-08-06T15:26:30Z,45.39183333,7.62298333,821.00,27.882
17145,3,9288,14184.310749891654,10120.88093340801,2020-08-06T15:26:31Z,45.39195000,7.62291667,826.00,27.891
17146,3,9289,14185.310749891654,10121.88093340801,2020-08-06T15:26:32Z,45.39206667,7.62293333,822.00,27.903
17147,3,9290,14186.310749891654,10122.88093340801,2020-08-06T15:26:33Z,45.39218333,7.62298333,831.00,27.916
17148,3,9291,14187.310749891654,10123.88093340801,2020-08-06T15:26:34Z,45.39225000,7.62306667,828.00,27.926
17149,3,9292,14188.310749891654,10124.88093340801,2020-08-06T15:26:35Z,45.39231667,7.62316667,833.00,27.936
17150,3,9293,14189.310749891654,10125.88093340801,2020-08-06T15:26:36Z,45.39236667,7.62325000,842.00,27.944
17151,3,9294,14190.310749891654,10126.88093340801,2020-08-06T15:26:37Z,45.39240000,7.62335000,835.00,27.951
17152,3,9295,14191.310749891654,10127.88093340801,2020-08-06T15:26:38Z,45.39241667,7.62345000,833.00,27.956
17153,3,9296,14192.310749891654,10128.88093340801,2020-08-06T15:26:39Z,45.39241667,7.62355000,826.00,27.96
17154,3,9297,14193.310749891654,10129.88093340801,2020-08-06T15:26:40Z,45.39238333,7.62363333,834.00,27.959
17155,3,9298,14194.310749891654,10130.88093340801,2020-08-06T15:26:41Z,45.39233333,7.62370000,841.00,27.957
17156,3,9299,14195.310749891654,10131.88093340801,2020-08-06T15:26:42Z,45.39225000,7.62375000,842.00,27.951
17157,3,9300,14196.310749891654,10132.88093340801,2020-08-06T15:26:43Z,45.39216667,7.62375000,829.00,27.942
17158,3,9301,14197.310749891654,10133.88093340801,2020-08-06T15:26:44Z,45.39210000,7.62370000,835.00,27.934
17159,3,9302,14198.310749891654,10134.88093340801,2020-08-06T15:26:45Z,45.39203333,7.62360000,838.00,27.924
17160,3,9303,14199.310749891654,10135.88093340801,2020-08-06T15:26:46Z,45.39196667,7.62348333,841.00,27.913
17161,3,9304,14200.310749891654,10136.88093340801,2020-08-06T15:26:47Z,45.39193333,7.62335000,839.00,27.905
17162,3,9305,14201.310749891654,10137.88093340801,2020-08-06T15:26:48Z,45.39191667,7.62320000,838.00,27.898
17163,3,9306,14202.310749891654,10138.88093340801,2020-08-06T15:26:49Z,45.39191667,7.62303333,846.00,27.892
17164,3,9307,14203.310749891654,10139.88093340801,2020-08-06T15:26:50Z,45.39193333,7.62288333,839.00,27.888
17165,3,9308,14204.310749891654,10140.88093340801,2020-08-06T15:26:51Z,45.39196667,7.62276667,842.00,27.887
17166,3,9309,14205.310749891654,10141.88093340801,2020-08-06T15:26:52Z,45.39203333,7.62268333,856.00,27.89
17167,3,9310,14206.310749891654,10142.88093340801,2020-08-06T15:26:53Z,45.39211667,7.62261667,836.00,27.896
17168,3,9311,14207.310749891654,10143.88093340801,2020-08-06T15:26:54Z,45.39223333,7.62258333,843.00,27.906
17169,3,9312,14208.310749891654,10144.88093340801,2020-08-06T15:26:55Z,45.39233333,7.62258333,837.00,27.916
17170,3,9313,14209.310749891654,10145.88093340801,2020-08-06T15:26:56Z,45.39245000,7.62261667,840.00,27.929
17171,3,9314,14210.310749891654,10146.88093340801,2020-08-06T15:26:57Z,45.39253333,7.62268333,847.00,27.94
17172,3,9315,14211.310749891654,10147.88093340801,2020-08-06T15:26:58Z,45.39260000,7.62276667,846.00,27.949
17173,3,9316,14212.310749891654,10148.88093340801,2020-08-06T15:26:59Z,45.39265000,7.62285000,849.00,27.957
17174,3,9317,14213.310749891654,10149.88093340801,2020-08-06T15:27:00Z,45.39266667,7.62293333,842.00,27.962
17175,3,9318,14214.310749891654,10150.88093340801,2020-08-06T15:27:01Z,45.39266667,7.62301667,845.00,27.965
17176,3,9319,14215.310749891654,10151.88093340801,2020-08-06T15:27:02Z,45.39263333,7.62310000,845.00,27.965
17177,3,9320,14216.310749891654,10152.88093340801,2020-08-06T15:27:03Z,45.39258333,7.62316667,853.00,27.962
17178,3,9321,14217.310749891654,10153.88093340801,2020-08-06T15:27:04Z,45.39251667,7.62320000,852.00,27.957
17179,3,9322,14218.310749891654,10154.88093340801,2020-08-06T15:27:05Z,45.39243333,7.62318333,854.00,27.948
17180,3,9323,14219.310749891654,10155.88093340801,2020-08-06T15:27:06Z,45.39236667,7.62310000,852.00,27.938
17181,3,9324,14220.310749891654,10156.88093340801,2020-08-06T15:27:07Z,45.39231667,7.62300000,859.00,27.93
17182,3,9325,14221.310749891654,10157.88093340801,2020-08-06T15:27:08Z,45.39228333,7.62285000,855.00,27.921
17183,3,9326,14222.310749891654,10158.88093340801,2020-08-06T15:27:09Z,45.39228333,7.62270000,854.00,27.916
17184,3,9327,14223.310749891654,10159.88093340801,2020-08-06T15:27:10Z,45.39231667,7.62255000,862.00,27.913
17185,3,9328,14224.310749891654,10160.88093340801,2020-08-06T15:27:11Z,45.39236667,7.62243333,845.00,27.914
17186,3,9329,14225.310749891654,10161.88093340801,2020-08-06T15:27:12Z,45.39245000,7.62238333,841.00,27.921
17187,3,9330,14226.310749891654,10162.88093340801,2020-08-06T15:27:13Z,45.39253333,7.62236667,859.00,27.928
17188,3,9331,14227.310749891654,10163.88093340801,2020-08-06T15:27:14Z,45.39263333,7.62238333,862.00,27.939
17189,3,9332,14228.310749891654,10164.88093340801,2020-08-06T15:27:15Z,45.39273333,7.62243333,864.00,27.95
17190,3,9333,14229.310749891654,10165.88093340801,2020-08-06T15:27:16Z,45.39281667,7.62248333,864.00,27.96
17191,3,9334,14230.310749891654,10166.88093340801,2020-08-06T15:27:17Z,45.39288333,7.62256667,849.00,27.97
17192,3,9335,14231.310749891654,10167.88093340801,2020-08-06T15:27:18Z,45.39291667,7.62265000,865.00,27.976
17193,3,9336,14232.310749891654,10168.88093340801,2020-08-06T15:27:19Z,45.39291667,7.62275000,863.00,27.98
17194,3,9337,14233.310749891654,10169.88093340801,2020-08-06T15:27:20Z,45.39290000,7.62285000,859.00,27.982
17195,3,9338,14234.310749891654,10170.88093340801,2020-08-06T15:27:21Z,45.39285000,7.62290000,862.00,27.979
17196,3,9339,14235.310749891654,10171.88093340801,2020-08-06T15:27:22Z,45.39278333,7.62293333,863.00,27.973
17197,3,9340,14236.310749891654,10172.88093340801,2020-08-06T15:27:23Z,45.39271667,7.62295000,863.00,27.967
17198,3,9341,14237.310749891654,10173.88093340801,2020-08-06T15:27:24Z,45.39263333,7.62291667,870.00,27.958
17199,3,9342,14238.310749891654,10174.88093340801,2020-08-06T15:27:25Z,45.39256667,7.62285000,865.00,27.949
17200,3,9343,14239.310749891654,10175.88093340801,2020-08-06T15:27:26Z,45.39248333,7.62276667,864.00,27.938
17201,3,9344,14240.310749891654,10176.88093340801,2020-08-06T15:27:27Z,45.39243333,7.62263333,864.00,27.928
17202,3,9345,14241.310749891654,10177.88093340801,2020-08-06T15:27:28Z,45.39241667,7.62248333,863.00,27.921
17203,3,9346,14242.310749891654,10178.88093340801,2020-08-06T15:27:29Z,45.39243333,7.62235000,872.00,27.918
17204,3,9347,14243.310749891654,10179.88093340801,2020-08-06T15:27:30Z,45.39245000,7.62220000,875.00,27.914
17205,3,9348,14244.310749891654,10180.88093340801,2020-08-06T15:27:31Z,45.39250000,7.62208333,874.00,27.915
17206,3,9349,14245.310749891654,10181.88093340801,2020-08-06T15:27:32Z,45.39255000,7.62200000,862.00,27.917
17207,3,9350,14246.310749891654,10182.88093340801,2020-08-06T15:27:33Z,45.39261667,7.62193333,874.00,27.921
17208,3,9351,14247.310749891654,10183.88093340801,2020-08-06T15:27:34Z,45.39270000,7.62188333,865.00,27.927
17209,3,9352,14248.310749891654,10184.88093340801,2020-08-06T15:27:35Z,45.39280000,7.62185000,872.00,27.936
17210,3,9353,14249.310749891654,10185.88093340801,2020-08-06T15:27:36Z,45.39291667,7.62183333,866.00,27.947
17211,3,9354,14250.310749891654,10186.88093340801,2020-08-06T15:27:37Z,45.39301667,7.62183333,875.00,27.957
17212,3,9355,14251.310749891654,10187.88093340801,2020-08-06T15:27:38Z,45.39310000,7.62188333,855.00,27.967
17213,3,9356,14252.310749891654,10188.88093340801,2020-08-06T15:27:39Z,45.39316667,7.62196667,870.00,27.977
17214,3,9357,14253.310749891654,10189.88093340801,2020-08-06T15:27:40Z,45.39321667,7.62206667,878.00,27.985
17215,3,9358,14254.310749891654,10190.88093340801,2020-08-06T15:27:41Z,45.39323333,7.62216667,876.00,27.99
17216,3,9359,14255.310749891654,10191.88093340801,2020-08-06T15:27:42Z,45.39323333,7.62225000,869.00,27.993
17217,3,9360,14256.310749891654,10192.88093340801,2020-08-06T15:27:43Z,45.39323333,7.62233333,871.00,27.996
17218,3,9361,14257.310749891654,10193.88093340801,2020-08-06T15:27:44Z,45.39318333,7.62238333,875.00,27.993
17219,3,9362,14258.310749891654,10194.88093340801,2020-08-06T15:27:45Z,45.39315000,7.62243333,878.00,27.992
17220,3,9363,14259.310749891654,10195.88093340801,2020-08-06T15:27:46Z,45.39308333,7.62245000,876.00,27.986
17221,3,9364,14260.310749891654,10196.88093340801,2020-08-06T15:27:47Z,45.39300000,7.62245000,869.00,27.977
17222,3,9365,14261.310749891654,10197.88093340801,2020-08-06T15:27:48Z,45.39293333,7.62240000,885.00,27.969
17223,3,9366,14262.310749891654,10198.88093340801,2020-08-06T15:27:49Z,45.39285000,7.62233333,879.00,27.958
17224,3,9367,14263.310749891654,10199.88093340801,2020-08-06T15:27:50Z,45.39278333,7.62221667,881.00,27.948
17225,3,9368,14264.310749891654,10200.88093340801,2020-08-06T15:27:51Z,45.39275000,7.62208333,879.00,27.94
17226,3,9369,14265.310749891654,10201.88093340801,2020-08-06T15:27:52Z,45.39275000,7.62191667,877.00,27.934
17227,3,9370,14266.310749891654,10202.88093340801,2020-08-06T15:27:53Z,45.39278333,7.62176667,871.00,27.932
17228,3,9371,14267.310749891654,10203.88093340801,2020-08-06T15:27:54Z,45.39285000,7.62163333,882.00,27.933
17229,3,9372,14268.310749891654,10204.88093340801,2020-08-06T15:27:55Z,45.39291667,7.62155000,876.00,27.937
17230,3,9373,14269.310749891654,10205.88093340801,2020-08-06T15:27:56Z,45.39301667,7.62148333,885.00,27.945
17231,3,9374,14270.310749891654,10206.88093340801,2020-08-06T15:27:57Z,45.39310000,7.62146667,879.00,27.952
17232,3,9375,14271.310749891654,10207.88093340801,2020-08-06T15:27:58Z,45.39320000,7.62146667,874.00,27.962
17233,3,9376,14272.310749891654,10208.88093340801,2020-08-06T15:27:59Z,45.39330000,7.62150000,874.00,27.973
17234,3,9377,14273.310749891654,10209.88093340801,2020-08-06T15:28:00Z,45.39340000,7.62156667,877.00,27.986
17235,3,9378,14274.310749891654,10210.88093340801,2020-08-06T15:28:01Z,45.39348333,7.62163333,874.00,27.996
17236,3,9379,14275.310749891654,10211.88093340801,2020-08-06T15:28:02Z,45.39353333,7.62171667,876.00,28.004
17237,3,9380,14276.310749891654,10212.88093340801,2020-08-06T15:28:03Z,45.39356667,7.62181667,882.00,28.011
17238,3,9381,14277.310749891654,10213.88093340801,2020-08-06T15:28:04Z,45.39358333,7.62191667,882.00,28.016
17239,3,9382,14278.310749891654,10214.88093340801,2020-08-06T15:28:05Z,45.39358333,7.62200000,878.00,28.019
17240,3,9383,14279.310749891654,10215.88093340801,2020-08-06T15:28:06Z,45.39356667,7.62210000,881.00,28.021
17241,3,9384,14280.310749891654,10216.88093340801,2020-08-06T15:28:07Z,45.39351667,7.62216667,882.00,28.018
17242,3,9385,14281.310749891654,10217.88093340801,2020-08-06T15:28:08Z,45.39345000,7.62221667,888.00,28.014
17243,3,9386,14282.310749891654,10218.88093340801,2020-08-06T15:28:09Z,45.39338333,7.62225000,884.00,28.008
17244,3,9387,14283.310749891654,10219.88093340801,2020-08-06T15:28:10Z,45.39331667,7.62225000,880.00,28.002
17245,3,9388,14284.310749891654,10220.88093340801,2020-08-06T15:28:11Z,45.39325000,7.62223333,885.00,27.994
17246,3,9389,14285.310749891654,10221.88093340801,2020-08-06T15:28:12Z,45.39316667,7.62218333,883.00,27.984
17247,3,9390,14286.310749891654,10222.88093340801,2020-08-06T15:28:13Z,45.39310000,7.62213333,892.00,27.976
17248,3,9391,14287.310749891654,10223.88093340801,2020-08-06T15:28:14Z,45.39303333,7.62203333,880.00,27.966
17249,3,9392,14288.310749891654,10224.88093340801,2020-08-06T15:28:15Z,45.39296667,7.62193333,884.00,27.956
17250,3,9393,14289.310749891654,10225.88093340801,2020-08-06T15:28:16Z,45.39293333,7.62180000,888.00,27.948
17251,3,9394,14290.310749891654,10226.88093340801,2020-08-06T15:28:17Z,45.39291667,7.62165000,882.00,27.941
17252,3,9395,14291.310749891654,10227.88093340801,2020-08-06T15:28:18Z,45.39293333,7.62150000,894.00,27.937
17253,3,9396,14292.310749891654,10228.88093340801,2020-08-06T15:28:19Z,45.39296667,7.62136667,886.00,27.936
17254,3,9397,14293.310749891654,10229.88093340801,2020-08-06T15:28:20Z,45.39303333,7.62123333,885.00,27.938
17255,3,9398,14294.310749891654,10230.88093340801,2020-08-06T15:28:21Z,45.39310000,7.62113333,892.00,27.941
17256,3,9399,14295.310749891654,10231.88093340801,2020-08-06T15:28:22Z,45.39320000,7.62106667,883.00,27.948
17257,3,9400,14296.310749891654,10232.88093340801,2020-08-06T15:28:23Z,45.39330000,7.62105000,886.00,27.958
17258,3,9401,14297.310749891654,10233.88093340801,2020-08-06T15:28:24Z,45.39340000,7.62106667,890.00,27.968
17259,3,9402,14298.310749891654,10234.88093340801,2020-08-06T15:28:25Z,45.39348333,7.62111667,886.00,27.978
17260,3,9403,14299.310749891654,10235.88093340801,2020-08-06T15:28:26Z,45.39355000,7.62120000,883.00,27.988
17261,3,9404,14300.310749891654,10236.88093340801,2020-08-06T15:28:27Z,45.39358333,7.62130000,891.00,27.995
17262,3,9405,14301.310749891654,10237.88093340801,2020-08-06T15:28:28Z,45.39360000,7.62141667,885.00,28.0
17263,3,9406,14302.310749891654,10238.88093340801,2020-08-06T15:28:29Z,45.39360000,7.62151667,887.00,28.004
17264,3,9407,14303.310749891654,10239.88093340801,2020-08-06T15:28:30Z,45.39356667,7.62161667,888.00,28.004
17265,3,9408,14304.310749891654,10240.88093340801,2020-08-06T15:28:31Z,45.39353333,7.62170000,891.00,28.004
17266,3,9409,14305.310749891654,10241.88093340801,2020-08-06T15:28:32Z,45.39348333,7.62176667,885.00,28.001
17267,3,9410,14306.310749891654,10242.88093340801,2020-08-06T15:28:33Z,45.39343333,7.62180000,884.00,27.997
17268,3,9411,14307.310749891654,10243.88093340801,2020-08-06T15:28:34Z,45.39335000,7.62183333,890.00,27.99
17269,3,9412,14308.310749891654,10244.88093340801,2020-08-06T15:28:35Z,45.39328333,7.62186667,895.00,27.985
17270,3,9413,14309.310749891654,10245.88093340801,2020-08-06T15:28:36Z,45.39320000,7.62186667,891.00,27.976
17271,3,9414,14310.310749891654,10246.88093340801,2020-08-06T15:28:37Z,45.39311667,7.62185000,888.00,27.968
17272,3,9415,14311.310749891654,10247.88093340801,2020-08-06T15:28:38Z,45.39303333,7.62178333,889.00,27.957
17273,3,9416,14312.310749891654,10248.88093340801,2020-08-06T15:28:39Z,45.39296667,7.62168333,893.00,27.947
17274,3,9417,14313.310749891654,10249.88093340801,2020-08-06T15:28:40Z,45.39290000,7.62156667,892.00,27.936
17275,3,9418,14314.310749891654,10250.88093340801,2020-08-06T15:28:41Z,45.39286667,7.62143333,892.00,27.928
17276,3,9419,14315.310749891654,10251.88093340801,2020-08-06T15:28:42Z,45.39285000,7.62130000,894.00,27.922
17277,3,9420,14316.310749891654,10252.88093340801,2020-08-06T15:28:43Z,45.39286667,7.62115000,892.00,27.918
17278,3,9421,14317.310749891654,10253.88093340801,2020-08-06T15:28:44Z,45.39290000,7.62103333,897.00,27.917
17279,3,9422,14318.310749891654,10254.88093340801,2020-08-06T15:28:45Z,45.39296667,7.62090000,890.00,27.919
17280,3,9423,14319.310749891654,10255.88093340801,2020-08-06T15:28:46Z,45.39303333,7.62080000,890.00,27.922
17281,3,9424,14320.310749891654,10256.88093340801,2020-08-06T15:28:47Z,45.39311667,7.62071667,887.00,27.928
17282,3,9425,14321.310749891654,10257.88093340801,2020-08-06T15:28:48Z,45.39320000,7.62065000,896.00,27.934
17283,3,9426,14322.310749891654,10258.88093340801,2020-08-06T15:28:49Z,45.39330000,7.62058333,890.00,27.941
17284,3,9427,14323.310749891654,10259.88093340801,2020-08-06T15:28:50Z,45.39340000,7.62055000,896.00,27.95
17285,3,9428,14324.310749891654,10260.88093340801,2020-08-06T15:28:51Z,45.39348333,7.62053333,892.00,27.958
17286,3,9429,14325.310749891654,10261.88093340801,2020-08-06T15:28:52Z,45.39358333,7.62056667,891.00,27.969
17287,3,9430,14326.310749891654,10262.88093340801,2020-08-06T15:28:53Z,45.39366667,7.62061667,894.00,27.979
17288,3,9431,14327.310749891654,10263.88093340801,2020-08-06T15:28:54Z,45.39375000,7.62070000,887.00,27.99
17289,3,9432,14328.310749891654,10264.88093340801,2020-08-06T15:28:55Z,45.39380000,7.62080000,891.00,27.999
17290,3,9433,14329.310749891654,10265.88093340801,2020-08-06T15:28:56Z,45.39381667,7.62090000,894.00,28.004
17291,3,9434,14330.310749891654,10266.88093340801,2020-08-06T15:28:57Z,45.39383333,7.62101667,886.00,28.01
17292,3,9435,14331.310749891654,10267.88093340801,2020-08-06T15:28:58Z,45.39381667,7.62113333,895.00,28.012
17293,3,9436,14332.310749891654,10268.88093340801,2020-08-06T15:28:59Z,45.39380000,7.62121667,890.00,28.013
17294,3,9437,14333.310749891654,10269.88093340801,2020-08-06T15:29:00Z,45.39375000,7.62130000,890.00,28.011
17295,3,9438,14334.310749891654,10270.88093340801,2020-08-06T15:29:01Z,45.39370000,7.62135000,892.00,28.008
17296,3,9439,14335.310749891654,10271.88093340801,2020-08-06T15:29:02Z,45.39365000,7.62140000,892.00,28.005
17297,3,9440,14336.310749891654,10272.88093340801,2020-08-06T15:29:03Z,45.39358333,7.62145000,884.00,28.0
17298,3,9441,14337.310749891654,10273.88093340801,2020-08-06T15:29:04Z,45.39351667,7.62146667,889.00,27.994
17299,3,9442,14338.310749891654,10274.88093340801,2020-08-06T15:29:05Z,45.39345000,7.62148333,892.00,27.988
17300,3,9443,14339.310749891654,10275.88093340801,2020-08-06T15:29:06Z,45.39336667,7.62146667,888.00,27.979
17301,3,9444,14340.310749891654,10276.88093340801,2020-08-06T15:29:07Z,45.39328333,7.62143333,895.00,27.969
17302,3,9445,14341.310749891654,10277.88093340801,2020-08-06T15:29:08Z,45.39321667,7.62136667,895.00,27.96
17303,3,9446,14342.310749891654,10278.88093340801,2020-08-06T15:29:09Z,45.39316667,7.62128333,889.00,27.953
17304,3,9447,14343.310749891654,10279.88093340801,2020-08-06T15:29:10Z,45.39311667,7.62116667,888.00,27.944
17305,3,9448,14344.310749891654,10280.88093340801,2020-08-06T15:29:11Z,45.39310000,7.62103333,894.00,27.937
17306,3,9449,14345.310749891654,10281.88093340801,2020-08-06T15:29:12Z,45.39308333,7.62090000,890.00,27.931
17307,3,9450,14346.310749891654,10282.88093340801,2020-08-06T15:29:13Z,45.39311667,7.62076667,894.00,27.93
17308,3,9451,14347.310749891654,10283.88093340801,2020-08-06T15:29:14Z,45.39316667,7.62065000,883.00,27.931
17309,3,9452,14348.310749891654,10284.88093340801,2020-08-06T15:29:15Z,45.39323333,7.62056667,887.00,27.934
17310,3,9453,14349.310749891654,10285.88093340801,2020-08-06T15:29:16Z,45.39333333,7.62050000,891.00,27.942
17311,3,9454,14350.310749891654,10286.88093340801,2020-08-06T15:29:17Z,45.39343333,7.62045000,889.00,27.95
17312,3,9455,14351.310749891654,10287.88093340801,2020-08-06T15:29:18Z,45.39353333,7.62043333,882.00,27.96
17313,3,9456,14352.310749891654,10288.88093340801,2020-08-06T15:29:19Z,45.39363333,7.62045000,884.00,27.97
17314,3,9457,14353.310749891654,10289.88093340801,2020-08-06T15:29:20Z,45.39373333,7.62050000,883.00,27.982
17315,3,9458,14354.310749891654,10290.88093340801,2020-08-06T15:29:21Z,45.39381667,7.62056667,885.00,27.992
17316,3,9459,14355.310749891654,10291.88093340801,2020-08-06T15:29:22Z,45.39386667,7.62066667,886.00,28.001
17317,3,9460,14356.310749891654,10292.88093340801,2020-08-06T15:29:23Z,45.39393333,7.62076667,882.00,28.011
17318,3,9461,14357.310749891654,10293.88093340801,2020-08-06T15:29:24Z,45.39396667,7.62085000,880.00,28.017
17319,3,9462,14358.310749891654,10294.88093340801,2020-08-06T15:29:25Z,45.39400000,7.62095000,884.00,28.024
17320,3,9463,14359.310749891654,10295.88093340801,2020-08-06T15:29:26Z,45.39401667,7.62103333,884.00,28.029
17321,3,9464,14360.310749891654,10296.88093340801,2020-08-06T15:29:27Z,45.39403333,7.62115000,885.00,28.034
17322,3,9465,14361.310749891654,10297.88093340801,2020-08-06T15:29:28Z,45.39403333,7.62126667,879.00,28.038
17323,3,9466,14362.310749891654,10298.88093340801,2020-08-06T15:29:29Z,45.39401667,7.62136667,885.00,28.04
17324,3,9467,14363.310749891654,10299.88093340801,2020-08-06T15:29:30Z,45.39398333,7.62146667,888.00,28.04
17325,3,9468,14364.310749891654,10300.88093340801,2020-08-06T15:29:31Z,45.39393333,7.62151667,883.00,28.037
17326,3,9469,14365.310749891654,10301.88093340801,2020-08-06T15:29:32Z,45.39386667,7.62155000,885.00,28.031
17327,3,9470,14366.310749891654,10302.88093340801,2020-08-06T15:29:33Z,45.39380000,7.62156667,884.00,28.025
17328,3,9471,14367.310749891654,10303.88093340801,2020-08-06T15:29:34Z,45.39373333,7.62153333,887.00,28.018
17329,3,9472,14368.310749891654,10304.88093340801,2020-08-06T15:29:35Z,45.39366667,7.62150000,882.00,28.01
17330,3,9473,14369.310749891654,10305.88093340801,2020-08-06T15:29:36Z,45.39360000,7.62143333,880.00,28.001
17331,3,9474,14370.310749891654,10306.88093340801,2020-08-06T15:29:37Z,45.39353333,7.62135000,884.00,27.991
17332,3,9475,14371.310749891654,10307.88093340801,2020-08-06T15:29:38Z,45.39348333,7.62125000,885.00,27.983
17333,3,9476,14372.310749891654,10308.88093340801,2020-08-06T15:29:39Z,45.39343333,7.62115000,886.00,27.974
17334,3,9477,14373.310749891654,10309.88093340801,2020-08-06T15:29:40Z,45.39340000,7.62103333,883.00,27.967
17335,3,9478,14374.310749891654,10310.88093340801,2020-08-06T15:29:41Z,45.39336667,7.62090000,882.00,27.959
17336,3,9479,14375.310749891654,10311.88093340801,2020-08-06T15:29:42Z,45.39336667,7.62076667,879.00,27.954
17337,3,9480,14376.310749891654,10312.88093340801,2020-08-06T15:29:43Z,45.39336667,7.62063333,882.00,27.95
17338,3,9481,14377.310749891654,10313.88093340801,2020-08-06T15:29:44Z,45.39341667,7.62050000,880.00,27.95
17339,3,9482,14378.310749891654,10314.88093340801,2020-08-06T15:29:45Z,45.39346667,7.62040000,878.00,27.952
17340,3,9483,14379.310749891654,10315.88093340801,2020-08-06T15:29:46Z,45.39353333,7.62030000,881.00,27.955
17341,3,9484,14380.310749891654,10316.88093340801,2020-08-06T15:29:47Z,45.39363333,7.62023333,879.00,27.963
17342,3,9485,14381.310749891654,10317.88093340801,2020-08-06T15:29:48Z,45.39373333,7.62016667,874.00,27.97
17343,3,9486,14382.310749891654,10318.88093340801,2020-08-06T15:29:49Z,45.39383333,7.62011667,878.00,27.979
17344,3,9487,14383.310749891654,10319.88093340801,2020-08-06T15:29:50Z,45.39395000,7.62010000,867.00,27.99
17345,3,9488,14384.310749891654,10320.88093340801,2020-08-06T15:29:51Z,45.39405000,7.62011667,868.00,28.0
17346,3,9489,14385.310749891654,10321.88093340801,2020-08-06T15:29:52Z,45.39416667,7.62016667,870.00,28.014
17347,3,9490,14386.310749891654,10322.88093340801,2020-08-06T15:29:53Z,45.39426667,7.62023333,868.00,28.026
17348,3,9491,14387.310749891654,10323.88093340801,2020-08-06T15:29:54Z,45.39435000,7.62031667,866.00,28.037
17349,3,9492,14388.310749891654,10324.88093340801,2020-08-06T15:29:55Z,45.39441667,7.62043333,867.00,28.048
17350,3,9493,14389.310749891654,10325.88093340801,2020-08-06T15:29:56Z,45.39446667,7.62055000,870.00,28.057
17351,3,9494,14390.310749891654,10326.88093340801,2020-08-06T15:29:57Z,45.39450000,7.62065000,868.00,28.064
17352,3,9495,14391.310749891654,10327.88093340801,2020-08-06T15:29:58Z,45.39451667,7.62076667,872.00,28.069
17353,3,9496,14392.310749891654,10328.88093340801,2020-08-06T15:29:59Z,45.39451667,7.62086667,873.00,28.073
17354,3,9497,14393.310749891654,10329.88093340801,2020-08-06T15:30:00Z,45.39450000,7.62095000,874.00,28.074
17355,3,9498,14394.310749891654,10330.88093340801,2020-08-06T15:30:01Z,45.39446667,7.62103333,870.00,28.073
17356,3,9499,14395.310749891654,10331.88093340801,2020-08-06T15:30:02Z,45.39441667,7.62110000,874.00,28.071
17357,3,9500,14396.310749891654,10332.88093340801,2020-08-06T15:30:03Z,45.39435000,7.62113333,873.00,28.065
17358,3,9501,14397.310749891654,10333.88093340801,2020-08-06T15:30:04Z,45.39428333,7.62115000,867.00,28.059
17359,3,9502,14398.310749891654,10334.88093340801,2020-08-06T15:30:05Z,45.39421667,7.62113333,878.00,28.052
17360,3,9503,14399.310749891654,10335.88093340801,2020-08-06T15:30:06Z,45.39415000,7.62110000,878.00,28.044
17361,3,9504,14400.310749891654,10336.88093340801,2020-08-06T15:30:07Z,45.39410000,7.62105000,873.00,28.037
17362,3,9505,14401.310749891654,10337.88093340801,2020-08-06T15:30:08Z,45.39406667,7.62096667,880.00,28.031
17363,3,9506,14402.310749891654,10338.88093340801,2020-08-06T15:30:09Z,45.39403333,7.62086667,871.00,28.024
17364,3,9507,14403.310749891654,10339.88093340801,2020-08-06T15:30:10Z,45.39401667,7.62073333,870.00,28.018
17365,3,9508,14404.310749891654,10340.88093340801,2020-08-06T15:30:11Z,45.39400000,7.62060000,871.00,28.012
17366,3,9509,14405.310749891654,10341.88093340801,2020-08-06T15:30:12Z,45.39400000,7.62046667,870.00,28.007
17367,3,9510,14406.310749891654,10342.88093340801,2020-08-06T15:30:13Z,45.39401667,7.62035000,872.00,28.005
17368,3,9511,14407.310749891654,10343.88093340801,2020-08-06T15:30:14Z,45.39403333,7.62023333,872.00,28.003
17369,3,9512,14408.310749891654,10344.88093340801,2020-08-06T15:30:15Z,45.39406667,7.62011667,870.00,28.002
17370,3,9513,14409.310749891654,10345.88093340801,2020-08-06T15:30:16Z,45.39413333,7.62000000,866.00,28.005
17371,3,9514,14410.310749891654,10346.88093340801,2020-08-06T15:30:17Z,45.39421667,7.61986667,864.00,28.009
17372,3,9515,14411.310749891654,10347.88093340801,2020-08-06T15:30:18Z,45.39431667,7.61976667,863.00,28.015
17373,3,9516,14412.310749891654,10348.88093340801,2020-08-06T15:30:19Z,45.39441667,7.61970000,865.00,28.023
17374,3,9517,14413.310749891654,10349.88093340801,2020-08-06T15:30:20Z,45.39453333,7.61968333,865.00,28.034
17375,3,9518,14414.310749891654,10350.88093340801,2020-08-06T15:30:21Z,45.39465000,7.61968333,864.00,28.046
17376,3,9519,14415.310749891654,10351.88093340801,2020-08-06T15:30:22Z,45.39476667,7.61971667,860.00,28.059
17377,3,9520,14416.310749891654,10352.88093340801,2020-08-06T15:30:23Z,45.39486667,7.61976667,857.00,28.071
17378,3,9521,14417.310749891654,10353.88093340801,2020-08-06T15:30:24Z,45.39496667,7.61985000,858.00,28.083
17379,3,9522,14418.310749891654,10354.88093340801,2020-08-06T15:30:25Z,45.39505000,7.61996667,856.00,28.096
17380,3,9523,14419.310749891654,10355.88093340801,2020-08-06T15:30:26Z,45.39513333,7.62010000,854.00,28.109
17381,3,9524,14420.310749891654,10356.88093340801,2020-08-06T15:30:27Z,45.39518333,7.62023333,854.00,28.118
17382,3,9525,14421.310749891654,10357.88093340801,2020-08-06T15:30:28Z,45.39523333,7.62036667,860.00,28.128
17383,3,9526,14422.310749891654,10358.88093340801,2020-08-06T15:30:29Z,45.39528333,7.62048333,857.00,28.136
17384,3,9527,14423.310749891654,10359.88093340801,2020-08-06T15:30:30Z,45.39531667,7.62060000,857.00,28.144
17385,3,9528,14424.310749891654,10360.88093340801,2020-08-06T15:30:31Z,45.39535000,7.62071667,867.00,28.151
17386,3,9529,14425.310749891654,10361.88093340801,2020-08-06T15:30:32Z,45.39536667,7.62085000,856.00,28.157
17387,3,9530,14426.310749891654,10362.88093340801,2020-08-06T15:30:33Z,45.39538333,7.62096667,866.00,28.163
17388,3,9531,14427.310749891654,10363.88093340801,2020-08-06T15:30:34Z,45.39538333,7.62106667,853.00,28.166
17389,3,9532,14428.310749891654,10364.88093340801,2020-08-06T15:30:35Z,45.39540000,7.62118333,864.00,28.172
17390,3,9533,14429.310749891654,10365.88093340801,2020-08-06T15:30:36Z,45.39541667,7.62130000,857.00,28.177
17391,3,9534,14430.310749891654,10366.88093340801,2020-08-06T15:30:37Z,45.39541667,7.62141667,867.00,28.181
17392,3,9535,14431.310749891654,10367.88093340801,2020-08-06T15:30:38Z,45.39543333,7.62151667,857.00,28.187
17393,3,9536,14432.310749891654,10368.88093340801,2020-08-06T15:30:39Z,45.39541667,7.62161667,870.00,28.188
17394,3,9537,14433.310749891654,10369.88093340801,2020-08-06T15:30:40Z,45.39536667,7.62170000,859.00,28.186
17395,3,9538,14434.310749891654,10370.88093340801,2020-08-06T15:30:41Z,45.39531667,7.62173333,864.00,28.182
17396,3,9539,14435.310749891654,10371.88093340801,2020-08-06T15:30:42Z,45.39525000,7.62175000,864.00,28.176
17397,3,9540,14436.310749891654,10372.88093340801,2020-08-06T15:30:43Z,45.39520000,7.62173333,862.00,28.171
17398,3,9541,14437.310749891654,10373.88093340801,2020-08-06T15:30:44Z,45.39513333,7.62168333,859.00,28.162
17399,3,9542,14438.310749891654,10374.88093340801,2020-08-06T15:30:45Z,45.39510000,7.62160000,860.00,28.156
17400,3,9543,14439.310749891654,10375.88093340801,2020-08-06T15:30:46Z,45.39506667,7.62148333,862.00,28.149
17401,3,9544,14440.310749891654,10376.88093340801,2020-08-06T15:30:47Z,45.39505000,7.62135000,857.00,28.143
17402,3,9545,14441.310749891654,10377.88093340801,2020-08-06T15:30:48Z,45.39506667,7.62121667,856.00,28.14
17403,3,9546,14442.310749891654,10378.88093340801,2020-08-06T15:30:49Z,45.39508333,7.62108333,858.00,28.137
17404,3,9547,14443.310749891654,10379.88093340801,2020-08-06T15:30:50Z,45.39513333,7.62095000,860.00,28.137
17405,3,9548,14444.310749891654,10380.88093340801,2020-08-06T15:30:51Z,45.39520000,7.62083333,852.00,28.14
17406,3,9549,14445.310749891654,10381.88093340801,2020-08-06T15:30:52Z,45.39530000,7.62075000,852.00,28.147
17407,3,9550,14446.310749891654,10382.88093340801,2020-08-06T15:30:53Z,45.39540000,7.62070000,856.00,28.155
17408,3,9551,14447.310749891654,10383.88093340801,2020-08-06T15:30:54Z,45.39551667,7.62066667,857.00,28.166
17409,3,9552,14448.310749891654,10384.88093340801,2020-08-06T15:30:55Z,45.39563333,7.62068333,857.00,28.178
17410,3,9553,14449.310749891654,10385.88093340801,2020-08-06T15:30:56Z,45.39573333,7.62071667,855.00,28.189
17411,3,9554,14450.310749891654,10386.88093340801,2020-08-06T15:30:57Z,45.39583333,7.62076667,857.00,28.201
17412,3,9555,14451.310749891654,10387.88093340801,2020-08-06T15:30:58Z,45.39590000,7.62086667,855.00,28.211
17413,3,9556,14452.310749891654,10388.88093340801,2020-08-06T15:30:59Z,45.39596667,7.62098333,855.00,28.222
17414,3,9557,14453.310749891654,10389.88093340801,2020-08-06T15:31:00Z,45.39600000,7.62108333,859.00,28.229
17415,3,9558,14454.310749891654,10390.88093340801,2020-08-06T15:31:01Z,45.39601667,7.62120000,857.00,28.234
17416,3,9559,14455.310749891654,10391.88093340801,2020-08-06T15:31:02Z,45.39601667,7.62131667,856.00,28.238
17417,3,9560,14456.310749891654,10392.88093340801,2020-08-06T15:31:03Z,45.39600000,7.62140000,856.00,28.239
17418,3,9561,14457.310749891654,10393.88093340801,2020-08-06T15:31:04Z,45.39596667,7.62148333,857.00,28.239
17419,3,9562,14458.310749891654,10394.88093340801,2020-08-06T15:31:05Z,45.39593333,7.62155000,858.00,28.238
17420,3,9563,14459.310749891654,10395.88093340801,2020-08-06T15:31:06Z,45.39590000,7.62160000,854.00,28.236
17421,3,9564,14460.310749891654,10396.88093340801,2020-08-06T15:31:07Z,45.39585000,7.62165000,851.00,28.233
17422,3,9565,14461.310749891654,10397.88093340801,2020-08-06T15:31:08Z,45.39578333,7.62166667,852.00,28.227
17423,3,9566,14462.310749891654,10398.88093340801,2020-08-06T15:31:09Z,45.39571667,7.62165000,849.00,28.219
17424,3,9567,14463.310749891654,10399.88093340801,2020-08-06T15:31:10Z,45.39565000,7.62163333,847.00,28.212
17425,3,9568,14464.310749891654,10400.88093340801,2020-08-06T15:31:11Z,45.39558333,7.62160000,850.00,28.204
17426,3,9569,14465.310749891654,10401.88093340801,2020-08-06T15:31:12Z,45.39551667,7.62156667,848.00,28.197
17427,3,9570,14466.310749891654,10402.88093340801,2020-08-06T15:31:13Z,45.39545000,7.62151667,846.00,28.188
17428,3,9571,14467.310749891654,10403.88093340801,2020-08-06T15:31:14Z,45.39538333,7.62148333,846.00,28.18
17429,3,9572,14468.310749891654,10404.88093340801,2020-08-06T15:31:15Z,45.39533333,7.62143333,846.00,28.174
17430,3,9573,14469.310749891654,10405.88093340801,2020-08-06T15:31:16Z,45.39528333,7.62136667,845.00,28.166
17431,3,9574,14470.310749891654,10406.88093340801,2020-08-06T15:31:17Z,45.39523333,7.62130000,842.00,28.159
17432,3,9575,14471.310749891654,10407.88093340801,2020-08-06T15:31:18Z,45.39518333,7.62120000,842.00,28.151
17433,3,9576,14472.310749891654,10408.88093340801,2020-08-06T15:31:19Z,45.39515000,7.62110000,837.00,28.144
17434,3,9577,14473.310749891654,10409.88093340801,2020-08-06T15:31:20Z,45.39511667,7.62100000,842.00,28.137
17435,3,9578,14474.310749891654,10410.88093340801,2020-08-06T15:31:21Z,45.39510000,7.62088333,834.00,28.132
17436,3,9579,14475.310749891654,10411.88093340801,2020-08-06T15:31:22Z,45.39510000,7.62075000,833.00,28.127
17437,3,9580,14476.310749891654,10412.88093340801,2020-08-06T15:31:23Z,45.39513333,7.62061667,839.00,28.126
17438,3,9581,14477.310749891654,10413.88093340801,2020-08-06T15:31:24Z,45.39518333,7.62048333,835.00,28.126
17439,3,9582,14478.310749891654,10414.88093340801,2020-08-06T15:31:25Z,45.39525000,7.62038333,836.00,28.13
17440,3,9583,14479.310749891654,10415.88093340801,2020-08-06T15:31:26Z,45.39535000,7.62028333,834.00,28.136
17441,3,9584,14480.310749891654,10416.88093340801,2020-08-06T15:31:27Z,45.39545000,7.62021667,833.00,28.144
17442,3,9585,14481.310749891654,10417.88093340801,2020-08-06T15:31:28Z,45.39555000,7.62016667,836.00,28.153
17443,3,9586,14482.310749891654,10418.88093340801,2020-08-06T15:31:29Z,45.39566667,7.62016667,830.00,28.164
17444,3,9587,14483.310749891654,10419.88093340801,2020-08-06T15:31:30Z,45.39576667,7.62018333,830.00,28.175
17445,3,9588,14484.310749891654,10420.88093340801,2020-08-06T15:31:31Z,45.39586667,7.62021667,833.00,28.186
17446,3,9589,14485.310749891654,10421.88093340801,2020-08-06T15:31:32Z,45.39595000,7.62028333,834.00,28.197
17447,3,9590,14486.310749891654,10422.88093340801,2020-08-06T15:31:33Z,45.39603333,7.62038333,835.00,28.208
17448,3,9591,14487.310749891654,10423.88093340801,2020-08-06T15:31:34Z,45.39610000,7.62048333,834.00,28.218
17449,3,9592,14488.310749891654,10424.88093340801,2020-08-06T15:31:35Z,45.39613333,7.62058333,833.00,28.225
17450,3,9593,14489.310749891654,10425.88093340801,2020-08-06T15:31:36Z,45.39615000,7.62070000,834.00,28.231
17451,3,9594,14490.310749891654,10426.88093340801,2020-08-06T15:31:37Z,45.39615000,7.62081667,832.00,28.235
17452,3,9595,14491.310749891654,10427.88093340801,2020-08-06T15:31:38Z,45.39611667,7.62090000,833.00,28.234
17453,3,9596,14492.310749891654,10428.88093340801,2020-08-06T15:31:39Z,45.39608333,7.62098333,832.00,28.234
17454,3,9597,14493.310749891654,10429.88093340801,2020-08-06T15:31:40Z,45.39601667,7.62103333,830.00,28.229
17455,3,9598,14494.310749891654,10430.88093340801,2020-08-06T15:31:41Z,45.39596667,7.62105000,832.00,28.224
17456,3,9599,14495.310749891654,10431.88093340801,2020-08-06T15:31:42Z,45.39590000,7.62105000,827.00,28.217
17457,3,9600,14496.310749891654,10432.88093340801,2020-08-06T15:31:43Z,45.39583333,7.62100000,829.00,28.209
17458,3,9601,14497.310749891654,10433.88093340801,2020-08-06T15:31:44Z,45.39576667,7.62091667,818.00,28.2
17459,3,9602,14498.310749891654,10434.88093340801,2020-08-06T15:31:45Z,45.39571667,7.62081667,823.00,28.191
17460,3,9603,14499.310749891654,10435.88093340801,2020-08-06T15:31:46Z,45.39566667,7.62073333,829.00,28.183
17461,3,9604,14500.310749891654,10436.88093340801,2020-08-06T15:31:47Z,45.39563333,7.62065000,825.00,28.177
17462,3,9605,14501.310749891654,10437.88093340801,2020-08-06T15:31:48Z,45.39560000,7.62056667,822.00,28.171
17463,3,9606,14502.310749891654,10438.88093340801,2020-08-06T15:31:49Z,45.39558333,7.62045000,820.00,28.165
17464,3,9607,14503.310749891654,10439.88093340801,2020-08-06T15:31:50Z,45.39558333,7.62033333,823.00,28.162
17465,3,9608,14504.310749891654,10440.88093340801,2020-08-06T15:31:51Z,45.39558333,7.62020000,822.00,28.157
17466,3,9609,14505.310749891654,10441.88093340801,2020-08-06T15:31:52Z,45.39561667,7.62005000,820.00,28.155
17467,3,9610,14506.310749891654,10442.88093340801,2020-08-06T15:31:53Z,45.39566667,7.61993333,822.00,28.157
17468,3,9611,14507.310749891654,10443.88093340801,2020-08-06T15:31:54Z,45.39573333,7.61981667,820.00,28.159
17469,3,9612,14508.310749891654,10444.88093340801,2020-08-06T15:31:55Z,45.39581667,7.61971667,818.00,28.165
17470,3,9613,14509.310749891654,10445.88093340801,2020-08-06T15:31:56Z,45.39590000,7.61963333,820.00,28.17
17471,3,9614,14510.310749891654,10446.88093340801,2020-08-06T15:31:57Z,45.39600000,7.61960000,821.00,28.179
17472,3,9615,14511.310749891654,10447.88093340801,2020-08-06T15:31:58Z,45.39611667,7.61958333,818.00,28.19
17473,3,9616,14512.310749891654,10448.88093340801,2020-08-06T15:31:59Z,45.39623333,7.61958333,820.00,28.202
17474,3,9617,14513.310749891654,10449.88093340801,2020-08-06T15:32:00Z,45.39633333,7.61963333,822.00,28.214
17475,3,9618,14514.310749891654,10450.88093340801,2020-08-06T15:32:01Z,45.39643333,7.61970000,820.00,28.226
17476,3,9619,14515.310749891654,10451.88093340801,2020-08-06T15:32:02Z,45.39650000,7.61978333,814.00,28.236
17477,3,9620,14516.310749891654,10452.88093340801,2020-08-06T15:32:03Z,45.39655000,7.61990000,819.00,28.244
17478,3,9621,14517.310749891654,10453.88093340801,2020-08-06T15:32:04Z,45.39658333,7.62001667,813.00,28.252
17479,3,9622,14518.310749891654,10454.88093340801,2020-08-06T15:32:05Z,45.39658333,7.62015000,815.00,28.256
17480,3,9623,14519.310749891654,10455.88093340801,2020-08-06T15:32:06Z,45.39658333,7.62026667,816.00,28.26
17481,3,9624,14520.310749891654,10456.88093340801,2020-08-06T15:32:07Z,45.39658333,7.62036667,815.00,28.263
17482,3,9625,14521.310749891654,10457.88093340801,2020-08-06T15:32:08Z,45.39656667,7.62048333,812.00,28.265
17483,3,9626,14522.310749891654,10458.88093340801,2020-08-06T15:32:09Z,45.39656667,7.62060000,817.00,28.269
17484,3,9627,14523.310749891654,10459.88093340801,2020-08-06T15:32:10Z,45.39655000,7.62070000,811.00,28.271
17485,3,9628,14524.310749891654,10460.88093340801,2020-08-06T15:32:11Z,45.39655000,7.62083333,812.00,28.275
17486,3,9629,14525.310749891654,10461.88093340801,2020-08-06T15:32:12Z,45.39653333,7.62095000,808.00,28.278
17487,3,9630,14526.310749891654,10462.88093340801,2020-08-06T15:32:13Z,45.39650000,7.62106667,809.00,28.278
17488,3,9631,14527.310749891654,10463.88093340801,2020-08-06T15:32:14Z,45.39646667,7.62118333,805.00,28.279
17489,3,9632,14528.310749891654,10464.88093340801,2020-08-06T15:32:15Z,45.39643333,7.62128333,807.00,28.279
17490,3,9633,14529.310749891654,10465.88093340801,2020-08-06T15:32:16Z,45.39640000,7.62138333,804.00,28.279
17491,3,9634,14530.310749891654,10466.88093340801,2020-08-06T15:32:17Z,45.39636667,7.62148333,806.00,28.279
17492,3,9635,14531.310749891654,10467.88093340801,2020-08-06T15:32:18Z,45.39633333,7.62158333,802.00,28.279
17493,3,9636,14532.310749891654,10468.88093340801,2020-08-06T15:32:19Z,45.39630000,7.62166667,804.00,28.278
17494,3,9637,14533.310749891654,10469.88093340801,2020-08-06T15:32:20Z,45.39626667,7.62173333,801.00,28.277
17495,3,9638,14534.310749891654,10470.88093340801,2020-08-06T15:32:21Z,45.39623333,7.62181667,796.00,28.277
17496,3,9639,14535.310749891654,10471.88093340801,2020-08-06T15:32:22Z,45.39620000,7.62191667,795.00,28.277
17497,3,9640,14536.310749891654,10472.88093340801,2020-08-06T15:32:23Z,45.39618333,7.62200000,795.00,28.278
17498,3,9641,14537.310749891654,10473.88093340801,2020-08-06T15:32:24Z,45.39615000,7.62211667,796.00,28.279
17499,3,9642,14538.310749891654,10474.88093340801,2020-08-06T15:32:25Z,45.39613333,7.62221667,795.00,28.28
17500,3,9643,14539.310749891654,10475.88093340801,2020-08-06T15:32:26Z,45.39611667,7.62230000,793.00,28.282
17501,3,9644,14540.310749891654,10476.88093340801,2020-08-06T15:32:27Z,45.39608333,7.62240000,793.00,28.282
17502,3,9645,14541.310749891654,10477.88093340801,2020-08-06T15:32:28Z,45.39606667,7.62250000,793.00,28.284
17503,3,9646,14542.310749891654,10478.88093340801,2020-08-06T15:32:29Z,45.39603333,7.62260000,793.00,28.284
17504,3,9647,14543.310749891654,10479.88093340801,2020-08-06T15:32:30Z,45.39601667,7.62270000,794.00,28.286
17505,3,9648,14544.310749891654,10480.88093340801,2020-08-06T15:32:31Z,45.39598333,7.62281667,789.00,28.286
17506,3,9649,14545.310749891654,10481.88093340801,2020-08-06T15:32:32Z,45.39596667,7.62291667,784.00,28.288
17507,3,9650,14546.310749891654,10482.88093340801,2020-08-06T15:32:33Z,45.39593333,7.62301667,790.00,28.288
17508,3,9651,14547.310749891654,10483.88093340801,2020-08-06T15:32:34Z,45.39593333,7.62311667,794.00,28.292
17509,3,9652,14548.310749891654,10484.88093340801,2020-08-06T15:32:35Z,45.39591667,7.62321667,793.00,28.294
17510,3,9653,14549.310749891654,10485.88093340801,2020-08-06T15:32:36Z,45.39591667,7.62331667,793.00,28.297
17511,3,9654,14550.310749891654,10486.88093340801,2020-08-06T15:32:37Z,45.39590000,7.62341667,790.00,28.299
17512,3,9655,14551.310749891654,10487.88093340801,2020-08-06T15:32:38Z,45.39588333,7.62351667,795.00,28.301
17513,3,9656,14552.310749891654,10488.88093340801,2020-08-06T15:32:39Z,45.39586667,7.62361667,795.00,28.303
17514,3,9657,14553.310749891654,10489.88093340801,2020-08-06T15:32:40Z,45.39586667,7.62373333,796.00,28.307
17515,3,9658,14554.310749891654,10490.88093340801,2020-08-06T15:32:41Z,45.39585000,7.62383333,795.00,28.309
17516,3,9659,14555.310749891654,10491.88093340801,2020-08-06T15:32:42Z,45.39585000,7.62395000,794.00,28.313
17517,3,9660,14556.310749891654,10492.88093340801,2020-08-06T15:32:43Z,45.39585000,7.62405000,795.00,28.316
17518,3,9661,14557.310749891654,10493.88093340801,2020-08-06T15:32:44Z,45.39585000,7.62416667,797.00,28.32
17519,3,9662,14558.310749891654,10494.88093340801,2020-08-06T15:32:45Z,45.39585000,7.62426667,796.00,28.324
17520,3,9663,14559.310749891654,10495.88093340801,2020-08-06T15:32:46Z,45.39586667,7.62436667,807.00,28.329
17521,3,9664,14560.310749891654,10496.88093340801,2020-08-06T15:32:47Z,45.39586667,7.62446667,794.00,28.333
17522,3,9665,14561.310749891654,10497.88093340801,2020-08-06T15:32:48Z,45.39586667,7.62455000,797.00,28.336
17523,3,9666,14562.310749891654,10498.88093340801,2020-08-06T15:32:49Z,45.39586667,7.62465000,802.00,28.339
17524,3,9667,14563.310749891654,10499.88093340801,2020-08-06T15:32:50Z,45.39588333,7.62473333,791.00,28.344
17525,3,9668,14564.310749891654,10500.88093340801,2020-08-06T15:32:51Z,45.39590000,7.62483333,801.00,28.349
17526,3,9669,14565.310749891654,10501.88093340801,2020-08-06T15:32:52Z,45.39591667,7.62491667,787.00,28.354
17527,3,9670,14566.310749891654,10502.88093340801,2020-08-06T15:32:53Z,45.39590000,7.62500000,794.00,28.355
17528,3,9671,14567.310749891654,10503.88093340801,2020-08-06T15:32:54Z,45.39588333,7.62508333,799.00,28.357
17529,3,9672,14568.310749891654,10504.88093340801,2020-08-06T15:32:55Z,45.39585000,7.62515000,808.00,28.356
17530,3,9673,14569.310749891654,10505.88093340801,2020-08-06T15:32:56Z,45.39580000,7.62521667,795.00,28.353
17531,3,9674,14570.310749891654,10506.88093340801,2020-08-06T15:32:57Z,45.39575000,7.62525000,801.00,28.349
17532,3,9675,14571.310749891654,10507.88093340801,2020-08-06T15:32:58Z,45.39566667,7.62526667,803.00,28.342
17533,3,9676,14572.310749891654,10508.88093340801,2020-08-06T15:32:59Z,45.39558333,7.62526667,803.00,28.334
17534,3,9677,14573.310749891654,10509.88093340801,2020-08-06T15:33:00Z,45.39550000,7.62523333,803.00,28.324
17535,3,9678,14574.310749891654,10510.88093340801,2020-08-06T15:33:01Z,45.39541667,7.62516667,803.00,28.314
17536,3,9679,14575.310749891654,10511.88093340801,2020-08-06T15:33:02Z,45.39536667,7.62506667,802.00,28.305
17537,3,9680,14576.310749891654,10512.88093340801,2020-08-06T15:33:03Z,45.39531667,7.62493333,798.00,28.295
17538,3,9681,14577.310749891654,10513.88093340801,2020-08-06T15:33:04Z,45.39528333,7.62478333,807.00,28.287
17539,3,9682,14578.310749891654,10514.88093340801,2020-08-06T15:33:05Z,45.39526667,7.62465000,805.00,28.28
17540,3,9683,14579.310749891654,10515.88093340801,2020-08-06T15:33:06Z,45.39525000,7.62450000,804.00,28.273
17541,3,9684,14580.310749891654,10516.88093340801,2020-08-06T15:33:07Z,45.39525000,7.62436667,802.00,28.268
17542,3,9685,14581.310749891654,10517.88093340801,2020-08-06T15:33:08Z,45.39526667,7.62421667,800.00,28.265
17543,3,9686,14582.310749891654,10518.88093340801,2020-08-06T15:33:09Z,45.39531667,7.62406667,801.00,28.264
17544,3,9687,14583.310749891654,10519.88093340801,2020-08-06T15:33:10Z,45.39538333,7.62393333,804.00,28.266
17545,3,9688,14584.310749891654,10520.88093340801,2020-08-06T15:33:11Z,45.39545000,7.62381667,799.00,28.268
17546,3,9689,14585.310749891654,10521.88093340801,2020-08-06T15:33:12Z,45.39553333,7.62373333,806.00,28.274
17547,3,9690,14586.310749891654,10522.88093340801,2020-08-06T15:33:13Z,45.39563333,7.62368333,801.00,28.282
17548,3,9691,14587.310749891654,10523.88093340801,2020-08-06T15:33:14Z,45.39575000,7.62366667,804.00,28.293
17549,3,9692,14588.310749891654,10524.88093340801,2020-08-06T15:33:15Z,45.39585000,7.62370000,800.00,28.304
17550,3,9693,14589.310749891654,10525.88093340801,2020-08-06T15:33:16Z,45.39596667,7.62375000,799.00,28.317
17551,3,9694,14590.310749891654,10526.88093340801,2020-08-06T15:33:17Z,45.39603333,7.62383333,798.00,28.327
17552,3,9695,14591.310749891654,10527.88093340801,2020-08-06T15:33:18Z,45.39608333,7.62393333,797.00,28.335
17553,3,9696,14592.310749891654,10528.88093340801,2020-08-06T15:33:19Z,45.39613333,7.62405000,803.00,28.344
17554,3,9697,14593.310749891654,10529.88093340801,2020-08-06T15:33:20Z,45.39615000,7.62416667,796.00,28.35
17555,3,9698,14594.310749891654,10530.88093340801,2020-08-06T15:33:21Z,45.39615000,7.62426667,803.00,28.354
17556,3,9699,14595.310749891654,10531.88093340801,2020-08-06T15:33:22Z,45.39615000,7.62438333,798.00,28.358
17557,3,9700,14596.310749891654,10532.88093340801,2020-08-06T15:33:23Z,45.39615000,7.62450000,805.00,28.362
17558,3,9701,14597.310749891654,10533.88093340801,2020-08-06T15:33:24Z,45.39615000,7.62460000,797.00,28.366
17559,3,9702,14598.310749891654,10534.88093340801,2020-08-06T15:33:25Z,45.39615000,7.62470000,800.00,28.369
17560,3,9703,14599.310749891654,10535.88093340801,2020-08-06T15:33:26Z,45.39615000,7.62478333,797.00,28.372
17561,3,9704,14600.310749891654,10536.88093340801,2020-08-06T15:33:27Z,45.39615000,7.62488333,794.00,28.376
17562,3,9705,14601.310749891654,10537.88093340801,2020-08-06T15:33:28Z,45.39615000,7.62498333,802.00,28.379
17563,3,9706,14602.310749891654,10538.88093340801,2020-08-06T15:33:29Z,45.39613333,7.62508333,800.00,28.381
17564,3,9707,14603.310749891654,10539.88093340801,2020-08-06T15:33:30Z,45.39610000,7.62518333,802.00,28.382
17565,3,9708,14604.310749891654,10540.88093340801,2020-08-06T15:33:31Z,45.39608333,7.62526667,801.00,28.383
17566,3,9709,14605.310749891654,10541.88093340801,2020-08-06T15:33:32Z,45.39605000,7.62536667,800.00,28.383
17567,3,9710,14606.310749891654,10542.88093340801,2020-08-06T15:33:33Z,45.39603333,7.62546667,797.00,28.385
17568,3,9711,14607.310749891654,10543.88093340801,2020-08-06T15:33:34Z,45.39603333,7.62556667,798.00,28.389
17569,3,9712,14608.310749891654,10544.88093340801,2020-08-06T15:33:35Z,45.39603333,7.62568333,791.00,28.393
17570,3,9713,14609.310749891654,10545.88093340801,2020-08-06T15:33:36Z,45.39601667,7.62578333,799.00,28.395
17571,3,9714,14610.310749891654,10546.88093340801,2020-08-06T15:33:37Z,45.39601667,7.62588333,796.00,28.399
17572,3,9715,14611.310749891654,10547.88093340801,2020-08-06T15:33:38Z,45.39600000,7.62598333,794.00,28.401
17573,3,9716,14612.310749891654,10548.88093340801,2020-08-06T15:33:39Z,45.39600000,7.62606667,798.00,28.404
17574,3,9717,14613.310749891654,10549.88093340801,2020-08-06T15:33:40Z,45.39598333,7.62616667,796.00,28.406
17575,3,9718,14614.310749891654,10550.88093340801,2020-08-06T15:33:41Z,45.39598333,7.62626667,802.00,28.409
17576,3,9719,14615.310749891654,10551.88093340801,2020-08-06T15:33:42Z,45.39595000,7.62636667,800.00,28.41
17577,3,9720,14616.310749891654,10552.88093340801,2020-08-06T15:33:43Z,45.39593333,7.62643333,797.00,28.411
17578,3,9721,14617.310749891654,10553.88093340801,2020-08-06T15:33:44Z,45.39591667,7.62651667,795.00,28.412
17579,3,9722,14618.310749891654,10554.88093340801,2020-08-06T15:33:45Z,45.39588333,7.62661667,796.00,28.412
17580,3,9723,14619.310749891654,10555.88093340801,2020-08-06T15:33:46Z,45.39586667,7.62671667,794.00,28.415
17581,3,9724,14620.310749891654,10556.88093340801,2020-08-06T15:33:47Z,45.39586667,7.62683333,794.00,28.419
17582,3,9725,14621.310749891654,10557.88093340801,2020-08-06T15:33:48Z,45.39585000,7.62695000,793.00,28.422
17583,3,9726,14622.310749891654,10558.88093340801,2020-08-06T15:33:49Z,45.39583333,7.62705000,796.00,28.424
17584,3,9727,14623.310749891654,10559.88093340801,2020-08-06T15:33:50Z,45.39583333,7.62715000,794.00,28.427
17585,3,9728,14624.310749891654,10560.88093340801,2020-08-06T15:33:51Z,45.39583333,7.62725000,793.00,28.431
17586,3,9729,14625.310749891654,10561.88093340801,2020-08-06T15:33:52Z,45.39583333,7.62735000,793.00,28.435
17587,3,9730,14626.310749891654,10562.88093340801,2020-08-06T15:33:53Z,45.39583333,7.62746667,792.00,28.439
17588,3,9731,14627.310749891654,10563.88093340801,2020-08-06T15:33:54Z,45.39585000,7.62758333,791.00,28.445
17589,3,9732,14628.310749891654,10564.88093340801,2020-08-06T15:33:55Z,45.39586667,7.62770000,794.00,28.451
17590,3,9733,14629.310749891654,10565.88093340801,2020-08-06T15:33:56Z,45.39590000,7.62781667,789.00,28.459
17591,3,9734,14630.310749891654,10566.88093340801,2020-08-06T15:33:57Z,45.39591667,7.62793333,792.00,28.465
17592,3,9735,14631.310749891654,10567.88093340801,2020-08-06T15:33:58Z,45.39593333,7.62805000,787.00,28.471
17593,3,9736,14632.310749891654,10568.88093340801,2020-08-06T15:33:59Z,45.39593333,7.62816667,791.00,28.475
17594,3,9737,14633.310749891654,10569.88093340801,2020-08-06T15:34:00Z,45.39595000,7.62828333,789.00,28.481
17595,3,9738,14634.310749891654,10570.88093340801,2020-08-06T15:34:01Z,45.39596667,7.62840000,790.00,28.487
17596,3,9739,14635.310749891654,10571.88093340801,2020-08-06T15:34:02Z,45.39598333,7.62853333,784.00,28.494
17597,3,9740,14636.310749891654,10572.88093340801,2020-08-06T15:34:03Z,45.39600000,7.62866667,785.00,28.501
17598,3,9741,14637.310749891654,10573.88093340801,2020-08-06T15:34:04Z,45.39600000,7.62880000,785.00,28.506
17599,3,9742,14638.310749891654,10574.88093340801,2020-08-06T15:34:05Z,45.39598333,7.62890000,792.00,28.508
17600,3,9743,14639.310749891654,10575.88093340801,2020-08-06T15:34:06Z,45.39596667,7.62900000,787.00,28.51
17601,3,9744,14640.310749891654,10576.88093340801,2020-08-06T15:34:07Z,45.39595000,7.62908333,783.00,28.512
17602,3,9745,14641.310749891654,10577.88093340801,2020-08-06T15:34:08Z,45.39593333,7.62916667,780.00,28.513
17603,3,9746,14642.310749891654,10578.88093340801,2020-08-06T15:34:09Z,45.39590000,7.62925000,785.00,28.513
17604,3,9747,14643.310749891654,10579.88093340801,2020-08-06T15:34:10Z,45.39586667,7.62933333,785.00,28.513
17605,3,9748,14644.310749891654,10580.88093340801,2020-08-06T15:34:11Z,45.39581667,7.62941667,771.00,28.511
17606,3,9749,14645.310749891654,10581.88093340801,2020-08-06T15:34:12Z,45.39575000,7.62948333,792.00,28.507
17607,3,9750,14646.310749891654,10582.88093340801,2020-08-06T15:34:13Z,45.39568333,7.62953333,782.00,28.503
17608,3,9751,14647.310749891654,10583.88093340801,2020-08-06T15:34:14Z,45.39561667,7.62955000,783.00,28.497
17609,3,9752,14648.310749891654,10584.88093340801,2020-08-06T15:34:15Z,45.39555000,7.62955000,776.00,28.491
17610,3,9753,14649.310749891654,10585.88093340801,2020-08-06T15:34:16Z,45.39550000,7.62956667,780.00,28.486
17611,3,9754,14650.310749891654,10586.88093340801,2020-08-06T15:34:17Z,45.39543333,7.62958333,780.00,28.481
17612,3,9755,14651.310749891654,10587.88093340801,2020-08-06T15:34:18Z,45.39538333,7.62963333,778.00,28.478
17613,3,9756,14652.310749891654,10588.88093340801,2020-08-06T15:34:19Z,45.39531667,7.62966667,778.00,28.473
17614,3,9757,14653.310749891654,10589.88093340801,2020-08-06T15:34:20Z,45.39525000,7.62970000,778.00,28.468
17615,3,9758,14654.310749891654,10590.88093340801,2020-08-06T15:34:21Z,45.39518333,7.62973333,773.00,28.462
17616,3,9759,14655.310749891654,10591.88093340801,2020-08-06T15:34:22Z,45.39513333,7.62978333,773.00,28.459
17617,3,9760,14656.310749891654,10592.88093340801,2020-08-06T15:34:23Z,45.39506667,7.62983333,773.00,28.455
17618,3,9761,14657.310749891654,10593.88093340801,2020-08-06T15:34:24Z,45.39500000,7.62988333,771.00,28.451
17619,3,9762,14658.310749891654,10594.88093340801,2020-08-06T15:34:25Z,45.39493333,7.62991667,771.00,28.445
17620,3,9763,14659.310749891654,10595.88093340801,2020-08-06T15:34:26Z,45.39486667,7.62996667,772.00,28.441
17621,3,9764,14660.310749891654,10596.88093340801,2020-08-06T15:34:27Z,45.39481667,7.63000000,772.00,28.437
17622,3,9765,14661.310749891654,10597.88093340801,2020-08-06T15:34:28Z,45.39475000,7.63005000,770.00,28.433
17623,3,9766,14662.310749891654,10598.88093340801,2020-08-06T15:34:29Z,45.39468333,7.63010000,770.00,28.429
17624,3,9767,14663.310749891654,10599.88093340801,2020-08-06T15:34:30Z,45.39463333,7.63016667,769.00,28.426
17625,3,9768,14664.310749891654,10600.88093340801,2020-08-06T15:34:31Z,45.39456667,7.63023333,765.00,28.423
17626,3,9769,14665.310749891654,10601.88093340801,2020-08-06T15:34:32Z,45.39451667,7.63028333,766.00,28.42
17627,3,9770,14666.310749891654,10602.88093340801,2020-08-06T15:34:33Z,45.39446667,7.63035000,766.00,28.418
17628,3,9771,14667.310749891654,10603.88093340801,2020-08-06T15:34:34Z,45.39441667,7.63043333,761.00,28.416
17629,3,9772,14668.310749891654,10604.88093340801,2020-08-06T15:34:35Z,45.39435000,7.63051667,761.00,28.413
17630,3,9773,14669.310749891654,10605.88093340801,2020-08-06T15:34:36Z,45.39430000,7.63060000,761.00,28.411
17631,3,9774,14670.310749891654,10606.88093340801,2020-08-06T15:34:37Z,45.39426667,7.63070000,760.00,28.412
17632,3,9775,14671.310749891654,10607.88093340801,2020-08-06T15:34:38Z,45.39423333,7.63080000,761.00,28.413
17633,3,9776,14672.310749891654,10608.88093340801,2020-08-06T15:34:39Z,45.39420000,7.63088333,761.00,28.413
17634,3,9777,14673.310749891654,10609.88093340801,2020-08-06T15:34:40Z,45.39418333,7.63096667,759.00,28.415
17635,3,9778,14674.310749891654,10610.88093340801,2020-08-06T15:34:41Z,45.39416667,7.63106667,760.00,28.417
17636,3,9779,14675.310749891654,10611.88093340801,2020-08-06T15:34:42Z,45.39413333,7.63116667,759.00,28.418
17637,3,9780,14676.310749891654,10612.88093340801,2020-08-06T15:34:43Z,45.39410000,7.63128333,758.00,28.42
17638,3,9781,14677.310749891654,10613.88093340801,2020-08-06T15:34:44Z,45.39408333,7.63140000,761.00,28.423
17639,3,9782,14678.310749891654,10614.88093340801,2020-08-06T15:34:45Z,45.39408333,7.63150000,760.00,28.427
17640,3,9783,14679.310749891654,10615.88093340801,2020-08-06T15:34:46Z,45.39406667,7.63160000,759.00,28.429
17641,3,9784,14680.310749891654,10616.88093340801,2020-08-06T15:34:47Z,45.39406667,7.63170000,760.00,28.433
17642,3,9785,14681.310749891654,10617.88093340801,2020-08-06T15:34:48Z,45.39405000,7.63180000,761.00,28.436
17643,3,9786,14682.310749891654,10618.88093340801,2020-08-06T15:34:49Z,45.39405000,7.63191667,759.00,28.44
17644,3,9787,14683.310749891654,10619.88093340801,2020-08-06T15:34:50Z,45.39405000,7.63203333,761.00,28.445
17645,3,9788,14684.310749891654,10620.88093340801,2020-08-06T15:34:51Z,45.39405000,7.63215000,762.00,28.45
17646,3,9789,14685.310749891654,10621.88093340801,2020-08-06T15:34:52Z,45.39405000,7.63225000,753.00,28.454
17647,3,9790,14686.310749891654,10622.88093340801,2020-08-06T15:34:53Z,45.39405000,7.63236667,749.00,28.459
17648,3,9791,14687.310749891654,10623.88093340801,2020-08-06T15:34:54Z,45.39405000,7.63248333,749.00,28.463
17649,3,9792,14688.310749891654,10624.88093340801,2020-08-06T15:34:55Z,45.39405000,7.63258333,753.00,28.467
17650,3,9793,14689.310749891654,10625.88093340801,2020-08-06T15:34:56Z,45.39405000,7.63270000,753.00,28.472
17651,3,9794,14690.310749891654,10626.88093340801,2020-08-06T15:34:57Z,45.39406667,7.63281667,748.00,28.478
17652,3,9795,14691.310749891654,10627.88093340801,2020-08-06T15:34:58Z,45.39406667,7.63293333,752.00,28.483
17653,3,9796,14692.310749891654,10628.88093340801,2020-08-06T15:34:59Z,45.39406667,7.63305000,747.00,28.488
17654,3,9797,14693.310749891654,10629.88093340801,2020-08-06T15:35:00Z,45.39406667,7.63315000,751.00,28.492
17655,3,9798,14694.310749891654,10630.88093340801,2020-08-06T15:35:01Z,45.39406667,7.63325000,747.00,28.496
17656,3,9799,14695.310749891654,10631.88093340801,2020-08-06T15:35:02Z,45.39406667,7.63335000,746.00,28.5
17657,3,9800,14696.310749891654,10632.88093340801,2020-08-06T15:35:03Z,45.39405000,7.63346667,744.00,28.504
17658,3,9801,14697.310749891654,10633.88093340801,2020-08-06T15:35:04Z,45.39403333,7.63358333,744.00,28.507
17659,3,9802,14698.310749891654,10634.88093340801,2020-08-06T15:35:05Z,45.39403333,7.63368333,740.00,28.511
17660,3,9803,14699.310749891654,10635.88093340801,2020-08-06T15:35:06Z,45.39403333,7.63380000,741.00,28.516
17661,3,9804,14700.310749891654,10636.88093340801,2020-08-06T15:35:07Z,45.39403333,7.63391667,740.00,28.521
17662,3,9805,14701.310749891654,10637.88093340801,2020-08-06T15:35:08Z,45.39403333,7.63403333,739.00,28.525
17663,3,9806,14702.310749891654,10638.88093340801,2020-08-06T15:35:09Z,45.39405000,7.63415000,736.00,28.532
17664,3,9807,14703.310749891654,10639.88093340801,2020-08-06T15:35:10Z,45.39405000,7.63426667,736.00,28.537
17665,3,9808,14704.310749891654,10640.88093340801,2020-08-06T15:35:11Z,45.39406667,7.63438333,736.00,28.543
17666,3,9809,14705.310749891654,10641.88093340801,2020-08-06T15:35:12Z,45.39408333,7.63450000,736.00,28.549
17667,3,9810,14706.310749891654,10642.88093340801,2020-08-06T15:35:13Z,45.39410000,7.63460000,734.00,28.555
17668,3,9811,14707.310749891654,10643.88093340801,2020-08-06T15:35:14Z,45.39413333,7.63473333,734.00,28.564
17669,3,9812,14708.310749891654,10644.88093340801,2020-08-06T15:35:15Z,45.39415000,7.63485000,728.00,28.57
17670,3,9813,14709.310749891654,10645.88093340801,2020-08-06T15:35:16Z,45.39416667,7.63496667,735.00,28.577
17671,3,9814,14710.310749891654,10646.88093340801,2020-08-06T15:35:17Z,45.39418333,7.63508333,733.00,28.583
17672,3,9815,14711.310749891654,10647.88093340801,2020-08-06T15:35:18Z,45.39420000,7.63520000,730.00,28.59
17673,3,9816,14712.310749891654,10648.88093340801,2020-08-06T15:35:19Z,45.39421667,7.63531667,730.00,28.596
17674,3,9817,14713.310749891654,10649.88093340801,2020-08-06T15:35:20Z,45.39425000,7.63543333,725.00,28.604
17675,3,9818,14714.310749891654,10650.88093340801,2020-08-06T15:35:21Z,45.39428333,7.63556667,722.00,28.613
17676,3,9819,14715.310749891654,10651.88093340801,2020-08-06T15:35:22Z,45.39431667,7.63570000,726.00,28.622
17677,3,9820,14716.310749891654,10652.88093340801,2020-08-06T15:35:23Z,45.39433333,7.63581667,725.00,28.628
17678,3,9821,14717.310749891654,10653.88093340801,2020-08-06T15:35:24Z,45.39436667,7.63595000,722.00,28.637
17679,3,9822,14718.310749891654,10654.88093340801,2020-08-06T15:35:25Z,45.39438333,7.63608333,723.00,28.644
17680,3,9823,14719.310749891654,10655.88093340801,2020-08-06T15:35:26Z,45.39438333,7.63620000,716.00,28.649
17681,3,9824,14720.310749891654,10656.88093340801,2020-08-06T15:35:27Z,45.39440000,7.63633333,720.00,28.656
17682,3,9825,14721.310749891654,10657.88093340801,2020-08-06T15:35:28Z,45.39441667,7.63646667,715.00,28.663
17683,3,9826,14722.310749891654,10658.88093340801,2020-08-06T15:35:29Z,45.39443333,7.63660000,715.00,28.671
17684,3,9827,14723.310749891654,10659.88093340801,2020-08-06T15:35:30Z,45.39443333,7.63673333,713.00,28.676
17685,3,9828,14724.310749891654,10660.88093340801,2020-08-06T15:35:31Z,45.39445000,7.63686667,714.00,28.684
17686,3,9829,14725.310749891654,10661.88093340801,2020-08-06T15:35:32Z,45.39445000,7.63698333,710.00,28.689
17687,3,9830,14726.310749891654,10662.88093340801,2020-08-06T15:35:33Z,45.39446667,7.63711667,708.00,28.696
17688,3,9831,14727.310749891654,10663.88093340801,2020-08-06T15:35:34Z,45.39448333,7.63723333,704.00,28.702
17689,3,9832,14728.310749891654,10664.88093340801,2020-08-06T15:35:35Z,45.39448333,7.63736667,702.00,28.708
17690,3,9833,14729.310749891654,10665.88093340801,2020-08-06T15:35:36Z,45.39450000,7.63750000,702.00,28.715
17691,3,9834,14730.310749891654,10666.88093340801,2020-08-06T15:35:37Z,45.39450000,7.63765000,700.00,28.722
17692,3,9835,14731.310749891654,10667.88093340801,2020-08-06T15:35:38Z,45.39448333,7.63776667,696.00,28.725
17693,3,9836,14732.310749891654,10668.88093340801,2020-08-06T15:35:39Z,45.39446667,7.63788333,700.00,28.729
17694,3,9837,14733.310749891654,10669.88093340801,2020-08-06T15:35:40Z,45.39443333,7.63800000,695.00,28.731
17695,3,9838,14734.310749891654,10670.88093340801,2020-08-06T15:35:41Z,45.39440000,7.63810000,695.00,28.732
17696,3,9839,14735.310749891654,10671.88093340801,2020-08-06T15:35:42Z,45.39436667,7.63821667,690.00,28.734
17697,3,9840,14736.310749891654,10672.88093340801,2020-08-06T15:35:43Z,45.39433333,7.63833333,690.00,28.736
17698,3,9841,14737.310749891654,10673.88093340801,2020-08-06T15:35:44Z,45.39428333,7.63845000,688.00,28.736
17699,3,9842,14738.310749891654,10674.88093340801,2020-08-06T15:35:45Z,45.39423333,7.63855000,688.00,28.736
17700,3,9843,14739.310749891654,10675.88093340801,2020-08-06T15:35:46Z,45.39420000,7.63865000,687.00,28.737
17701,3,9844,14740.310749891654,10676.88093340801,2020-08-06T15:35:47Z,45.39415000,7.63875000,685.00,28.737
17702,3,9845,14741.310749891654,10677.88093340801,2020-08-06T15:35:48Z,45.39408333,7.63885000,685.00,28.735
17703,3,9846,14742.310749891654,10678.88093340801,2020-08-06T15:35:49Z,45.39403333,7.63895000,676.00,28.735
17704,3,9847,14743.310749891654,10679.88093340801,2020-08-06T15:35:50Z,45.39398333,7.63905000,677.00,28.735
17705,3,9848,14744.310749891654,10680.88093340801,2020-08-06T15:35:51Z,45.39393333,7.63915000,675.00,28.735
17706,3,9849,14745.310749891654,10681.88093340801,2020-08-06T15:35:52Z,45.39388333,7.63925000,673.00,28.734
17707,3,9850,14746.310749891654,10682.88093340801,2020-08-06T15:35:53Z,45.39383333,7.63936667,670.00,28.735
17708,3,9851,14747.310749891654,10683.88093340801,2020-08-06T15:35:54Z,45.39378333,7.63946667,668.00,28.735
17709,3,9852,14748.310749891654,10684.88093340801,2020-08-06T15:35:55Z,45.39375000,7.63958333,664.00,28.737
17710,3,9853,14749.310749891654,10685.88093340801,2020-08-06T15:35:56Z,45.39370000,7.63968333,664.00,28.737
17711,3,9854,14750.310749891654,10686.88093340801,2020-08-06T15:35:57Z,45.39366667,7.63980000,663.00,28.739
17712,3,9855,14751.310749891654,10687.88093340801,2020-08-06T15:35:58Z,45.39363333,7.63993333,666.00,28.742
17713,3,9856,14752.310749891654,10688.88093340801,2020-08-06T15:35:59Z,45.39358333,7.64005000,662.00,28.742
17714,3,9857,14753.310749891654,10689.88093340801,2020-08-06T15:36:00Z,45.39356667,7.64018333,665.00,28.747
17715,3,9858,14754.310749891654,10690.88093340801,2020-08-06T15:36:01Z,45.39353333,7.64031667,665.00,28.75
17716,3,9859,14755.310749891654,10691.88093340801,2020-08-06T15:36:02Z,45.39351667,7.64045000,661.00,28.754
17717,3,9860,14756.310749891654,10692.88093340801,2020-08-06T15:36:03Z,45.39350000,7.64056667,667.00,28.758
17718,3,9861,14757.310749891654,10693.88093340801,2020-08-06T15:36:04Z,45.39350000,7.64070000,663.00,28.764
17719,3,9862,14758.310749891654,10694.88093340801,2020-08-06T15:36:05Z,45.39348333,7.64081667,665.00,28.768
17720,3,9863,14759.310749891654,10695.88093340801,2020-08-06T15:36:06Z,45.39348333,7.64093333,666.00,28.773
17721,3,9864,14760.310749891654,10696.88093340801,2020-08-06T15:36:07Z,45.39346667,7.64105000,659.00,28.777
17722,3,9865,14761.310749891654,10697.88093340801,2020-08-06T15:36:08Z,45.39345000,7.64115000,661.00,28.779
17723,3,9866,14762.310749891654,10698.88093340801,2020-08-06T15:36:09Z,45.39343333,7.64123333,654.00,28.781
17724,3,9867,14763.310749891654,10699.88093340801,2020-08-06T15:36:10Z,45.39341667,7.64133333,665.00,28.784
17725,3,9868,14764.310749891654,10700.88093340801,2020-08-06T15:36:11Z,45.39341667,7.64141667,663.00,28.788
17726,3,9869,14765.310749891654,10701.88093340801,2020-08-06T15:36:12Z,45.39341667,7.64153333,660.00,28.792
17727,3,9870,14766.310749891654,10702.88093340801,2020-08-06T15:36:13Z,45.39341667,7.64163333,655.00,28.797
17728,3,9871,14767.310749891654,10703.88093340801,2020-08-06T15:36:14Z,45.39343333,7.64173333,656.00,28.803
17729,3,9872,14768.310749891654,10704.88093340801,2020-08-06T15:36:15Z,45.39345000,7.64183333,657.00,28.808
17730,3,9873,14769.310749891654,10705.88093340801,2020-08-06T15:36:16Z,45.39346667,7.64193333,662.00,28.814
17731,3,9874,14770.310749891654,10706.88093340801,2020-08-06T15:36:17Z,45.39348333,7.64205000,651.00,28.821
17732,3,9875,14771.310749891654,10707.88093340801,2020-08-06T15:36:18Z,45.39348333,7.64215000,650.00,28.825
17733,3,9876,14772.310749891654,10708.88093340801,2020-08-06T15:36:19Z,45.39350000,7.64226667,659.00,28.832
17734,3,9877,14773.310749891654,10709.88093340801,2020-08-06T15:36:20Z,45.39351667,7.64238333,655.00,28.838
17735,3,9878,14774.310749891654,10710.88093340801,2020-08-06T15:36:21Z,45.39351667,7.64250000,656.00,28.843
17736,3,9879,14775.310749891654,10711.88093340801,2020-08-06T15:36:22Z,45.39351667,7.64258333,646.00,28.847
17737,3,9880,14776.310749891654,10712.88093340801,2020-08-06T15:36:23Z,45.39350000,7.64266667,661.00,28.849
17738,3,9881,14777.310749891654,10713.88093340801,2020-08-06T15:36:24Z,45.39348333,7.64273333,648.00,28.85
17739,3,9882,14778.310749891654,10714.88093340801,2020-08-06T15:36:25Z,45.39345000,7.64281667,649.00,28.851
17740,3,9883,14779.310749891654,10715.88093340801,2020-08-06T15:36:26Z,45.39340000,7.64291667,651.00,28.851
17741,3,9884,14780.310749891654,10716.88093340801,2020-08-06T15:36:27Z,45.39335000,7.64303333,648.00,28.851
17742,3,9885,14781.310749891654,10717.88093340801,2020-08-06T15:36:28Z,45.39328333,7.64313333,653.00,28.849
17743,3,9886,14782.310749891654,10718.88093340801,2020-08-06T15:36:29Z,45.39323333,7.64321667,649.00,28.848
17744,3,9887,14783.310749891654,10719.88093340801,2020-08-06T15:36:30Z,45.39316667,7.64326667,647.00,28.844
17745,3,9888,14784.310749891654,10720.88093340801,2020-08-06T15:36:31Z,45.39311667,7.64331667,647.00,28.842
17746,3,9889,14785.310749891654,10721.88093340801,2020-08-06T15:36:32Z,45.39305000,7.64336667,646.00,28.838
17747,3,9890,14786.310749891654,10722.88093340801,2020-08-06T15:36:33Z,45.39298333,7.64343333,647.00,28.835
17748,3,9891,14787.310749891654,10723.88093340801,2020-08-06T15:36:34Z,45.39291667,7.64350000,644.00,28.831
17749,3,9892,14788.310749891654,10724.88093340801,2020-08-06T15:36:35Z,45.39286667,7.64360000,642.00,28.831
17750,3,9893,14789.310749891654,10725.88093340801,2020-08-06T15:36:36Z,45.39281667,7.64370000,645.00,28.831
17751,3,9894,14790.310749891654,10726.88093340801,2020-08-06T15:36:37Z,45.39278333,7.64380000,646.00,28.832
17752,3,9895,14791.310749891654,10727.88093340801,2020-08-06T15:36:38Z,45.39276667,7.64390000,644.00,28.835
17753,3,9896,14792.310749891654,10728.88093340801,2020-08-06T15:36:39Z,45.39275000,7.64401667,633.00,28.839
17754,3,9897,14793.310749891654,10729.88093340801,2020-08-06T15:36:40Z,45.39273333,7.64413333,634.00,28.843
17755,3,9898,14794.310749891654,10730.88093340801,2020-08-06T15:36:41Z,45.39273333,7.64426667,642.00,28.848
17756,3,9899,14795.310749891654,10731.88093340801,2020-08-06T15:36:42Z,45.39273333,7.64438333,638.00,28.854
17757,3,9900,14796.310749891654,10732.88093340801,2020-08-06T15:36:43Z,45.39273333,7.64450000,637.00,28.859
17758,3,9901,14797.310749891654,10733.88093340801,2020-08-06T15:36:44Z,45.39273333,7.64458333,626.00,28.863
17759,3,9902,14798.310749891654,10734.88093340801,2020-08-06T15:36:45Z,45.39271667,7.64466667,637.00,28.865
17760,3,9903,14799.310749891654,10735.88093340801,2020-08-06T15:36:46Z,45.39268333,7.64475000,633.00,28.865
17761,3,9904,14800.310749891654,10736.88093340801,2020-08-06T15:36:47Z,45.39263333,7.64483333,642.00,28.865
17762,3,9905,14801.310749891654,10737.88093340801,2020-08-06T15:36:48Z,45.39258333,7.64491667,623.00,28.864
17763,3,9906,14802.310749891654,10738.88093340801,2020-08-06T15:36:49Z,45.39251667,7.64500000,630.00,28.861
17764,3,9907,14803.310749891654,10739.88093340801,2020-08-06T15:36:50Z,45.39246667,7.64506667,637.00,28.86
17765,3,9908,14804.310749891654,10740.88093340801,2020-08-06T15:36:51Z,45.39240000,7.64511667,634.00,28.856
17766,3,9909,14805.310749891654,10741.88093340801,2020-08-06T15:36:52Z,45.39233333,7.64515000,630.00,28.851
17767,3,9910,14806.310749891654,10742.88093340801,2020-08-06T15:36:53Z,45.39225000,7.64518333,627.00,28.845
17768,3,9911,14807.310749891654,10743.88093340801,2020-08-06T15:36:54Z,45.39216667,7.64520000,629.00,28.838
17769,3,9912,14808.310749891654,10744.88093340801,2020-08-06T15:36:55Z,45.39206667,7.64523333,627.00,28.831
17770,3,9913,14809.310749891654,10745.88093340801,2020-08-06T15:36:56Z,45.39198333,7.64523333,629.00,28.823
17771,3,9914,14810.310749891654,10746.88093340801,2020-08-06T15:36:57Z,45.39191667,7.64523333,634.00,28.817
17772,3,9915,14811.310749891654,10747.88093340801,2020-08-06T15:36:58Z,45.39183333,7.64521667,632.00,28.809
17773,3,9916,14812.310749891654,10748.88093340801,2020-08-06T15:36:59Z,45.39176667,7.64520000,631.00,28.802
17774,3,9917,14813.310749891654,10749.88093340801,2020-08-06T15:37:00Z,45.39170000,7.64520000,629.00,28.796
17775,3,9918,14814.310749891654,10750.88093340801,2020-08-06T15:37:01Z,45.39163333,7.64520000,625.00,28.79
17776,3,9919,14815.310749891654,10751.88093340801,2020-08-06T15:37:02Z,45.39155000,7.64518333,621.00,28.782
17777,3,9920,14816.310749891654,10752.88093340801,2020-08-06T15:37:03Z,45.39146667,7.64515000,618.00,28.773
17778,3,9921,14817.310749891654,10753.88093340801,2020-08-06T15:37:04Z,45.39140000,7.64510000,621.00,28.764
17779,3,9922,14818.310749891654,10754.88093340801,2020-08-06T15:37:05Z,45.39131667,7.64503333,620.00,28.754
17780,3,9923,14819.310749891654,10755.88093340801,2020-08-06T15:37:06Z,45.39126667,7.64493333,617.00,28.745
17781,3,9924,14820.310749891654,10756.88093340801,2020-08-06T15:37:07Z,45.39123333,7.64483333,615.00,28.737
17782,3,9925,14821.310749891654,10757.88093340801,2020-08-06T15:37:08Z,45.39123333,7.64470000,611.00,28.731
17783,3,9926,14822.310749891654,10758.88093340801,2020-08-06T15:37:09Z,45.39125000,7.64455000,612.00,28.726
17784,3,9927,14823.310749891654,10759.88093340801,2020-08-06T15:37:10Z,45.39128333,7.64441667,609.00,28.723
17785,3,9928,14824.310749891654,10760.88093340801,2020-08-06T15:37:11Z,45.39133333,7.64431667,603.00,28.723
17786,3,9929,14825.310749891654,10761.88093340801,2020-08-06T15:37:12Z,45.39138333,7.64425000,610.00,28.725
17787,3,9930,14826.310749891654,10762.88093340801,2020-08-06T15:37:13Z,45.39143333,7.64418333,618.00,28.726
17788,3,9931,14827.310749891654,10763.88093340801,2020-08-06T15:37:14Z,45.39150000,7.64410000,610.00,28.728
17789,3,9932,14828.310749891654,10764.88093340801,2020-08-06T15:37:15Z,45.39158333,7.64401667,607.00,28.732
17790,3,9933,14829.310749891654,10765.88093340801,2020-08-06T15:37:16Z,45.39165000,7.64395000,612.00,28.735
17791,3,9934,14830.310749891654,10766.88093340801,2020-08-06T15:37:17Z,45.39173333,7.64386667,597.00,28.739
17792,3,9935,14831.310749891654,10767.88093340801,2020-08-06T15:37:18Z,45.39181667,7.64380000,597.00,28.744
17793,3,9936,14832.310749891654,10768.88093340801,2020-08-06T15:37:19Z,45.39190000,7.64371667,602.00,28.748
17794,3,9937,14833.310749891654,10769.88093340801,2020-08-06T15:37:20Z,45.39196667,7.64363333,598.00,28.75
17795,3,9938,14834.310749891654,10770.88093340801,2020-08-06T15:37:21Z,45.39203333,7.64355000,602.00,28.753
17796,3,9939,14835.310749891654,10771.88093340801,2020-08-06T15:37:22Z,45.39208333,7.64348333,602.00,28.754
17797,3,9940,14836.310749891654,10772.88093340801,2020-08-06T15:37:23Z,45.39213333,7.64340000,603.00,28.755
17798,3,9941,14837.310749891654,10773.88093340801,2020-08-06T15:37:24Z,45.39220000,7.64331667,590.00,28.758
17799,3,9942,14838.310749891654,10774.88093340801,2020-08-06T15:37:25Z,45.39225000,7.64323333,598.00,28.758
17800,3,9943,14839.310749891654,10775.88093340801,2020-08-06T15:37:26Z,45.39231667,7.64315000,590.00,28.761
17801,3,9944,14840.310749891654,10776.88093340801,2020-08-06T15:37:27Z,45.39238333,7.64306667,594.00,28.763
17802,3,9945,14841.310749891654,10777.88093340801,2020-08-06T15:37:28Z,45.39246667,7.64298333,589.00,28.767
17803,3,9946,14842.310749891654,10778.88093340801,2020-08-06T15:37:29Z,45.39253333,7.64290000,589.00,28.77
17804,3,9947,14843.310749891654,10779.88093340801,2020-08-06T15:37:30Z,45.39260000,7.64280000,589.00,28.772
17805,3,9948,14844.310749891654,10780.88093340801,2020-08-06T15:37:31Z,45.39266667,7.64271667,586.00,28.774
17806,3,9949,14845.310749891654,10781.88093340801,2020-08-06T15:37:32Z,45.39273333,7.64265000,583.00,28.777
17807,3,9950,14846.310749891654,10782.88093340801,2020-08-06T15:37:33Z,45.39280000,7.64255000,578.00,28.779
17808,3,9951,14847.310749891654,10783.88093340801,2020-08-06T15:37:34Z,45.39286667,7.64245000,584.00,28.781
17809,3,9952,14848.310749891654,10784.88093340801,2020-08-06T15:37:35Z,45.39293333,7.64235000,582.00,28.783
17810,3,9953,14849.310749891654,10785.88093340801,2020-08-06T15:37:36Z,45.39301667,7.64225000,564.00,28.786
17811,3,9954,14850.310749891654,10786.88093340801,2020-08-06T15:37:37Z,45.39308333,7.64218333,580.00,28.79
17812,3,9955,14851.310749891654,10787.88093340801,2020-08-06T15:37:38Z,45.39316667,7.64211667,571.00,28.794
17813,3,9956,14852.310749891654,10788.88093340801,2020-08-06T15:37:39Z,45.39326667,7.64203333,574.00,28.8
17814,3,9957,14853.310749891654,10789.88093340801,2020-08-06T15:37:40Z,45.39335000,7.64196667,578.00,28.805
17815,3,9958,14854.310749891654,10790.88093340801,2020-08-06T15:37:41Z,45.39343333,7.64188333,570.00,28.809
17816,3,9959,14855.310749891654,10791.88093340801,2020-08-06T15:37:42Z,45.39351667,7.64181667,576.00,28.814
17817,3,9960,14856.310749891654,10792.88093340801,2020-08-06T15:37:43Z,45.39360000,7.64176667,574.00,28.82
17818,3,9961,14857.310749891654,10793.88093340801,2020-08-06T15:37:44Z,45.39368333,7.64171667,568.00,28.825
17819,3,9962,14858.310749891654,10794.88093340801,2020-08-06T15:37:45Z,45.39376667,7.64168333,567.00,28.831
17820,3,9963,14859.310749891654,10795.88093340801,2020-08-06T15:37:46Z,45.39386667,7.64163333,566.00,28.839
17821,3,9964,14860.310749891654,10796.88093340801,2020-08-06T15:37:47Z,45.39395000,7.64158333,574.00,28.844
17822,3,9965,14861.310749891654,10797.88093340801,2020-08-06T15:37:48Z,45.39405000,7.64153333,570.00,28.851
17823,3,9966,14862.310749891654,10798.88093340801,2020-08-06T15:37:49Z,45.39413333,7.64148333,570.00,28.857
17824,3,9967,14863.310749891654,10799.88093340801,2020-08-06T15:37:50Z,45.39421667,7.64145000,569.00,28.863
17825,3,9968,14864.310749891654,10800.88093340801,2020-08-06T15:37:51Z,45.39430000,7.64140000,561.00,28.868
17826,3,9969,14865.310749891654,10801.88093340801,2020-08-06T15:37:52Z,45.39436667,7.64133333,568.00,28.871
17827,3,9970,14866.310749891654,10802.88093340801,2020-08-06T15:37:53Z,45.39445000,7.64130000,570.00,28.877
17828,3,9971,14867.310749891654,10803.88093340801,2020-08-06T15:37:54Z,45.39451667,7.64126667,578.00,28.882
17829,3,9972,14868.310749891654,10804.88093340801,2020-08-06T15:37:55Z,45.39463333,7.64128333,567.00,28.893
17830,3,9973,14869.310749891654,10805.88093340801,2020-08-06T15:37:56Z,45.39471667,7.64131667,577.00,28.902
17831,3,9974,14870.310749891654,10806.88093340801,2020-08-06T15:37:57Z,45.39480000,7.64138333,565.00,28.913
17832,3,9975,14871.310749891654,10807.88093340801,2020-08-06T15:37:58Z,45.39486667,7.64146667,568.00,28.923
17833,3,9976,14872.310749891654,10808.88093340801,2020-08-06T15:37:59Z,45.39493333,7.64156667,568.00,28.933
17834,3,9977,14873.310749891654,10809.88093340801,2020-08-06T15:38:00Z,45.39498333,7.64168333,574.00,28.943
17835,3,9978,14874.310749891654,10810.88093340801,2020-08-06T15:38:01Z,45.39501667,7.64180000,567.00,28.951
17836,3,9979,14875.310749891654,10811.88093340801,2020-08-06T15:38:02Z,45.39505000,7.64191667,567.00,28.96
17837,3,9980,14876.310749891654,10812.88093340801,2020-08-06T15:38:03Z,45.39506667,7.64205000,562.00,28.967
17838,3,9981,14877.310749891654,10813.88093340801,2020-08-06T15:38:04Z,45.39508333,7.64220000,561.00,28.975
17839,3,9982,14878.310749891654,10814.88093340801,2020-08-06T15:38:05Z,45.39508333,7.64233333,558.00,28.981
17840,3,9983,14879.310749891654,10815.88093340801,2020-08-06T15:38:06Z,45.39506667,7.64246667,562.00,28.986
17841,3,9984,14880.310749891654,10816.88093340801,2020-08-06T15:38:07Z,45.39505000,7.64258333,567.00,28.989
17842,3,9985,14881.310749891654,10817.88093340801,2020-08-06T15:38:08Z,45.39501667,7.64268333,563.00,28.991
17843,3,9986,14882.310749891654,10818.88093340801,2020-08-06T15:38:09Z,45.39498333,7.64278333,560.00,28.992
17844,3,9987,14883.310749891654,10819.88093340801,2020-08-06T15:38:10Z,45.39493333,7.64286667,564.00,28.991
17845,3,9988,14884.310749891654,10820.88093340801,2020-08-06T15:38:11Z,45.39486667,7.64293333,558.00,28.987
17846,3,9989,14885.310749891654,10821.88093340801,2020-08-06T15:38:12Z,45.39478333,7.64295000,559.00,28.98
17847,3,9990,14886.310749891654,10822.88093340801,2020-08-06T15:38:13Z,45.39470000,7.64293333,568.00,28.972
17848,3,9991,14887.310749891654,10823.88093340801,2020-08-06T15:38:14Z,45.39461667,7.64290000,562.00,28.963
17849,3,9992,14888.310749891654,10824.88093340801,2020-08-06T15:38:15Z,45.39455000,7.64281667,563.00,28.953
17850,3,9993,14889.310749891654,10825.88093340801,2020-08-06T15:38:16Z,45.39450000,7.64273333,566.00,28.945
17851,3,9994,14890.310749891654,10826.88093340801,2020-08-06T15:38:17Z,45.39446667,7.64263333,560.00,28.937
17852,3,9995,14891.310749891654,10827.88093340801,2020-08-06T15:38:18Z,45.39445000,7.64251667,567.00,28.931
17853,3,9996,14892.310749891654,10828.88093340801,2020-08-06T15:38:19Z,45.39445000,7.64238333,564.00,28.925
17854,3,9997,14893.310749891654,10829.88093340801,2020-08-06T15:38:20Z,45.39448333,7.64226667,565.00,28.923
17855,3,9998,14894.310749891654,10830.88093340801,2020-08-06T15:38:21Z,45.39451667,7.64216667,561.00,28.922
17856,3,9999,14895.310749891654,10831.88093340801,2020-08-06T15:38:22Z,45.39456667,7.64208333,571.00,28.923
17857,3,10000,14896.310749891654,10832.88093340801,2020-08-06T15:38:23Z,45.39461667,7.64201667,561.00,28.925
17858,3,10001,14897.310749891654,10833.88093340801,2020-08-06T15:38:24Z,45.39470000,7.64196667,565.00,28.93
17859,3,10002,14898.310749891654,10834.88093340801,2020-08-06T15:38:25Z,45.39480000,7.64193333,561.00,28.937
17860,3,10003,14899.310749891654,10835.88093340801,2020-08-06T15:38:26Z,45.39490000,7.64193333,556.00,28.947
17861,3,10004,14900.310749891654,10836.88093340801,2020-08-06T15:38:27Z,45.39498333,7.64196667,556.00,28.956
17862,3,10005,14901.310749891654,10837.88093340801,2020-08-06T15:38:28Z,45.39506667,7.64203333,561.00,28.966
17863,3,10006,14902.310749891654,10838.88093340801,2020-08-06T15:38:29Z,45.39513333,7.64211667,559.00,28.976
17864,3,10007,14903.310749891654,10839.88093340801,2020-08-06T15:38:30Z,45.39518333,7.64221667,555.00,28.985
17865,3,10008,14904.310749891654,10840.88093340801,2020-08-06T15:38:31Z,45.39521667,7.64233333,554.00,28.993
17866,3,10009,14905.310749891654,10841.88093340801,2020-08-06T15:38:32Z,45.39521667,7.64246667,546.00,28.999
17867,3,10010,14906.310749891654,10842.88093340801,2020-08-06T15:38:33Z,45.39520000,7.64258333,558.00,29.003
17868,3,10011,14907.310749891654,10843.88093340801,2020-08-06T15:38:34Z,45.39518333,7.64271667,558.00,29.008
17869,3,10012,14908.310749891654,10844.88093340801,2020-08-06T15:38:35Z,45.39516667,7.64283333,557.00,29.011
17870,3,10013,14909.310749891654,10845.88093340801,2020-08-06T15:38:36Z,45.39515000,7.64296667,551.00,29.015
17871,3,10014,14910.310749891654,10846.88093340801,2020-08-06T15:38:37Z,45.39513333,7.64308333,555.00,29.018
17872,3,10015,14911.310749891654,10847.88093340801,2020-08-06T15:38:38Z,45.39510000,7.64320000,565.00,29.02
17873,3,10016,14912.310749891654,10848.88093340801,2020-08-06T15:38:39Z,45.39508333,7.64330000,557.00,29.023
17874,3,10017,14913.310749891654,10849.88093340801,2020-08-06T15:38:40Z,45.39505000,7.64340000,549.00,29.024
17875,3,10018,14914.310749891654,10850.88093340801,2020-08-06T15:38:41Z,45.39503333,7.64350000,561.00,29.027
17876,3,10019,14915.310749891654,10851.88093340801,2020-08-06T15:38:42Z,45.39503333,7.64360000,559.00,29.031
17877,3,10020,14916.310749891654,10852.88093340801,2020-08-06T15:38:43Z,45.39501667,7.64368333,573.00,29.033
17878,3,10021,14917.310749891654,10853.88093340801,2020-08-06T15:38:44Z,45.39500000,7.64376667,550.00,29.035
17879,3,10022,14918.310749891654,10854.88093340801,2020-08-06T15:38:45Z,45.39496667,7.64385000,549.00,29.036
17880,3,10023,14919.310749891654,10855.88093340801,2020-08-06T15:38:46Z,45.39493333,7.64393333,542.00,29.036
17881,3,10024,14920.310749891654,10856.88093340801,2020-08-06T15:38:47Z,45.39488333,7.64401667,572.00,29.035
17882,3,10025,14921.310749891654,10857.88093340801,2020-08-06T15:38:48Z,45.39480000,7.64408333,558.00,29.031
17883,3,10026,14922.310749891654,10858.88093340801,2020-08-06T15:38:49Z,45.39471667,7.64410000,556.00,29.024
17884,3,10027,14923.310749891654,10859.88093340801,2020-08-06T15:38:50Z,45.39465000,7.64405000,561.00,29.015
17885,3,10028,14924.310749891654,10860.88093340801,2020-08-06T15:38:51Z,45.39461667,7.64393333,556.00,29.007
17886,3,10029,14925.310749891654,10861.88093340801,2020-08-06T15:38:52Z,45.39460000,7.64378333,559.00,28.999
17887,3,10030,14926.310749891654,10862.88093340801,2020-08-06T15:38:53Z,45.39463333,7.64365000,568.00,28.996
17888,3,10031,14927.310749891654,10863.88093340801,2020-08-06T15:38:54Z,45.39468333,7.64356667,568.00,28.997
17889,3,10032,14928.310749891654,10864.88093340801,2020-08-06T15:38:55Z,45.39475000,7.64348333,568.00,29.0
17890,3,10033,14929.310749891654,10865.88093340801,2020-08-06T15:38:56Z,45.39483333,7.64343333,567.00,29.006
17891,3,10034,14930.310749891654,10866.88093340801,2020-08-06T15:38:57Z,45.39493333,7.64341667,563.00,29.014
17892,3,10035,14931.310749891654,10867.88093340801,2020-08-06T15:38:58Z,45.39501667,7.64343333,565.00,29.023
17893,3,10036,14932.310749891654,10868.88093340801,2020-08-06T15:38:59Z,45.39508333,7.64350000,567.00,29.032
17894,3,10037,14933.310749891654,10869.88093340801,2020-08-06T15:39:00Z,45.39513333,7.64361667,560.00,29.041
17895,3,10038,14934.310749891654,10870.88093340801,2020-08-06T15:39:01Z,45.39513333,7.64375000,566.00,29.047
17896,3,10039,14935.310749891654,10871.88093340801,2020-08-06T15:39:02Z,45.39511667,7.64386667,562.00,29.051
17897,3,10040,14936.310749891654,10872.88093340801,2020-08-06T15:39:03Z,45.39508333,7.64395000,571.00,29.051
17898,3,10041,14937.310749891654,10873.88093340801,2020-08-06T15:39:04Z,45.39503333,7.64401667,562.00,29.049
17899,3,10042,14938.310749891654,10874.88093340801,2020-08-06T15:39:05Z,45.39495000,7.64406667,575.00,29.044
17900,3,10043,14939.310749891654,10875.88093340801,2020-08-06T15:39:06Z,45.39488333,7.64408333,569.00,29.038
17901,3,10044,14940.310749891654,10876.88093340801,2020-08-06T15:39:07Z,45.39480000,7.64408333,571.00,29.031
17902,3,10045,14941.310749891654,10877.88093340801,2020-08-06T15:39:08Z,45.39473333,7.64403333,575.00,29.022
17903,3,10046,14942.310749891654,10878.88093340801,2020-08-06T15:39:09Z,45.39466667,7.64395000,574.00,29.013
17904,3,10047,14943.310749891654,10879.88093340801,2020-08-06T15:39:10Z,45.39461667,7.64381667,578.00,29.002
17905,3,10048,14944.310749891654,10880.88093340801,2020-08-06T15:39:11Z,45.39458333,7.64370000,566.00,28.994
17906,3,10049,14945.310749891654,10881.88093340801,2020-08-06T15:39:12Z,45.39456667,7.64358333,570.00,28.987
17907,3,10050,14946.310749891654,10882.88093340801,2020-08-06T15:39:13Z,45.39458333,7.64346667,577.00,28.984
17908,3,10051,14947.310749891654,10883.88093340801,2020-08-06T15:39:14Z,45.39461667,7.64333333,574.00,28.981
17909,3,10052,14948.310749891654,10884.88093340801,2020-08-06T15:39:15Z,45.39465000,7.64321667,575.00,28.979
17910,3,10053,14949.310749891654,10885.88093340801,2020-08-06T15:39:16Z,45.39470000,7.64310000,577.00,28.979
17911,3,10054,14950.310749891654,10886.88093340801,2020-08-06T15:39:17Z,45.39476667,7.64300000,566.00,28.981
17912,3,10055,14951.310749891654,10887.88093340801,2020-08-06T15:39:18Z,45.39486667,7.64293333,582.00,28.987
17913,3,10056,14952.310749891654,10888.88093340801,2020-08-06T15:39:19Z,45.39495000,7.64290000,574.00,28.994
17914,3,10057,14953.310749891654,10889.88093340801,2020-08-06T15:39:20Z,45.39505000,7.64291667,572.00,29.004
17915,3,10058,14954.310749891654,10890.88093340801,2020-08-06T15:39:21Z,45.39513333,7.64296667,579.00,29.014
17916,3,10059,14955.310749891654,10891.88093340801,2020-08-06T15:39:22Z,45.39520000,7.64303333,572.00,29.023
17917,3,10060,14956.310749891654,10892.88093340801,2020-08-06T15:39:23Z,45.39523333,7.64311667,563.00,29.029
17918,3,10061,14957.310749891654,10893.88093340801,2020-08-06T15:39:24Z,45.39523333,7.64323333,577.00,29.034
17919,3,10062,14958.310749891654,10894.88093340801,2020-08-06T15:39:25Z,45.39523333,7.64336667,576.00,29.04
17920,3,10063,14959.310749891654,10895.88093340801,2020-08-06T15:39:26Z,45.39521667,7.64350000,577.00,29.044
17921,3,10064,14960.310749891654,10896.88093340801,2020-08-06T15:39:27Z,45.39520000,7.64363333,583.00,29.048
17922,3,10065,14961.310749891654,10897.88093340801,2020-08-06T15:39:28Z,45.39518333,7.64375000,568.00,29.052
17923,3,10066,14962.310749891654,10898.88093340801,2020-08-06T15:39:29Z,45.39516667,7.64388333,579.00,29.056
17924,3,10067,14963.310749891654,10899.88093340801,2020-08-06T15:39:30Z,45.39513333,7.64398333,571.00,29.057
17925,3,10068,14964.310749891654,10900.88093340801,2020-08-06T15:39:31Z,45.39510000,7.64408333,572.00,29.058
17926,3,10069,14965.310749891654,10901.88093340801,2020-08-06T15:39:32Z,45.39503333,7.64415000,572.00,29.055
17927,3,10070,14966.310749891654,10902.88093340801,2020-08-06T15:39:33Z,45.39496667,7.64418333,578.00,29.05
17928,3,10071,14967.310749891654,10903.88093340801,2020-08-06T15:39:34Z,45.39490000,7.64420000,588.00,29.045
17929,3,10072,14968.310749891654,10904.88093340801,2020-08-06T15:39:35Z,45.39481667,7.64416667,585.00,29.036
17930,3,10073,14969.310749891654,10905.88093340801,2020-08-06T15:39:36Z,45.39475000,7.64410000,583.00,29.027
17931,3,10074,14970.310749891654,10906.88093340801,2020-08-06T15:39:37Z,45.39470000,7.64401667,580.00,29.018
17932,3,10075,14971.310749891654,10907.88093340801,2020-08-06T15:39:38Z,45.39470000,7.64390000,587.00,29.013
17933,3,10076,14972.310749891654,10908.88093340801,2020-08-06T15:39:39Z,45.39471667,7.64376667,586.00,29.009
17934,3,10077,14973.310749891654,10909.88093340801,2020-08-06T15:39:40Z,45.39476667,7.64365000,586.00,29.009
17935,3,10078,14974.310749891654,10910.88093340801,2020-08-06T15:39:41Z,45.39481667,7.64355000,584.00,29.009
17936,3,10079,14975.310749891654,10911.88093340801,2020-08-06T15:39:42Z,45.39490000,7.64348333,578.00,29.014
17937,3,10080,14976.310749891654,10912.88093340801,2020-08-06T15:39:43Z,45.39498333,7.64343333,586.00,29.02
17938,3,10081,14977.310749891654,10913.88093340801,2020-08-06T15:39:44Z,45.39506667,7.64343333,592.00,29.027
17939,3,10082,14978.310749891654,10914.88093340801,2020-08-06T15:39:45Z,45.39515000,7.64346667,572.00,29.036
17940,3,10083,14979.310749891654,10915.88093340801,2020-08-06T15:39:46Z,45.39521667,7.64353333,587.00,29.046
17941,3,10084,14980.310749891654,10916.88093340801,2020-08-06T15:39:47Z,45.39526667,7.64363333,584.00,29.054
17942,3,10085,14981.310749891654,10917.88093340801,2020-08-06T15:39:48Z,45.39531667,7.64376667,589.00,29.065
17943,3,10086,14982.310749891654,10918.88093340801,2020-08-06T15:39:49Z,45.39535000,7.64388333,583.00,29.073
17944,3,10087,14983.310749891654,10919.88093340801,2020-08-06T15:39:50Z,45.39538333,7.64400000,594.00,29.081
17945,3,10088,14984.310749891654,10920.88093340801,2020-08-06T15:39:51Z,45.39541667,7.64413333,586.00,29.09
17946,3,10089,14985.310749891654,10921.88093340801,2020-08-06T15:39:52Z,45.39543333,7.64425000,588.00,29.096
17947,3,10090,14986.310749891654,10922.88093340801,2020-08-06T15:39:53Z,45.39545000,7.64436667,580.00,29.103
17948,3,10091,14987.310749891654,10923.88093340801,2020-08-06T15:39:54Z,45.39543333,7.64448333,591.00,29.107
17949,3,10092,14988.310749891654,10924.88093340801,2020-08-06T15:39:55Z,45.39540000,7.64460000,577.00,29.109
17950,3,10093,14989.310749891654,10925.88093340801,2020-08-06T15:39:56Z,45.39535000,7.64470000,599.00,29.108
17951,3,10094,14990.310749891654,10926.88093340801,2020-08-06T15:39:57Z,45.39528333,7.64476667,591.00,29.105
17952,3,10095,14991.310749891654,10927.88093340801,2020-08-06T15:39:58Z,45.39518333,7.64480000,593.00,29.097
17953,3,10096,14992.310749891654,10928.88093340801,2020-08-06T15:39:59Z,45.39510000,7.64478333,585.00,29.089
17954,3,10097,14993.310749891654,10929.88093340801,2020-08-06T15:40:00Z,45.39501667,7.64473333,597.00,29.079
17955,3,10098,14994.310749891654,10930.88093340801,2020-08-06T15:40:01Z,45.39495000,7.64465000,596.00,29.069
17956,3,10099,14995.310749891654,10931.88093340801,2020-08-06T15:40:02Z,45.39491667,7.64455000,584.00,29.062
17957,3,10100,14996.310749891654,10932.88093340801,2020-08-06T15:40:03Z,45.39490000,7.64443333,593.00,29.055
17958,3,10101,14997.310749891654,10933.88093340801,2020-08-06T15:40:04Z,45.39493333,7.64431667,593.00,29.053
17959,3,10102,14998.310749891654,10934.88093340801,2020-08-06T15:40:05Z,45.39496667,7.64420000,595.00,29.051
17960,3,10103,14999.310749891654,10935.88093340801,2020-08-06T15:40:06Z,45.39501667,7.64411667,595.00,29.052
17961,3,10104,15000.310749891654,10936.88093340801,2020-08-06T15:40:07Z,45.39510000,7.64405000,585.00,29.057
17962,3,10105,15001.310749891654,10937.88093340801,2020-08-06T15:40:08Z,45.39518333,7.64401667,592.00,29.063
17963,3,10106,15002.310749891654,10938.88093340801,2020-08-06T15:40:09Z,45.39528333,7.64401667,593.00,29.072
17964,3,10107,15003.310749891654,10939.88093340801,2020-08-06T15:40:10Z,45.39536667,7.64403333,597.00,29.081
17965,3,10108,15004.310749891654,10940.88093340801,2020-08-06T15:40:11Z,45.39543333,7.64408333,598.00,29.089
17966,3,10109,15005.310749891654,10941.88093340801,2020-08-06T15:40:12Z,45.39548333,7.64415000,595.00,29.097
17967,3,10110,15006.310749891654,10942.88093340801,2020-08-06T15:40:13Z,45.39553333,7.64426667,586.00,29.106
17968,3,10111,15007.310749891654,10943.88093340801,2020-08-06T15:40:14Z,45.39555000,7.64438333,595.00,29.113
17969,3,10112,15008.310749891654,10944.88093340801,2020-08-06T15:40:15Z,45.39558333,7.64448333,597.00,29.12
17970,3,10113,15009.310749891654,10945.88093340801,2020-08-06T15:40:16Z,45.39558333,7.64458333,597.00,29.125
17971,3,10114,15010.310749891654,10946.88093340801,2020-08-06T15:40:17Z,45.39555000,7.64468333,583.00,29.126
17972,3,10115,15011.310749891654,10947.88093340801,2020-08-06T15:40:18Z,45.39550000,7.64475000,593.00,29.124
17973,3,10116,15012.310749891654,10948.88093340801,2020-08-06T15:40:19Z,45.39543333,7.64483333,590.00,29.122
17974,3,10117,15013.310749891654,10949.88093340801,2020-08-06T15:40:20Z,45.39535000,7.64490000,589.00,29.117
17975,3,10118,15014.310749891654,10950.88093340801,2020-08-06T15:40:21Z,45.39526667,7.64496667,595.00,29.112
17976,3,10119,15015.310749891654,10951.88093340801,2020-08-06T15:40:22Z,45.39518333,7.64501667,587.00,29.107
17977,3,10120,15016.310749891654,10952.88093340801,2020-08-06T15:40:23Z,45.39510000,7.64505000,590.00,29.1
17978,3,10121,15017.310749891654,10953.88093340801,2020-08-06T15:40:24Z,45.39503333,7.64506667,593.00,29.095
17979,3,10122,15018.310749891654,10954.88093340801,2020-08-06T15:40:25Z,45.39496667,7.64505000,587.00,29.088
17980,3,10123,15019.310749891654,10955.88093340801,2020-08-06T15:40:26Z,45.39488333,7.64498333,589.00,29.077
17981,3,10124,15020.310749891654,10956.88093340801,2020-08-06T15:40:27Z,45.39481667,7.64491667,580.00,29.068
17982,3,10125,15021.310749891654,10957.88093340801,2020-08-06T15:40:28Z,45.39476667,7.64481667,592.00,29.059
17983,3,10126,15022.310749891654,10958.88093340801,2020-08-06T15:40:29Z,45.39475000,7.64471667,586.00,29.054
17984,3,10127,15023.310749891654,10959.88093340801,2020-08-06T15:40:30Z,45.39473333,7.64458333,583.00,29.046
17985,3,10128,15024.310749891654,10960.88093340801,2020-08-06T15:40:31Z,45.39475000,7.64443333,589.00,29.041
17986,3,10129,15025.310749891654,10961.88093340801,2020-08-06T15:40:32Z,45.39478333,7.64430000,590.00,29.038
17987,3,10130,15026.310749891654,10962.88093340801,2020-08-06T15:40:33Z,45.39481667,7.64418333,580.00,29.036
17988,3,10131,15027.310749891654,10963.88093340801,2020-08-06T15:40:34Z,45.39488333,7.64408333,588.00,29.038
17989,3,10132,15028.310749891654,10964.88093340801,2020-08-06T15:40:35Z,45.39495000,7.64398333,592.00,29.04
17990,3,10133,15029.310749891654,10965.88093340801,2020-08-06T15:40:36Z,45.39503333,7.64391667,581.00,29.045
17991,3,10134,15030.310749891654,10966.88093340801,2020-08-06T15:40:37Z,45.39511667,7.64388333,584.00,29.051
17992,3,10135,15031.310749891654,10967.88093340801,2020-08-06T15:40:38Z,45.39518333,7.64388333,593.00,29.057
17993,3,10136,15032.310749891654,10968.88093340801,2020-08-06T15:40:39Z,45.39526667,7.64390000,587.00,29.066
17994,3,10137,15033.310749891654,10969.88093340801,2020-08-06T15:40:40Z,45.39535000,7.64396667,587.00,29.077
17995,3,10138,15034.310749891654,10970.88093340801,2020-08-06T15:40:41Z,45.39541667,7.64406667,585.00,29.087
17996,3,10139,15035.310749891654,10971.88093340801,2020-08-06T15:40:42Z,45.39545000,7.64416667,594.00,29.094
17997,3,10140,15036.310749891654,10972.88093340801,2020-08-06T15:40:43Z,45.39545000,7.64426667,578.00,29.099
17998,3,10141,15037.310749891654,10973.88093340801,2020-08-06T15:40:44Z,45.39545000,7.64436667,591.00,29.103
17999,3,10142,15038.310749891654,10974.88093340801,2020-08-06T15:40:45Z,45.39540000,7.64443333,586.00,29.101
18000,3,10143,15039.310749891654,10975.88093340801,2020-08-06T15:40:46Z,45.39533333,7.64451667,580.00,29.099
18001,3,10144,15040.310749891654,10976.88093340801,2020-08-06T15:40:47Z,45.39526667,7.64456667,582.00,29.095
18002,3,10145,15041.310749891654,10977.88093340801,2020-08-06T15:40:48Z,45.39518333,7.64461667,587.00,29.089
18003,3,10146,15042.310749891654,10978.88093340801,2020-08-06T15:40:49Z,45.39511667,7.64465000,579.00,29.084
18004,3,10147,15043.310749891654,10979.88093340801,2020-08-06T15:40:50Z,45.39501667,7.64466667,580.00,29.076
18005,3,10148,15044.310749891654,10980.88093340801,2020-08-06T15:40:51Z,45.39493333,7.64466667,574.00,29.068
18006,3,10149,15045.310749891654,10981.88093340801,2020-08-06T15:40:52Z,45.39485000,7.64463333,576.00,29.059
18007,3,10150,15046.310749891654,10982.88093340801,2020-08-06T15:40:53Z,45.39476667,7.64458333,577.00,29.049
18008,3,10151,15047.310749891654,10983.88093340801,2020-08-06T15:40:54Z,45.39468333,7.64451667,581.00,29.039
18009,3,10152,15048.310749891654,10984.88093340801,2020-08-06T15:40:55Z,45.39461667,7.64443333,577.00,29.029
18010,3,10153,15049.310749891654,10985.88093340801,2020-08-06T15:40:56Z,45.39455000,7.64435000,579.00,29.019
18011,3,10154,15050.310749891654,10986.88093340801,2020-08-06T15:40:57Z,45.39451667,7.64425000,579.00,29.012
18012,3,10155,15051.310749891654,10987.88093340801,2020-08-06T15:40:58Z,45.39450000,7.64413333,575.00,29.005
18013,3,10156,15052.310749891654,10988.88093340801,2020-08-06T15:40:59Z,45.39451667,7.64401667,582.00,29.002
18014,3,10157,15053.310749891654,10989.88093340801,2020-08-06T15:41:00Z,45.39453333,7.64388333,589.00,28.997
18015,3,10158,15054.310749891654,10990.88093340801,2020-08-06T15:41:01Z,45.39458333,7.64378333,584.00,28.998
18016,3,10159,15055.310749891654,10991.88093340801,2020-08-06T15:41:02Z,45.39463333,7.64368333,582.00,28.998
18017,3,10160,15056.310749891654,10992.88093340801,2020-08-06T15:41:03Z,45.39470000,7.64361667,576.00,29.001
18018,3,10161,15057.310749891654,10993.88093340801,2020-08-06T15:41:04Z,45.39480000,7.64356667,589.00,29.008
18019,3,10162,15058.310749891654,10994.88093340801,2020-08-06T15:41:05Z,45.39490000,7.64355000,586.00,29.017
18020,3,10163,15059.310749891654,10995.88093340801,2020-08-06T15:41:06Z,45.39500000,7.64353333,588.00,29.025
18021,3,10164,15060.310749891654,10996.88093340801,2020-08-06T15:41:07Z,45.39510000,7.64355000,584.00,29.035
18022,3,10165,15061.310749891654,10997.88093340801,2020-08-06T15:41:08Z,45.39518333,7.64361667,585.00,29.046
18023,3,10166,15062.310749891654,10998.88093340801,2020-08-06T15:41:09Z,45.39525000,7.64371667,588.00,29.056
18024,3,10167,15063.310749891654,10999.88093340801,2020-08-06T15:41:10Z,45.39528333,7.64385000,584.00,29.065
18025,3,10168,15064.310749891654,11000.88093340801,2020-08-06T15:41:11Z,45.39530000,7.64398333,594.00,29.073
18026,3,10169,15065.310749891654,11001.88093340801,2020-08-06T15:41:12Z,45.39528333,7.64410000,586.00,29.076
18027,3,10170,15066.310749891654,11002.88093340801,2020-08-06T15:41:13Z,45.39526667,7.64420000,592.00,29.079
18028,3,10171,15067.310749891654,11003.88093340801,2020-08-06T15:41:14Z,45.39525000,7.64430000,585.00,29.082
18029,3,10172,15068.310749891654,11004.88093340801,2020-08-06T15:41:15Z,45.39520000,7.64438333,589.00,29.081
18030,3,10173,15069.310749891654,11005.88093340801,2020-08-06T15:41:16Z,45.39515000,7.64446667,585.00,29.08
18031,3,10174,15070.310749891654,11006.88093340801,2020-08-06T15:41:17Z,45.39506667,7.64453333,580.00,29.075
18032,3,10175,15071.310749891654,11007.88093340801,2020-08-06T15:41:18Z,45.39498333,7.64456667,579.00,29.069
18033,3,10176,15072.310749891654,11008.88093340801,2020-08-06T15:41:19Z,45.39488333,7.64460000,583.00,29.061
18034,3,10177,15073.310749891654,11009.88093340801,2020-08-06T15:41:20Z,45.39480000,7.64458333,579.00,29.052
18035,3,10178,15074.310749891654,11010.88093340801,2020-08-06T15:41:21Z,45.39471667,7.64451667,580.00,29.042
18036,3,10179,15075.310749891654,11011.88093340801,2020-08-06T15:41:22Z,45.39465000,7.64445000,581.00,29.033
18037,3,10180,15076.310749891654,11012.88093340801,2020-08-06T15:41:23Z,45.39461667,7.64435000,574.00,29.025
18038,3,10181,15077.310749891654,11013.88093340801,2020-08-06T15:41:24Z,45.39460000,7.64425000,585.00,29.019
18039,3,10182,15078.310749891654,11014.88093340801,2020-08-06T15:41:25Z,45.39460000,7.64413333,583.00,29.014
18040,3,10183,15079.310749891654,11015.88093340801,2020-08-06T15:41:26Z,45.39461667,7.64400000,573.00,29.01
18041,3,10184,15080.310749891654,11016.88093340801,2020-08-06T15:41:27Z,45.39466667,7.64388333,583.00,29.01
18042,3,10185,15081.310749891654,11017.88093340801,2020-08-06T15:41:28Z,45.39471667,7.64380000,578.00,29.011
18043,3,10186,15082.310749891654,11018.88093340801,2020-08-06T15:41:29Z,45.39480000,7.64371667,583.00,29.015
18044,3,10187,15083.310749891654,11019.88093340801,2020-08-06T15:41:30Z,45.39488333,7.64366667,586.00,29.02
18045,3,10188,15084.310749891654,11020.88093340801,2020-08-06T15:41:31Z,45.39500000,7.64363333,582.00,29.03
18046,3,10189,15085.310749891654,11021.88093340801,2020-08-06T15:41:32Z,45.39510000,7.64363333,584.00,29.039
18047,3,10190,15086.310749891654,11022.88093340801,2020-08-06T15:41:33Z,45.39518333,7.64363333,589.00,29.047
18048,3,10191,15087.310749891654,11023.88093340801,2020-08-06T15:41:34Z,45.39526667,7.64366667,588.00,29.056
18049,3,10192,15088.310749891654,11024.88093340801,2020-08-06T15:41:35Z,45.39535000,7.64373333,580.00,29.066
18050,3,10193,15089.310749891654,11025.88093340801,2020-08-06T15:41:36Z,45.39540000,7.64383333,586.00,29.075
18051,3,10194,15090.310749891654,11026.88093340801,2020-08-06T15:41:37Z,45.39541667,7.64393333,589.00,29.081
18052,3,10195,15091.310749891654,11027.88093340801,2020-08-06T15:41:38Z,45.39540000,7.64405000,586.00,29.085
18053,3,10196,15092.310749891654,11028.88093340801,2020-08-06T15:41:39Z,45.39536667,7.64415000,583.00,29.086
18054,3,10197,15093.310749891654,11029.88093340801,2020-08-06T15:41:40Z,45.39533333,7.64425000,583.00,29.087
18055,3,10198,15094.310749891654,11030.88093340801,2020-08-06T15:41:41Z,45.39531667,7.64438333,581.00,29.091
18056,3,10199,15095.310749891654,11031.88093340801,2020-08-06T15:41:42Z,45.39530000,7.64451667,581.00,29.096
18057,3,10200,15096.310749891654,11032.88093340801,2020-08-06T15:41:43Z,45.39530000,7.64463333,583.00,29.101
18058,3,10201,15097.310749891654,11033.88093340801,2020-08-06T15:41:44Z,45.39528333,7.64476667,580.00,29.105
18059,3,10202,15098.310749891654,11034.88093340801,2020-08-06T15:41:45Z,45.39528333,7.64488333,579.00,29.11
18060,3,10203,15099.310749891654,11035.88093340801,2020-08-06T15:41:46Z,45.39526667,7.64500000,583.00,29.114
18061,3,10204,15100.310749891654,11036.88093340801,2020-08-06T15:41:47Z,45.39525000,7.64511667,578.00,29.117
18062,3,10205,15101.310749891654,11037.88093340801,2020-08-06T15:41:48Z,45.39523333,7.64525000,576.00,29.121
18063,3,10206,15102.310749891654,11038.88093340801,2020-08-06T15:41:49Z,45.39521667,7.64538333,573.00,29.126
18064,3,10207,15103.310749891654,11039.88093340801,2020-08-06T15:41:50Z,45.39521667,7.64551667,576.00,29.132
18065,3,10208,15104.310749891654,11040.88093340801,2020-08-06T15:41:51Z,45.39523333,7.64565000,576.00,29.139
18066,3,10209,15105.310749891654,11041.88093340801,2020-08-06T15:41:52Z,45.39525000,7.64578333,575.00,29.146
18067,3,10210,15106.310749891654,11042.88093340801,2020-08-06T15:41:53Z,45.39525000,7.64590000,573.00,29.151
18068,3,10211,15107.310749891654,11043.88093340801,2020-08-06T15:41:54Z,45.39525000,7.64601667,573.00,29.157
18069,3,10212,15108.310749891654,11044.88093340801,2020-08-06T15:41:55Z,45.39523333,7.64615000,573.00,29.161
18070,3,10213,15109.310749891654,11045.88093340801,2020-08-06T15:41:56Z,45.39523333,7.64626667,574.00,29.166
18071,3,10214,15110.310749891654,11046.88093340801,2020-08-06T15:41:57Z,45.39521667,7.64640000,576.00,29.17
18072,3,10215,15111.310749891654,11047.88093340801,2020-08-06T15:41:58Z,45.39521667,7.64651667,574.00,29.176
18073,3,10216,15112.310749891654,11048.88093340801,2020-08-06T15:41:59Z,45.39521667,7.64663333,561.00,29.181
18074,3,10217,15113.310749891654,11049.88093340801,2020-08-06T15:42:00Z,45.39520000,7.64673333,568.00,29.184
18075,3,10218,15114.310749891654,11050.88093340801,2020-08-06T15:42:01Z,45.39516667,7.64685000,572.00,29.186
18076,3,10219,15115.310749891654,11051.88093340801,2020-08-06T15:42:02Z,45.39511667,7.64693333,566.00,29.185
18077,3,10220,15116.310749891654,11052.88093340801,2020-08-06T15:42:03Z,45.39505000,7.64701667,569.00,29.182
18078,3,10221,15117.310749891654,11053.88093340801,2020-08-06T15:42:04Z,45.39498333,7.64706667,558.00,29.179
18079,3,10222,15118.310749891654,11054.88093340801,2020-08-06T15:42:05Z,45.39488333,7.64706667,564.00,29.169
18080,3,10223,15119.310749891654,11055.88093340801,2020-08-06T15:42:06Z,45.39480000,7.64703333,565.00,29.16
18081,3,10224,15120.310749891654,11056.88093340801,2020-08-06T15:42:07Z,45.39473333,7.64695000,558.00,29.151
18082,3,10225,15121.310749891654,11057.88093340801,2020-08-06T15:42:08Z,45.39468333,7.64686667,561.00,29.142
18083,3,10226,15122.310749891654,11058.88093340801,2020-08-06T15:42:09Z,45.39465000,7.64676667,567.00,29.135
18084,3,10227,15123.310749891654,11059.88093340801,2020-08-06T15:42:10Z,45.39463333,7.64661667,554.00,29.127
18085,3,10228,15124.310749891654,11060.88093340801,2020-08-06T15:42:11Z,45.39463333,7.64648333,551.00,29.121
18086,3,10229,15125.310749891654,11061.88093340801,2020-08-06T15:42:12Z,45.39465000,7.64633333,554.00,29.116
18087,3,10230,15126.310749891654,11062.88093340801,2020-08-06T15:42:13Z,45.39465000,7.64616667,555.00,29.108
18088,3,10231,15127.310749891654,11063.88093340801,2020-08-06T15:42:14Z,45.39465000,7.64603333,545.00,29.102
18089,3,10232,15128.310749891654,11064.88093340801,2020-08-06T15:42:15Z,45.39468333,7.64588333,554.00,29.099
18090,3,10233,15129.310749891654,11065.88093340801,2020-08-06T15:42:16Z,45.39471667,7.64573333,549.00,29.095
18091,3,10234,15130.310749891654,11066.88093340801,2020-08-06T15:42:17Z,45.39475000,7.64558333,544.00,29.092
18092,3,10235,15131.310749891654,11067.88093340801,2020-08-06T15:42:18Z,45.39478333,7.64543333,545.00,29.088
18093,3,10236,15132.310749891654,11068.88093340801,2020-08-06T15:42:19Z,45.39481667,7.64528333,545.00,29.084
18094,3,10237,15133.310749891654,11069.88093340801,2020-08-06T15:42:20Z,45.39483333,7.64516667,544.00,29.081
18095,3,10238,15134.310749891654,11070.88093340801,2020-08-06T15:42:21Z,45.39486667,7.64503333,543.00,29.078
18096,3,10239,15135.310749891654,11071.88093340801,2020-08-06T15:42:22Z,45.39488333,7.64490000,542.00,29.074
18097,3,10240,15136.310749891654,11072.88093340801,2020-08-06T15:42:23Z,45.39491667,7.64475000,539.00,29.07
18098,3,10241,15137.310749891654,11073.88093340801,2020-08-06T15:42:24Z,45.39495000,7.64460000,535.00,29.067
18099,3,10242,15138.310749891654,11074.88093340801,2020-08-06T15:42:25Z,45.39496667,7.64445000,538.00,29.062
18100,3,10243,15139.310749891654,11075.88093340801,2020-08-06T15:42:26Z,45.39500000,7.64430000,539.00,29.059
18101,3,10244,15140.310749891654,11076.88093340801,2020-08-06T15:42:27Z,45.39501667,7.64416667,528.00,29.054
18102,3,10245,15141.310749891654,11077.88093340801,2020-08-06T15:42:28Z,45.39503333,7.64401667,541.00,29.049
18103,3,10246,15142.310749891654,11078.88093340801,2020-08-06T15:42:29Z,45.39503333,7.64386667,534.00,29.043
18104,3,10247,15143.310749891654,11079.88093340801,2020-08-06T15:42:30Z,45.39505000,7.64373333,536.00,29.039
18105,3,10248,15144.310749891654,11080.88093340801,2020-08-06T15:42:31Z,45.39506667,7.64356667,534.00,29.033
18106,3,10249,15145.310749891654,11081.88093340801,2020-08-06T15:42:32Z,45.39508333,7.64341667,536.00,29.028
18107,3,10250,15146.310749891654,11082.88093340801,2020-08-06T15:42:33Z,45.39510000,7.64326667,532.00,29.023
18108,3,10251,15147.310749891654,11083.88093340801,2020-08-06T15:42:34Z,45.39513333,7.64311667,534.00,29.02
18109,3,10252,15148.310749891654,11084.88093340801,2020-08-06T15:42:35Z,45.39518333,7.64298333,533.00,29.019
18110,3,10253,15149.310749891654,11085.88093340801,2020-08-06T15:42:36Z,45.39521667,7.64286667,535.00,29.017
18111,3,10254,15150.310749891654,11086.88093340801,2020-08-06T15:42:37Z,45.39525000,7.64273333,534.00,29.014
18112,3,10255,15151.310749891654,11087.88093340801,2020-08-06T15:42:38Z,45.39528333,7.64260000,530.00,29.011
18113,3,10256,15152.310749891654,11088.88093340801,2020-08-06T15:42:39Z,45.39533333,7.64245000,530.00,29.009
18114,3,10257,15153.310749891654,11089.88093340801,2020-08-06T15:42:40Z,45.39536667,7.64230000,530.00,29.006
18115,3,10258,15154.310749891654,11090.88093340801,2020-08-06T15:42:41Z,45.39540000,7.64215000,526.00,29.002
18116,3,10259,15155.310749891654,11091.88093340801,2020-08-06T15:42:42Z,45.39541667,7.64201667,532.00,28.997
18117,3,10260,15156.310749891654,11092.88093340801,2020-08-06T15:42:43Z,45.39543333,7.64188333,530.00,28.993
18118,3,10261,15157.310749891654,11093.88093340801,2020-08-06T15:42:44Z,45.39545000,7.64175000,531.00,28.989
18119,3,10262,15158.310749891654,11094.88093340801,2020-08-06T15:42:45Z,45.39546667,7.64161667,535.00,28.984
18120,3,10263,15159.310749891654,11095.88093340801,2020-08-06T15:42:46Z,45.39548333,7.64150000,534.00,28.981
18121,3,10264,15160.310749891654,11096.88093340801,2020-08-06T15:42:47Z,45.39548333,7.64138333,541.00,28.975
18122,3,10265,15161.310749891654,11097.88093340801,2020-08-06T15:42:48Z,45.39546667,7.64126667,537.00,28.969
18123,3,10266,15162.310749891654,11098.88093340801,2020-08-06T15:42:49Z,45.39543333,7.64115000,534.00,28.96
18124,3,10267,15163.310749891654,11099.88093340801,2020-08-06T15:42:50Z,45.39538333,7.64105000,538.00,28.951
18125,3,10268,15164.310749891654,11100.88093340801,2020-08-06T15:42:51Z,45.39531667,7.64098333,533.00,28.942
18126,3,10269,15165.310749891654,11101.88093340801,2020-08-06T15:42:52Z,45.39525000,7.64095000,537.00,28.935
18127,3,10270,15166.310749891654,11102.88093340801,2020-08-06T15:42:53Z,45.39516667,7.64096667,537.00,28.928
18128,3,10271,15167.310749891654,11103.88093340801,2020-08-06T15:42:54Z,45.39511667,7.64103333,537.00,28.926
18129,3,10272,15168.310749891654,11104.88093340801,2020-08-06T15:42:55Z,45.39506667,7.64111667,539.00,28.925
18130,3,10273,15169.310749891654,11105.88093340801,2020-08-06T15:42:56Z,45.39505000,7.64121667,540.00,28.928
18131,3,10274,15170.310749891654,11106.88093340801,2020-08-06T15:42:57Z,45.39506667,7.64133333,539.00,28.935
18132,3,10275,15171.310749891654,11107.88093340801,2020-08-06T15:42:58Z,45.39511667,7.64143333,539.00,28.944
18133,3,10276,15172.310749891654,11108.88093340801,2020-08-06T15:42:59Z,45.39516667,7.64151667,541.00,28.952
18134,3,10277,15173.310749891654,11109.88093340801,2020-08-06T15:43:00Z,45.39521667,7.64158333,543.00,28.96
18135,3,10278,15174.310749891654,11110.88093340801,2020-08-06T15:43:01Z,45.39526667,7.64163333,547.00,28.967
18136,3,10279,15175.310749891654,11111.88093340801,2020-08-06T15:43:02Z,45.39533333,7.64166667,543.00,28.974
18137,3,10280,15176.310749891654,11112.88093340801,2020-08-06T15:43:03Z,45.39541667,7.64171667,543.00,28.984
18138,3,10281,15177.310749891654,11113.88093340801,2020-08-06T15:43:04Z,45.39550000,7.64175000,544.00,28.993
18139,3,10282,15178.310749891654,11114.88093340801,2020-08-06T15:43:05Z,45.39560000,7.64175000,544.00,29.002
18140,3,10283,15179.310749891654,11115.88093340801,2020-08-06T15:43:06Z,45.39570000,7.64170000,544.00,29.009
18141,3,10284,15180.310749891654,11116.88093340801,2020-08-06T15:43:07Z,45.39576667,7.64161667,545.00,29.012
18142,3,10285,15181.310749891654,11117.88093340801,2020-08-06T15:43:08Z,45.39581667,7.64148333,542.00,29.01
18143,3,10286,15182.310749891654,11118.88093340801,2020-08-06T15:43:09Z,45.39585000,7.64135000,544.00,29.008
18144,3,10287,15183.310749891654,11119.88093340801,2020-08-06T15:43:10Z,45.39583333,7.64121667,544.00,29.0
18145,3,10288,15184.310749891654,11120.88093340801,2020-08-06T15:43:11Z,45.39580000,7.64110000,546.00,28.992
18146,3,10289,15185.310749891654,11121.88093340801,2020-08-06T15:43:12Z,45.39575000,7.64100000,545.00,28.983
18147,3,10290,15186.310749891654,11122.88093340801,2020-08-06T15:43:13Z,45.39566667,7.64091667,548.00,28.972
18148,3,10291,15187.310749891654,11123.88093340801,2020-08-06T15:43:14Z,45.39558333,7.64086667,548.00,28.962
18149,3,10292,15188.310749891654,11124.88093340801,2020-08-06T15:43:15Z,45.39550000,7.64085000,548.00,28.953
18150,3,10293,15189.310749891654,11125.88093340801,2020-08-06T15:43:16Z,45.39543333,7.64085000,549.00,28.947
18151,3,10294,15190.310749891654,11126.88093340801,2020-08-06T15:43:17Z,45.39535000,7.64088333,550.00,28.941
18152,3,10295,15191.310749891654,11127.88093340801,2020-08-06T15:43:18Z,45.39530000,7.64093333,551.00,28.939
18153,3,10296,15192.310749891654,11128.88093340801,2020-08-06T15:43:19Z,45.39525000,7.64101667,549.00,28.938
18154,3,10297,15193.310749891654,11129.88093340801,2020-08-06T15:43:20Z,45.39521667,7.64110000,554.00,28.938
18155,3,10298,15194.310749891654,11130.88093340801,2020-08-06T15:43:21Z,45.39518333,7.64120000,550.00,28.94
18156,3,10299,15195.310749891654,11131.88093340801,2020-08-06T15:43:22Z,45.39515000,7.64131667,554.00,28.942
18157,3,10300,15196.310749891654,11132.88093340801,2020-08-06T15:43:23Z,45.39516667,7.64141667,558.00,28.948
18158,3,10301,15197.310749891654,11133.88093340801,2020-08-06T15:43:24Z,45.39518333,7.64151667,556.00,28.954
18159,3,10302,15198.310749891654,11134.88093340801,2020-08-06T15:43:25Z,45.39523333,7.64160000,558.00,28.962
18160,3,10303,15199.310749891654,11135.88093340801,2020-08-06T15:43:26Z,45.39530000,7.64166667,555.00,28.971
18161,3,10304,15200.310749891654,11136.88093340801,2020-08-06T15:43:27Z,45.39535000,7.64171667,554.00,28.978
18162,3,10305,15201.310749891654,11137.88093340801,2020-08-06T15:43:28Z,45.39541667,7.64176667,553.00,28.986
18163,3,10306,15202.310749891654,11138.88093340801,2020-08-06T15:43:29Z,45.39550000,7.64178333,554.00,28.995
18164,3,10307,15203.310749891654,11139.88093340801,2020-08-06T15:43:30Z,45.39558333,7.64176667,555.00,29.002
18165,3,10308,15204.310749891654,11140.88093340801,2020-08-06T15:43:31Z,45.39566667,7.64171667,552.00,29.007
18166,3,10309,15205.310749891654,11141.88093340801,2020-08-06T15:43:32Z,45.39575000,7.64163333,546.00,29.011
18167,3,10310,15206.310749891654,11142.88093340801,2020-08-06T15:43:33Z,45.39581667,7.64150000,546.00,29.011
18168,3,10311,15207.310749891654,11143.88093340801,2020-08-06T15:43:34Z,45.39583333,7.64136667,552.00,29.007
18169,3,10312,15208.310749891654,11144.88093340801,2020-08-06T15:43:35Z,45.39583333,7.64123333,553.00,29.001
18170,3,10313,15209.310749891654,11145.88093340801,2020-08-06T15:43:36Z,45.39581667,7.64110000,551.00,28.993
18171,3,10314,15210.310749891654,11146.88093340801,2020-08-06T15:43:37Z,45.39578333,7.64098333,553.00,28.985
18172,3,10315,15211.310749891654,11147.88093340801,2020-08-06T15:43:38Z,45.39573333,7.64086667,555.00,28.976
18173,3,10316,15212.310749891654,11148.88093340801,2020-08-06T15:43:39Z,45.39566667,7.64076667,555.00,28.965
18174,3,10317,15213.310749891654,11149.88093340801,2020-08-06T15:43:40Z,45.39560000,7.64068333,561.00,28.955
18175,3,10318,15214.310749891654,11150.88093340801,2020-08-06T15:43:41Z,45.39553333,7.64063333,559.00,28.947
18176,3,10319,15215.310749891654,11151.88093340801,2020-08-06T15:43:42Z,45.39545000,7.64061667,556.00,28.939
18177,3,10320,15216.310749891654,11152.88093340801,2020-08-06T15:43:43Z,45.39538333,7.64063333,557.00,28.933
18178,3,10321,15217.310749891654,11153.88093340801,2020-08-06T15:43:44Z,45.39530000,7.64068333,561.00,28.928
18179,3,10322,15218.310749891654,11154.88093340801,2020-08-06T15:43:45Z,45.39525000,7.64075000,560.00,28.926
18180,3,10323,15219.310749891654,11155.88093340801,2020-08-06T15:43:46Z,45.39521667,7.64083333,563.00,28.927
18181,3,10324,15220.310749891654,11156.88093340801,2020-08-06T15:43:47Z,45.39521667,7.64091667,562.00,28.93
18182,3,10325,15221.310749891654,11157.88093340801,2020-08-06T15:43:48Z,45.39523333,7.64101667,553.00,28.936
18183,3,10326,15222.310749891654,11158.88093340801,2020-08-06T15:43:49Z,45.39526667,7.64111667,563.00,28.944
18184,3,10327,15223.310749891654,11159.88093340801,2020-08-06T15:43:50Z,45.39533333,7.64118333,565.00,28.953
18185,3,10328,15224.310749891654,11160.88093340801,2020-08-06T15:43:51Z,45.39540000,7.64123333,563.00,28.961
18186,3,10329,15225.310749891654,11161.88093340801,2020-08-06T15:43:52Z,45.39550000,7.64123333,560.00,28.97
18187,3,10330,15226.310749891654,11162.88093340801,2020-08-06T15:43:53Z,45.39558333,7.64120000,561.00,28.976
18188,3,10331,15227.310749891654,11163.88093340801,2020-08-06T15:43:54Z,45.39568333,7.64113333,563.00,28.983
18189,3,10332,15228.310749891654,11164.88093340801,2020-08-06T15:43:55Z,45.39576667,7.64103333,564.00,28.986
18190,3,10333,15229.310749891654,11165.88093340801,2020-08-06T15:43:56Z,45.39581667,7.64090000,566.00,28.985
18191,3,10334,15230.310749891654,11166.88093340801,2020-08-06T15:43:57Z,45.39583333,7.64076667,566.00,28.98
18192,3,10335,15231.310749891654,11167.88093340801,2020-08-06T15:43:58Z,45.39583333,7.64061667,569.00,28.974
18193,3,10336,15232.310749891654,11168.88093340801,2020-08-06T15:43:59Z,45.39580000,7.64048333,564.00,28.965
18194,3,10337,15233.310749891654,11169.88093340801,2020-08-06T15:44:00Z,45.39575000,7.64036667,567.00,28.955
18195,3,10338,15234.310749891654,11170.88093340801,2020-08-06T15:44:01Z,45.39570000,7.64030000,572.00,28.948
18196,3,10339,15235.310749891654,11171.88093340801,2020-08-06T15:44:02Z,45.39561667,7.64025000,571.00,28.938
18197,3,10340,15236.310749891654,11172.88093340801,2020-08-06T15:44:03Z,45.39555000,7.64023333,568.00,28.931
18198,3,10341,15237.310749891654,11173.88093340801,2020-08-06T15:44:04Z,45.39548333,7.64023333,572.00,28.925
18199,3,10342,15238.310749891654,11174.88093340801,2020-08-06T15:44:05Z,45.39541667,7.64026667,574.00,28.92
18200,3,10343,15239.310749891654,11175.88093340801,2020-08-06T15:44:06Z,45.39536667,7.64031667,576.00,28.918
18201,3,10344,15240.310749891654,11176.88093340801,2020-08-06T15:44:07Z,45.39533333,7.64040000,574.00,28.918
18202,3,10345,15241.310749891654,11177.88093340801,2020-08-06T15:44:08Z,45.39530000,7.64048333,576.00,28.919
18203,3,10346,15242.310749891654,11178.88093340801,2020-08-06T15:44:09Z,45.39528333,7.64055000,578.00,28.92
18204,3,10347,15243.310749891654,11179.88093340801,2020-08-06T15:44:10Z,45.39528333,7.64065000,578.00,28.925
18205,3,10348,15244.310749891654,11180.88093340801,2020-08-06T15:44:11Z,45.39530000,7.64073333,575.00,28.93
18206,3,10349,15245.310749891654,11181.88093340801,2020-08-06T15:44:12Z,45.39535000,7.64081667,573.00,28.938
18207,3,10350,15246.310749891654,11182.88093340801,2020-08-06T15:44:13Z,45.39541667,7.64090000,580.00,28.948
18208,3,10351,15247.310749891654,11183.88093340801,2020-08-06T15:44:14Z,45.39550000,7.64095000,584.00,28.958
18209,3,10352,15248.310749891654,11184.88093340801,2020-08-06T15:44:15Z,45.39558333,7.64096667,579.00,28.966
18210,3,10353,15249.310749891654,11185.88093340801,2020-08-06T15:44:16Z,45.39566667,7.64093333,583.00,28.972
18211,3,10354,15250.310749891654,11186.88093340801,2020-08-06T15:44:17Z,45.39575000,7.64086667,578.00,28.977
18212,3,10355,15251.310749891654,11187.88093340801,2020-08-06T15:44:18Z,45.39583333,7.64076667,580.00,28.98
18213,3,10356,15252.310749891654,11188.88093340801,2020-08-06T15:44:19Z,45.39590000,7.64065000,580.00,28.981
18214,3,10357,15253.310749891654,11189.88093340801,2020-08-06T15:44:20Z,45.39593333,7.64051667,577.00,28.979
18215,3,10358,15254.310749891654,11190.88093340801,2020-08-06T15:44:21Z,45.39595000,7.64038333,582.00,28.974
18216,3,10359,15255.310749891654,11191.88093340801,2020-08-06T15:44:22Z,45.39595000,7.64025000,583.00,28.969
18217,3,10360,15256.310749891654,11192.88093340801,2020-08-06T15:44:23Z,45.39591667,7.64013333,590.00,28.96
18218,3,10361,15257.310749891654,11193.88093340801,2020-08-06T15:44:24Z,45.39586667,7.64005000,586.00,28.952
18219,3,10362,15258.310749891654,11194.88093340801,2020-08-06T15:44:25Z,45.39580000,7.63996667,587.00,28.942
18220,3,10363,15259.310749891654,11195.88093340801,2020-08-06T15:44:26Z,45.39571667,7.63991667,584.00,28.932
18221,3,10364,15260.310749891654,11196.88093340801,2020-08-06T15:44:27Z,45.39563333,7.63986667,585.00,28.923
18222,3,10365,15261.310749891654,11197.88093340801,2020-08-06T15:44:28Z,45.39556667,7.63986667,586.00,28.916
18223,3,10366,15262.310749891654,11198.88093340801,2020-08-06T15:44:29Z,45.39550000,7.63988333,587.00,28.911
18224,3,10367,15263.310749891654,11199.88093340801,2020-08-06T15:44:30Z,45.39543333,7.63991667,588.00,28.906
18225,3,10368,15264.310749891654,11200.88093340801,2020-08-06T15:44:31Z,45.39538333,7.63998333,592.00,28.905
18226,3,10369,15265.310749891654,11201.88093340801,2020-08-06T15:44:32Z,45.39535000,7.64006667,591.00,28.905
18227,3,10370,15266.310749891654,11202.88093340801,2020-08-06T15:44:33Z,45.39533333,7.64015000,593.00,28.907
18228,3,10371,15267.310749891654,11203.88093340801,2020-08-06T15:44:34Z,45.39531667,7.64025000,599.00,28.91
18229,3,10372,15268.310749891654,11204.88093340801,2020-08-06T15:44:35Z,45.39533333,7.64035000,596.00,28.916
18230,3,10373,15269.310749891654,11205.88093340801,2020-08-06T15:44:36Z,45.39538333,7.64043333,596.00,28.924
18231,3,10374,15270.310749891654,11206.88093340801,2020-08-06T15:44:37Z,45.39543333,7.64051667,596.00,28.933
18232,3,10375,15271.310749891654,11207.88093340801,2020-08-06T15:44:38Z,45.39551667,7.64056667,597.00,28.942
18233,3,10376,15272.310749891654,11208.88093340801,2020-08-06T15:44:39Z,45.39560000,7.64056667,600.00,28.95
18234,3,10377,15273.310749891654,11209.88093340801,2020-08-06T15:44:40Z,45.39568333,7.64053333,600.00,28.956
18235,3,10378,15274.310749891654,11210.88093340801,2020-08-06T15:44:41Z,45.39576667,7.64045000,598.00,28.96
18236,3,10379,15275.310749891654,11211.88093340801,2020-08-06T15:44:42Z,45.39583333,7.64035000,600.00,28.962
18237,3,10380,15276.310749891654,11212.88093340801,2020-08-06T15:44:43Z,45.39586667,7.64023333,601.00,28.96
18238,3,10381,15277.310749891654,11213.88093340801,2020-08-06T15:44:44Z,45.39588333,7.64010000,602.00,28.956
18239,3,10382,15278.310749891654,11214.88093340801,2020-08-06T15:44:45Z,45.39586667,7.63996667,602.00,28.949
18240,3,10383,15279.310749891654,11215.88093340801,2020-08-06T15:44:46Z,45.39581667,7.63985000,606.00,28.939
18241,3,10384,15280.310749891654,11216.88093340801,2020-08-06T15:44:47Z,45.39576667,7.63976667,606.00,28.931
18242,3,10385,15281.310749891654,11217.88093340801,2020-08-06T15:44:48Z,45.39568333,7.63968333,602.00,28.919
18243,3,10386,15282.310749891654,11218.88093340801,2020-08-06T15:44:49Z,45.39560000,7.63963333,603.00,28.909
18244,3,10387,15283.310749891654,11219.88093340801,2020-08-06T15:44:50Z,45.39553333,7.63961667,607.00,28.903
18245,3,10388,15284.310749891654,11220.88093340801,2020-08-06T15:44:51Z,45.39546667,7.63961667,611.00,28.896
18246,3,10389,15285.310749891654,11221.88093340801,2020-08-06T15:44:52Z,45.39541667,7.63965000,615.00,28.893
18247,3,10390,15286.310749891654,11222.88093340801,2020-08-06T15:44:53Z,45.39536667,7.63970000,611.00,28.891
18248,3,10391,15287.310749891654,11223.88093340801,2020-08-06T15:44:54Z,45.39531667,7.63975000,609.00,28.888
18249,3,10392,15288.310749891654,11224.88093340801,2020-08-06T15:44:55Z,45.39526667,7.63981667,614.00,28.887
18250,3,10393,15289.310749891654,11225.88093340801,2020-08-06T15:44:56Z,45.39525000,7.63991667,616.00,28.889
18251,3,10394,15290.310749891654,11226.88093340801,2020-08-06T15:44:57Z,45.39526667,7.64003333,615.00,28.896
18252,3,10395,15291.310749891654,11227.88093340801,2020-08-06T15:44:58Z,45.39531667,7.64013333,614.00,28.905
18253,3,10396,15292.310749891654,11228.88093340801,2020-08-06T15:44:59Z,45.39538333,7.64020000,618.00,28.914
18254,3,10397,15293.310749891654,11229.88093340801,2020-08-06T15:45:00Z,45.39546667,7.64023333,618.00,28.923
18255,3,10398,15294.310749891654,11230.88093340801,2020-08-06T15:45:01Z,45.39555000,7.64023333,622.00,28.931
18256,3,10399,15295.310749891654,11231.88093340801,2020-08-06T15:45:02Z,45.39563333,7.64018333,621.00,28.936
18257,3,10400,15296.310749891654,11232.88093340801,2020-08-06T15:45:03Z,45.39571667,7.64008333,619.00,28.94
18258,3,10401,15297.310749891654,11233.88093340801,2020-08-06T15:45:04Z,45.39576667,7.63998333,622.00,28.94
18259,3,10402,15298.310749891654,11234.88093340801,2020-08-06T15:45:05Z,45.39580000,7.63985000,625.00,28.937
18260,3,10403,15299.310749891654,11235.88093340801,2020-08-06T15:45:06Z,45.39581667,7.63971667,626.00,28.933
18261,3,10404,15300.310749891654,11236.88093340801,2020-08-06T15:45:07Z,45.39581667,7.63960000,627.00,28.928
18262,3,10405,15301.310749891654,11237.88093340801,2020-08-06T15:45:08Z,45.39578333,7.63946667,625.00,28.919
18263,3,10406,15302.310749891654,11238.88093340801,2020-08-06T15:45:09Z,45.39575000,7.63935000,626.00,28.911
18264,3,10407,15303.310749891654,11239.88093340801,2020-08-06T15:45:10Z,45.39571667,7.63925000,624.00,28.904
18265,3,10408,15304.310749891654,11240.88093340801,2020-08-06T15:45:11Z,45.39566667,7.63915000,630.00,28.895
18266,3,10409,15305.310749891654,11241.88093340801,2020-08-06T15:45:12Z,45.39560000,7.63908333,631.00,28.886
18267,3,10410,15306.310749891654,11242.88093340801,2020-08-06T15:45:13Z,45.39553333,7.63905000,632.00,28.878
18268,3,10411,15307.310749891654,11243.88093340801,2020-08-06T15:45:14Z,45.39545000,7.63905000,630.00,28.87
18269,3,10412,15308.310749891654,11244.88093340801,2020-08-06T15:45:15Z,45.39538333,7.63906667,631.00,28.865
18270,3,10413,15309.310749891654,11245.88093340801,2020-08-06T15:45:16Z,45.39531667,7.63911667,635.00,28.861
18271,3,10414,15310.310749891654,11246.88093340801,2020-08-06T15:45:17Z,45.39526667,7.63916667,636.00,28.858
18272,3,10415,15311.310749891654,11247.88093340801,2020-08-06T15:45:18Z,45.39525000,7.63925000,636.00,28.86
18273,3,10416,15312.310749891654,11248.88093340801,2020-08-06T15:45:19Z,45.39523333,7.63935000,637.00,28.863
18274,3,10417,15313.310749891654,11249.88093340801,2020-08-06T15:45:20Z,45.39523333,7.63945000,633.00,28.868
18275,3,10418,15314.310749891654,11250.88093340801,2020-08-06T15:45:21Z,45.39526667,7.63955000,640.00,28.875
18276,3,10419,15315.310749891654,11251.88093340801,2020-08-06T15:45:22Z,45.39531667,7.63963333,647.00,28.883
18277,3,10420,15316.310749891654,11252.88093340801,2020-08-06T15:45:23Z,45.39538333,7.63970000,645.00,28.892
18278,3,10421,15317.310749891654,11253.88093340801,2020-08-06T15:45:24Z,45.39545000,7.63975000,643.00,28.901
18279,3,10422,15318.310749891654,11254.88093340801,2020-08-06T15:45:25Z,45.39555000,7.63976667,648.00,28.911
18280,3,10423,15319.310749891654,11255.88093340801,2020-08-06T15:45:26Z,45.39563333,7.63975000,649.00,28.918
18281,3,10424,15320.310749891654,11256.88093340801,2020-08-06T15:45:27Z,45.39570000,7.63970000,652.00,28.922
18282,3,10425,15321.310749891654,11257.88093340801,2020-08-06T15:45:28Z,45.39578333,7.63961667,650.00,28.926
18283,3,10426,15322.310749891654,11258.88093340801,2020-08-06T15:45:29Z,45.39583333,7.63950000,652.00,28.925
18284,3,10427,15323.310749891654,11259.88093340801,2020-08-06T15:45:30Z,45.39588333,7.63938333,652.00,28.925
18285,3,10428,15324.310749891654,11260.88093340801,2020-08-06T15:45:31Z,45.39590000,7.63925000,657.00,28.921
18286,3,10429,15325.310749891654,11261.88093340801,2020-08-06T15:45:32Z,45.39590000,7.63910000,652.00,28.914
18287,3,10430,15326.310749891654,11262.88093340801,2020-08-06T15:45:33Z,45.39588333,7.63896667,655.00,28.907
18288,3,10431,15327.310749891654,11263.88093340801,2020-08-06T15:45:34Z,45.39585000,7.63885000,654.00,28.899
18289,3,10432,15328.310749891654,11264.88093340801,2020-08-06T15:45:35Z,45.39581667,7.63873333,654.00,28.891
18290,3,10433,15329.310749891654,11265.88093340801,2020-08-06T15:45:36Z,45.39575000,7.63865000,659.00,28.881
18291,3,10434,15330.310749891654,11266.88093340801,2020-08-06T15:45:37Z,45.39568333,7.63860000,654.00,28.872
18292,3,10435,15331.310749891654,11267.88093340801,2020-08-06T15:45:38Z,45.39561667,7.63856667,660.00,28.865
18293,3,10436,15332.310749891654,11268.88093340801,2020-08-06T15:45:39Z,45.39553333,7.63856667,661.00,28.857
18294,3,10437,15333.310749891654,11269.88093340801,2020-08-06T15:45:40Z,45.39546667,7.63858333,661.00,28.852
18295,3,10438,15334.310749891654,11270.88093340801,2020-08-06T15:45:41Z,45.39540000,7.63861667,663.00,28.847
18296,3,10439,15335.310749891654,11271.88093340801,2020-08-06T15:45:42Z,45.39535000,7.63866667,661.00,28.844
18297,3,10440,15336.310749891654,11272.88093340801,2020-08-06T15:45:43Z,45.39531667,7.63875000,664.00,28.845
18298,3,10441,15337.310749891654,11273.88093340801,2020-08-06T15:45:44Z,45.39531667,7.63885000,662.00,28.849
18299,3,10442,15338.310749891654,11274.88093340801,2020-08-06T15:45:45Z,45.39531667,7.63895000,661.00,28.854
18300,3,10443,15339.310749891654,11275.88093340801,2020-08-06T15:45:46Z,45.39535000,7.63906667,660.00,28.862
18301,3,10444,15340.310749891654,11276.88093340801,2020-08-06T15:45:47Z,45.39541667,7.63916667,663.00,28.872
18302,3,10445,15341.310749891654,11277.88093340801,2020-08-06T15:45:48Z,45.39548333,7.63923333,673.00,28.881
18303,3,10446,15342.310749891654,11278.88093340801,2020-08-06T15:45:49Z,45.39555000,7.63928333,666.00,28.89
18304,3,10447,15343.310749891654,11279.88093340801,2020-08-06T15:45:50Z,45.39563333,7.63931667,668.00,28.899
18305,3,10448,15344.310749891654,11280.88093340801,2020-08-06T15:45:51Z,45.39571667,7.63935000,672.00,28.908
18306,3,10449,15345.310749891654,11281.88093340801,2020-08-06T15:45:52Z,45.39580000,7.63933333,676.00,28.915
18307,3,10450,15346.310749891654,11282.88093340801,2020-08-06T15:45:53Z,45.39588333,7.63930000,671.00,28.921
18308,3,10451,15347.310749891654,11283.88093340801,2020-08-06T15:45:54Z,45.39596667,7.63921667,672.00,28.925
18309,3,10452,15348.310749891654,11284.88093340801,2020-08-06T15:45:55Z,45.39603333,7.63910000,674.00,28.926
18310,3,10453,15349.310749891654,11285.88093340801,2020-08-06T15:45:56Z,45.39608333,7.63896667,676.00,28.925
18311,3,10454,15350.310749891654,11286.88093340801,2020-08-06T15:45:57Z,45.39610000,7.63883333,676.00,28.921
18312,3,10455,15351.310749891654,11287.88093340801,2020-08-06T15:45:58Z,45.39610000,7.63868333,672.00,28.915
18313,3,10456,15352.310749891654,11288.88093340801,2020-08-06T15:45:59Z,45.39608333,7.63855000,678.00,28.908
18314,3,10457,15353.310749891654,11289.88093340801,2020-08-06T15:46:00Z,45.39603333,7.63843333,678.00,28.898
18315,3,10458,15354.310749891654,11290.88093340801,2020-08-06T15:46:01Z,45.39596667,7.63833333,678.00,28.887
18316,3,10459,15355.310749891654,11291.88093340801,2020-08-06T15:46:02Z,45.39590000,7.63826667,684.00,28.878
18317,3,10460,15356.310749891654,11292.88093340801,2020-08-06T15:46:03Z,45.39583333,7.63823333,686.00,28.871
18318,3,10461,15357.310749891654,11293.88093340801,2020-08-06T15:46:04Z,45.39576667,7.63821667,685.00,28.864
18319,3,10462,15358.310749891654,11294.88093340801,2020-08-06T15:46:05Z,45.39570000,7.63823333,683.00,28.858
18320,3,10463,15359.310749891654,11295.88093340801,2020-08-06T15:46:06Z,45.39565000,7.63826667,685.00,28.855
18321,3,10464,15360.310749891654,11296.88093340801,2020-08-06T15:46:07Z,45.39561667,7.63835000,690.00,28.856
18322,3,10465,15361.310749891654,11297.88093340801,2020-08-06T15:46:08Z,45.39558333,7.63843333,686.00,28.856
18323,3,10466,15362.310749891654,11298.88093340801,2020-08-06T15:46:09Z,45.39558333,7.63853333,687.00,28.86
18324,3,10467,15363.310749891654,11299.88093340801,2020-08-06T15:46:10Z,45.39560000,7.63863333,683.00,28.866
18325,3,10468,15364.310749891654,11300.88093340801,2020-08-06T15:46:11Z,45.39563333,7.63873333,689.00,28.874
18326,3,10469,15365.310749891654,11301.88093340801,2020-08-06T15:46:12Z,45.39566667,7.63881667,690.00,28.88
18327,3,10470,15366.310749891654,11302.88093340801,2020-08-06T15:46:13Z,45.39573333,7.63888333,696.00,28.889
18328,3,10471,15367.310749891654,11303.88093340801,2020-08-06T15:46:14Z,45.39580000,7.63895000,693.00,28.898
18329,3,10472,15368.310749891654,11304.88093340801,2020-08-06T15:46:15Z,45.39585000,7.63900000,693.00,28.905
18330,3,10473,15369.310749891654,11305.88093340801,2020-08-06T15:46:16Z,45.39591667,7.63903333,697.00,28.913
18331,3,10474,15370.310749891654,11306.88093340801,2020-08-06T15:46:17Z,45.39600000,7.63905000,699.00,28.921
18332,3,10475,15371.310749891654,11307.88093340801,2020-08-06T15:46:18Z,45.39608333,7.63903333,696.00,28.928
18333,3,10476,15372.310749891654,11308.88093340801,2020-08-06T15:46:19Z,45.39618333,7.63898333,695.00,28.935
18334,3,10477,15373.310749891654,11309.88093340801,2020-08-06T15:46:20Z,45.39626667,7.63890000,702.00,28.94
18335,3,10478,15374.310749891654,11310.88093340801,2020-08-06T15:46:21Z,45.39631667,7.63878333,698.00,28.939
18336,3,10479,15375.310749891654,11311.88093340801,2020-08-06T15:46:22Z,45.39635000,7.63865000,699.00,28.937
18337,3,10480,15376.310749891654,11312.88093340801,2020-08-06T15:46:23Z,45.39636667,7.63851667,700.00,28.932
18338,3,10481,15377.310749891654,11313.88093340801,2020-08-06T15:46:24Z,45.39636667,7.63838333,703.00,28.927
18339,3,10482,15378.310749891654,11314.88093340801,2020-08-06T15:46:25Z,45.39633333,7.63825000,706.00,28.918
18340,3,10483,15379.310749891654,11315.88093340801,2020-08-06T15:46:26Z,45.39628333,7.63813333,704.00,28.908
18341,3,10484,15380.310749891654,11316.88093340801,2020-08-06T15:46:27Z,45.39621667,7.63805000,709.00,28.899
18342,3,10485,15381.310749891654,11317.88093340801,2020-08-06T15:46:28Z,45.39615000,7.63800000,710.00,28.89
18343,3,10486,15382.310749891654,11318.88093340801,2020-08-06T15:46:29Z,45.39606667,7.63798333,708.00,28.882
18344,3,10487,15383.310749891654,11319.88093340801,2020-08-06T15:46:30Z,45.39600000,7.63800000,712.00,28.876
18345,3,10488,15384.310749891654,11320.88093340801,2020-08-06T15:46:31Z,45.39595000,7.63803333,715.00,28.873
18346,3,10489,15385.310749891654,11321.88093340801,2020-08-06T15:46:32Z,45.39590000,7.63808333,720.00,28.871
18347,3,10490,15386.310749891654,11322.88093340801,2020-08-06T15:46:33Z,45.39585000,7.63815000,714.00,28.869
18348,3,10491,15387.310749891654,11323.88093340801,2020-08-06T15:46:34Z,45.39581667,7.63821667,714.00,28.868
18349,3,10492,15388.310749891654,11324.88093340801,2020-08-06T15:46:35Z,45.39578333,7.63828333,714.00,28.868
18350,3,10493,15389.310749891654,11325.88093340801,2020-08-06T15:46:36Z,45.39576667,7.63836667,723.00,28.87
18351,3,10494,15390.310749891654,11326.88093340801,2020-08-06T15:46:37Z,45.39575000,7.63845000,721.00,28.872
18352,3,10495,15391.310749891654,11327.88093340801,2020-08-06T15:46:38Z,45.39576667,7.63855000,720.00,28.878
18353,3,10496,15392.310749891654,11328.88093340801,2020-08-06T15:46:39Z,45.39578333,7.63863333,722.00,28.883
18354,3,10497,15393.310749891654,11329.88093340801,2020-08-06T15:46:40Z,45.39581667,7.63871667,724.00,28.89
18355,3,10498,15394.310749891654,11330.88093340801,2020-08-06T15:46:41Z,45.39586667,7.63880000,722.00,28.898
18356,3,10499,15395.310749891654,11331.88093340801,2020-08-06T15:46:42Z,45.39595000,7.63885000,725.00,28.908
18357,3,10500,15396.310749891654,11332.88093340801,2020-08-06T15:46:43Z,45.39603333,7.63886667,725.00,28.916
18358,3,10501,15397.310749891654,11333.88093340801,2020-08-06T15:46:44Z,45.39611667,7.63888333,729.00,28.925
18359,3,10502,15398.310749891654,11334.88093340801,2020-08-06T15:46:45Z,45.39620000,7.63885000,729.00,28.931
18360,3,10503,15399.310749891654,11335.88093340801,2020-08-06T15:46:46Z,45.39628333,7.63880000,729.00,28.937
18361,3,10504,15400.310749891654,11336.88093340801,2020-08-06T15:46:47Z,45.39636667,7.63873333,730.00,28.942
18362,3,10505,15401.310749891654,11337.88093340801,2020-08-06T15:46:48Z,45.39645000,7.63865000,733.00,28.946
18363,3,10506,15402.310749891654,11338.88093340801,2020-08-06T15:46:49Z,45.39651667,7.63855000,733.00,28.948
18364,3,10507,15403.310749891654,11339.88093340801,2020-08-06T15:46:50Z,45.39658333,7.63843333,732.00,28.949
18365,3,10508,15404.310749891654,11340.88093340801,2020-08-06T15:46:51Z,45.39663333,7.63830000,734.00,28.948
18366,3,10509,15405.310749891654,11341.88093340801,2020-08-06T15:46:52Z,45.39666667,7.63816667,737.00,28.946
18367,3,10510,15406.310749891654,11342.88093340801,2020-08-06T15:46:53Z,45.39666667,7.63803333,739.00,28.94
18368,3,10511,15407.310749891654,11343.88093340801,2020-08-06T15:46:54Z,45.39666667,7.63790000,744.00,28.934
18369,3,10512,15408.310749891654,11344.88093340801,2020-08-06T15:46:55Z,45.39663333,7.63778333,742.00,28.926
18370,3,10513,15409.310749891654,11345.88093340801,2020-08-06T15:46:56Z,45.39660000,7.63768333,740.00,28.919
18371,3,10514,15410.310749891654,11346.88093340801,2020-08-06T15:46:57Z,45.39655000,7.63756667,744.00,28.909
18372,3,10515,15411.310749891654,11347.88093340801,2020-08-06T15:46:58Z,45.39648333,7.63750000,746.00,28.9
18373,3,10516,15412.310749891654,11348.88093340801,2020-08-06T15:46:59Z,45.39641667,7.63745000,747.00,28.892
18374,3,10517,15413.310749891654,11349.88093340801,2020-08-06T15:47:00Z,45.39633333,7.63741667,745.00,28.883
18375,3,10518,15414.310749891654,11350.88093340801,2020-08-06T15:47:01Z,45.39628333,7.63741667,751.00,28.878
18376,3,10519,15415.310749891654,11351.88093340801,2020-08-06T15:47:02Z,45.39621667,7.63743333,752.00,28.873
18377,3,10520,15416.310749891654,11352.88093340801,2020-08-06T15:47:03Z,45.39616667,7.63745000,750.00,28.869
18378,3,10521,15417.310749891654,11353.88093340801,2020-08-06T15:47:04Z,45.39610000,7.63748333,750.00,28.864
18379,3,10522,15418.310749891654,11354.88093340801,2020-08-06T15:47:05Z,45.39606667,7.63753333,754.00,28.863
18380,3,10523,15419.310749891654,11355.88093340801,2020-08-06T15:47:06Z,45.39601667,7.63761667,751.00,28.862
18381,3,10524,15420.310749891654,11356.88093340801,2020-08-06T15:47:07Z,45.39598333,7.63768333,753.00,28.861
18382,3,10525,15421.310749891654,11357.88093340801,2020-08-06T15:47:08Z,45.39595000,7.63776667,752.00,28.862
18383,3,10526,15422.310749891654,11358.88093340801,2020-08-06T15:47:09Z,45.39595000,7.63785000,756.00,28.865
18384,3,10527,15423.310749891654,11359.88093340801,2020-08-06T15:47:10Z,45.39595000,7.63793333,757.00,28.869
18385,3,10528,15424.310749891654,11360.88093340801,2020-08-06T15:47:11Z,45.39596667,7.63801667,759.00,28.874
18386,3,10529,15425.310749891654,11361.88093340801,2020-08-06T15:47:12Z,45.39601667,7.63808333,758.00,28.881
18387,3,10530,15426.310749891654,11362.88093340801,2020-08-06T15:47:13Z,45.39606667,7.63815000,759.00,28.889
18388,3,10531,15427.310749891654,11363.88093340801,2020-08-06T15:47:14Z,45.39613333,7.63821667,763.00,28.898
18389,3,10532,15428.310749891654,11364.88093340801,2020-08-06T15:47:15Z,45.39621667,7.63826667,763.00,28.908
18390,3,10533,15429.310749891654,11365.88093340801,2020-08-06T15:47:16Z,45.39630000,7.63826667,765.00,28.916
18391,3,10534,15430.310749891654,11366.88093340801,2020-08-06T15:47:17Z,45.39638333,7.63825000,758.00,28.923
18392,3,10535,15431.310749891654,11367.88093340801,2020-08-06T15:47:18Z,45.39646667,7.63821667,765.00,28.929
18393,3,10536,15432.310749891654,11368.88093340801,2020-08-06T15:47:19Z,45.39655000,7.63815000,770.00,28.934
18394,3,10537,15433.310749891654,11369.88093340801,2020-08-06T15:47:20Z,45.39663333,7.63805000,769.00,28.938
18395,3,10538,15434.310749891654,11370.88093340801,2020-08-06T15:47:21Z,45.39668333,7.63795000,767.00,28.938
18396,3,10539,15435.310749891654,11371.88093340801,2020-08-06T15:47:22Z,45.39675000,7.63781667,773.00,28.939
18397,3,10540,15436.310749891654,11372.88093340801,2020-08-06T15:47:23Z,45.39678333,7.63766667,773.00,28.935
18398,3,10541,15437.310749891654,11373.88093340801,2020-08-06T15:47:24Z,45.39680000,7.63753333,774.00,28.931
18399,3,10542,15438.310749891654,11374.88093340801,2020-08-06T15:47:25Z,45.39678333,7.63740000,775.00,28.924
18400,3,10543,15439.310749891654,11375.88093340801,2020-08-06T15:47:26Z,45.39676667,7.63728333,775.00,28.918
18401,3,10544,15440.310749891654,11376.88093340801,2020-08-06T15:47:27Z,45.39673333,7.63718333,785.00,28.911
18402,3,10545,15441.310749891654,11377.88093340801,2020-08-06T15:47:28Z,45.39666667,7.63708333,777.00,28.9
18403,3,10546,15442.310749891654,11378.88093340801,2020-08-06T15:47:29Z,45.39660000,7.63700000,778.00,28.89
18404,3,10547,15443.310749891654,11379.88093340801,2020-08-06T15:47:30Z,45.39655000,7.63695000,784.00,28.884
18405,3,10548,15444.310749891654,11380.88093340801,2020-08-06T15:47:31Z,45.39648333,7.63691667,786.00,28.876
18406,3,10549,15445.310749891654,11381.88093340801,2020-08-06T15:47:32Z,45.39641667,7.63690000,780.00,28.869
18407,3,10550,15446.310749891654,11382.88093340801,2020-08-06T15:47:33Z,45.39636667,7.63691667,778.00,28.865
18408,3,10551,15447.310749891654,11383.88093340801,2020-08-06T15:47:34Z,45.39630000,7.63695000,784.00,28.86
18409,3,10552,15448.310749891654,11384.88093340801,2020-08-06T15:47:35Z,45.39623333,7.63698333,777.00,28.855
18410,3,10553,15449.310749891654,11385.88093340801,2020-08-06T15:47:36Z,45.39620000,7.63705000,785.00,28.855
18411,3,10554,15450.310749891654,11386.88093340801,2020-08-06T15:47:37Z,45.39618333,7.63713333,788.00,28.857
18412,3,10555,15451.310749891654,11387.88093340801,2020-08-06T15:47:38Z,45.39618333,7.63721667,788.00,28.86
18413,3,10556,15452.310749891654,11388.88093340801,2020-08-06T15:47:39Z,45.39621667,7.63731667,788.00,28.868
18414,3,10557,15453.310749891654,11389.88093340801,2020-08-06T15:47:40Z,45.39625000,7.63740000,782.00,28.874
18415,3,10558,15454.310749891654,11390.88093340801,2020-08-06T15:47:41Z,45.39630000,7.63746667,789.00,28.882
18416,3,10559,15455.310749891654,11391.88093340801,2020-08-06T15:47:42Z,45.39636667,7.63753333,786.00,28.891
18417,3,10560,15456.310749891654,11392.88093340801,2020-08-06T15:47:43Z,45.39643333,7.63756667,794.00,28.898
18418,3,10561,15457.310749891654,11393.88093340801,2020-08-06T15:47:44Z,45.39651667,7.63760000,792.00,28.908
18419,3,10562,15458.310749891654,11394.88093340801,2020-08-06T15:47:45Z,45.39660000,7.63760000,793.00,28.915
18420,3,10563,15459.310749891654,11395.88093340801,2020-08-06T15:47:46Z,45.39668333,7.63758333,794.00,28.923
18421,3,10564,15460.310749891654,11396.88093340801,2020-08-06T15:47:47Z,45.39676667,7.63751667,800.00,28.928
18422,3,10565,15461.310749891654,11397.88093340801,2020-08-06T15:47:48Z,45.39683333,7.63741667,796.00,28.93
18423,3,10566,15462.310749891654,11398.88093340801,2020-08-06T15:47:49Z,45.39688333,7.63730000,795.00,28.929
18424,3,10567,15463.310749891654,11399.88093340801,2020-08-06T15:47:50Z,45.39693333,7.63716667,798.00,28.929
18425,3,10568,15464.310749891654,11400.88093340801,2020-08-06T15:47:51Z,45.39696667,7.63701667,796.00,28.925
18426,3,10569,15465.310749891654,11401.88093340801,2020-08-06T15:47:52Z,45.39698333,7.63688333,803.00,28.922
18427,3,10570,15466.310749891654,11402.88093340801,2020-08-06T15:47:53Z,45.39696667,7.63675000,803.00,28.914
18428,3,10571,15467.310749891654,11403.88093340801,2020-08-06T15:47:54Z,45.39691667,7.63661667,805.00,28.904
18429,3,10572,15468.310749891654,11404.88093340801,2020-08-06T15:47:55Z,45.39686667,7.63653333,807.00,28.896
18430,3,10573,15469.310749891654,11405.88093340801,2020-08-06T15:47:56Z,45.39680000,7.63646667,805.00,28.887
18431,3,10574,15470.310749891654,11406.88093340801,2020-08-06T15:47:57Z,45.39675000,7.63643333,809.00,28.881
18432,3,10575,15471.310749891654,11407.88093340801,2020-08-06T15:47:58Z,45.39668333,7.63641667,805.00,28.874
18433,3,10576,15472.310749891654,11408.88093340801,2020-08-06T15:47:59Z,45.39661667,7.63643333,805.00,28.868
18434,3,10577,15473.310749891654,11409.88093340801,2020-08-06T15:48:00Z,45.39656667,7.63646667,807.00,28.865
18435,3,10578,15474.310749891654,11410.88093340801,2020-08-06T15:48:01Z,45.39651667,7.63651667,809.00,28.862
18436,3,10579,15475.310749891654,11411.88093340801,2020-08-06T15:48:02Z,45.39648333,7.63660000,804.00,28.863
18437,3,10580,15476.310749891654,11412.88093340801,2020-08-06T15:48:03Z,45.39646667,7.63670000,805.00,28.865
18438,3,10581,15477.310749891654,11413.88093340801,2020-08-06T15:48:04Z,45.39646667,7.63678333,811.00,28.869
18439,3,10582,15478.310749891654,11414.88093340801,2020-08-06T15:48:05Z,45.39648333,7.63688333,812.00,28.874
18440,3,10583,15479.310749891654,11415.88093340801,2020-08-06T15:48:06Z,45.39651667,7.63696667,806.00,28.881
18441,3,10584,15480.310749891654,11416.88093340801,2020-08-06T15:48:07Z,45.39656667,7.63705000,812.00,28.889
18442,3,10585,15481.310749891654,11417.88093340801,2020-08-06T15:48:08Z,45.39661667,7.63713333,808.00,28.897
18443,3,10586,15482.310749891654,11418.88093340801,2020-08-06T15:48:09Z,45.39670000,7.63720000,813.00,28.908
18444,3,10587,15483.310749891654,11419.88093340801,2020-08-06T15:48:10Z,45.39678333,7.63725000,812.00,28.918
18445,3,10588,15484.310749891654,11420.88093340801,2020-08-06T15:48:11Z,45.39686667,7.63728333,813.00,28.927
18446,3,10589,15485.310749891654,11421.88093340801,2020-08-06T15:48:12Z,45.39696667,7.63728333,818.00,28.937
18447,3,10590,15486.310749891654,11422.88093340801,2020-08-06T15:48:13Z,45.39706667,7.63725000,816.00,28.945
18448,3,10591,15487.310749891654,11423.88093340801,2020-08-06T15:48:14Z,45.39716667,7.63721667,816.00,28.953
18449,3,10592,15488.310749891654,11424.88093340801,2020-08-06T15:48:15Z,45.39726667,7.63713333,819.00,28.959
18450,3,10593,15489.310749891654,11425.88093340801,2020-08-06T15:48:16Z,45.39733333,7.63705000,825.00,28.961
18451,3,10594,15490.310749891654,11426.88093340801,2020-08-06T15:48:17Z,45.39740000,7.63695000,823.00,28.964
18452,3,10595,15491.310749891654,11427.88093340801,2020-08-06T15:48:18Z,45.39745000,7.63685000,820.00,28.964
18453,3,10596,15492.310749891654,11428.88093340801,2020-08-06T15:48:19Z,45.39750000,7.63673333,824.00,28.964
18454,3,10597,15493.310749891654,11429.88093340801,2020-08-06T15:48:20Z,45.39756667,7.63660000,822.00,28.965
18455,3,10598,15494.310749891654,11430.88093340801,2020-08-06T15:48:21Z,45.39760000,7.63646667,831.00,28.962
18456,3,10599,15495.310749891654,11431.88093340801,2020-08-06T15:48:22Z,45.39761667,7.63633333,829.00,28.959
18457,3,10600,15496.310749891654,11432.88093340801,2020-08-06T15:48:23Z,45.39758333,7.63621667,826.00,28.951
18458,3,10601,15497.310749891654,11433.88093340801,2020-08-06T15:48:24Z,45.39755000,7.63610000,828.00,28.943
18459,3,10602,15498.310749891654,11434.88093340801,2020-08-06T15:48:25Z,45.39748333,7.63598333,830.00,28.932
18460,3,10603,15499.310749891654,11435.88093340801,2020-08-06T15:48:26Z,45.39741667,7.63590000,830.00,28.922
18461,3,10604,15500.310749891654,11436.88093340801,2020-08-06T15:48:27Z,45.39735000,7.63585000,836.00,28.913
18462,3,10605,15501.310749891654,11437.88093340801,2020-08-06T15:48:28Z,45.39726667,7.63583333,835.00,28.905
18463,3,10606,15502.310749891654,11438.88093340801,2020-08-06T15:48:29Z,45.39720000,7.63583333,836.00,28.899
18464,3,10607,15503.310749891654,11439.88093340801,2020-08-06T15:48:30Z,45.39713333,7.63585000,837.00,28.893
18465,3,10608,15504.310749891654,11440.88093340801,2020-08-06T15:48:31Z,45.39706667,7.63588333,837.00,28.888
18466,3,10609,15505.310749891654,11441.88093340801,2020-08-06T15:48:32Z,45.39701667,7.63591667,840.00,28.885
18467,3,10610,15506.310749891654,11442.88093340801,2020-08-06T15:48:33Z,45.39696667,7.63598333,839.00,28.883
18468,3,10611,15507.310749891654,11443.88093340801,2020-08-06T15:48:34Z,45.39693333,7.63605000,844.00,28.882
18469,3,10612,15508.310749891654,11444.88093340801,2020-08-06T15:48:35Z,45.39690000,7.63613333,838.00,28.883
18470,3,10613,15509.310749891654,11445.88093340801,2020-08-06T15:48:36Z,45.39686667,7.63623333,836.00,28.884
18471,3,10614,15510.310749891654,11446.88093340801,2020-08-06T15:48:37Z,45.39683333,7.63631667,839.00,28.884
18472,3,10615,15511.310749891654,11447.88093340801,2020-08-06T15:48:38Z,45.39681667,7.63640000,845.00,28.886
18473,3,10616,15512.310749891654,11448.88093340801,2020-08-06T15:48:39Z,45.39680000,7.63650000,840.00,28.888
18474,3,10617,15513.310749891654,11449.88093340801,2020-08-06T15:48:40Z,45.39680000,7.63660000,840.00,28.892
18475,3,10618,15514.310749891654,11450.88093340801,2020-08-06T15:48:41Z,45.39681667,7.63670000,844.00,28.898
18476,3,10619,15515.310749891654,11451.88093340801,2020-08-06T15:48:42Z,45.39685000,7.63678333,846.00,28.905
18477,3,10620,15516.310749891654,11452.88093340801,2020-08-06T15:48:43Z,45.39690000,7.63686667,843.00,28.913
18478,3,10621,15517.310749891654,11453.88093340801,2020-08-06T15:48:44Z,45.39696667,7.63693333,847.00,28.922
18479,3,10622,15518.310749891654,11454.88093340801,2020-08-06T15:48:45Z,45.39705000,7.63700000,853.00,28.933
18480,3,10623,15519.310749891654,11455.88093340801,2020-08-06T15:48:46Z,45.39711667,7.63703333,852.00,28.94
18481,3,10624,15520.310749891654,11456.88093340801,2020-08-06T15:48:47Z,45.39720000,7.63701667,857.00,28.947
18482,3,10625,15521.310749891654,11457.88093340801,2020-08-06T15:48:48Z,45.39726667,7.63698333,857.00,28.952
18483,3,10626,15522.310749891654,11458.88093340801,2020-08-06T15:48:49Z,45.39735000,7.63693333,857.00,28.958
18484,3,10627,15523.310749891654,11459.88093340801,2020-08-06T15:48:50Z,45.39745000,7.63686667,859.00,28.965
18485,3,10628,15524.310749891654,11460.88093340801,2020-08-06T15:48:51Z,45.39753333,7.63678333,858.00,28.969
18486,3,10629,15525.310749891654,11461.88093340801,2020-08-06T15:48:52Z,45.39760000,7.63668333,860.00,28.971
18487,3,10630,15526.310749891654,11462.88093340801,2020-08-06T15:48:53Z,45.39765000,7.63656667,860.00,28.971
18488,3,10631,15527.310749891654,11463.88093340801,2020-08-06T15:48:54Z,45.39768333,7.63643333,861.00,28.969
18489,3,10632,15528.310749891654,11464.88093340801,2020-08-06T15:48:55Z,45.39771667,7.63630000,857.00,28.967
18490,3,10633,15529.310749891654,11465.88093340801,2020-08-06T15:48:56Z,45.39773333,7.63613333,860.00,28.961
18491,3,10634,15530.310749891654,11466.88093340801,2020-08-06T15:48:57Z,45.39771667,7.63598333,861.00,28.954
18492,3,10635,15531.310749891654,11467.88093340801,2020-08-06T15:48:58Z,45.39768333,7.63585000,865.00,28.945
18493,3,10636,15532.310749891654,11468.88093340801,2020-08-06T15:48:59Z,45.39763333,7.63575000,864.00,28.936
18494,3,10637,15533.310749891654,11469.88093340801,2020-08-06T15:49:00Z,45.39755000,7.63566667,859.00,28.925
18495,3,10638,15534.310749891654,11470.88093340801,2020-08-06T15:49:01Z,45.39748333,7.63560000,863.00,28.916
18496,3,10639,15535.310749891654,11471.88093340801,2020-08-06T15:49:02Z,45.39740000,7.63556667,869.00,28.907
18497,3,10640,15536.310749891654,11472.88093340801,2020-08-06T15:49:03Z,45.39731667,7.63555000,869.00,28.898
18498,3,10641,15537.310749891654,11473.88093340801,2020-08-06T15:49:04Z,45.39725000,7.63558333,866.00,28.893
18499,3,10642,15538.310749891654,11474.88093340801,2020-08-06T15:49:05Z,45.39718333,7.63561667,869.00,28.888
18500,3,10643,15539.310749891654,11475.88093340801,2020-08-06T15:49:06Z,45.39711667,7.63568333,869.00,28.885
18501,3,10644,15540.310749891654,11476.88093340801,2020-08-06T15:49:07Z,45.39706667,7.63576667,870.00,28.883
18502,3,10645,15541.310749891654,11477.88093340801,2020-08-06T15:49:08Z,45.39703333,7.63586667,875.00,28.884
18503,3,10646,15542.310749891654,11478.88093340801,2020-08-06T15:49:09Z,45.39703333,7.63598333,874.00,28.889
18504,3,10647,15543.310749891654,11479.88093340801,2020-08-06T15:49:10Z,45.39703333,7.63608333,874.00,28.893
18505,3,10648,15544.310749891654,11480.88093340801,2020-08-06T15:49:11Z,45.39706667,7.63618333,873.00,28.9
18506,3,10649,15545.310749891654,11481.88093340801,2020-08-06T15:49:12Z,45.39708333,7.63628333,875.00,28.906
18507,3,10650,15546.310749891654,11482.88093340801,2020-08-06T15:49:13Z,45.39711667,7.63640000,878.00,28.914
18508,3,10651,15547.310749891654,11483.88093340801,2020-08-06T15:49:14Z,45.39713333,7.63650000,878.00,28.92
18509,3,10652,15548.310749891654,11484.88093340801,2020-08-06T15:49:15Z,45.39716667,7.63660000,875.00,28.927
18510,3,10653,15549.310749891654,11485.88093340801,2020-08-06T15:49:16Z,45.39721667,7.63668333,878.00,28.935
18511,3,10654,15550.310749891654,11486.88093340801,2020-08-06T15:49:17Z,45.39726667,7.63676667,887.00,28.943
18512,3,10655,15551.310749891654,11487.88093340801,2020-08-06T15:49:18Z,45.39731667,7.63685000,885.00,28.952
18513,3,10656,15552.310749891654,11488.88093340801,2020-08-06T15:49:19Z,45.39740000,7.63693333,888.00,28.963
18514,3,10657,15553.310749891654,11489.88093340801,2020-08-06T15:49:20Z,45.39750000,7.63696667,890.00,28.974
18515,3,10658,15554.310749891654,11490.88093340801,2020-08-06T15:49:21Z,45.39760000,7.63698333,889.00,28.984
18516,3,10659,15555.310749891654,11491.88093340801,2020-08-06T15:49:22Z,45.39770000,7.63695000,888.00,28.992
18517,3,10660,15556.310749891654,11492.88093340801,2020-08-06T15:49:23Z,45.39781667,7.63688333,890.00,29.0
18518,3,10661,15557.310749891654,11493.88093340801,2020-08-06T15:49:24Z,45.39790000,7.63676667,892.00,29.003
18519,3,10662,15558.310749891654,11494.88093340801,2020-08-06T15:49:25Z,45.39796667,7.63661667,894.00,29.003
18520,3,10663,15559.310749891654,11495.88093340801,2020-08-06T15:49:26Z,45.39801667,7.63646667,896.00,29.002
18521,3,10664,15560.310749891654,11496.88093340801,2020-08-06T15:49:27Z,45.39803333,7.63631667,900.00,28.997
18522,3,10665,15561.310749891654,11497.88093340801,2020-08-06T15:49:28Z,45.39801667,7.63618333,902.00,28.99
18523,3,10666,15562.310749891654,11498.88093340801,2020-08-06T15:49:29Z,45.39800000,7.63605000,899.00,28.983
18524,3,10667,15563.310749891654,11499.88093340801,2020-08-06T15:49:30Z,45.39795000,7.63593333,901.00,28.974
18525,3,10668,15564.310749891654,11500.88093340801,2020-08-06T15:49:31Z,45.39790000,7.63583333,902.00,28.965
18526,3,10669,15565.310749891654,11501.88093340801,2020-08-06T15:49:32Z,45.39783333,7.63575000,900.00,28.955
18527,3,10670,15566.310749891654,11502.88093340801,2020-08-06T15:49:33Z,45.39776667,7.63568333,908.00,28.946
18528,3,10671,15567.310749891654,11503.88093340801,2020-08-06T15:49:34Z,45.39770000,7.63565000,908.00,28.938
18529,3,10672,15568.310749891654,11504.88093340801,2020-08-06T15:49:35Z,45.39763333,7.63563333,905.00,28.931
18530,3,10673,15569.310749891654,11505.88093340801,2020-08-06T15:49:36Z,45.39755000,7.63565000,908.00,28.924
18531,3,10674,15570.310749891654,11506.88093340801,2020-08-06T15:49:37Z,45.39748333,7.63570000,906.00,28.92
18532,3,10675,15571.310749891654,11507.88093340801,2020-08-06T15:49:38Z,45.39741667,7.63575000,907.00,28.916
18533,3,10676,15572.310749891654,11508.88093340801,2020-08-06T15:49:39Z,45.39735000,7.63583333,911.00,28.913
18534,3,10677,15573.310749891654,11509.88093340801,2020-08-06T15:49:40Z,45.39730000,7.63591667,914.00,28.911
18535,3,10678,15574.310749891654,11510.88093340801,2020-08-06T15:49:41Z,45.39726667,7.63601667,910.00,28.912
18536,3,10679,15575.310749891654,11511.88093340801,2020-08-06T15:49:42Z,45.39723333,7.63610000,917.00,28.913
18537,3,10680,15576.310749891654,11512.88093340801,2020-08-06T15:49:43Z,45.39720000,7.63616667,910.00,28.912
18538,3,10681,15577.310749891654,11513.88093340801,2020-08-06T15:49:44Z,45.39716667,7.63625000,918.00,28.913
18539,3,10682,15578.310749891654,11514.88093340801,2020-08-06T15:49:45Z,45.39713333,7.63633333,921.00,28.913
18540,3,10683,15579.310749891654,11515.88093340801,2020-08-06T15:49:46Z,45.39711667,7.63641667,918.00,28.915
18541,3,10684,15580.310749891654,11516.88093340801,2020-08-06T15:49:47Z,45.39711667,7.63651667,926.00,28.919
18542,3,10685,15581.310749891654,11517.88093340801,2020-08-06T15:49:48Z,45.39711667,7.63663333,916.00,28.924
18543,3,10686,15582.310749891654,11518.88093340801,2020-08-06T15:49:49Z,45.39711667,7.63673333,933.00,28.928
18544,3,10687,15583.310749891654,11519.88093340801,2020-08-06T15:49:50Z,45.39710000,7.63681667,925.00,28.93
18545,3,10688,15584.310749891654,11520.88093340801,2020-08-06T15:49:51Z,45.39706667,7.63690000,925.00,28.93
18546,3,10689,15585.310749891654,11521.88093340801,2020-08-06T15:49:52Z,45.39701667,7.63698333,929.00,28.929
18547,3,10690,15586.310749891654,11522.88093340801,2020-08-06T15:49:53Z,45.39696667,7.63705000,928.00,28.927
18548,3,10691,15587.310749891654,11523.88093340801,2020-08-06T15:49:54Z,45.39690000,7.63710000,923.00,28.923
18549,3,10692,15588.310749891654,11524.88093340801,2020-08-06T15:49:55Z,45.39681667,7.63711667,939.00,28.916
18550,3,10693,15589.310749891654,11525.88093340801,2020-08-06T15:49:56Z,45.39671667,7.63708333,946.00,28.905
18551,3,10694,15590.310749891654,11526.88093340801,2020-08-06T15:49:57Z,45.39665000,7.63698333,947.00,28.894
18552,3,10695,15591.310749891654,11527.88093340801,2020-08-06T15:49:58Z,45.39660000,7.63686667,947.00,28.885
18553,3,10696,15592.310749891654,11528.88093340801,2020-08-06T15:49:59Z,45.39656667,7.63673333,949.00,28.876
18554,3,10697,15593.310749891654,11529.88093340801,2020-08-06T15:50:00Z,45.39656667,7.63660000,953.00,28.871
18555,3,10698,15594.310749891654,11530.88093340801,2020-08-06T15:50:01Z,45.39658333,7.63646667,960.00,28.867
18556,3,10699,15595.310749891654,11531.88093340801,2020-08-06T15:50:02Z,45.39661667,7.63633333,953.00,28.864
18557,3,10700,15596.310749891654,11532.88093340801,2020-08-06T15:50:03Z,45.39668333,7.63621667,955.00,28.866
18558,3,10701,15597.310749891654,11533.88093340801,2020-08-06T15:50:04Z,45.39676667,7.63610000,954.00,28.869
18559,3,10702,15598.310749891654,11534.88093340801,2020-08-06T15:50:05Z,45.39686667,7.63603333,954.00,28.875
18560,3,10703,15599.310749891654,11535.88093340801,2020-08-06T15:50:06Z,45.39698333,7.63600000,961.00,28.885
18561,3,10704,15600.310749891654,11536.88093340801,2020-08-06T15:50:07Z,45.39708333,7.63601667,963.00,28.895
18562,3,10705,15601.310749891654,11537.88093340801,2020-08-06T15:50:08Z,45.39716667,7.63605000,961.00,28.904
18563,3,10706,15602.310749891654,11538.88093340801,2020-08-06T15:50:09Z,45.39723333,7.63610000,965.00,28.913
18564,3,10707,15603.310749891654,11539.88093340801,2020-08-06T15:50:10Z,45.39728333,7.63620000,966.00,28.922
18565,3,10708,15604.310749891654,11540.88093340801,2020-08-06T15:50:11Z,45.39730000,7.63630000,971.00,28.927
18566,3,10709,15605.310749891654,11541.88093340801,2020-08-06T15:50:12Z,45.39728333,7.63640000,973.00,28.93
18567,3,10710,15606.310749891654,11542.88093340801,2020-08-06T15:50:13Z,45.39725000,7.63650000,974.00,28.931
18568,3,10711,15607.310749891654,11543.88093340801,2020-08-06T15:50:14Z,45.39721667,7.63656667,980.00,28.93
18569,3,10712,15608.310749891654,11544.88093340801,2020-08-06T15:50:15Z,45.39715000,7.63660000,971.00,28.925
18570,3,10713,15609.310749891654,11545.88093340801,2020-08-06T15:50:16Z,45.39706667,7.63661667,978.00,28.918
18571,3,10714,15610.310749891654,11546.88093340801,2020-08-06T15:50:17Z,45.39698333,7.63660000,984.00,28.91
18572,3,10715,15611.310749891654,11547.88093340801,2020-08-06T15:50:18Z,45.39690000,7.63655000,987.00,28.9
18573,3,10716,15612.310749891654,11548.88093340801,2020-08-06T15:50:19Z,45.39683333,7.63646667,985.00,28.89
18574,3,10717,15613.310749891654,11549.88093340801,2020-08-06T15:50:20Z,45.39676667,7.63636667,977.00,28.88
18575,3,10718,15614.310749891654,11550.88093340801,2020-08-06T15:50:21Z,45.39673333,7.63623333,983.00,28.871
18576,3,10719,15615.310749891654,11551.88093340801,2020-08-06T15:50:22Z,45.39671667,7.63610000,993.00,28.864
18577,3,10720,15616.310749891654,11552.88093340801,2020-08-06T15:50:23Z,45.39671667,7.63593333,996.00,28.857
18578,3,10721,15617.310749891654,11553.88093340801,2020-08-06T15:50:24Z,45.39675000,7.63580000,991.00,28.855
18579,3,10722,15618.310749891654,11554.88093340801,2020-08-06T15:50:25Z,45.39681667,7.63568333,1006.00,28.856
18580,3,10723,15619.310749891654,11555.88093340801,2020-08-06T15:50:26Z,45.39688333,7.63560000,991.00,28.859
18581,3,10724,15620.310749891654,11556.88093340801,2020-08-06T15:50:27Z,45.39700000,7.63553333,998.00,28.867
18582,3,10725,15621.310749891654,11557.88093340801,2020-08-06T15:50:28Z,45.39710000,7.63550000,1004.00,28.875
18583,3,10726,15622.310749891654,11558.88093340801,2020-08-06T15:50:29Z,45.39721667,7.63546667,1012.00,28.885
18584,3,10727,15623.310749891654,11559.88093340801,2020-08-06T15:50:30Z,45.39731667,7.63546667,996.00,28.895
18585,3,10728,15624.310749891654,11560.88093340801,2020-08-06T15:50:31Z,45.39738333,7.63550000,1013.00,28.902
18586,3,10729,15625.310749891654,11561.88093340801,2020-08-06T15:50:32Z,45.39745000,7.63556667,1007.00,28.911
18587,3,10730,15626.310749891654,11562.88093340801,2020-08-06T15:50:33Z,45.39750000,7.63565000,1012.00,28.92
18588,3,10731,15627.310749891654,11563.88093340801,2020-08-06T15:50:34Z,45.39751667,7.63575000,1016.00,28.925
18589,3,10732,15628.310749891654,11564.88093340801,2020-08-06T15:50:35Z,45.39750000,7.63585000,1018.00,28.928
18590,3,10733,15629.310749891654,11565.88093340801,2020-08-06T15:50:36Z,45.39746667,7.63593333,1019.00,28.928
18591,3,10734,15630.310749891654,11566.88093340801,2020-08-06T15:50:37Z,45.39741667,7.63598333,1022.00,28.925
18592,3,10735,15631.310749891654,11567.88093340801,2020-08-06T15:50:38Z,45.39735000,7.63601667,1027.00,28.92
18593,3,10736,15632.310749891654,11568.88093340801,2020-08-06T15:50:39Z,45.39728333,7.63600000,1029.00,28.913
18594,3,10737,15633.310749891654,11569.88093340801,2020-08-06T15:50:40Z,45.39720000,7.63598333,1032.00,28.905
18595,3,10738,15634.310749891654,11570.88093340801,2020-08-06T15:50:41Z,45.39713333,7.63591667,1028.00,28.896
18596,3,10739,15635.310749891654,11571.88093340801,2020-08-06T15:50:42Z,45.39706667,7.63581667,1029.00,28.885
18597,3,10740,15636.310749891654,11572.88093340801,2020-08-06T15:50:43Z,45.39701667,7.63568333,1035.00,28.875
18598,3,10741,15637.310749891654,11573.88093340801,2020-08-06T15:50:44Z,45.39700000,7.63553333,1036.00,28.867
18599,3,10742,15638.310749891654,11574.88093340801,2020-08-06T15:50:45Z,45.39701667,7.63538333,1035.00,28.863
18600,3,10743,15639.310749891654,11575.88093340801,2020-08-06T15:50:46Z,45.39706667,7.63525000,1028.00,28.862
18601,3,10744,15640.310749891654,11576.88093340801,2020-08-06T15:50:47Z,45.39715000,7.63515000,1037.00,28.866
18602,3,10745,15641.310749891654,11577.88093340801,2020-08-06T15:50:48Z,45.39726667,7.63511667,1031.00,28.876
18603,3,10746,15642.310749891654,11578.88093340801,2020-08-06T15:50:49Z,45.39738333,7.63511667,1037.00,28.887
18604,3,10747,15643.310749891654,11579.88093340801,2020-08-06T15:50:50Z,45.39748333,7.63516667,1047.00,28.898
18605,3,10748,15644.310749891654,11580.88093340801,2020-08-06T15:50:51Z,45.39755000,7.63520000,1045.00,28.906
18606,3,10749,15645.310749891654,11581.88093340801,2020-08-06T15:50:52Z,45.39760000,7.63525000,1045.00,28.913
18607,3,10750,15646.310749891654,11582.88093340801,2020-08-06T15:50:53Z,45.39761667,7.63531667,1053.00,28.917
18608,3,10751,15647.310749891654,11583.88093340801,2020-08-06T15:50:54Z,45.39763333,7.63540000,1049.00,28.922
18609,3,10752,15648.310749891654,11584.88093340801,2020-08-06T15:50:55Z,45.39763333,7.63548333,1052.00,28.925
18610,3,10753,15649.310749891654,11585.88093340801,2020-08-06T15:50:56Z,45.39760000,7.63558333,1051.00,28.926
18611,3,10754,15650.310749891654,11586.88093340801,2020-08-06T15:50:57Z,45.39755000,7.63565000,1056.00,28.924
18612,3,10755,15651.310749891654,11587.88093340801,2020-08-06T15:50:58Z,45.39748333,7.63568333,1062.00,28.919
18613,3,10756,15652.310749891654,11588.88093340801,2020-08-06T15:50:59Z,45.39740000,7.63566667,1063.00,28.911
18614,3,10757,15653.310749891654,11589.88093340801,2020-08-06T15:51:00Z,45.39733333,7.63563333,1064.00,28.903
18615,3,10758,15654.310749891654,11590.88093340801,2020-08-06T15:51:01Z,45.39725000,7.63555000,1067.00,28.892
18616,3,10759,15655.310749891654,11591.88093340801,2020-08-06T15:51:02Z,45.39720000,7.63545000,1066.00,28.883
18617,3,10760,15656.310749891654,11592.88093340801,2020-08-06T15:51:03Z,45.39716667,7.63531667,1065.00,28.874
18618,3,10761,15657.310749891654,11593.88093340801,2020-08-06T15:51:04Z,45.39715000,7.63516667,1070.00,28.867
18619,3,10762,15658.310749891654,11594.88093340801,2020-08-06T15:51:05Z,45.39716667,7.63501667,1077.00,28.862
18620,3,10763,15659.310749891654,11595.88093340801,2020-08-06T15:51:06Z,45.39718333,7.63486667,1073.00,28.858
18621,3,10764,15660.310749891654,11596.88093340801,2020-08-06T15:51:07Z,45.39723333,7.63471667,1074.00,28.856
18622,3,10765,15661.310749891654,11597.88093340801,2020-08-06T15:51:08Z,45.39731667,7.63458333,1067.00,28.859
18623,3,10766,15662.310749891654,11598.88093340801,2020-08-06T15:51:09Z,45.39741667,7.63448333,1074.00,28.864
18624,3,10767,15663.310749891654,11599.88093340801,2020-08-06T15:51:10Z,45.39753333,7.63443333,1065.00,28.873
18625,3,10768,15664.310749891654,11600.88093340801,2020-08-06T15:51:11Z,45.39763333,7.63441667,1071.00,28.882
18626,3,10769,15665.310749891654,11601.88093340801,2020-08-06T15:51:12Z,45.39775000,7.63446667,1079.00,28.895
18627,3,10770,15666.310749891654,11602.88093340801,2020-08-06T15:51:13Z,45.39781667,7.63451667,1068.00,28.904
18628,3,10771,15667.310749891654,11603.88093340801,2020-08-06T15:51:14Z,45.39786667,7.63458333,1078.00,28.911
18629,3,10772,15668.310749891654,11604.88093340801,2020-08-06T15:51:15Z,45.39788333,7.63465000,1079.00,28.916
18630,3,10773,15669.310749891654,11605.88093340801,2020-08-06T15:51:16Z,45.39788333,7.63473333,1084.00,28.919
18631,3,10774,15670.310749891654,11606.88093340801,2020-08-06T15:51:17Z,45.39786667,7.63480000,1085.00,28.92
18632,3,10775,15671.310749891654,11607.88093340801,2020-08-06T15:51:18Z,45.39783333,7.63488333,1083.00,28.92
18633,3,10776,15672.310749891654,11608.88093340801,2020-08-06T15:51:19Z,45.39778333,7.63493333,1091.00,28.917
18634,3,10777,15673.310749891654,11609.88093340801,2020-08-06T15:51:20Z,45.39771667,7.63495000,1085.00,28.912
18635,3,10778,15674.310749891654,11610.88093340801,2020-08-06T15:51:21Z,45.39765000,7.63495000,1093.00,28.905
18636,3,10779,15675.310749891654,11611.88093340801,2020-08-06T15:51:22Z,45.39758333,7.63493333,1094.00,28.898
18637,3,10780,15676.310749891654,11612.88093340801,2020-08-06T15:51:23Z,45.39751667,7.63488333,1091.00,28.89
18638,3,10781,15677.310749891654,11613.88093340801,2020-08-06T15:51:24Z,45.39745000,7.63480000,1085.00,28.88
18639,3,10782,15678.310749891654,11614.88093340801,2020-08-06T15:51:25Z,45.39740000,7.63468333,1088.00,28.871
18640,3,10783,15679.310749891654,11615.88093340801,2020-08-06T15:51:26Z,45.39735000,7.63455000,1101.00,28.861
18641,3,10784,15680.310749891654,11616.88093340801,2020-08-06T15:51:27Z,45.39731667,7.63440000,1107.00,28.851
18642,3,10785,15681.310749891654,11617.88093340801,2020-08-06T15:51:28Z,45.39730000,7.63425000,1089.00,28.844
18643,3,10786,15682.310749891654,11618.88093340801,2020-08-06T15:51:29Z,45.39730000,7.63410000,1098.00,28.838
18644,3,10787,15683.310749891654,11619.88093340801,2020-08-06T15:51:30Z,45.39733333,7.63396667,1091.00,28.836
18645,3,10788,15684.310749891654,11620.88093340801,2020-08-06T15:51:31Z,45.39740000,7.63383333,1097.00,28.837
18646,3,10789,15685.310749891654,11621.88093340801,2020-08-06T15:51:32Z,45.39750000,7.63373333,1093.00,28.842
18647,3,10790,15686.310749891654,11622.88093340801,2020-08-06T15:51:33Z,45.39760000,7.63366667,1095.00,28.849
18648,3,10791,15687.310749891654,11623.88093340801,2020-08-06T15:51:34Z,45.39770000,7.63365000,1089.00,28.858
18649,3,10792,15688.310749891654,11624.88093340801,2020-08-06T15:51:35Z,45.39780000,7.63365000,1096.00,28.868
18650,3,10793,15689.310749891654,11625.88093340801,2020-08-06T15:51:36Z,45.39788333,7.63370000,1094.00,28.878
18651,3,10794,15690.310749891654,11626.88093340801,2020-08-06T15:51:37Z,45.39796667,7.63375000,1097.00,28.888
18652,3,10795,15691.310749891654,11627.88093340801,2020-08-06T15:51:38Z,45.39803333,7.63383333,1103.00,28.897
18653,3,10796,15692.310749891654,11628.88093340801,2020-08-06T15:51:39Z,45.39806667,7.63395000,1090.00,28.905
18654,3,10797,15693.310749891654,11629.88093340801,2020-08-06T15:51:40Z,45.39810000,7.63405000,1098.00,28.912
18655,3,10798,15694.310749891654,11630.88093340801,2020-08-06T15:51:41Z,45.39813333,7.63415000,1112.00,28.919
18656,3,10799,15695.310749891654,11631.88093340801,2020-08-06T15:51:42Z,45.39816667,7.63423333,1106.00,28.926
18657,3,10800,15696.310749891654,11632.88093340801,2020-08-06T15:51:43Z,45.39821667,7.63431667,1110.00,28.934
18658,3,10801,15697.310749891654,11633.88093340801,2020-08-06T15:51:44Z,45.39825000,7.63438333,1080.00,28.94
18659,3,10802,15698.310749891654,11634.88093340801,2020-08-06T15:51:45Z,45.39826667,7.63446667,1116.00,28.945
18660,3,10803,15699.310749891654,11635.88093340801,2020-08-06T15:51:46Z,45.39825000,7.63455000,1105.00,28.947
18661,3,10804,15700.310749891654,11636.88093340801,2020-08-06T15:51:47Z,45.39820000,7.63461667,1109.00,28.944
18662,3,10805,15701.310749891654,11637.88093340801,2020-08-06T15:51:48Z,45.39813333,7.63466667,1109.00,28.94
18663,3,10806,15702.310749891654,11638.88093340801,2020-08-06T15:51:49Z,45.39806667,7.63466667,1115.00,28.934
18664,3,10807,15703.310749891654,11639.88093340801,2020-08-06T15:51:50Z,45.39798333,7.63463333,1108.00,28.924
18665,3,10808,15704.310749891654,11640.88093340801,2020-08-06T15:51:51Z,45.39791667,7.63455000,1114.00,28.915
18666,3,10809,15705.310749891654,11641.88093340801,2020-08-06T15:51:52Z,45.39786667,7.63443333,1114.00,28.905
18667,3,10810,15706.310749891654,11642.88093340801,2020-08-06T15:51:53Z,45.39783333,7.63428333,1118.00,28.896
18668,3,10811,15707.310749891654,11643.88093340801,2020-08-06T15:51:54Z,45.39783333,7.63413333,1124.00,28.89
18669,3,10812,15708.310749891654,11644.88093340801,2020-08-06T15:51:55Z,45.39785000,7.63398333,1116.00,28.886
18670,3,10813,15709.310749891654,11645.88093340801,2020-08-06T15:51:56Z,45.39790000,7.63385000,1114.00,28.885
18671,3,10814,15710.310749891654,11646.88093340801,2020-08-06T15:51:57Z,45.39795000,7.63371667,1127.00,28.885
18672,3,10815,15711.310749891654,11647.88093340801,2020-08-06T15:51:58Z,45.39801667,7.63360000,1118.00,28.886
18673,3,10816,15712.310749891654,11648.88093340801,2020-08-06T15:51:59Z,45.39810000,7.63351667,1121.00,28.891
18674,3,10817,15713.310749891654,11649.88093340801,2020-08-06T15:52:00Z,45.39820000,7.63348333,1127.00,28.899
18675,3,10818,15714.310749891654,11650.88093340801,2020-08-06T15:52:01Z,45.39830000,7.63348333,1118.00,28.909
18676,3,10819,15715.310749891654,11651.88093340801,2020-08-06T15:52:02Z,45.39840000,7.63353333,1120.00,28.921
18677,3,10820,15716.310749891654,11652.88093340801,2020-08-06T15:52:03Z,45.39846667,7.63361667,1130.00,28.93
18678,3,10821,15717.310749891654,11653.88093340801,2020-08-06T15:52:04Z,45.39851667,7.63370000,1129.00,28.938
18679,3,10822,15718.310749891654,11654.88093340801,2020-08-06T15:52:05Z,45.39853333,7.63378333,1120.00,28.943
18680,3,10823,15719.310749891654,11655.88093340801,2020-08-06T15:52:06Z,45.39851667,7.63386667,1126.00,28.945
18681,3,10824,15720.310749891654,11656.88093340801,2020-08-06T15:52:07Z,45.39846667,7.63391667,1126.00,28.942
18682,3,10825,15721.310749891654,11657.88093340801,2020-08-06T15:52:08Z,45.39841667,7.63396667,1129.00,28.939
18683,3,10826,15722.310749891654,11658.88093340801,2020-08-06T15:52:09Z,45.39835000,7.63400000,1132.00,28.934
18684,3,10827,15723.310749891654,11659.88093340801,2020-08-06T15:52:10Z,45.39828333,7.63401667,1124.00,28.928
18685,3,10828,15724.310749891654,11660.88093340801,2020-08-06T15:52:11Z,45.39821667,7.63405000,1133.00,28.923
18686,3,10829,15725.310749891654,11661.88093340801,2020-08-06T15:52:12Z,45.39816667,7.63410000,1136.00,28.921
18687,3,10830,15726.310749891654,11662.88093340801,2020-08-06T15:52:13Z,45.39810000,7.63413333,1132.00,28.916
18688,3,10831,15727.310749891654,11663.88093340801,2020-08-06T15:52:14Z,45.39803333,7.63418333,1133.00,28.911
18689,3,10832,15728.310749891654,11664.88093340801,2020-08-06T15:52:15Z,45.39798333,7.63423333,1140.00,28.908
18690,3,10833,15729.310749891654,11665.88093340801,2020-08-06T15:52:16Z,45.39793333,7.63428333,1140.00,28.906
18691,3,10834,15730.310749891654,11666.88093340801,2020-08-06T15:52:17Z,45.39790000,7.63436667,1137.00,28.906
18692,3,10835,15731.310749891654,11667.88093340801,2020-08-06T15:52:18Z,45.39786667,7.63445000,1136.00,28.906
18693,3,10836,15732.310749891654,11668.88093340801,2020-08-06T15:52:19Z,45.39781667,7.63455000,1144.00,28.905
18694,3,10837,15733.310749891654,11669.88093340801,2020-08-06T15:52:20Z,45.39775000,7.63463333,1136.00,28.902
18695,3,10838,15734.310749891654,11670.88093340801,2020-08-06T15:52:21Z,45.39766667,7.63468333,1122.00,28.896
18696,3,10839,15735.310749891654,11671.88093340801,2020-08-06T15:52:22Z,45.39758333,7.63470000,1138.00,28.889
18697,3,10840,15736.310749891654,11672.88093340801,2020-08-06T15:52:23Z,45.39750000,7.63465000,1129.00,28.879
18698,3,10841,15737.310749891654,11673.88093340801,2020-08-06T15:52:24Z,45.39743333,7.63456667,1156.00,28.869
18699,3,10842,15738.310749891654,11674.88093340801,2020-08-06T15:52:25Z,45.39738333,7.63445000,1164.00,28.86
18700,3,10843,15739.310749891654,11675.88093340801,2020-08-06T15:52:26Z,45.39735000,7.63431667,1142.00,28.851
18701,3,10844,15740.310749891654,11676.88093340801,2020-08-06T15:52:27Z,45.39735000,7.63416667,1145.00,28.845
18702,3,10845,15741.310749891654,11677.88093340801,2020-08-06T15:52:28Z,45.39736667,7.63400000,1159.00,28.84
18703,3,10846,15742.310749891654,11678.88093340801,2020-08-06T15:52:29Z,45.39741667,7.63385000,1144.00,28.839
18704,3,10847,15743.310749891654,11679.88093340801,2020-08-06T15:52:30Z,45.39750000,7.63371667,1146.00,28.842
18705,3,10848,15744.310749891654,11680.88093340801,2020-08-06T15:52:31Z,45.39758333,7.63363333,1159.00,28.846
18706,3,10849,15745.310749891654,11681.88093340801,2020-08-06T15:52:32Z,45.39768333,7.63356667,1153.00,28.853
18707,3,10850,15746.310749891654,11682.88093340801,2020-08-06T15:52:33Z,45.39778333,7.63355000,1147.00,28.862
18708,3,10851,15747.310749891654,11683.88093340801,2020-08-06T15:52:34Z,45.39788333,7.63356667,1151.00,28.872
18709,3,10852,15748.310749891654,11684.88093340801,2020-08-06T15:52:35Z,45.39798333,7.63360000,1155.00,28.883
18710,3,10853,15749.310749891654,11685.88093340801,2020-08-06T15:52:36Z,45.39805000,7.63368333,1148.00,28.893
18711,3,10854,15750.310749891654,11686.88093340801,2020-08-06T15:52:37Z,45.39810000,7.63378333,1159.00,28.902
18712,3,10855,15751.310749891654,11687.88093340801,2020-08-06T15:52:38Z,45.39811667,7.63388333,1153.00,28.907
18713,3,10856,15752.310749891654,11688.88093340801,2020-08-06T15:52:39Z,45.39810000,7.63398333,1159.00,28.91
18714,3,10857,15753.310749891654,11689.88093340801,2020-08-06T15:52:40Z,45.39808333,7.63408333,1158.00,28.912
18715,3,10858,15754.310749891654,11690.88093340801,2020-08-06T15:52:41Z,45.39803333,7.63415000,1164.00,28.91
18716,3,10859,15755.310749891654,11691.88093340801,2020-08-06T15:52:42Z,45.39798333,7.63421667,1158.00,28.908
18717,3,10860,15756.310749891654,11692.88093340801,2020-08-06T15:52:43Z,45.39791667,7.63426667,1166.00,28.903
18718,3,10861,15757.310749891654,11693.88093340801,2020-08-06T15:52:44Z,45.39786667,7.63431667,1169.00,28.901
18719,3,10862,15758.310749891654,11694.88093340801,2020-08-06T15:52:45Z,45.39781667,7.63435000,1156.00,28.897
18720,3,10863,15759.310749891654,11695.88093340801,2020-08-06T15:52:46Z,45.39773333,7.63436667,1153.00,28.89
18721,3,10864,15760.310749891654,11696.88093340801,2020-08-06T15:52:47Z,45.39766667,7.63436667,1160.00,28.883
18722,3,10865,15761.310749891654,11697.88093340801,2020-08-06T15:52:48Z,45.39756667,7.63431667,1157.00,28.872
18723,3,10866,15762.310749891654,11698.88093340801,2020-08-06T15:52:49Z,45.39750000,7.63421667,1175.00,28.862
18724,3,10867,15763.310749891654,11699.88093340801,2020-08-06T15:52:50Z,45.39745000,7.63410000,1156.00,28.852
18725,3,10868,15764.310749891654,11700.88093340801,2020-08-06T15:52:51Z,45.39745000,7.63396667,1167.00,28.847
18726,3,10869,15765.310749891654,11701.88093340801,2020-08-06T15:52:52Z,45.39748333,7.63381667,1163.00,28.844
18727,3,10870,15766.310749891654,11702.88093340801,2020-08-06T15:52:53Z,45.39753333,7.63368333,1179.00,28.843
18728,3,10871,15767.310749891654,11703.88093340801,2020-08-06T15:52:54Z,45.39761667,7.63355000,1166.00,28.846
18729,3,10872,15768.310749891654,11704.88093340801,2020-08-06T15:52:55Z,45.39770000,7.63345000,1170.00,28.85
18730,3,10873,15769.310749891654,11705.88093340801,2020-08-06T15:52:56Z,45.39778333,7.63336667,1167.00,28.855
18731,3,10874,15770.310749891654,11706.88093340801,2020-08-06T15:52:57Z,45.39788333,7.63330000,1177.00,28.862
18732,3,10875,15771.310749891654,11707.88093340801,2020-08-06T15:52:58Z,45.39798333,7.63328333,1168.00,28.871
18733,3,10876,15772.310749891654,11708.88093340801,2020-08-06T15:52:59Z,45.39806667,7.63328333,1167.00,28.879
18734,3,10877,15773.310749891654,11709.88093340801,2020-08-06T15:53:00Z,45.39816667,7.63333333,1176.00,28.89
18735,3,10878,15774.310749891654,11710.88093340801,2020-08-06T15:53:01Z,45.39823333,7.63340000,1173.00,28.899
18736,3,10879,15775.310749891654,11711.88093340801,2020-08-06T15:53:02Z,45.39828333,7.63348333,1172.00,28.907
18737,3,10880,15776.310749891654,11712.88093340801,2020-08-06T15:53:03Z,45.39830000,7.63356667,1164.00,28.912
18738,3,10881,15777.310749891654,11713.88093340801,2020-08-06T15:53:04Z,45.39830000,7.63368333,1182.00,28.917
18739,3,10882,15778.310749891654,11714.88093340801,2020-08-06T15:53:05Z,45.39828333,7.63381667,1175.00,28.921
18740,3,10883,15779.310749891654,11715.88093340801,2020-08-06T15:53:06Z,45.39823333,7.63391667,1180.00,28.92
18741,3,10884,15780.310749891654,11716.88093340801,2020-08-06T15:53:07Z,45.39818333,7.63400000,1173.00,28.918
18742,3,10885,15781.310749891654,11717.88093340801,2020-08-06T15:53:08Z,45.39811667,7.63405000,1185.00,28.914
18743,3,10886,15782.310749891654,11718.88093340801,2020-08-06T15:53:09Z,45.39803333,7.63406667,1178.00,28.907
18744,3,10887,15783.310749891654,11719.88093340801,2020-08-06T15:53:10Z,45.39795000,7.63403333,1161.00,28.897
18745,3,10888,15784.310749891654,11720.88093340801,2020-08-06T15:53:11Z,45.39786667,7.63396667,1187.00,28.887
18746,3,10889,15785.310749891654,11721.88093340801,2020-08-06T15:53:12Z,45.39783333,7.63385000,1183.00,28.879
18747,3,10890,15786.310749891654,11722.88093340801,2020-08-06T15:53:13Z,45.39780000,7.63371667,1189.00,28.87
18748,3,10891,15787.310749891654,11723.88093340801,2020-08-06T15:53:14Z,45.39780000,7.63356667,1174.00,28.864
18749,3,10892,15788.310749891654,11724.88093340801,2020-08-06T15:53:15Z,45.39781667,7.63340000,1176.00,28.859
18750,3,10893,15789.310749891654,11725.88093340801,2020-08-06T15:53:16Z,45.39786667,7.63325000,1184.00,28.858
18751,3,10894,15790.310749891654,11726.88093340801,2020-08-06T15:53:17Z,45.39793333,7.63311667,1187.00,28.859
18752,3,10895,15791.310749891654,11727.88093340801,2020-08-06T15:53:18Z,45.39800000,7.63301667,1185.00,28.862
18753,3,10896,15792.310749891654,11728.88093340801,2020-08-06T15:53:19Z,45.39808333,7.63295000,1193.00,28.867
18754,3,10897,15793.310749891654,11729.88093340801,2020-08-06T15:53:20Z,45.39818333,7.63290000,1179.00,28.875
18755,3,10898,15794.310749891654,11730.88093340801,2020-08-06T15:53:21Z,45.39828333,7.63288333,1194.00,28.884
18756,3,10899,15795.310749891654,11731.88093340801,2020-08-06T15:53:22Z,45.39836667,7.63290000,1177.00,28.892
18757,3,10900,15796.310749891654,11732.88093340801,2020-08-06T15:53:23Z,45.39846667,7.63293333,1193.00,28.903
18758,3,10901,15797.310749891654,11733.88093340801,2020-08-06T15:53:24Z,45.39853333,7.63300000,1187.00,28.912
18759,3,10902,15798.310749891654,11734.88093340801,2020-08-06T15:53:25Z,45.39858333,7.63308333,1187.00,28.921
18760,3,10903,15799.310749891654,11735.88093340801,2020-08-06T15:53:26Z,45.39860000,7.63320000,1191.00,28.927
18761,3,10904,15800.310749891654,11736.88093340801,2020-08-06T15:53:27Z,45.39860000,7.63330000,1191.00,28.931
18762,3,10905,15801.310749891654,11737.88093340801,2020-08-06T15:53:28Z,45.39858333,7.63340000,1197.00,28.933
18763,3,10906,15802.310749891654,11738.88093340801,2020-08-06T15:53:29Z,45.39855000,7.63348333,1195.00,28.933
18764,3,10907,15803.310749891654,11739.88093340801,2020-08-06T15:53:30Z,45.39850000,7.63355000,1196.00,28.931
18765,3,10908,15804.310749891654,11740.88093340801,2020-08-06T15:53:31Z,45.39843333,7.63361667,1191.00,28.927
18766,3,10909,15805.310749891654,11741.88093340801,2020-08-06T15:53:32Z,45.39836667,7.63366667,1190.00,28.923
18767,3,10910,15806.310749891654,11742.88093340801,2020-08-06T15:53:33Z,45.39828333,7.63368333,1195.00,28.915
18768,3,10911,15807.310749891654,11743.88093340801,2020-08-06T15:53:34Z,45.39820000,7.63370000,1197.00,28.908
18769,3,10912,15808.310749891654,11744.88093340801,2020-08-06T15:53:35Z,45.39813333,7.63371667,1200.00,28.902
18770,3,10913,15809.310749891654,11745.88093340801,2020-08-06T15:53:36Z,45.39805000,7.63375000,1207.00,28.896
18771,3,10914,15810.310749891654,11746.88093340801,2020-08-06T15:53:37Z,45.39796667,7.63380000,1191.00,28.89
18772,3,10915,15811.310749891654,11747.88093340801,2020-08-06T15:53:38Z,45.39788333,7.63381667,1207.00,28.882
18773,3,10916,15812.310749891654,11748.88093340801,2020-08-06T15:53:39Z,45.39780000,7.63381667,1199.00,28.874
18774,3,10917,15813.310749891654,11749.88093340801,2020-08-06T15:53:40Z,45.39773333,7.63380000,1201.00,28.867
18775,3,10918,15814.310749891654,11750.88093340801,2020-08-06T15:53:41Z,45.39766667,7.63375000,1204.00,28.859
18776,3,10919,15815.310749891654,11751.88093340801,2020-08-06T15:53:42Z,45.39761667,7.63370000,1194.00,28.852
18777,3,10920,15816.310749891654,11752.88093340801,2020-08-06T15:53:43Z,45.39758333,7.63360000,1203.00,28.845
18778,3,10921,15817.310749891654,11753.88093340801,2020-08-06T15:53:44Z,45.39755000,7.63350000,1206.00,28.838
18779,3,10922,15818.310749891654,11754.88093340801,2020-08-06T15:53:45Z,45.39753333,7.63338333,1188.00,28.832
18780,3,10923,15819.310749891654,11755.88093340801,2020-08-06T15:53:46Z,45.39755000,7.63328333,1202.00,28.829
18781,3,10924,15820.310749891654,11756.88093340801,2020-08-06T15:53:47Z,45.39756667,7.63318333,1195.00,28.827
18782,3,10925,15821.310749891654,11757.88093340801,2020-08-06T15:53:48Z,45.39760000,7.63308333,1203.00,28.826
18783,3,10926,15822.310749891654,11758.88093340801,2020-08-06T15:53:49Z,45.39765000,7.63298333,1202.00,28.827
18784,3,10927,15823.310749891654,11759.88093340801,2020-08-06T15:53:50Z,45.39773333,7.63290000,1194.00,28.832
18785,3,10928,15824.310749891654,11760.88093340801,2020-08-06T15:53:51Z,45.39781667,7.63285000,1189.00,28.838
18786,3,10929,15825.310749891654,11761.88093340801,2020-08-06T15:53:52Z,45.39791667,7.63285000,1197.00,28.847
18787,3,10930,15826.310749891654,11762.88093340801,2020-08-06T15:53:53Z,45.39800000,7.63288333,1185.00,28.857
18788,3,10931,15827.310749891654,11763.88093340801,2020-08-06T15:53:54Z,45.39808333,7.63296667,1185.00,28.868
18789,3,10932,15828.310749891654,11764.88093340801,2020-08-06T15:53:55Z,45.39815000,7.63305000,1193.00,28.878
18790,3,10933,15829.310749891654,11765.88093340801,2020-08-06T15:53:56Z,45.39818333,7.63313333,1196.00,28.884
18791,3,10934,15830.310749891654,11766.88093340801,2020-08-06T15:53:57Z,45.39821667,7.63323333,1198.00,28.891
18792,3,10935,15831.310749891654,11767.88093340801,2020-08-06T15:53:58Z,45.39821667,7.63333333,1194.00,28.895
18793,3,10936,15832.310749891654,11768.88093340801,2020-08-06T15:53:59Z,45.39821667,7.63343333,1184.00,28.899
18794,3,10937,15833.310749891654,11769.88093340801,2020-08-06T15:54:00Z,45.39821667,7.63355000,1191.00,28.904
18795,3,10938,15834.310749891654,11770.88093340801,2020-08-06T15:54:01Z,45.39818333,7.63365000,1191.00,28.904
18796,3,10939,15835.310749891654,11771.88093340801,2020-08-06T15:54:02Z,45.39816667,7.63373333,1197.00,28.906
18797,3,10940,15836.310749891654,11772.88093340801,2020-08-06T15:54:03Z,45.39813333,7.63383333,1188.00,28.907
18798,3,10941,15837.310749891654,11773.88093340801,2020-08-06T15:54:04Z,45.39810000,7.63390000,1197.00,28.906
18799,3,10942,15838.310749891654,11774.88093340801,2020-08-06T15:54:05Z,45.39805000,7.63398333,1194.00,28.905
18800,3,10943,15839.310749891654,11775.88093340801,2020-08-06T15:54:06Z,45.39798333,7.63403333,1197.00,28.9
18801,3,10944,15840.310749891654,11776.88093340801,2020-08-06T15:54:07Z,45.39791667,7.63406667,1196.00,28.895
18802,3,10945,15841.310749891654,11777.88093340801,2020-08-06T15:54:08Z,45.39785000,7.63410000,1189.00,28.89
18803,3,10946,15842.310749891654,11778.88093340801,2020-08-06T15:54:09Z,45.39778333,7.63415000,1195.00,28.886
18804,3,10947,15843.310749891654,11779.88093340801,2020-08-06T15:54:10Z,45.39771667,7.63421667,1182.00,28.882
18805,3,10948,15844.310749891654,11780.88093340801,2020-08-06T15:54:11Z,45.39765000,7.63431667,1192.00,28.88
18806,3,10949,15845.310749891654,11781.88093340801,2020-08-06T15:54:12Z,45.39756667,7.63440000,1179.00,28.875
18807,3,10950,15846.310749891654,11782.88093340801,2020-08-06T15:54:13Z,45.39750000,7.63446667,1177.00,28.872
18808,3,10951,15847.310749891654,11783.88093340801,2020-08-06T15:54:14Z,45.39740000,7.63450000,1178.00,28.863
18809,3,10952,15848.310749891654,11784.88093340801,2020-08-06T15:54:15Z,45.39731667,7.63450000,1183.00,28.855
18810,3,10953,15849.310749891654,11785.88093340801,2020-08-06T15:54:16Z,45.39721667,7.63448333,1188.00,28.845
18811,3,10954,15850.310749891654,11786.88093340801,2020-08-06T15:54:17Z,45.39711667,7.63446667,1181.00,28.835
18812,3,10955,15851.310749891654,11787.88093340801,2020-08-06T15:54:18Z,45.39705000,7.63445000,1184.00,28.828
18813,3,10956,15852.310749891654,11788.88093340801,2020-08-06T15:54:19Z,45.39696667,7.63443333,1183.00,28.819
18814,3,10957,15853.310749891654,11789.88093340801,2020-08-06T15:54:20Z,45.39690000,7.63440000,1179.00,28.812
18815,3,10958,15854.310749891654,11790.88093340801,2020-08-06T15:54:21Z,45.39683333,7.63435000,1179.00,28.803
18816,3,10959,15855.310749891654,11791.88093340801,2020-08-06T15:54:22Z,45.39675000,7.63425000,1176.00,28.791
18817,3,10960,15856.310749891654,11792.88093340801,2020-08-06T15:54:23Z,45.39670000,7.63415000,1172.00,28.783
18818,3,10961,15857.310749891654,11793.88093340801,2020-08-06T15:54:24Z,45.39665000,7.63403333,1177.00,28.773
18819,3,10962,15858.310749891654,11794.88093340801,2020-08-06T15:54:25Z,45.39661667,7.63391667,1178.00,28.765
18820,3,10963,15859.310749891654,11795.88093340801,2020-08-06T15:54:26Z,45.39660000,7.63381667,1214.00,28.76
18821,3,10964,15860.310749891654,11796.88093340801,2020-08-06T15:54:27Z,45.39656667,7.63371667,1191.00,28.752
18822,3,10965,15861.310749891654,11797.88093340801,2020-08-06T15:54:28Z,45.39655000,7.63361667,1172.00,28.747
18823,3,10966,15862.310749891654,11798.88093340801,2020-08-06T15:54:29Z,45.39653333,7.63350000,1173.00,28.741
18824,3,10967,15863.310749891654,11799.88093340801,2020-08-06T15:54:30Z,45.39651667,7.63338333,1173.00,28.734
18825,3,10968,15864.310749891654,11800.88093340801,2020-08-06T15:54:31Z,45.39650000,7.63325000,1178.00,28.727
18826,3,10969,15865.310749891654,11801.88093340801,2020-08-06T15:54:32Z,45.39648333,7.63313333,1154.00,28.721
18827,3,10970,15866.310749891654,11802.88093340801,2020-08-06T15:54:33Z,45.39646667,7.63301667,1156.00,28.715
18828,3,10971,15867.310749891654,11803.88093340801,2020-08-06T15:54:34Z,45.39645000,7.63290000,1158.00,28.709
18829,3,10972,15868.310749891654,11804.88093340801,2020-08-06T15:54:35Z,45.39645000,7.63280000,1170.00,28.705
18830,3,10973,15869.310749891654,11805.88093340801,2020-08-06T15:54:36Z,45.39643333,7.63268333,1166.00,28.698
18831,3,10974,15870.310749891654,11806.88093340801,2020-08-06T15:54:37Z,45.39641667,7.63256667,1164.00,28.692
18832,3,10975,15871.310749891654,11807.88093340801,2020-08-06T15:54:38Z,45.39638333,7.63245000,1164.00,28.684
18833,3,10976,15872.310749891654,11808.88093340801,2020-08-06T15:54:39Z,45.39636667,7.63233333,1161.00,28.678
18834,3,10977,15873.310749891654,11809.88093340801,2020-08-06T15:54:40Z,45.39633333,7.63221667,1161.00,28.67
18835,3,10978,15874.310749891654,11810.88093340801,2020-08-06T15:54:41Z,45.39631667,7.63211667,1159.00,28.665
18836,3,10979,15875.310749891654,11811.88093340801,2020-08-06T15:54:42Z,45.39628333,7.63201667,1157.00,28.658
18837,3,10980,15876.310749891654,11812.88093340801,2020-08-06T15:54:43Z,45.39626667,7.63191667,1155.00,28.652
18838,3,10981,15877.310749891654,11813.88093340801,2020-08-06T15:54:44Z,45.39623333,7.63181667,1154.00,28.645
18839,3,10982,15878.310749891654,11814.88093340801,2020-08-06T15:54:45Z,45.39620000,7.63170000,1150.00,28.637
18840,3,10983,15879.310749891654,11815.88093340801,2020-08-06T15:54:46Z,45.39618333,7.63156667,1149.00,28.63
18841,3,10984,15880.310749891654,11816.88093340801,2020-08-06T15:54:47Z,45.39616667,7.63145000,1151.00,28.624
18842,3,10985,15881.310749891654,11817.88093340801,2020-08-06T15:54:48Z,45.39615000,7.63135000,1146.00,28.619
18843,3,10986,15882.310749891654,11818.88093340801,2020-08-06T15:54:49Z,45.39615000,7.63123333,1147.00,28.614
18844,3,10987,15883.310749891654,11819.88093340801,2020-08-06T15:54:50Z,45.39613333,7.63111667,1147.00,28.608
18845,3,10988,15884.310749891654,11820.88093340801,2020-08-06T15:54:51Z,45.39613333,7.63100000,1144.00,28.603
18846,3,10989,15885.310749891654,11821.88093340801,2020-08-06T15:54:52Z,45.39613333,7.63086667,1143.00,28.598
18847,3,10990,15886.310749891654,11822.88093340801,2020-08-06T15:54:53Z,45.39611667,7.63073333,1143.00,28.591
18848,3,10991,15887.310749891654,11823.88093340801,2020-08-06T15:54:54Z,45.39611667,7.63061667,1143.00,28.587
18849,3,10992,15888.310749891654,11824.88093340801,2020-08-06T15:54:55Z,45.39611667,7.63050000,1151.00,28.582
18850,3,10993,15889.310749891654,11825.88093340801,2020-08-06T15:54:56Z,45.39611667,7.63038333,1138.00,28.578
18851,3,10994,15890.310749891654,11826.88093340801,2020-08-06T15:54:57Z,45.39611667,7.63026667,1138.00,28.573
18852,3,10995,15891.310749891654,11827.88093340801,2020-08-06T15:54:58Z,45.39611667,7.63013333,1137.00,28.568
18853,3,10996,15892.310749891654,11828.88093340801,2020-08-06T15:54:59Z,45.39613333,7.63000000,1132.00,28.564
18854,3,10997,15893.310749891654,11829.88093340801,2020-08-06T15:55:00Z,45.39613333,7.62986667,1132.00,28.559
18855,3,10998,15894.310749891654,11830.88093340801,2020-08-06T15:55:01Z,45.39613333,7.62973333,1130.00,28.554
18856,3,10999,15895.310749891654,11831.88093340801,2020-08-06T15:55:02Z,45.39613333,7.62960000,1131.00,28.549
18857,3,11000,15896.310749891654,11832.88093340801,2020-08-06T15:55:03Z,45.39615000,7.62948333,1131.00,28.546
18858,3,11001,15897.310749891654,11833.88093340801,2020-08-06T15:55:04Z,45.39615000,7.62935000,1129.00,28.541
18859,3,11002,15898.310749891654,11834.88093340801,2020-08-06T15:55:05Z,45.39615000,7.62921667,1126.00,28.536
18860,3,11003,15899.310749891654,11835.88093340801,2020-08-06T15:55:06Z,45.39615000,7.62906667,1124.00,28.53
18861,3,11004,15900.310749891654,11836.88093340801,2020-08-06T15:55:07Z,45.39615000,7.62893333,1123.00,28.525
18862,3,11005,15901.310749891654,11837.88093340801,2020-08-06T15:55:08Z,45.39615000,7.62880000,1124.00,28.52
18863,3,11006,15902.310749891654,11838.88093340801,2020-08-06T15:55:09Z,45.39615000,7.62866667,1121.00,28.515
18864,3,11007,15903.310749891654,11839.88093340801,2020-08-06T15:55:10Z,45.39615000,7.62853333,1121.00,28.51
18865,3,11008,15904.310749891654,11840.88093340801,2020-08-06T15:55:11Z,45.39615000,7.62840000,1121.00,28.505
18866,3,11009,15905.310749891654,11841.88093340801,2020-08-06T15:55:12Z,45.39616667,7.62826667,1120.00,28.502
18867,3,11010,15906.310749891654,11842.88093340801,2020-08-06T15:55:13Z,45.39616667,7.62813333,1118.00,28.497
18868,3,11011,15907.310749891654,11843.88093340801,2020-08-06T15:55:14Z,45.39616667,7.62800000,1117.00,28.492
18869,3,11012,15908.310749891654,11844.88093340801,2020-08-06T15:55:15Z,45.39618333,7.62786667,1114.00,28.488
18870,3,11013,15909.310749891654,11845.88093340801,2020-08-06T15:55:16Z,45.39620000,7.62775000,1116.00,28.486
18871,3,11014,15910.310749891654,11846.88093340801,2020-08-06T15:55:17Z,45.39620000,7.62761667,1116.00,28.481
18872,3,11015,15911.310749891654,11847.88093340801,2020-08-06T15:55:18Z,45.39621667,7.62748333,1112.00,28.477
18873,3,11016,15912.310749891654,11848.88093340801,2020-08-06T15:55:19Z,45.39621667,7.62733333,1110.00,28.472
18874,3,11017,15913.310749891654,11849.88093340801,2020-08-06T15:55:20Z,45.39623333,7.62718333,1107.00,28.468
18875,3,11018,15914.310749891654,11850.88093340801,2020-08-06T15:55:21Z,45.39625000,7.62705000,1108.00,28.464
18876,3,11019,15915.310749891654,11851.88093340801,2020-08-06T15:55:22Z,45.39625000,7.62691667,1108.00,28.459
18877,3,11020,15916.310749891654,11852.88093340801,2020-08-06T15:55:23Z,45.39626667,7.62678333,1105.00,28.456
18878,3,11021,15917.310749891654,11853.88093340801,2020-08-06T15:55:24Z,45.39628333,7.62666667,1103.00,28.454
18879,3,11022,15918.310749891654,11854.88093340801,2020-08-06T15:55:25Z,45.39628333,7.62653333,1101.00,28.449
18880,3,11023,15919.310749891654,11855.88093340801,2020-08-06T15:55:26Z,45.39628333,7.62638333,1101.00,28.443
18881,3,11024,15920.310749891654,11856.88093340801,2020-08-06T15:55:27Z,45.39630000,7.62623333,1100.00,28.439
18882,3,11025,15921.310749891654,11857.88093340801,2020-08-06T15:55:28Z,45.39630000,7.62608333,1097.00,28.434
18883,3,11026,15922.310749891654,11858.88093340801,2020-08-06T15:55:29Z,45.39631667,7.62595000,1102.00,28.431
18884,3,11027,15923.310749891654,11859.88093340801,2020-08-06T15:55:30Z,45.39633333,7.62581667,1096.00,28.427
18885,3,11028,15924.310749891654,11860.88093340801,2020-08-06T15:55:31Z,45.39635000,7.62570000,1104.00,28.425
18886,3,11029,15925.310749891654,11861.88093340801,2020-08-06T15:55:32Z,45.39636667,7.62558333,1097.00,28.422
18887,3,11030,15926.310749891654,11862.88093340801,2020-08-06T15:55:33Z,45.39638333,7.62545000,1095.00,28.419
18888,3,11031,15927.310749891654,11863.88093340801,2020-08-06T15:55:34Z,45.39638333,7.62530000,1097.00,28.414
18889,3,11032,15928.310749891654,11864.88093340801,2020-08-06T15:55:35Z,45.39640000,7.62515000,1093.00,28.41
18890,3,11033,15929.310749891654,11865.88093340801,2020-08-06T15:55:36Z,45.39641667,7.62500000,1092.00,28.406
18891,3,11034,15930.310749891654,11866.88093340801,2020-08-06T15:55:37Z,45.39643333,7.62485000,1094.00,28.403
18892,3,11035,15931.310749891654,11867.88093340801,2020-08-06T15:55:38Z,45.39643333,7.62471667,1092.00,28.398
18893,3,11036,15932.310749891654,11868.88093340801,2020-08-06T15:55:39Z,45.39645000,7.62460000,1089.00,28.395
18894,3,11037,15933.310749891654,11869.88093340801,2020-08-06T15:55:40Z,45.39646667,7.62446667,1090.00,28.392
18895,3,11038,15934.310749891654,11870.88093340801,2020-08-06T15:55:41Z,45.39646667,7.62431667,1088.00,28.387
18896,3,11039,15935.310749891654,11871.88093340801,2020-08-06T15:55:42Z,45.39646667,7.62416667,1086.00,28.382
18897,3,11040,15936.310749891654,11872.88093340801,2020-08-06T15:55:43Z,45.39646667,7.62401667,1084.00,28.376
18898,3,11041,15937.310749891654,11873.88093340801,2020-08-06T15:55:44Z,45.39648333,7.62386667,1085.00,28.373
18899,3,11042,15938.310749891654,11874.88093340801,2020-08-06T15:55:45Z,45.39650000,7.62373333,1088.00,28.37
18900,3,11043,15939.310749891654,11875.88093340801,2020-08-06T15:55:46Z,45.39651667,7.62361667,1086.00,28.367
18901,3,11044,15940.310749891654,11876.88093340801,2020-08-06T15:55:47Z,45.39653333,7.62350000,1086.00,28.365
18902,3,11045,15941.310749891654,11877.88093340801,2020-08-06T15:55:48Z,45.39655000,7.62336667,1085.00,28.362
18903,3,11046,15942.310749891654,11878.88093340801,2020-08-06T15:55:49Z,45.39656667,7.62321667,1090.00,28.358
18904,3,11047,15943.310749891654,11879.88093340801,2020-08-06T15:55:50Z,45.39656667,7.62306667,1079.00,28.353
18905,3,11048,15944.310749891654,11880.88093340801,2020-08-06T15:55:51Z,45.39658333,7.62291667,1083.00,28.35
18906,3,11049,15945.310749891654,11881.88093340801,2020-08-06T15:55:52Z,45.39660000,7.62278333,1082.00,28.347
18907,3,11050,15946.310749891654,11882.88093340801,2020-08-06T15:55:53Z,45.39661667,7.62265000,1084.00,28.344
18908,3,11051,15947.310749891654,11883.88093340801,2020-08-06T15:55:54Z,45.39661667,7.62251667,1083.00,28.339
18909,3,11052,15948.310749891654,11884.88093340801,2020-08-06T15:55:55Z,45.39663333,7.62238333,1083.00,28.336
18910,3,11053,15949.310749891654,11885.88093340801,2020-08-06T15:55:56Z,45.39663333,7.62223333,1086.00,28.331
18911,3,11054,15950.310749891654,11886.88093340801,2020-08-06T15:55:57Z,45.39665000,7.62208333,1084.00,28.328
18912,3,11055,15951.310749891654,11887.88093340801,2020-08-06T15:55:58Z,45.39665000,7.62193333,1085.00,28.322
18913,3,11056,15952.310749891654,11888.88093340801,2020-08-06T15:55:59Z,45.39665000,7.62180000,1087.00,28.318
18914,3,11057,15953.310749891654,11889.88093340801,2020-08-06T15:56:00Z,45.39665000,7.62166667,1085.00,28.313
18915,3,11058,15954.310749891654,11890.88093340801,2020-08-06T15:56:01Z,45.39663333,7.62153333,1087.00,28.307
18916,3,11059,15955.310749891654,11891.88093340801,2020-08-06T15:56:02Z,45.39663333,7.62140000,1092.00,28.303
18917,3,11060,15956.310749891654,11892.88093340801,2020-08-06T15:56:03Z,45.39663333,7.62126667,1098.00,28.298
18918,3,11061,15957.310749891654,11893.88093340801,2020-08-06T15:56:04Z,45.39661667,7.62111667,1089.00,28.292
18919,3,11062,15958.310749891654,11894.88093340801,2020-08-06T15:56:05Z,45.39663333,7.62096667,1087.00,28.288
18920,3,11063,15959.310749891654,11895.88093340801,2020-08-06T15:56:06Z,45.39663333,7.62081667,1093.00,28.283
18921,3,11064,15960.310749891654,11896.88093340801,2020-08-06T15:56:07Z,45.39663333,7.62068333,1092.00,28.279
18922,3,11065,15961.310749891654,11897.88093340801,2020-08-06T15:56:08Z,45.39661667,7.62053333,1091.00,28.272
18923,3,11066,15962.310749891654,11898.88093340801,2020-08-06T15:56:09Z,45.39661667,7.62038333,1090.00,28.267
18924,3,11067,15963.310749891654,11899.88093340801,2020-08-06T15:56:10Z,45.39661667,7.62023333,1093.00,28.262
18925,3,11068,15964.310749891654,11900.88093340801,2020-08-06T15:56:11Z,45.39661667,7.62006667,1093.00,28.257
18926,3,11069,15965.310749891654,11901.88093340801,2020-08-06T15:56:12Z,45.39660000,7.61991667,1094.00,28.25
18927,3,11070,15966.310749891654,11902.88093340801,2020-08-06T15:56:13Z,45.39660000,7.61976667,1095.00,28.245
18928,3,11071,15967.310749891654,11903.88093340801,2020-08-06T15:56:14Z,45.39660000,7.61963333,1098.00,28.241
18929,3,11072,15968.310749891654,11904.88093340801,2020-08-06T15:56:15Z,45.39660000,7.61951667,1093.00,28.237
18930,3,11073,15969.310749891654,11905.88093340801,2020-08-06T15:56:16Z,45.39660000,7.61938333,1092.00,28.233
18931,3,11074,15970.310749891654,11906.88093340801,2020-08-06T15:56:17Z,45.39660000,7.61925000,1093.00,28.228
18932,3,11075,15971.310749891654,11907.88093340801,2020-08-06T15:56:18Z,45.39660000,7.61910000,1098.00,28.223
18933,3,11076,15972.310749891654,11908.88093340801,2020-08-06T15:56:19Z,45.39660000,7.61896667,1094.00,28.219
18934,3,11077,15973.310749891654,11909.88093340801,2020-08-06T15:56:20Z,45.39660000,7.61883333,1093.00,28.215
18935,3,11078,15974.310749891654,11910.88093340801,2020-08-06T15:56:21Z,45.39661667,7.61868333,1093.00,28.212
18936,3,11079,15975.310749891654,11911.88093340801,2020-08-06T15:56:22Z,45.39661667,7.61855000,1094.00,28.207
18937,3,11080,15976.310749891654,11912.88093340801,2020-08-06T15:56:23Z,45.39661667,7.61841667,1093.00,28.203
18938,3,11081,15977.310749891654,11913.88093340801,2020-08-06T15:56:24Z,45.39663333,7.61826667,1093.00,28.199
18939,3,11082,15978.310749891654,11914.88093340801,2020-08-06T15:56:25Z,45.39663333,7.61813333,1092.00,28.195
18940,3,11083,15979.310749891654,11915.88093340801,2020-08-06T15:56:26Z,45.39663333,7.61798333,1095.00,28.19
18941,3,11084,15980.310749891654,11916.88093340801,2020-08-06T15:56:27Z,45.39663333,7.61785000,1089.00,28.185
18942,3,11085,15981.310749891654,11917.88093340801,2020-08-06T15:56:28Z,45.39665000,7.61770000,1089.00,28.182
18943,3,11086,15982.310749891654,11918.88093340801,2020-08-06T15:56:29Z,45.39665000,7.61756667,1091.00,28.177
18944,3,11087,15983.310749891654,11919.88093340801,2020-08-06T15:56:30Z,45.39665000,7.61741667,1089.00,28.172
18945,3,11088,15984.310749891654,11920.88093340801,2020-08-06T15:56:31Z,45.39665000,7.61728333,1089.00,28.167
18946,3,11089,15985.310749891654,11921.88093340801,2020-08-06T15:56:32Z,45.39665000,7.61713333,1088.00,28.162
18947,3,11090,15986.310749891654,11922.88093340801,2020-08-06T15:56:33Z,45.39665000,7.61698333,1086.00,28.157
18948,3,11091,15987.310749891654,11923.88093340801,2020-08-06T15:56:34Z,45.39665000,7.61683333,1085.00,28.152
18949,3,11092,15988.310749891654,11924.88093340801,2020-08-06T15:56:35Z,45.39665000,7.61668333,1087.00,28.147
18950,3,11093,15989.310749891654,11925.88093340801,2020-08-06T15:56:36Z,45.39663333,7.61651667,1082.00,28.14
18951,3,11094,15990.310749891654,11926.88093340801,2020-08-06T15:56:37Z,45.39661667,7.61636667,1081.00,28.133
18952,3,11095,15991.310749891654,11927.88093340801,2020-08-06T15:56:38Z,45.39661667,7.61623333,1082.00,28.128
18953,3,11096,15992.310749891654,11928.88093340801,2020-08-06T15:56:39Z,45.39661667,7.61610000,1076.00,28.124
18954,3,11097,15993.310749891654,11929.88093340801,2020-08-06T15:56:40Z,45.39661667,7.61596667,1080.00,28.12
18955,3,11098,15994.310749891654,11930.88093340801,2020-08-06T15:56:41Z,45.39661667,7.61585000,1076.00,28.116
18956,3,11099,15995.310749891654,11931.88093340801,2020-08-06T15:56:42Z,45.39660000,7.61571667,1072.00,28.11
18957,3,11100,15996.310749891654,11932.88093340801,2020-08-06T15:56:43Z,45.39658333,7.61558333,1069.00,28.103
18958,3,11101,15997.310749891654,11933.88093340801,2020-08-06T15:56:44Z,45.39658333,7.61543333,1067.00,28.098
18959,3,11102,15998.310749891654,11934.88093340801,2020-08-06T15:56:45Z,45.39658333,7.61530000,1065.00,28.094
18960,3,11103,15999.310749891654,11935.88093340801,2020-08-06T15:56:46Z,45.39658333,7.61515000,1070.00,28.089
18961,3,11104,16000.310749891654,11936.88093340801,2020-08-06T15:56:47Z,45.39658333,7.61501667,1062.00,28.085
18962,3,11105,16001.310749891654,11937.88093340801,2020-08-06T15:56:48Z,45.39658333,7.61488333,1064.00,28.08
18963,3,11106,16002.310749891654,11938.88093340801,2020-08-06T15:56:49Z,45.39660000,7.61475000,1060.00,28.078
18964,3,11107,16003.310749891654,11939.88093340801,2020-08-06T15:56:50Z,45.39660000,7.61460000,1061.00,28.073
18965,3,11108,16004.310749891654,11940.88093340801,2020-08-06T15:56:51Z,45.39660000,7.61445000,1059.00,28.068
18966,3,11109,16005.310749891654,11941.88093340801,2020-08-06T15:56:52Z,45.39660000,7.61431667,1057.00,28.064
18967,3,11110,16006.310749891654,11942.88093340801,2020-08-06T15:56:53Z,45.39661667,7.61416667,1058.00,28.06
18968,3,11111,16007.310749891654,11943.88093340801,2020-08-06T15:56:54Z,45.39661667,7.61403333,1057.00,28.056
18969,3,11112,16008.310749891654,11944.88093340801,2020-08-06T15:56:55Z,45.39661667,7.61390000,1054.00,28.052
18970,3,11113,16009.310749891654,11945.88093340801,2020-08-06T15:56:56Z,45.39663333,7.61376667,1053.00,28.049
18971,3,11114,16010.310749891654,11946.88093340801,2020-08-06T15:56:57Z,45.39663333,7.61363333,1050.00,28.045
18972,3,11115,16011.310749891654,11947.88093340801,2020-08-06T15:56:58Z,45.39661667,7.61350000,1049.00,28.039
18973,3,11116,16012.310749891654,11948.88093340801,2020-08-06T15:56:59Z,45.39661667,7.61336667,1047.00,28.035
18974,3,11117,16013.310749891654,11949.88093340801,2020-08-06T15:57:00Z,45.39661667,7.61323333,1045.00,28.031
18975,3,11118,16014.310749891654,11950.88093340801,2020-08-06T15:57:01Z,45.39660000,7.61311667,1043.00,28.025
18976,3,11119,16015.310749891654,11951.88093340801,2020-08-06T15:57:02Z,45.39660000,7.61300000,1044.00,28.021
18977,3,11120,16016.310749891654,11952.88093340801,2020-08-06T15:57:03Z,45.39658333,7.61286667,1042.00,28.016
18978,3,11121,16017.310749891654,11953.88093340801,2020-08-06T15:57:04Z,45.39656667,7.61273333,1040.00,28.01
18979,3,11122,16018.310749891654,11954.88093340801,2020-08-06T15:57:05Z,45.39655000,7.61260000,1041.00,28.004
18980,3,11123,16019.310749891654,11955.88093340801,2020-08-06T15:57:06Z,45.39653333,7.61246667,1039.00,27.998
18981,3,11124,16020.310749891654,11956.88093340801,2020-08-06T15:57:07Z,45.39651667,7.61233333,1037.00,27.992
18982,3,11125,16021.310749891654,11957.88093340801,2020-08-06T15:57:08Z,45.39651667,7.61221667,1039.00,27.988
18983,3,11126,16022.310749891654,11958.88093340801,2020-08-06T15:57:09Z,45.39650000,7.61210000,1036.00,27.983
18984,3,11127,16023.310749891654,11959.88093340801,2020-08-06T15:57:10Z,45.39650000,7.61198333,1035.00,27.979
18985,3,11128,16024.310749891654,11960.88093340801,2020-08-06T15:57:11Z,45.39648333,7.61185000,1031.00,27.974
18986,3,11129,16025.310749891654,11961.88093340801,2020-08-06T15:57:12Z,45.39646667,7.61171667,1027.00,27.968
18987,3,11130,16026.310749891654,11962.88093340801,2020-08-06T15:57:13Z,45.39646667,7.61158333,1030.00,27.964
18988,3,11131,16027.310749891654,11963.88093340801,2020-08-06T15:57:14Z,45.39645000,7.61146667,1027.00,27.958
18989,3,11132,16028.310749891654,11964.88093340801,2020-08-06T15:57:15Z,45.39643333,7.61133333,1026.00,27.953
18990,3,11133,16029.310749891654,11965.88093340801,2020-08-06T15:57:16Z,45.39641667,7.61121667,1025.00,27.947
18991,3,11134,16030.310749891654,11966.88093340801,2020-08-06T15:57:17Z,45.39641667,7.61110000,1020.00,27.944
18992,3,11135,16031.310749891654,11967.88093340801,2020-08-06T15:57:18Z,45.39640000,7.61096667,1021.00,27.938
18993,3,11136,16032.310749891654,11968.88093340801,2020-08-06T15:57:19Z,45.39638333,7.61083333,1022.00,27.932
18994,3,11137,16033.310749891654,11969.88093340801,2020-08-06T15:57:20Z,45.39638333,7.61070000,1011.00,27.928
18995,3,11138,16034.310749891654,11970.88093340801,2020-08-06T15:57:21Z,45.39638333,7.61056667,1018.00,27.924
18996,3,11139,16035.310749891654,11971.88093340801,2020-08-06T15:57:22Z,45.39638333,7.61043333,1016.00,27.92
18997,3,11140,16036.310749891654,11972.88093340801,2020-08-06T15:57:23Z,45.39636667,7.61030000,1012.00,27.914
18998,3,11141,16037.310749891654,11973.88093340801,2020-08-06T15:57:24Z,45.39635000,7.61016667,1012.00,27.909
18999,3,11142,16038.310749891654,11974.88093340801,2020-08-06T15:57:25Z,45.39635000,7.61003333,1010.00,27.905
19000,3,11143,16039.310749891654,11975.88093340801,2020-08-06T15:57:26Z,45.39633333,7.60990000,1009.00,27.899
19001,3,11144,16040.310749891654,11976.88093340801,2020-08-06T15:57:27Z,45.39631667,7.60976667,1009.00,27.893
19002,3,11145,16041.310749891654,11977.88093340801,2020-08-06T15:57:28Z,45.39630000,7.60963333,1009.00,27.888
19003,3,11146,16042.310749891654,11978.88093340801,2020-08-06T15:57:29Z,45.39628333,7.60950000,1009.00,27.882
19004,3,11147,16043.310749891654,11979.88093340801,2020-08-06T15:57:30Z,45.39628333,7.60936667,1009.00,27.878
19005,3,11148,16044.310749891654,11980.88093340801,2020-08-06T15:57:31Z,45.39626667,7.60923333,1006.00,27.873
19006,3,11149,16045.310749891654,11981.88093340801,2020-08-06T15:57:32Z,45.39626667,7.60910000,1009.00,27.869
19007,3,11150,16046.310749891654,11982.88093340801,2020-08-06T15:57:33Z,45.39625000,7.60898333,1006.00,27.864
19008,3,11151,16047.310749891654,11983.88093340801,2020-08-06T15:57:34Z,45.39625000,7.60885000,1003.00,27.86
19009,3,11152,16048.310749891654,11984.88093340801,2020-08-06T15:57:35Z,45.39623333,7.60870000,1006.00,27.854
19010,3,11153,16049.310749891654,11985.88093340801,2020-08-06T15:57:36Z,45.39623333,7.60856667,1003.00,27.85
19011,3,11154,16050.310749891654,11986.88093340801,2020-08-06T15:57:37Z,45.39623333,7.60843333,1003.00,27.846
19012,3,11155,16051.310749891654,11987.88093340801,2020-08-06T15:57:38Z,45.39621667,7.60828333,1000.00,27.84
19013,3,11156,16052.310749891654,11988.88093340801,2020-08-06T15:57:39Z,45.39621667,7.60815000,1001.00,27.836
19014,3,11157,16053.310749891654,11989.88093340801,2020-08-06T15:57:40Z,45.39623333,7.60800000,1004.00,27.833
19015,3,11158,16054.310749891654,11990.88093340801,2020-08-06T15:57:41Z,45.39623333,7.60786667,1000.00,27.83
19016,3,11159,16055.310749891654,11991.88093340801,2020-08-06T15:57:42Z,45.39625000,7.60773333,1000.00,27.828
19017,3,11160,16056.310749891654,11992.88093340801,2020-08-06T15:57:43Z,45.39625000,7.60758333,998.00,27.823
19018,3,11161,16057.310749891654,11993.88093340801,2020-08-06T15:57:44Z,45.39626667,7.60745000,1000.00,27.821
19019,3,11162,16058.310749891654,11994.88093340801,2020-08-06T15:57:45Z,45.39626667,7.60730000,999.00,27.817
19020,3,11163,16059.310749891654,11995.88093340801,2020-08-06T15:57:46Z,45.39626667,7.60715000,997.00,27.813
19021,3,11164,16060.310749891654,11996.88093340801,2020-08-06T15:57:47Z,45.39626667,7.60701667,997.00,27.809
19022,3,11165,16061.310749891654,11997.88093340801,2020-08-06T15:57:48Z,45.39628333,7.60686667,997.00,27.807
19023,3,11166,16062.310749891654,11998.88093340801,2020-08-06T15:57:49Z,45.39628333,7.60671667,994.00,27.802
19024,3,11167,16063.310749891654,11999.88093340801,2020-08-06T15:57:50Z,45.39628333,7.60658333,1007.00,27.799
19025,3,11168,16064.310749891654,12000.88093340801,2020-08-06T15:57:51Z,45.39628333,7.60643333,998.00,27.795
19026,3,11169,16065.310749891654,12001.88093340801,2020-08-06T15:57:52Z,45.39628333,7.60631667,1003.00,27.791
19027,3,11170,16066.310749891654,12002.88093340801,2020-08-06T15:57:53Z,45.39630000,7.60620000,1000.00,27.79
19028,3,11171,16067.310749891654,12003.88093340801,2020-08-06T15:57:54Z,45.39631667,7.60608333,996.00,27.789
19029,3,11172,16068.310749891654,12004.88093340801,2020-08-06T15:57:55Z,45.39633333,7.60598333,999.00,27.788
19030,3,11173,16069.310749891654,12005.88093340801,2020-08-06T15:57:56Z,45.39633333,7.60585000,1000.00,27.784
19031,3,11174,16070.310749891654,12006.88093340801,2020-08-06T15:57:57Z,45.39633333,7.60573333,1000.00,27.781
19032,3,11175,16071.310749891654,12007.88093340801,2020-08-06T15:57:58Z,45.39635000,7.60560000,1001.00,27.779
19033,3,11176,16072.310749891654,12008.88093340801,2020-08-06T15:57:59Z,45.39636667,7.60546667,1005.00,27.777
19034,3,11177,16073.310749891654,12009.88093340801,2020-08-06T15:58:00Z,45.39640000,7.60533333,995.00,27.777
19035,3,11178,16074.310749891654,12010.88093340801,2020-08-06T15:58:01Z,45.39643333,7.60521667,1009.00,27.777
19036,3,11179,16075.310749891654,12011.88093340801,2020-08-06T15:58:02Z,45.39646667,7.60508333,1004.00,27.777
19037,3,11180,16076.310749891654,12012.88093340801,2020-08-06T15:58:03Z,45.39648333,7.60495000,1007.00,27.775
19038,3,11181,16077.310749891654,12013.88093340801,2020-08-06T15:58:04Z,45.39651667,7.60483333,1004.00,27.776
19039,3,11182,16078.310749891654,12014.88093340801,2020-08-06T15:58:05Z,45.39655000,7.60471667,1003.00,27.776
19040,3,11183,16079.310749891654,12015.88093340801,2020-08-06T15:58:06Z,45.39658333,7.60461667,1004.00,27.777
19041,3,11184,16080.310749891654,12016.88093340801,2020-08-06T15:58:07Z,45.39661667,7.60450000,1006.00,27.778
19042,3,11185,16081.310749891654,12017.88093340801,2020-08-06T15:58:08Z,45.39665000,7.60438333,1005.00,27.778
19043,3,11186,16082.310749891654,12018.88093340801,2020-08-06T15:58:09Z,45.39666667,7.60426667,1008.00,27.777
19044,3,11187,16083.310749891654,12019.88093340801,2020-08-06T15:58:10Z,45.39668333,7.60413333,999.00,27.775
19045,3,11188,16084.310749891654,12020.88093340801,2020-08-06T15:58:11Z,45.39670000,7.60400000,1006.00,27.773
19046,3,11189,16085.310749891654,12021.88093340801,2020-08-06T15:58:12Z,45.39671667,7.60386667,1005.00,27.772
19047,3,11190,16086.310749891654,12022.88093340801,2020-08-06T15:58:13Z,45.39673333,7.60373333,1003.00,27.77
19048,3,11191,16087.310749891654,12023.88093340801,2020-08-06T15:58:14Z,45.39676667,7.60360000,1001.00,27.77
19049,3,11192,16088.310749891654,12024.88093340801,2020-08-06T15:58:15Z,45.39678333,7.60345000,1000.00,27.768
19050,3,11193,16089.310749891654,12025.88093340801,2020-08-06T15:58:16Z,45.39680000,7.60331667,1001.00,27.766
19051,3,11194,16090.310749891654,12026.88093340801,2020-08-06T15:58:17Z,45.39681667,7.60316667,999.00,27.764
19052,3,11195,16091.310749891654,12027.88093340801,2020-08-06T15:58:18Z,45.39683333,7.60301667,998.00,27.762
19053,3,11196,16092.310749891654,12028.88093340801,2020-08-06T15:58:19Z,45.39685000,7.60288333,1001.00,27.761
19054,3,11197,16093.310749891654,12029.88093340801,2020-08-06T15:58:20Z,45.39686667,7.60275000,997.00,27.759
19055,3,11198,16094.310749891654,12030.88093340801,2020-08-06T15:58:21Z,45.39688333,7.60261667,991.00,27.758
19056,3,11199,16095.310749891654,12031.88093340801,2020-08-06T15:58:22Z,45.39690000,7.60246667,992.00,27.756
19057,3,11200,16096.310749891654,12032.88093340801,2020-08-06T15:58:23Z,45.39690000,7.60231667,997.00,27.752
19058,3,11201,16097.310749891654,12033.88093340801,2020-08-06T15:58:24Z,45.39690000,7.60216667,988.00,27.748
19059,3,11202,16098.310749891654,12034.88093340801,2020-08-06T15:58:25Z,45.39688333,7.60201667,996.00,27.743
19060,3,11203,16099.310749891654,12035.88093340801,2020-08-06T15:58:26Z,45.39686667,7.60190000,997.00,27.738
19061,3,11204,16100.310749891654,12036.88093340801,2020-08-06T15:58:27Z,45.39685000,7.60176667,996.00,27.733
19062,3,11205,16101.310749891654,12037.88093340801,2020-08-06T15:58:28Z,45.39683333,7.60165000,991.00,27.729
19063,3,11206,16102.310749891654,12038.88093340801,2020-08-06T15:58:29Z,45.39681667,7.60151667,996.00,27.724
19064,3,11207,16103.310749891654,12039.88093340801,2020-08-06T15:58:30Z,45.39681667,7.60138333,994.00,27.721
19065,3,11208,16104.310749891654,12040.88093340801,2020-08-06T15:58:31Z,45.39678333,7.60125000,992.00,27.714
19066,3,11209,16105.310749891654,12041.88093340801,2020-08-06T15:58:32Z,45.39676667,7.60113333,993.00,27.709
19067,3,11210,16106.310749891654,12042.88093340801,2020-08-06T15:58:33Z,45.39675000,7.60103333,993.00,27.705
19068,3,11211,16107.310749891654,12043.88093340801,2020-08-06T15:58:34Z,45.39673333,7.60093333,994.00,27.701
19069,3,11212,16108.310749891654,12044.88093340801,2020-08-06T15:58:35Z,45.39670000,7.60081667,993.00,27.695
19070,3,11213,16109.310749891654,12045.88093340801,2020-08-06T15:58:36Z,45.39668333,7.60070000,997.00,27.69
19071,3,11214,16110.310749891654,12046.88093340801,2020-08-06T15:58:37Z,45.39665000,7.60058333,993.00,27.684
19072,3,11215,16111.310749891654,12047.88093340801,2020-08-06T15:58:38Z,45.39663333,7.60046667,997.00,27.68
19073,3,11216,16112.310749891654,12048.88093340801,2020-08-06T15:58:39Z,45.39660000,7.60035000,997.00,27.673
19074,3,11217,16113.310749891654,12049.88093340801,2020-08-06T15:58:40Z,45.39656667,7.60025000,993.00,27.667
19075,3,11218,16114.310749891654,12050.88093340801,2020-08-06T15:58:41Z,45.39653333,7.60013333,996.00,27.661
19076,3,11219,16115.310749891654,12051.88093340801,2020-08-06T15:58:42Z,45.39650000,7.60003333,991.00,27.655
19077,3,11220,16116.310749891654,12052.88093340801,2020-08-06T15:58:43Z,45.39646667,7.59991667,998.00,27.649
19078,3,11221,16117.310749891654,12053.88093340801,2020-08-06T15:58:44Z,45.39643333,7.59980000,996.00,27.643
19079,3,11222,16118.310749891654,12054.88093340801,2020-08-06T15:58:45Z,45.39638333,7.59970000,999.00,27.635
19080,3,11223,16119.310749891654,12055.88093340801,2020-08-06T15:58:46Z,45.39635000,7.59958333,999.00,27.629
19081,3,11224,16120.310749891654,12056.88093340801,2020-08-06T15:58:47Z,45.39631667,7.59946667,995.00,27.623
19082,3,11225,16121.310749891654,12057.88093340801,2020-08-06T15:58:48Z,45.39628333,7.59935000,996.00,27.617
19083,3,11226,16122.310749891654,12058.88093340801,2020-08-06T15:58:49Z,45.39625000,7.59923333,993.00,27.611
19084,3,11227,16123.310749891654,12059.88093340801,2020-08-06T15:58:50Z,45.39620000,7.59911667,1004.00,27.603
19085,3,11228,16124.310749891654,12060.88093340801,2020-08-06T15:58:51Z,45.39615000,7.59901667,1002.00,27.595
19086,3,11229,16125.310749891654,12061.88093340801,2020-08-06T15:58:52Z,45.39610000,7.59890000,1006.00,27.587
19087,3,11230,16126.310749891654,12062.88093340801,2020-08-06T15:58:53Z,45.39606667,7.59878333,1000.00,27.581
19088,3,11231,16127.310749891654,12063.88093340801,2020-08-06T15:58:54Z,45.39603333,7.59865000,1002.00,27.574
19089,3,11232,16128.310749891654,12064.88093340801,2020-08-06T15:58:55Z,45.39600000,7.59855000,1005.00,27.569
19090,3,11233,16129.310749891654,12065.88093340801,2020-08-06T15:58:56Z,45.39596667,7.59843333,1005.00,27.562
19091,3,11234,16130.310749891654,12066.88093340801,2020-08-06T15:58:57Z,45.39593333,7.59831667,1010.00,27.556
19092,3,11235,16131.310749891654,12067.88093340801,2020-08-06T15:58:58Z,45.39590000,7.59821667,1008.00,27.551
19093,3,11236,16132.310749891654,12068.88093340801,2020-08-06T15:58:59Z,45.39586667,7.59810000,1011.00,27.544
19094,3,11237,16133.310749891654,12069.88093340801,2020-08-06T15:59:00Z,45.39583333,7.59798333,1003.00,27.538
19095,3,11238,16134.310749891654,12070.88093340801,2020-08-06T15:59:01Z,45.39581667,7.59786667,1009.00,27.534
19096,3,11239,16135.310749891654,12071.88093340801,2020-08-06T15:59:02Z,45.39578333,7.59775000,1009.00,27.528
19097,3,11240,16136.310749891654,12072.88093340801,2020-08-06T15:59:03Z,45.39573333,7.59765000,1008.00,27.52
19098,3,11241,16137.310749891654,12073.88093340801,2020-08-06T15:59:04Z,45.39570000,7.59755000,1005.00,27.515
19099,3,11242,16138.310749891654,12074.88093340801,2020-08-06T15:59:05Z,45.39565000,7.59743333,1009.00,27.507
19100,3,11243,16139.310749891654,12075.88093340801,2020-08-06T15:59:06Z,45.39560000,7.59733333,1009.00,27.499
19101,3,11244,16140.310749891654,12076.88093340801,2020-08-06T15:59:07Z,45.39555000,7.59723333,1009.00,27.492
19102,3,11245,16141.310749891654,12077.88093340801,2020-08-06T15:59:08Z,45.39551667,7.59713333,1015.00,27.486
19103,3,11246,16142.310749891654,12078.88093340801,2020-08-06T15:59:09Z,45.39546667,7.59703333,1011.00,27.479
19104,3,11247,16143.310749891654,12079.88093340801,2020-08-06T15:59:10Z,45.39543333,7.59693333,1013.00,27.473
19105,3,11248,16144.310749891654,12080.88093340801,2020-08-06T15:59:11Z,45.39538333,7.59683333,1005.00,27.466
19106,3,11249,16145.310749891654,12081.88093340801,2020-08-06T15:59:12Z,45.39533333,7.59675000,1014.00,27.458
19107,3,11250,16146.310749891654,12082.88093340801,2020-08-06T15:59:13Z,45.39528333,7.59666667,1020.00,27.451
19108,3,11251,16147.310749891654,12083.88093340801,2020-08-06T15:59:14Z,45.39523333,7.59658333,1014.00,27.444
19109,3,11252,16148.310749891654,12084.88093340801,2020-08-06T15:59:15Z,45.39520000,7.59651667,1011.00,27.439
19110,3,11253,16149.310749891654,12085.88093340801,2020-08-06T15:59:16Z,45.39515000,7.59643333,1014.00,27.432
19111,3,11254,16150.310749891654,12086.88093340801,2020-08-06T15:59:17Z,45.39510000,7.59635000,1007.00,27.425
19112,3,11255,16151.310749891654,12087.88093340801,2020-08-06T15:59:18Z,45.39503333,7.59626667,1017.00,27.416
19113,3,11256,16152.310749891654,12088.88093340801,2020-08-06T15:59:19Z,45.39495000,7.59616667,1012.00,27.405
19114,3,11257,16153.310749891654,12089.88093340801,2020-08-06T15:59:20Z,45.39488333,7.59608333,1016.00,27.396
19115,3,11258,16154.310749891654,12090.88093340801,2020-08-06T15:59:21Z,45.39481667,7.59598333,1009.00,27.387
19116,3,11259,16155.310749891654,12091.88093340801,2020-08-06T15:59:22Z,45.39476667,7.59590000,1014.00,27.38
19117,3,11260,16156.310749891654,12092.88093340801,2020-08-06T15:59:23Z,45.39471667,7.59581667,1016.00,27.373
19118,3,11261,16157.310749891654,12093.88093340801,2020-08-06T15:59:24Z,45.39465000,7.59575000,1018.00,27.364
19119,3,11262,16158.310749891654,12094.88093340801,2020-08-06T15:59:25Z,45.39458333,7.59566667,1007.00,27.355
19120,3,11263,16159.310749891654,12095.88093340801,2020-08-06T15:59:26Z,45.39451667,7.59560000,1014.00,27.347
19121,3,11264,16160.310749891654,12096.88093340801,2020-08-06T15:59:27Z,45.39443333,7.59551667,1012.00,27.336
19122,3,11265,16161.310749891654,12097.88093340801,2020-08-06T15:59:28Z,45.39436667,7.59543333,1012.00,27.327
19123,3,11266,16162.310749891654,12098.88093340801,2020-08-06T15:59:29Z,45.39428333,7.59536667,1013.00,27.317
19124,3,11267,16163.310749891654,12099.88093340801,2020-08-06T15:59:30Z,45.39421667,7.59531667,1010.00,27.309
19125,3,11268,16164.310749891654,12100.88093340801,2020-08-06T15:59:31Z,45.39413333,7.59528333,1013.00,27.299
19126,3,11269,16165.310749891654,12101.88093340801,2020-08-06T15:59:32Z,45.39406667,7.59525000,1007.00,27.291
19127,3,11270,16166.310749891654,12102.88093340801,2020-08-06T15:59:33Z,45.39398333,7.59521667,1016.00,27.281
19128,3,11271,16167.310749891654,12103.88093340801,2020-08-06T15:59:34Z,45.39390000,7.59518333,1007.00,27.272
19129,3,11272,16168.310749891654,12104.88093340801,2020-08-06T15:59:35Z,45.39383333,7.59515000,1015.00,27.264
19130,3,11273,16169.310749891654,12105.88093340801,2020-08-06T15:59:36Z,45.39375000,7.59510000,1013.00,27.254
19131,3,11274,16170.310749891654,12106.88093340801,2020-08-06T15:59:37Z,45.39366667,7.59506667,1011.00,27.244
19132,3,11275,16171.310749891654,12107.88093340801,2020-08-06T15:59:38Z,45.39358333,7.59501667,1007.00,27.234
19133,3,11276,16172.310749891654,12108.88093340801,2020-08-06T15:59:39Z,45.39350000,7.59498333,1009.00,27.225
19134,3,11277,16173.310749891654,12109.88093340801,2020-08-06T15:59:40Z,45.39341667,7.59493333,1001.00,27.215
19135,3,11278,16174.310749891654,12110.88093340801,2020-08-06T15:59:41Z,45.39333333,7.59490000,1010.00,27.205
19136,3,11279,16175.310749891654,12111.88093340801,2020-08-06T15:59:42Z,45.39326667,7.59486667,1001.00,27.197
19137,3,11280,16176.310749891654,12112.88093340801,2020-08-06T15:59:43Z,45.39318333,7.59485000,1008.00,27.188
19138,3,11281,16177.310749891654,12113.88093340801,2020-08-06T15:59:44Z,45.39311667,7.59483333,1006.00,27.181
19139,3,11282,16178.310749891654,12114.88093340801,2020-08-06T15:59:45Z,45.39305000,7.59483333,1002.00,27.173
19140,3,11283,16179.310749891654,12115.88093340801,2020-08-06T15:59:46Z,45.39298333,7.59483333,993.00,27.166
19141,3,11284,16180.310749891654,12116.88093340801,2020-08-06T15:59:47Z,45.39290000,7.59483333,1000.00,27.158
19142,3,11285,16181.310749891654,12117.88093340801,2020-08-06T15:59:48Z,45.39283333,7.59486667,1002.00,27.151
19143,3,11286,16182.310749891654,12118.88093340801,2020-08-06T15:59:49Z,45.39275000,7.59490000,1000.00,27.143
19144,3,11287,16183.310749891654,12119.88093340801,2020-08-06T15:59:50Z,45.39266667,7.59491667,999.00,27.134
19145,3,11288,16184.310749891654,12120.88093340801,2020-08-06T15:59:51Z,45.39258333,7.59493333,996.00,27.126
19146,3,11289,16185.310749891654,12121.88093340801,2020-08-06T15:59:52Z,45.39250000,7.59495000,992.00,27.117
19147,3,11290,16186.310749891654,12122.88093340801,2020-08-06T15:59:53Z,45.39243333,7.59495000,998.00,27.11
19148,3,11291,16187.310749891654,12123.88093340801,2020-08-06T15:59:54Z,45.39235000,7.59498333,992.00,27.102
19149,3,11292,16188.310749891654,12124.88093340801,2020-08-06T15:59:55Z,45.39228333,7.59501667,994.00,27.095
19150,3,11293,16189.310749891654,12125.88093340801,2020-08-06T15:59:56Z,45.39220000,7.59505000,992.00,27.087
19151,3,11294,16190.310749891654,12126.88093340801,2020-08-06T15:59:57Z,45.39211667,7.59508333,992.00,27.079
19152,3,11295,16191.310749891654,12127.88093340801,2020-08-06T15:59:58Z,45.39203333,7.59510000,993.00,27.07
19153,3,11296,16192.310749891654,12128.88093340801,2020-08-06T15:59:59Z,45.39196667,7.59513333,986.00,27.064
19154,3,11297,16193.310749891654,12129.88093340801,2020-08-06T16:00:00Z,45.39188333,7.59516667,992.00,27.056
19155,3,11298,16194.310749891654,12130.88093340801,2020-08-06T16:00:01Z,45.39181667,7.59520000,990.00,27.049
19156,3,11299,16195.310749891654,12131.88093340801,2020-08-06T16:00:02Z,45.39173333,7.59523333,990.00,27.041
19157,3,11300,16196.310749891654,12132.88093340801,2020-08-06T16:00:03Z,45.39166667,7.59526667,985.00,27.035
19158,3,11301,16197.310749891654,12133.88093340801,2020-08-06T16:00:04Z,45.39158333,7.59530000,986.00,27.026
19159,3,11302,16198.310749891654,12134.88093340801,2020-08-06T16:00:05Z,45.39150000,7.59531667,983.00,27.018
19160,3,11303,16199.310749891654,12135.88093340801,2020-08-06T16:00:06Z,45.39143333,7.59533333,992.00,27.011
19161,3,11304,16200.310749891654,12136.88093340801,2020-08-06T16:00:07Z,45.39135000,7.59536667,990.00,27.003
19162,3,11305,16201.310749891654,12137.88093340801,2020-08-06T16:00:08Z,45.39128333,7.59540000,987.00,26.996
19163,3,11306,16202.310749891654,12138.88093340801,2020-08-06T16:00:09Z,45.39120000,7.59543333,974.00,26.988
19164,3,11307,16203.310749891654,12139.88093340801,2020-08-06T16:00:10Z,45.39113333,7.59546667,982.00,26.982
19165,3,11308,16204.310749891654,12140.88093340801,2020-08-06T16:00:11Z,45.39105000,7.59551667,985.00,26.974
19166,3,11309,16205.310749891654,12141.88093340801,2020-08-06T16:00:12Z,45.39098333,7.59556667,982.00,26.968
19167,3,11310,16206.310749891654,12142.88093340801,2020-08-06T16:00:13Z,45.39091667,7.59561667,980.00,26.962
19168,3,11311,16207.310749891654,12143.88093340801,2020-08-06T16:00:14Z,45.39085000,7.59566667,980.00,26.956
19169,3,11312,16208.310749891654,12144.88093340801,2020-08-06T16:00:15Z,45.39078333,7.59571667,984.00,26.95
19170,3,11313,16209.310749891654,12145.88093340801,2020-08-06T16:00:16Z,45.39071667,7.59576667,978.00,26.944
19171,3,11314,16210.310749891654,12146.88093340801,2020-08-06T16:00:17Z,45.39065000,7.59580000,980.00,26.937
19172,3,11315,16211.310749891654,12147.88093340801,2020-08-06T16:00:18Z,45.39058333,7.59585000,974.00,26.931
19173,3,11316,16212.310749891654,12148.88093340801,2020-08-06T16:00:19Z,45.39051667,7.59590000,981.00,26.925
19174,3,11317,16213.310749891654,12149.88093340801,2020-08-06T16:00:20Z,45.39043333,7.59595000,975.00,26.917
19175,3,11318,16214.310749891654,12150.88093340801,2020-08-06T16:00:21Z,45.39035000,7.59598333,981.00,26.909
19176,3,11319,16215.310749891654,12151.88093340801,2020-08-06T16:00:22Z,45.39028333,7.59601667,975.00,26.903
19177,3,11320,16216.310749891654,12152.88093340801,2020-08-06T16:00:23Z,45.39020000,7.59605000,970.00,26.895
19178,3,11321,16217.310749891654,12153.88093340801,2020-08-06T16:00:24Z,45.39013333,7.59608333,973.00,26.888
19179,3,11322,16218.310749891654,12154.88093340801,2020-08-06T16:00:25Z,45.39005000,7.59611667,972.00,26.88
19180,3,11323,16219.310749891654,12155.88093340801,2020-08-06T16:00:26Z,45.38998333,7.59616667,970.00,26.874
19181,3,11324,16220.310749891654,12156.88093340801,2020-08-06T16:00:27Z,45.38990000,7.59620000,973.00,26.866
19182,3,11325,16221.310749891654,12157.88093340801,2020-08-06T16:00:28Z,45.38981667,7.59623333,969.00,26.858
19183,3,11326,16222.310749891654,12158.88093340801,2020-08-06T16:00:29Z,45.38975000,7.59628333,965.00,26.852
19184,3,11327,16223.310749891654,12159.88093340801,2020-08-06T16:00:30Z,45.38966667,7.59633333,977.00,26.844
19185,3,11328,16224.310749891654,12160.88093340801,2020-08-06T16:00:31Z,45.38960000,7.59638333,964.00,26.838
19186,3,11329,16225.310749891654,12161.88093340801,2020-08-06T16:00:32Z,45.38953333,7.59643333,972.00,26.832
19187,3,11330,16226.310749891654,12162.88093340801,2020-08-06T16:00:33Z,45.38946667,7.59646667,964.00,26.826
19188,3,11331,16227.310749891654,12163.88093340801,2020-08-06T16:00:34Z,45.38940000,7.59651667,968.00,26.82
19189,3,11332,16228.310749891654,12164.88093340801,2020-08-06T16:00:35Z,45.38931667,7.59656667,968.00,26.812
19190,3,11333,16229.310749891654,12165.88093340801,2020-08-06T16:00:36Z,45.38925000,7.59661667,966.00,26.806
19191,3,11334,16230.310749891654,12166.88093340801,2020-08-06T16:00:37Z,45.38916667,7.59666667,964.00,26.799
19192,3,11335,16231.310749891654,12167.88093340801,2020-08-06T16:00:38Z,45.38910000,7.59673333,961.00,26.793
19193,3,11336,16232.310749891654,12168.88093340801,2020-08-06T16:00:39Z,45.38903333,7.59678333,967.00,26.787
19194,3,11337,16233.310749891654,12169.88093340801,2020-08-06T16:00:40Z,45.38895000,7.59683333,965.00,26.78
19195,3,11338,16234.310749891654,12170.88093340801,2020-08-06T16:00:41Z,45.38886667,7.59688333,965.00,26.772
19196,3,11339,16235.310749891654,12171.88093340801,2020-08-06T16:00:42Z,45.38880000,7.59691667,969.00,26.766
19197,3,11340,16236.310749891654,12172.88093340801,2020-08-06T16:00:43Z,45.38871667,7.59696667,965.00,26.758
19198,3,11341,16237.310749891654,12173.88093340801,2020-08-06T16:00:44Z,45.38863333,7.59701667,965.00,26.75
19199,3,11342,16238.310749891654,12174.88093340801,2020-08-06T16:00:45Z,45.38856667,7.59705000,970.00,26.744
19200,3,11343,16239.310749891654,12175.88093340801,2020-08-06T16:00:46Z,45.38848333,7.59710000,962.00,26.736
19201,3,11344,16240.310749891654,12176.88093340801,2020-08-06T16:00:47Z,45.38841667,7.59713333,972.00,26.73
19202,3,11345,16241.310749891654,12177.88093340801,2020-08-06T16:00:48Z,45.38835000,7.59718333,962.00,26.724
19203,3,11346,16242.310749891654,12178.88093340801,2020-08-06T16:00:49Z,45.38828333,7.59721667,971.00,26.718
19204,3,11347,16243.310749891654,12179.88093340801,2020-08-06T16:00:50Z,45.38821667,7.59725000,966.00,26.712
19205,3,11348,16244.310749891654,12180.88093340801,2020-08-06T16:00:51Z,45.38815000,7.59730000,963.00,26.706
19206,3,11349,16245.310749891654,12181.88093340801,2020-08-06T16:00:52Z,45.38810000,7.59736667,965.00,26.702
19207,3,11350,16246.310749891654,12182.88093340801,2020-08-06T16:00:53Z,45.38805000,7.59745000,961.00,26.699
19208,3,11351,16247.310749891654,12183.88093340801,2020-08-06T16:00:54Z,45.38798333,7.59753333,960.00,26.694
19209,3,11352,16248.310749891654,12184.88093340801,2020-08-06T16:00:55Z,45.38793333,7.59760000,965.00,26.69
19210,3,11353,16249.310749891654,12185.88093340801,2020-08-06T16:00:56Z,45.38788333,7.59766667,960.00,26.686
19211,3,11354,16250.310749891654,12186.88093340801,2020-08-06T16:00:57Z,45.38785000,7.59771667,961.00,26.684
19212,3,11355,16251.310749891654,12187.88093340801,2020-08-06T16:00:58Z,45.38780000,7.59778333,959.00,26.68
19213,3,11356,16252.310749891654,12188.88093340801,2020-08-06T16:00:59Z,45.38776667,7.59788333,959.00,26.679
19214,3,11357,16253.310749891654,12189.88093340801,2020-08-06T16:01:00Z,45.38771667,7.59796667,951.00,26.676
19215,3,11358,16254.310749891654,12190.88093340801,2020-08-06T16:01:01Z,45.38766667,7.59806667,955.00,26.673
19216,3,11359,16255.310749891654,12191.88093340801,2020-08-06T16:01:02Z,45.38761667,7.59816667,955.00,26.67
19217,3,11360,16256.310749891654,12192.88093340801,2020-08-06T16:01:03Z,45.38756667,7.59826667,968.00,26.668
19218,3,11361,16257.310749891654,12193.88093340801,2020-08-06T16:01:04Z,45.38751667,7.59835000,950.00,26.664
19219,3,11362,16258.310749891654,12194.88093340801,2020-08-06T16:01:05Z,45.38748333,7.59845000,958.00,26.663
19220,3,11363,16259.310749891654,12195.88093340801,2020-08-06T16:01:06Z,45.38743333,7.59855000,950.00,26.661
19221,3,11364,16260.310749891654,12196.88093340801,2020-08-06T16:01:07Z,45.38738333,7.59863333,951.00,26.657
19222,3,11365,16261.310749891654,12197.88093340801,2020-08-06T16:01:08Z,45.38733333,7.59873333,950.00,26.655
19223,3,11366,16262.310749891654,12198.88093340801,2020-08-06T16:01:09Z,45.38728333,7.59885000,949.00,26.652
19224,3,11367,16263.310749891654,12199.88093340801,2020-08-06T16:01:10Z,45.38723333,7.59896667,952.00,26.65
19225,3,11368,16264.310749891654,12200.88093340801,2020-08-06T16:01:11Z,45.38718333,7.59908333,944.00,26.648
19226,3,11369,16265.310749891654,12201.88093340801,2020-08-06T16:01:12Z,45.38715000,7.59918333,944.00,26.647
19227,3,11370,16266.310749891654,12202.88093340801,2020-08-06T16:01:13Z,45.38711667,7.59928333,948.00,26.646
19228,3,11371,16267.310749891654,12203.88093340801,2020-08-06T16:01:14Z,45.38710000,7.59938333,943.00,26.647
19229,3,11372,16268.310749891654,12204.88093340801,2020-08-06T16:01:15Z,45.38708333,7.59950000,943.00,26.648
19230,3,11373,16269.310749891654,12205.88093340801,2020-08-06T16:01:16Z,45.38706667,7.59961667,929.00,26.649
19231,3,11374,16270.310749891654,12206.88093340801,2020-08-06T16:01:17Z,45.38705000,7.59973333,947.00,26.651
19232,3,11375,16271.310749891654,12207.88093340801,2020-08-06T16:01:18Z,45.38703333,7.59985000,938.00,26.652
19233,3,11376,16272.310749891654,12208.88093340801,2020-08-06T16:01:19Z,45.38701667,7.59995000,940.00,26.653
19234,3,11377,16273.310749891654,12209.88093340801,2020-08-06T16:01:20Z,45.38698333,7.60005000,940.00,26.652
19235,3,11378,16274.310749891654,12210.88093340801,2020-08-06T16:01:21Z,45.38696667,7.60016667,938.00,26.653
19236,3,11379,16275.310749891654,12211.88093340801,2020-08-06T16:01:22Z,45.38693333,7.60026667,935.00,26.653
19237,3,11380,16276.310749891654,12212.88093340801,2020-08-06T16:01:23Z,45.38690000,7.60036667,932.00,26.652
19238,3,11381,16277.310749891654,12213.88093340801,2020-08-06T16:01:24Z,45.38686667,7.60046667,926.00,26.651
19239,3,11382,16278.310749891654,12214.88093340801,2020-08-06T16:01:25Z,45.38683333,7.60056667,928.00,26.65
19240,3,11383,16279.310749891654,12215.88093340801,2020-08-06T16:01:26Z,45.38680000,7.60068333,936.00,26.65
19241,3,11384,16280.310749891654,12216.88093340801,2020-08-06T16:01:27Z,45.38676667,7.60078333,922.00,26.649
19242,3,11385,16281.310749891654,12217.88093340801,2020-08-06T16:01:28Z,45.38673333,7.60088333,930.00,26.648
19243,3,11386,16282.310749891654,12218.88093340801,2020-08-06T16:01:29Z,45.38670000,7.60098333,920.00,26.647
19244,3,11387,16283.310749891654,12219.88093340801,2020-08-06T16:01:30Z,45.38666667,7.60108333,930.00,26.647
19245,3,11388,16284.310749891654,12220.88093340801,2020-08-06T16:01:31Z,45.38665000,7.60116667,925.00,26.647
19246,3,11389,16285.310749891654,12221.88093340801,2020-08-06T16:01:32Z,45.38661667,7.60125000,924.00,26.646
19247,3,11390,16286.310749891654,12222.88093340801,2020-08-06T16:01:33Z,45.38656667,7.60135000,923.00,26.644
19248,3,11391,16287.310749891654,12223.88093340801,2020-08-06T16:01:34Z,45.38651667,7.60143333,923.00,26.641
19249,3,11392,16288.310749891654,12224.88093340801,2020-08-06T16:01:35Z,45.38646667,7.60151667,927.00,26.638
19250,3,11393,16289.310749891654,12225.88093340801,2020-08-06T16:01:36Z,45.38641667,7.60160000,921.00,26.635
19251,3,11394,16290.310749891654,12226.88093340801,2020-08-06T16:01:37Z,45.38636667,7.60166667,921.00,26.632
19252,3,11395,16291.310749891654,12227.88093340801,2020-08-06T16:01:38Z,45.38631667,7.60173333,916.00,26.628
19253,3,11396,16292.310749891654,12228.88093340801,2020-08-06T16:01:39Z,45.38626667,7.60180000,917.00,26.625
19254,3,11397,16293.310749891654,12229.88093340801,2020-08-06T16:01:40Z,45.38620000,7.60186667,916.00,26.62
19255,3,11398,16294.310749891654,12230.88093340801,2020-08-06T16:01:41Z,45.38615000,7.60193333,919.00,26.617
19256,3,11399,16295.310749891654,12231.88093340801,2020-08-06T16:01:42Z,45.38610000,7.60200000,913.00,26.613
19257,3,11400,16296.310749891654,12232.88093340801,2020-08-06T16:01:43Z,45.38603333,7.60206667,914.00,26.608
19258,3,11401,16297.310749891654,12233.88093340801,2020-08-06T16:01:44Z,45.38598333,7.60213333,915.00,26.605
19259,3,11402,16298.310749891654,12234.88093340801,2020-08-06T16:01:45Z,45.38593333,7.60220000,915.00,26.602
19260,3,11403,16299.310749891654,12235.88093340801,2020-08-06T16:01:46Z,45.38588333,7.60225000,914.00,26.598
19261,3,11404,16300.310749891654,12236.88093340801,2020-08-06T16:01:47Z,45.38583333,7.60231667,912.00,26.595
19262,3,11405,16301.310749891654,12237.88093340801,2020-08-06T16:01:48Z,45.38578333,7.60238333,911.00,26.592
19263,3,11406,16302.310749891654,12238.88093340801,2020-08-06T16:01:49Z,45.38571667,7.60245000,912.00,26.587
19264,3,11407,16303.310749891654,12239.88093340801,2020-08-06T16:01:50Z,45.38566667,7.60251667,908.00,26.583
19265,3,11408,16304.310749891654,12240.88093340801,2020-08-06T16:01:51Z,45.38558333,7.60256667,907.00,26.576
19266,3,11409,16305.310749891654,12241.88093340801,2020-08-06T16:01:52Z,45.38551667,7.60260000,903.00,26.57
19267,3,11410,16306.310749891654,12242.88093340801,2020-08-06T16:01:53Z,45.38545000,7.60263333,905.00,26.564
19268,3,11411,16307.310749891654,12243.88093340801,2020-08-06T16:01:54Z,45.38538333,7.60265000,908.00,26.558
19269,3,11412,16308.310749891654,12244.88093340801,2020-08-06T16:01:55Z,45.38533333,7.60266667,906.00,26.553
19270,3,11413,16309.310749891654,12245.88093340801,2020-08-06T16:01:56Z,45.38526667,7.60270000,906.00,26.547
19271,3,11414,16310.310749891654,12246.88093340801,2020-08-06T16:01:57Z,45.38520000,7.60271667,902.00,26.541
19272,3,11415,16311.310749891654,12247.88093340801,2020-08-06T16:01:58Z,45.38515000,7.60275000,902.00,26.537
19273,3,11416,16312.310749891654,12248.88093340801,2020-08-06T16:01:59Z,45.38508333,7.60276667,904.00,26.53
19274,3,11417,16313.310749891654,12249.88093340801,2020-08-06T16:02:00Z,45.38501667,7.60278333,905.00,26.524
19275,3,11418,16314.310749891654,12250.88093340801,2020-08-06T16:02:01Z,45.38495000,7.60278333,894.00,26.517
19276,3,11419,16315.310749891654,12251.88093340801,2020-08-06T16:02:02Z,45.38488333,7.60276667,902.00,26.51
19277,3,11420,16316.310749891654,12252.88093340801,2020-08-06T16:02:03Z,45.38481667,7.60271667,900.00,26.501
19278,3,11421,16317.310749891654,12253.88093340801,2020-08-06T16:02:04Z,45.38476667,7.60266667,898.00,26.495
19279,3,11422,16318.310749891654,12254.88093340801,2020-08-06T16:02:05Z,45.38471667,7.60258333,901.00,26.487
19280,3,11423,16319.310749891654,12255.88093340801,2020-08-06T16:02:06Z,45.38466667,7.60246667,898.00,26.479
19281,3,11424,16320.310749891654,12256.88093340801,2020-08-06T16:02:07Z,45.38463333,7.60235000,895.00,26.472
19282,3,11425,16321.310749891654,12257.88093340801,2020-08-06T16:02:08Z,45.38458333,7.60221667,903.00,26.463
19283,3,11426,16322.310749891654,12258.88093340801,2020-08-06T16:02:09Z,45.38455000,7.60210000,898.00,26.456
19284,3,11427,16323.310749891654,12259.88093340801,2020-08-06T16:02:10Z,45.38451667,7.60198333,898.00,26.449
19285,3,11428,16324.310749891654,12260.88093340801,2020-08-06T16:02:11Z,45.38448333,7.60185000,899.00,26.442
19286,3,11429,16325.310749891654,12261.88093340801,2020-08-06T16:02:12Z,45.38445000,7.60171667,900.00,26.435
19287,3,11430,16326.310749891654,12262.88093340801,2020-08-06T16:02:13Z,45.38441667,7.60158333,898.00,26.427
19288,3,11431,16327.310749891654,12263.88093340801,2020-08-06T16:02:14Z,45.38440000,7.60145000,902.00,26.422
19289,3,11432,16328.310749891654,12264.88093340801,2020-08-06T16:02:15Z,45.38436667,7.60133333,904.00,26.415
19290,3,11433,16329.310749891654,12265.88093340801,2020-08-06T16:02:16Z,45.38433333,7.60121667,897.00,26.408
19291,3,11434,16330.310749891654,12266.88093340801,2020-08-06T16:02:17Z,45.38430000,7.60110000,897.00,26.401
19292,3,11435,16331.310749891654,12267.88093340801,2020-08-06T16:02:18Z,45.38426667,7.60098333,897.00,26.395
19293,3,11436,16332.310749891654,12268.88093340801,2020-08-06T16:02:19Z,45.38423333,7.60086667,899.00,26.388
19294,3,11437,16333.310749891654,12269.88093340801,2020-08-06T16:02:20Z,45.38420000,7.60075000,900.00,26.381
19295,3,11438,16334.310749891654,12270.88093340801,2020-08-06T16:02:21Z,45.38416667,7.60065000,897.00,26.375
19296,3,11439,16335.310749891654,12271.88093340801,2020-08-06T16:02:22Z,45.38413333,7.60055000,901.00,26.369
19297,3,11440,16336.310749891654,12272.88093340801,2020-08-06T16:02:23Z,45.38408333,7.60043333,897.00,26.36
19298,3,11441,16337.310749891654,12273.88093340801,2020-08-06T16:02:24Z,45.38405000,7.60033333,897.00,26.354
19299,3,11442,16338.310749891654,12274.88093340801,2020-08-06T16:02:25Z,45.38401667,7.60023333,903.00,26.348
19300,3,11443,16339.310749891654,12275.88093340801,2020-08-06T16:02:26Z,45.38398333,7.60011667,902.00,26.341
19301,3,11444,16340.310749891654,12276.88093340801,2020-08-06T16:02:27Z,45.38395000,7.60000000,902.00,26.334
19302,3,11445,16341.310749891654,12277.88093340801,2020-08-06T16:02:28Z,45.38391667,7.59988333,903.00,26.328
19303,3,11446,16342.310749891654,12278.88093340801,2020-08-06T16:02:29Z,45.38388333,7.59976667,901.00,26.321
19304,3,11447,16343.310749891654,12279.88093340801,2020-08-06T16:02:30Z,45.38385000,7.59965000,897.00,26.314
19305,3,11448,16344.310749891654,12280.88093340801,2020-08-06T16:02:31Z,45.38381667,7.59953333,902.00,26.307
19306,3,11449,16345.310749891654,12281.88093340801,2020-08-06T16:02:32Z,45.38378333,7.59941667,898.00,26.301
19307,3,11450,16346.310749891654,12282.88093340801,2020-08-06T16:02:33Z,45.38375000,7.59930000,901.00,26.294
19308,3,11451,16347.310749891654,12283.88093340801,2020-08-06T16:02:34Z,45.38371667,7.59920000,900.00,26.288
19309,3,11452,16348.310749891654,12284.88093340801,2020-08-06T16:02:35Z,45.38368333,7.59908333,903.00,26.281
19310,3,11453,16349.310749891654,12285.88093340801,2020-08-06T16:02:36Z,45.38365000,7.59898333,898.00,26.275
19311,3,11454,16350.310749891654,12286.88093340801,2020-08-06T16:02:37Z,45.38361667,7.59885000,900.00,26.268
19312,3,11455,16351.310749891654,12287.88093340801,2020-08-06T16:02:38Z,45.38358333,7.59873333,902.00,26.262
19313,3,11456,16352.310749891654,12288.88093340801,2020-08-06T16:02:39Z,45.38356667,7.59863333,905.00,26.257
19314,3,11457,16353.310749891654,12289.88093340801,2020-08-06T16:02:40Z,45.38353333,7.59851667,901.00,26.25
19315,3,11458,16354.310749891654,12290.88093340801,2020-08-06T16:02:41Z,45.38350000,7.59841667,908.00,26.244
19316,3,11459,16355.310749891654,12291.88093340801,2020-08-06T16:02:42Z,45.38346667,7.59831667,898.00,26.238
19317,3,11460,16356.310749891654,12292.88093340801,2020-08-06T16:02:43Z,45.38345000,7.59821667,888.00,26.234
19318,3,11461,16357.310749891654,12293.88093340801,2020-08-06T16:02:44Z,45.38345000,7.59810000,911.00,26.231
19319,3,11462,16358.310749891654,12294.88093340801,2020-08-06T16:02:45Z,45.38345000,7.59798333,902.00,26.228
19320,3,11463,16359.310749891654,12295.88093340801,2020-08-06T16:02:46Z,45.38345000,7.59785000,898.00,26.224
19321,3,11464,16360.310749891654,12296.88093340801,2020-08-06T16:02:47Z,45.38346667,7.59771667,902.00,26.222
19322,3,11465,16361.310749891654,12297.88093340801,2020-08-06T16:02:48Z,45.38348333,7.59756667,895.00,26.22
19323,3,11466,16362.310749891654,12298.88093340801,2020-08-06T16:02:49Z,45.38348333,7.59741667,908.00,26.216
19324,3,11467,16363.310749891654,12299.88093340801,2020-08-06T16:02:50Z,45.38348333,7.59728333,900.00,26.213
19325,3,11468,16364.310749891654,12300.88093340801,2020-08-06T16:02:51Z,45.38348333,7.59715000,907.00,26.21
19326,3,11469,16365.310749891654,12301.88093340801,2020-08-06T16:02:52Z,45.38348333,7.59703333,916.00,26.207
19327,3,11470,16366.310749891654,12302.88093340801,2020-08-06T16:02:53Z,45.38346667,7.59691667,910.00,26.202
19328,3,11471,16367.310749891654,12303.88093340801,2020-08-06T16:02:54Z,45.38343333,7.59683333,912.00,26.196
19329,3,11472,16368.310749891654,12304.88093340801,2020-08-06T16:02:55Z,45.38338333,7.59675000,904.00,26.189
19330,3,11473,16369.310749891654,12305.88093340801,2020-08-06T16:02:56Z,45.38333333,7.59668333,900.00,26.182
19331,3,11474,16370.310749891654,12306.88093340801,2020-08-06T16:02:57Z,45.38326667,7.59666667,907.00,26.175
19332,3,11475,16371.310749891654,12307.88093340801,2020-08-06T16:02:58Z,45.38318333,7.59666667,904.00,26.166
19333,3,11476,16372.310749891654,12308.88093340801,2020-08-06T16:02:59Z,45.38311667,7.59671667,904.00,26.16
19334,3,11477,16373.310749891654,12309.88093340801,2020-08-06T16:03:00Z,45.38306667,7.59676667,901.00,26.156
19335,3,11478,16374.310749891654,12310.88093340801,2020-08-06T16:03:01Z,45.38303333,7.59685000,896.00,26.155
19336,3,11479,16375.310749891654,12311.88093340801,2020-08-06T16:03:02Z,45.38303333,7.59695000,901.00,26.157
19337,3,11480,16376.310749891654,12312.88093340801,2020-08-06T16:03:03Z,45.38303333,7.59705000,901.00,26.16
19338,3,11481,16377.310749891654,12313.88093340801,2020-08-06T16:03:04Z,45.38306667,7.59715000,904.00,26.166
19339,3,11482,16378.310749891654,12314.88093340801,2020-08-06T16:03:05Z,45.38310000,7.59726667,907.00,26.172
19340,3,11483,16379.310749891654,12315.88093340801,2020-08-06T16:03:06Z,45.38313333,7.59736667,907.00,26.178
19341,3,11484,16380.310749891654,12316.88093340801,2020-08-06T16:03:07Z,45.38318333,7.59748333,897.00,26.187
19342,3,11485,16381.310749891654,12317.88093340801,2020-08-06T16:03:08Z,45.38321667,7.59760000,900.00,26.193
19343,3,11486,16382.310749891654,12318.88093340801,2020-08-06T16:03:09Z,45.38325000,7.59770000,912.00,26.199
19344,3,11487,16383.310749891654,12319.88093340801,2020-08-06T16:03:10Z,45.38326667,7.59780000,912.00,26.204
19345,3,11488,16384.310749891654,12320.88093340801,2020-08-06T16:03:11Z,45.38326667,7.59790000,903.00,26.206
19346,3,11489,16385.310749891654,12321.88093340801,2020-08-06T16:03:12Z,45.38323333,7.59800000,909.00,26.205
19347,3,11490,16386.310749891654,12322.88093340801,2020-08-06T16:03:13Z,45.38320000,7.59810000,914.00,26.205
19348,3,11491,16387.310749891654,12323.88093340801,2020-08-06T16:03:14Z,45.38315000,7.59818333,908.00,26.202
19349,3,11492,16388.310749891654,12324.88093340801,2020-08-06T16:03:15Z,45.38310000,7.59823333,899.00,26.198
19350,3,11493,16389.310749891654,12325.88093340801,2020-08-06T16:03:16Z,45.38303333,7.59825000,904.00,26.191
19351,3,11494,16390.310749891654,12326.88093340801,2020-08-06T16:03:17Z,45.38296667,7.59825000,905.00,26.184
19352,3,11495,16391.310749891654,12327.88093340801,2020-08-06T16:03:18Z,45.38291667,7.59821667,908.00,26.178
19353,3,11496,16392.310749891654,12328.88093340801,2020-08-06T16:03:19Z,45.38285000,7.59815000,909.00,26.169
19354,3,11497,16393.310749891654,12329.88093340801,2020-08-06T16:03:20Z,45.38281667,7.59805000,902.00,26.163
19355,3,11498,16394.310749891654,12330.88093340801,2020-08-06T16:03:21Z,45.38280000,7.59790000,915.00,26.157
19356,3,11499,16395.310749891654,12331.88093340801,2020-08-06T16:03:22Z,45.38283333,7.59778333,911.00,26.158
19357,3,11500,16396.310749891654,12332.88093340801,2020-08-06T16:03:23Z,45.38286667,7.59766667,901.00,26.158
19358,3,11501,16397.310749891654,12333.88093340801,2020-08-06T16:03:24Z,45.38293333,7.59755000,910.00,26.162
19359,3,11502,16398.310749891654,12334.88093340801,2020-08-06T16:03:25Z,45.38300000,7.59745000,917.00,26.167
19360,3,11503,16399.310749891654,12335.88093340801,2020-08-06T16:03:26Z,45.38306667,7.59731667,901.00,26.17
19361,3,11504,16400.310749891654,12336.88093340801,2020-08-06T16:03:27Z,45.38313333,7.59720000,912.00,26.174
19362,3,11505,16401.310749891654,12337.88093340801,2020-08-06T16:03:28Z,45.38318333,7.59706667,908.00,26.176
19363,3,11506,16402.310749891654,12338.88093340801,2020-08-06T16:03:29Z,45.38325000,7.59693333,909.00,26.18
19364,3,11507,16403.310749891654,12339.88093340801,2020-08-06T16:03:30Z,45.38333333,7.59680000,906.00,26.185
19365,3,11508,16404.310749891654,12340.88093340801,2020-08-06T16:03:31Z,45.38340000,7.59668333,915.00,26.189
19366,3,11509,16405.310749891654,12341.88093340801,2020-08-06T16:03:32Z,45.38346667,7.59656667,905.00,26.193
19367,3,11510,16406.310749891654,12342.88093340801,2020-08-06T16:03:33Z,45.38353333,7.59645000,909.00,26.197
19368,3,11511,16407.310749891654,12343.88093340801,2020-08-06T16:03:34Z,45.38360000,7.59633333,912.00,26.201
19369,3,11512,16408.310749891654,12344.88093340801,2020-08-06T16:03:35Z,45.38365000,7.59620000,922.00,26.203
19370,3,11513,16409.310749891654,12345.88093340801,2020-08-06T16:03:36Z,45.38366667,7.59608333,912.00,26.202
19371,3,11514,16410.310749891654,12346.88093340801,2020-08-06T16:03:37Z,45.38370000,7.59595000,915.00,26.202
19372,3,11515,16411.310749891654,12347.88093340801,2020-08-06T16:03:38Z,45.38370000,7.59583333,912.00,26.2
19373,3,11516,16412.310749891654,12348.88093340801,2020-08-06T16:03:39Z,45.38370000,7.59570000,907.00,26.196
19374,3,11517,16413.310749891654,12349.88093340801,2020-08-06T16:03:40Z,45.38370000,7.59558333,910.00,26.194
19375,3,11518,16414.310749891654,12350.88093340801,2020-08-06T16:03:41Z,45.38368333,7.59548333,905.00,26.189
19376,3,11519,16415.310749891654,12351.88093340801,2020-08-06T16:03:42Z,45.38365000,7.59538333,914.00,26.183
19377,3,11520,16416.310749891654,12352.88093340801,2020-08-06T16:03:43Z,45.38360000,7.59531667,910.00,26.177
19378,3,11521,16417.310749891654,12353.88093340801,2020-08-06T16:03:44Z,45.38353333,7.59526667,910.00,26.168
19379,3,11522,16418.310749891654,12354.88093340801,2020-08-06T16:03:45Z,45.38345000,7.59525000,898.00,26.159
19380,3,11523,16419.310749891654,12355.88093340801,2020-08-06T16:03:46Z,45.38338333,7.59526667,910.00,26.152
19381,3,11524,16420.310749891654,12356.88093340801,2020-08-06T16:03:47Z,45.38331667,7.59531667,906.00,26.147
19382,3,11525,16421.310749891654,12357.88093340801,2020-08-06T16:03:48Z,45.38326667,7.59538333,901.00,26.143
19383,3,11526,16422.310749891654,12358.88093340801,2020-08-06T16:03:49Z,45.38321667,7.59548333,899.00,26.14
19384,3,11527,16423.310749891654,12359.88093340801,2020-08-06T16:03:50Z,45.38318333,7.59560000,907.00,26.139
19385,3,11528,16424.310749891654,12360.88093340801,2020-08-06T16:03:51Z,45.38318333,7.59573333,896.00,26.143
19386,3,11529,16425.310749891654,12361.88093340801,2020-08-06T16:03:52Z,45.38318333,7.59586667,904.00,26.146
19387,3,11530,16426.310749891654,12362.88093340801,2020-08-06T16:03:53Z,45.38320000,7.59600000,903.00,26.151
19388,3,11531,16427.310749891654,12363.88093340801,2020-08-06T16:03:54Z,45.38323333,7.59613333,902.00,26.158
19389,3,11532,16428.310749891654,12364.88093340801,2020-08-06T16:03:55Z,45.38325000,7.59625000,901.00,26.162
19390,3,11533,16429.310749891654,12365.88093340801,2020-08-06T16:03:56Z,45.38326667,7.59636667,907.00,26.167
19391,3,11534,16430.310749891654,12366.88093340801,2020-08-06T16:03:57Z,45.38328333,7.59648333,905.00,26.172
19392,3,11535,16431.310749891654,12367.88093340801,2020-08-06T16:03:58Z,45.38328333,7.59660000,909.00,26.175
19393,3,11536,16432.310749891654,12368.88093340801,2020-08-06T16:03:59Z,45.38330000,7.59673333,902.00,26.18
19394,3,11537,16433.310749891654,12369.88093340801,2020-08-06T16:04:00Z,45.38331667,7.59685000,904.00,26.184
19395,3,11538,16434.310749891654,12370.88093340801,2020-08-06T16:04:01Z,45.38333333,7.59696667,907.00,26.189
19396,3,11539,16435.310749891654,12371.88093340801,2020-08-06T16:04:02Z,45.38336667,7.59710000,906.00,26.196
19397,3,11540,16436.310749891654,12372.88093340801,2020-08-06T16:04:03Z,45.38338333,7.59721667,906.00,26.201
19398,3,11541,16437.310749891654,12373.88093340801,2020-08-06T16:04:04Z,45.38340000,7.59733333,905.00,26.206
19399,3,11542,16438.310749891654,12374.88093340801,2020-08-06T16:04:05Z,45.38341667,7.59746667,903.00,26.211
19400,3,11543,16439.310749891654,12375.88093340801,2020-08-06T16:04:06Z,45.38341667,7.59758333,906.00,26.214
19401,3,11544,16440.310749891654,12376.88093340801,2020-08-06T16:04:07Z,45.38343333,7.59770000,904.00,26.219
19402,3,11545,16441.310749891654,12377.88093340801,2020-08-06T16:04:08Z,45.38345000,7.59781667,907.00,26.223
19403,3,11546,16442.310749891654,12378.88093340801,2020-08-06T16:04:09Z,45.38346667,7.59793333,906.00,26.228
19404,3,11547,16443.310749891654,12379.88093340801,2020-08-06T16:04:10Z,45.38348333,7.59805000,907.00,26.233
19405,3,11548,16444.310749891654,12380.88093340801,2020-08-06T16:04:11Z,45.38350000,7.59816667,904.00,26.238
19406,3,11549,16445.310749891654,12381.88093340801,2020-08-06T16:04:12Z,45.38350000,7.59828333,908.00,26.241
19407,3,11550,16446.310749891654,12382.88093340801,2020-08-06T16:04:13Z,45.38351667,7.59840000,907.00,26.246
19408,3,11551,16447.310749891654,12383.88093340801,2020-08-06T16:04:14Z,45.38351667,7.59853333,909.00,26.249
19409,3,11552,16448.310749891654,12384.88093340801,2020-08-06T16:04:15Z,45.38353333,7.59865000,911.00,26.254
19410,3,11553,16449.310749891654,12385.88093340801,2020-08-06T16:04:16Z,45.38353333,7.59876667,909.00,26.257
19411,3,11554,16450.310749891654,12386.88093340801,2020-08-06T16:04:17Z,45.38355000,7.59888333,910.00,26.262
19412,3,11555,16451.310749891654,12387.88093340801,2020-08-06T16:04:18Z,45.38355000,7.59900000,909.00,26.265
19413,3,11556,16452.310749891654,12388.88093340801,2020-08-06T16:04:19Z,45.38355000,7.59910000,914.00,26.268
19414,3,11557,16453.310749891654,12389.88093340801,2020-08-06T16:04:20Z,45.38356667,7.59921667,911.00,26.273
19415,3,11558,16454.310749891654,12390.88093340801,2020-08-06T16:04:21Z,45.38358333,7.59933333,919.00,26.278
19416,3,11559,16455.310749891654,12391.88093340801,2020-08-06T16:04:22Z,45.38360000,7.59946667,907.00,26.283
19417,3,11560,16456.310749891654,12392.88093340801,2020-08-06T16:04:23Z,45.38361667,7.59958333,913.00,26.288
19418,3,11561,16457.310749891654,12393.88093340801,2020-08-06T16:04:24Z,45.38365000,7.59970000,911.00,26.295
19419,3,11562,16458.310749891654,12394.88093340801,2020-08-06T16:04:25Z,45.38368333,7.59980000,911.00,26.301
19420,3,11563,16459.310749891654,12395.88093340801,2020-08-06T16:04:26Z,45.38371667,7.59990000,910.00,26.307
19421,3,11564,16460.310749891654,12396.88093340801,2020-08-06T16:04:27Z,45.38376667,7.60000000,908.00,26.315
19422,3,11565,16461.310749891654,12397.88093340801,2020-08-06T16:04:28Z,45.38381667,7.60010000,908.00,26.323
19423,3,11566,16462.310749891654,12398.88093340801,2020-08-06T16:04:29Z,45.38388333,7.60021667,909.00,26.333
19424,3,11567,16463.310749891654,12399.88093340801,2020-08-06T16:04:30Z,45.38393333,7.60031667,907.00,26.341
19425,3,11568,16464.310749891654,12400.88093340801,2020-08-06T16:04:31Z,45.38400000,7.60043333,909.00,26.351
19426,3,11569,16465.310749891654,12401.88093340801,2020-08-06T16:04:32Z,45.38406667,7.60053333,909.00,26.361
19427,3,11570,16466.310749891654,12402.88093340801,2020-08-06T16:04:33Z,45.38411667,7.60065000,912.00,26.37
19428,3,11571,16467.310749891654,12403.88093340801,2020-08-06T16:04:34Z,45.38415000,7.60075000,902.00,26.376
19429,3,11572,16468.310749891654,12404.88093340801,2020-08-06T16:04:35Z,45.38418333,7.60086667,915.00,26.383
19430,3,11573,16469.310749891654,12405.88093340801,2020-08-06T16:04:36Z,45.38420000,7.60096667,903.00,26.387
19431,3,11574,16470.310749891654,12406.88093340801,2020-08-06T16:04:37Z,45.38420000,7.60108333,910.00,26.391
19432,3,11575,16471.310749891654,12407.88093340801,2020-08-06T16:04:38Z,45.38418333,7.60118333,902.00,26.392
19433,3,11576,16472.310749891654,12408.88093340801,2020-08-06T16:04:39Z,45.38415000,7.60126667,909.00,26.391
19434,3,11577,16473.310749891654,12409.88093340801,2020-08-06T16:04:40Z,45.38410000,7.60133333,913.00,26.387
19435,3,11578,16474.310749891654,12410.88093340801,2020-08-06T16:04:41Z,45.38403333,7.60136667,913.00,26.381
19436,3,11579,16475.310749891654,12411.88093340801,2020-08-06T16:04:42Z,45.38398333,7.60136667,911.00,26.376
19437,3,11580,16476.310749891654,12412.88093340801,2020-08-06T16:04:43Z,45.38391667,7.60135000,910.00,26.369
19438,3,11581,16477.310749891654,12413.88093340801,2020-08-06T16:04:44Z,45.38385000,7.60130000,908.00,26.361
19439,3,11582,16478.310749891654,12414.88093340801,2020-08-06T16:04:45Z,45.38380000,7.60123333,903.00,26.353
19440,3,11583,16479.310749891654,12415.88093340801,2020-08-06T16:04:46Z,45.38373333,7.60115000,905.00,26.344
19441,3,11584,16480.310749891654,12416.88093340801,2020-08-06T16:04:47Z,45.38368333,7.60106667,918.00,26.337
19442,3,11585,16481.310749891654,12417.88093340801,2020-08-06T16:04:48Z,45.38365000,7.60096667,908.00,26.33
19443,3,11586,16482.310749891654,12418.88093340801,2020-08-06T16:04:49Z,45.38361667,7.60086667,906.00,26.324
19444,3,11587,16483.310749891654,12419.88093340801,2020-08-06T16:04:50Z,45.38358333,7.60076667,914.00,26.318
19445,3,11588,16484.310749891654,12420.88093340801,2020-08-06T16:04:51Z,45.38356667,7.60065000,906.00,26.313
19446,3,11589,16485.310749891654,12421.88093340801,2020-08-06T16:04:52Z,45.38356667,7.60053333,914.00,26.309
19447,3,11590,16486.310749891654,12422.88093340801,2020-08-06T16:04:53Z,45.38355000,7.60041667,905.00,26.304
19448,3,11591,16487.310749891654,12423.88093340801,2020-08-06T16:04:54Z,45.38355000,7.60030000,905.00,26.301
19449,3,11592,16488.310749891654,12424.88093340801,2020-08-06T16:04:55Z,45.38355000,7.60016667,910.00,26.297
19450,3,11593,16489.310749891654,12425.88093340801,2020-08-06T16:04:56Z,45.38356667,7.60005000,905.00,26.296
19451,3,11594,16490.310749891654,12426.88093340801,2020-08-06T16:04:57Z,45.38356667,7.59993333,903.00,26.293
19452,3,11595,16491.310749891654,12427.88093340801,2020-08-06T16:04:58Z,45.38356667,7.59981667,907.00,26.289
19453,3,11596,16492.310749891654,12428.88093340801,2020-08-06T16:04:59Z,45.38356667,7.59968333,914.00,26.286
19454,3,11597,16493.310749891654,12429.88093340801,2020-08-06T16:05:00Z,45.38356667,7.59956667,904.00,26.282
19455,3,11598,16494.310749891654,12430.88093340801,2020-08-06T16:05:01Z,45.38355000,7.59945000,906.00,26.277
19456,3,11599,16495.310749891654,12431.88093340801,2020-08-06T16:05:02Z,45.38355000,7.59933333,919.00,26.274
19457,3,11600,16496.310749891654,12432.88093340801,2020-08-06T16:05:03Z,45.38353333,7.59921667,903.00,26.269
19458,3,11601,16497.310749891654,12433.88093340801,2020-08-06T16:05:04Z,45.38353333,7.59910000,904.00,26.266
19459,3,11602,16498.310749891654,12434.88093340801,2020-08-06T16:05:05Z,45.38355000,7.59898333,911.00,26.265
19460,3,11603,16499.310749891654,12435.88093340801,2020-08-06T16:05:06Z,45.38356667,7.59886667,900.00,26.263
19461,3,11604,16500.310749891654,12436.88093340801,2020-08-06T16:05:07Z,45.38358333,7.59873333,912.00,26.262
19462,3,11605,16501.310749891654,12437.88093340801,2020-08-06T16:05:08Z,45.38360000,7.59860000,906.00,26.26
19463,3,11606,16502.310749891654,12438.88093340801,2020-08-06T16:05:09Z,45.38360000,7.59846667,906.00,26.256
19464,3,11607,16503.310749891654,12439.88093340801,2020-08-06T16:05:10Z,45.38361667,7.59833333,907.00,26.254
19465,3,11608,16504.310749891654,12440.88093340801,2020-08-06T16:05:11Z,45.38363333,7.59820000,905.00,26.253
19466,3,11609,16505.310749891654,12441.88093340801,2020-08-06T16:05:12Z,45.38365000,7.59806667,906.00,26.251
19467,3,11610,16506.310749891654,12442.88093340801,2020-08-06T16:05:13Z,45.38366667,7.59793333,905.00,26.249
19468,3,11611,16507.310749891654,12443.88093340801,2020-08-06T16:05:14Z,45.38368333,7.59780000,907.00,26.247
19469,3,11612,16508.310749891654,12444.88093340801,2020-08-06T16:05:15Z,45.38368333,7.59765000,909.00,26.243
19470,3,11613,16509.310749891654,12445.88093340801,2020-08-06T16:05:16Z,45.38368333,7.59751667,905.00,26.24
19471,3,11614,16510.310749891654,12446.88093340801,2020-08-06T16:05:17Z,45.38368333,7.59738333,905.00,26.237
19472,3,11615,16511.310749891654,12447.88093340801,2020-08-06T16:05:18Z,45.38365000,7.59726667,905.00,26.23
19473,3,11616,16512.310749891654,12448.88093340801,2020-08-06T16:05:19Z,45.38360000,7.59716667,906.00,26.222
19474,3,11617,16513.310749891654,12449.88093340801,2020-08-06T16:05:20Z,45.38353333,7.59708333,905.00,26.213
19475,3,11618,16514.310749891654,12450.88093340801,2020-08-06T16:05:21Z,45.38346667,7.59703333,908.00,26.205
19476,3,11619,16515.310749891654,12451.88093340801,2020-08-06T16:05:22Z,45.38340000,7.59701667,905.00,26.197
19477,3,11620,16516.310749891654,12452.88093340801,2020-08-06T16:05:23Z,45.38333333,7.59701667,898.00,26.19
19478,3,11621,16517.310749891654,12453.88093340801,2020-08-06T16:05:24Z,45.38326667,7.59703333,903.00,26.184
19479,3,11622,16518.310749891654,12454.88093340801,2020-08-06T16:05:25Z,45.38320000,7.59708333,907.00,26.178
19480,3,11623,16519.310749891654,12455.88093340801,2020-08-06T16:05:26Z,45.38315000,7.59715000,906.00,26.175
19481,3,11624,16520.310749891654,12456.88093340801,2020-08-06T16:05:27Z,45.38310000,7.59723333,907.00,26.171
19482,3,11625,16521.310749891654,12457.88093340801,2020-08-06T16:05:28Z,45.38305000,7.59731667,911.00,26.168
19483,3,11626,16522.310749891654,12458.88093340801,2020-08-06T16:05:29Z,45.38300000,7.59740000,915.00,26.165
19484,3,11627,16523.310749891654,12459.88093340801,2020-08-06T16:05:30Z,45.38293333,7.59748333,904.00,26.16
19485,3,11628,16524.310749891654,12460.88093340801,2020-08-06T16:05:31Z,45.38288333,7.59755000,908.00,26.157
19486,3,11629,16525.310749891654,12461.88093340801,2020-08-06T16:05:32Z,45.38281667,7.59763333,905.00,26.152
19487,3,11630,16526.310749891654,12462.88093340801,2020-08-06T16:05:33Z,45.38276667,7.59771667,911.00,26.149
19488,3,11631,16527.310749891654,12463.88093340801,2020-08-06T16:05:34Z,45.38271667,7.59781667,904.00,26.147
19489,3,11632,16528.310749891654,12464.88093340801,2020-08-06T16:05:35Z,45.38268333,7.59791667,904.00,26.146
19490,3,11633,16529.310749891654,12465.88093340801,2020-08-06T16:05:36Z,45.38263333,7.59801667,899.00,26.143
19491,3,11634,16530.310749891654,12466.88093340801,2020-08-06T16:05:37Z,45.38258333,7.59811667,905.00,26.141
19492,3,11635,16531.310749891654,12467.88093340801,2020-08-06T16:05:38Z,45.38253333,7.59821667,905.00,26.138
19493,3,11636,16532.310749891654,12468.88093340801,2020-08-06T16:05:39Z,45.38248333,7.59830000,902.00,26.135
19494,3,11637,16533.310749891654,12469.88093340801,2020-08-06T16:05:40Z,45.38243333,7.59840000,899.00,26.132
19495,3,11638,16534.310749891654,12470.88093340801,2020-08-06T16:05:41Z,45.38238333,7.59850000,900.00,26.13
19496,3,11639,16535.310749891654,12471.88093340801,2020-08-06T16:05:42Z,45.38233333,7.59860000,904.00,26.127
19497,3,11640,16536.310749891654,12472.88093340801,2020-08-06T16:05:43Z,45.38230000,7.59870000,903.00,26.127
19498,3,11641,16537.310749891654,12473.88093340801,2020-08-06T16:05:44Z,45.38225000,7.59880000,901.00,26.124
19499,3,11642,16538.310749891654,12474.88093340801,2020-08-06T16:05:45Z,45.38221667,7.59890000,900.00,26.124
19500,3,11643,16539.310749891654,12475.88093340801,2020-08-06T16:05:46Z,45.38216667,7.59900000,899.00,26.121
19501,3,11644,16540.310749891654,12476.88093340801,2020-08-06T16:05:47Z,45.38210000,7.59910000,899.00,26.117
19502,3,11645,16541.310749891654,12477.88093340801,2020-08-06T16:05:48Z,45.38205000,7.59918333,895.00,26.114
19503,3,11646,16542.310749891654,12478.88093340801,2020-08-06T16:05:49Z,45.38198333,7.59925000,898.00,26.109
19504,3,11647,16543.310749891654,12479.88093340801,2020-08-06T16:05:50Z,45.38191667,7.59931667,900.00,26.104
19505,3,11648,16544.310749891654,12480.88093340801,2020-08-06T16:05:51Z,45.38185000,7.59936667,903.00,26.098
19506,3,11649,16545.310749891654,12481.88093340801,2020-08-06T16:05:52Z,45.38180000,7.59943333,901.00,26.095
19507,3,11650,16546.310749891654,12482.88093340801,2020-08-06T16:05:53Z,45.38173333,7.59948333,898.00,26.09
19508,3,11651,16547.310749891654,12483.88093340801,2020-08-06T16:05:54Z,45.38166667,7.59953333,898.00,26.084
19509,3,11652,16548.310749891654,12484.88093340801,2020-08-06T16:05:55Z,45.38158333,7.59956667,899.00,26.076
19510,3,11653,16549.310749891654,12485.88093340801,2020-08-06T16:05:56Z,45.38150000,7.59961667,897.00,26.069
19511,3,11654,16550.310749891654,12486.88093340801,2020-08-06T16:05:57Z,45.38143333,7.59965000,892.00,26.063
19512,3,11655,16551.310749891654,12487.88093340801,2020-08-06T16:05:58Z,45.38135000,7.59970000,896.00,26.056
19513,3,11656,16552.310749891654,12488.88093340801,2020-08-06T16:05:59Z,45.38126667,7.59975000,894.00,26.049
19514,3,11657,16553.310749891654,12489.88093340801,2020-08-06T16:06:00Z,45.38120000,7.59980000,897.00,26.043
19515,3,11658,16554.310749891654,12490.88093340801,2020-08-06T16:06:01Z,45.38111667,7.59985000,892.00,26.036
19516,3,11659,16555.310749891654,12491.88093340801,2020-08-06T16:06:02Z,45.38103333,7.59990000,892.00,26.029
19517,3,11660,16556.310749891654,12492.88093340801,2020-08-06T16:06:03Z,45.38095000,7.59995000,895.00,26.022
19518,3,11661,16557.310749891654,12493.88093340801,2020-08-06T16:06:04Z,45.38086667,7.60000000,892.00,26.015
19519,3,11662,16558.310749891654,12494.88093340801,2020-08-06T16:06:05Z,45.38078333,7.60005000,893.00,26.008
19520,3,11663,16559.310749891654,12495.88093340801,2020-08-06T16:06:06Z,45.38071667,7.60011667,891.00,26.003
19521,3,11664,16560.310749891654,12496.88093340801,2020-08-06T16:06:07Z,45.38063333,7.60016667,888.00,25.996
19522,3,11665,16561.310749891654,12497.88093340801,2020-08-06T16:06:08Z,45.38055000,7.60021667,890.00,25.988
19523,3,11666,16562.310749891654,12498.88093340801,2020-08-06T16:06:09Z,45.38048333,7.60025000,888.00,25.983
19524,3,11667,16563.310749891654,12499.88093340801,2020-08-06T16:06:10Z,45.38040000,7.60026667,893.00,25.974
19525,3,11668,16564.310749891654,12500.88093340801,2020-08-06T16:06:11Z,45.38031667,7.60030000,893.00,25.967
19526,3,11669,16565.310749891654,12501.88093340801,2020-08-06T16:06:12Z,45.38023333,7.60033333,892.00,25.959
19527,3,11670,16566.310749891654,12502.88093340801,2020-08-06T16:06:13Z,45.38016667,7.60038333,887.00,25.954
19528,3,11671,16567.310749891654,12503.88093340801,2020-08-06T16:06:14Z,45.38010000,7.60045000,887.00,25.949
19529,3,11672,16568.310749891654,12504.88093340801,2020-08-06T16:06:15Z,45.38003333,7.60050000,887.00,25.944
19530,3,11673,16569.310749891654,12505.88093340801,2020-08-06T16:06:16Z,45.37996667,7.60055000,889.00,25.938
19531,3,11674,16570.310749891654,12506.88093340801,2020-08-06T16:06:17Z,45.37990000,7.60061667,889.00,25.933
19532,3,11675,16571.310749891654,12507.88093340801,2020-08-06T16:06:18Z,45.37981667,7.60066667,889.00,25.926
19533,3,11676,16572.310749891654,12508.88093340801,2020-08-06T16:06:19Z,45.37975000,7.60070000,888.00,25.921
19534,3,11677,16573.310749891654,12509.88093340801,2020-08-06T16:06:20Z,45.37966667,7.60075000,881.00,25.914
19535,3,11678,16574.310749891654,12510.88093340801,2020-08-06T16:06:21Z,45.37960000,7.60080000,888.00,25.908
19536,3,11679,16575.310749891654,12511.88093340801,2020-08-06T16:06:22Z,45.37951667,7.60085000,885.00,25.901
19537,3,11680,16576.310749891654,12512.88093340801,2020-08-06T16:06:23Z,45.37945000,7.60086667,885.00,25.895
19538,3,11681,16577.310749891654,12513.88093340801,2020-08-06T16:06:24Z,45.37936667,7.60090000,886.00,25.887
19539,3,11682,16578.310749891654,12514.88093340801,2020-08-06T16:06:25Z,45.37928333,7.60091667,886.00,25.879
19540,3,11683,16579.310749891654,12515.88093340801,2020-08-06T16:06:26Z,45.37920000,7.60093333,886.00,25.871
19541,3,11684,16580.310749891654,12516.88093340801,2020-08-06T16:06:27Z,45.37911667,7.60095000,884.00,25.863
19542,3,11685,16581.310749891654,12517.88093340801,2020-08-06T16:06:28Z,45.37905000,7.60098333,880.00,25.858
19543,3,11686,16582.310749891654,12518.88093340801,2020-08-06T16:06:29Z,45.37896667,7.60100000,878.00,25.85
19544,3,11687,16583.310749891654,12519.88093340801,2020-08-06T16:06:30Z,45.37888333,7.60103333,879.00,25.842
19545,3,11688,16584.310749891654,12520.88093340801,2020-08-06T16:06:31Z,45.37880000,7.60105000,880.00,25.834
19546,3,11689,16585.310749891654,12521.88093340801,2020-08-06T16:06:32Z,45.37871667,7.60106667,882.00,25.826
19547,3,11690,16586.310749891654,12522.88093340801,2020-08-06T16:06:33Z,45.37865000,7.60108333,879.00,25.82
19548,3,11691,16587.310749891654,12523.88093340801,2020-08-06T16:06:34Z,45.37856667,7.60110000,878.00,25.812
19549,3,11692,16588.310749891654,12524.88093340801,2020-08-06T16:06:35Z,45.37850000,7.60111667,875.00,25.806
19550,3,11693,16589.310749891654,12525.88093340801,2020-08-06T16:06:36Z,45.37841667,7.60116667,877.00,25.799
19551,3,11694,16590.310749891654,12526.88093340801,2020-08-06T16:06:37Z,45.37835000,7.60121667,874.00,25.793
19552,3,11695,16591.310749891654,12527.88093340801,2020-08-06T16:06:38Z,45.37826667,7.60126667,870.00,25.786
19553,3,11696,16592.310749891654,12528.88093340801,2020-08-06T16:06:39Z,45.37820000,7.60133333,872.00,25.782
19554,3,11697,16593.310749891654,12529.88093340801,2020-08-06T16:06:40Z,45.37813333,7.60140000,875.00,25.777
19555,3,11698,16594.310749891654,12530.88093340801,2020-08-06T16:06:41Z,45.37806667,7.60146667,872.00,25.772
19556,3,11699,16595.310749891654,12531.88093340801,2020-08-06T16:06:42Z,45.37800000,7.60155000,867.00,25.768
19557,3,11700,16596.310749891654,12532.88093340801,2020-08-06T16:06:43Z,45.37795000,7.60163333,870.00,25.766
19558,3,11701,16597.310749891654,12533.88093340801,2020-08-06T16:06:44Z,45.37788333,7.60173333,870.00,25.762
19559,3,11702,16598.310749891654,12534.88093340801,2020-08-06T16:06:45Z,45.37785000,7.60185000,871.00,25.763
19560,3,11703,16599.310749891654,12535.88093340801,2020-08-06T16:06:46Z,45.37781667,7.60196667,867.00,25.763
19561,3,11704,16600.310749891654,12536.88093340801,2020-08-06T16:06:47Z,45.37780000,7.60208333,862.00,25.765
19562,3,11705,16601.310749891654,12537.88093340801,2020-08-06T16:06:48Z,45.37780000,7.60221667,864.00,25.769
19563,3,11706,16602.310749891654,12538.88093340801,2020-08-06T16:06:49Z,45.37781667,7.60233333,861.00,25.775
19564,3,11707,16603.310749891654,12539.88093340801,2020-08-06T16:06:50Z,45.37783333,7.60246667,856.00,25.781
19565,3,11708,16604.310749891654,12540.88093340801,2020-08-06T16:06:51Z,45.37786667,7.60260000,857.00,25.789
19566,3,11709,16605.310749891654,12541.88093340801,2020-08-06T16:06:52Z,45.37790000,7.60273333,856.00,25.796
19567,3,11710,16606.310749891654,12542.88093340801,2020-08-06T16:06:53Z,45.37795000,7.60285000,855.00,25.805
19568,3,11711,16607.310749891654,12543.88093340801,2020-08-06T16:06:54Z,45.37800000,7.60296667,854.00,25.814
19569,3,11712,16608.310749891654,12544.88093340801,2020-08-06T16:06:55Z,45.37806667,7.60308333,855.00,25.825
19570,3,11713,16609.310749891654,12545.88093340801,2020-08-06T16:06:56Z,45.37811667,7.60318333,852.00,25.833
19571,3,11714,16610.310749891654,12546.88093340801,2020-08-06T16:06:57Z,45.37818333,7.60330000,848.00,25.844
19572,3,11715,16611.310749891654,12547.88093340801,2020-08-06T16:06:58Z,45.37825000,7.60340000,846.00,25.854
19573,3,11716,16612.310749891654,12548.88093340801,2020-08-06T16:06:59Z,45.37833333,7.60350000,845.00,25.865
19574,3,11717,16613.310749891654,12549.88093340801,2020-08-06T16:07:00Z,45.37840000,7.60361667,864.00,25.876
19575,3,11718,16614.310749891654,12550.88093340801,2020-08-06T16:07:01Z,45.37846667,7.60371667,852.00,25.886
19576,3,11719,16615.310749891654,12551.88093340801,2020-08-06T16:07:02Z,45.37851667,7.60381667,852.00,25.894
19577,3,11720,16616.310749891654,12552.88093340801,2020-08-06T16:07:03Z,45.37856667,7.60393333,847.00,25.903
19578,3,11721,16617.310749891654,12553.88093340801,2020-08-06T16:07:04Z,45.37863333,7.60403333,842.00,25.913
19579,3,11722,16618.310749891654,12554.88093340801,2020-08-06T16:07:05Z,45.37870000,7.60415000,842.00,25.924
19580,3,11723,16619.310749891654,12555.88093340801,2020-08-06T16:07:06Z,45.37875000,7.60426667,841.00,25.933
19581,3,11724,16620.310749891654,12556.88093340801,2020-08-06T16:07:07Z,45.37881667,7.60438333,840.00,25.944
19582,3,11725,16621.310749891654,12557.88093340801,2020-08-06T16:07:08Z,45.37886667,7.60448333,839.00,25.952
19583,3,11726,16622.310749891654,12558.88093340801,2020-08-06T16:07:09Z,45.37891667,7.60460000,839.00,25.961
19584,3,11727,16623.310749891654,12559.88093340801,2020-08-06T16:07:10Z,45.37898333,7.60471667,837.00,25.972
19585,3,11728,16624.310749891654,12560.88093340801,2020-08-06T16:07:11Z,45.37905000,7.60481667,836.00,25.982
19586,3,11729,16625.310749891654,12561.88093340801,2020-08-06T16:07:12Z,45.37910000,7.60493333,835.00,25.991
19587,3,11730,16626.310749891654,12562.88093340801,2020-08-06T16:07:13Z,45.37916667,7.60505000,835.00,26.001
19588,3,11731,16627.310749891654,12563.88093340801,2020-08-06T16:07:14Z,45.37923333,7.60518333,834.00,26.012
19589,3,11732,16628.310749891654,12564.88093340801,2020-08-06T16:07:15Z,45.37930000,7.60528333,834.00,26.023
19590,3,11733,16629.310749891654,12565.88093340801,2020-08-06T16:07:16Z,45.37935000,7.60538333,836.00,26.031
19591,3,11734,16630.310749891654,12566.88093340801,2020-08-06T16:07:17Z,45.37940000,7.60548333,835.00,26.039
19592,3,11735,16631.310749891654,12567.88093340801,2020-08-06T16:07:18Z,45.37946667,7.60558333,828.00,26.049
19593,3,11736,16632.310749891654,12568.88093340801,2020-08-06T16:07:19Z,45.37953333,7.60570000,835.00,26.06
19594,3,11737,16633.310749891654,12569.88093340801,2020-08-06T16:07:20Z,45.37960000,7.60583333,830.00,26.071
19595,3,11738,16634.310749891654,12570.88093340801,2020-08-06T16:07:21Z,45.37966667,7.60596667,806.00,26.083
19596,3,11739,16635.310749891654,12571.88093340801,2020-08-06T16:07:22Z,45.37971667,7.60608333,804.00,26.092
19597,3,11740,16636.310749891654,12572.88093340801,2020-08-06T16:07:23Z,45.37978333,7.60620000,818.00,26.102
19598,3,11741,16637.310749891654,12573.88093340801,2020-08-06T16:07:24Z,45.37983333,7.60630000,823.00,26.111
19599,3,11742,16638.310749891654,12574.88093340801,2020-08-06T16:07:25Z,45.37988333,7.60641667,828.00,26.12
19600,3,11743,16639.310749891654,12575.88093340801,2020-08-06T16:07:26Z,45.37993333,7.60653333,825.00,26.129
19601,3,11744,16640.310749891654,12576.88093340801,2020-08-06T16:07:27Z,45.38000000,7.60665000,825.00,26.139
19602,3,11745,16641.310749891654,12577.88093340801,2020-08-06T16:07:28Z,45.38005000,7.60676667,822.00,26.148
19603,3,11746,16642.310749891654,12578.88093340801,2020-08-06T16:07:29Z,45.38010000,7.60688333,822.00,26.158
19604,3,11747,16643.310749891654,12579.88093340801,2020-08-06T16:07:30Z,45.38015000,7.60700000,822.00,26.167
19605,3,11748,16644.310749891654,12580.88093340801,2020-08-06T16:07:31Z,45.38020000,7.60711667,821.00,26.176
19606,3,11749,16645.310749891654,12581.88093340801,2020-08-06T16:07:32Z,45.38025000,7.60721667,822.00,26.184
19607,3,11750,16646.310749891654,12582.88093340801,2020-08-06T16:07:33Z,45.38030000,7.60733333,819.00,26.193
19608,3,11751,16647.310749891654,12583.88093340801,2020-08-06T16:07:34Z,45.38035000,7.60746667,818.00,26.203
19609,3,11752,16648.310749891654,12584.88093340801,2020-08-06T16:07:35Z,45.38040000,7.60760000,816.00,26.212
19610,3,11753,16649.310749891654,12585.88093340801,2020-08-06T16:07:36Z,45.38046667,7.60771667,815.00,26.223
19611,3,11754,16650.310749891654,12586.88093340801,2020-08-06T16:07:37Z,45.38051667,7.60783333,814.00,26.231
19612,3,11755,16651.310749891654,12587.88093340801,2020-08-06T16:07:38Z,45.38056667,7.60795000,814.00,26.24
19613,3,11756,16652.310749891654,12588.88093340801,2020-08-06T16:07:39Z,45.38061667,7.60806667,809.00,26.249
19614,3,11757,16653.310749891654,12589.88093340801,2020-08-06T16:07:40Z,45.38066667,7.60818333,809.00,26.258
19615,3,11758,16654.310749891654,12590.88093340801,2020-08-06T16:07:41Z,45.38071667,7.60831667,812.00,26.267
19616,3,11759,16655.310749891654,12591.88093340801,2020-08-06T16:07:42Z,45.38076667,7.60843333,808.00,26.276
19617,3,11760,16656.310749891654,12592.88093340801,2020-08-06T16:07:43Z,45.38081667,7.60856667,805.00,26.285
19618,3,11761,16657.310749891654,12593.88093340801,2020-08-06T16:07:44Z,45.38086667,7.60868333,806.00,26.294
19619,3,11762,16658.310749891654,12594.88093340801,2020-08-06T16:07:45Z,45.38091667,7.60880000,811.00,26.303
19620,3,11763,16659.310749891654,12595.88093340801,2020-08-06T16:07:46Z,45.38096667,7.60891667,801.00,26.312
19621,3,11764,16660.310749891654,12596.88093340801,2020-08-06T16:07:47Z,45.38103333,7.60905000,804.00,26.323
19622,3,11765,16661.310749891654,12597.88093340801,2020-08-06T16:07:48Z,45.38108333,7.60916667,803.00,26.332
19623,3,11766,16662.310749891654,12598.88093340801,2020-08-06T16:07:49Z,45.38113333,7.60930000,803.00,26.341
19624,3,11767,16663.310749891654,12599.88093340801,2020-08-06T16:07:50Z,45.38118333,7.60941667,797.00,26.35
19625,3,11768,16664.310749891654,12600.88093340801,2020-08-06T16:07:51Z,45.38123333,7.60953333,799.00,26.359
19626,3,11769,16665.310749891654,12601.88093340801,2020-08-06T16:07:52Z,45.38128333,7.60965000,796.00,26.368
19627,3,11770,16666.310749891654,12602.88093340801,2020-08-06T16:07:53Z,45.38133333,7.60976667,805.00,26.377
19628,3,11771,16667.310749891654,12603.88093340801,2020-08-06T16:07:54Z,45.38138333,7.60986667,800.00,26.385
19629,3,11772,16668.310749891654,12604.88093340801,2020-08-06T16:07:55Z,45.38145000,7.61000000,798.00,26.396
19630,3,11773,16669.310749891654,12605.88093340801,2020-08-06T16:07:56Z,45.38151667,7.61011667,794.00,26.407
19631,3,11774,16670.310749891654,12606.88093340801,2020-08-06T16:07:57Z,45.38156667,7.61025000,794.00,26.416
19632,3,11775,16671.310749891654,12607.88093340801,2020-08-06T16:07:58Z,45.38163333,7.61036667,794.00,26.427
19633,3,11776,16672.310749891654,12608.88093340801,2020-08-06T16:07:59Z,45.38168333,7.61048333,793.00,26.435
19634,3,11777,16673.310749891654,12609.88093340801,2020-08-06T16:08:00Z,45.38175000,7.61061667,792.00,26.447
19635,3,11778,16674.310749891654,12610.88093340801,2020-08-06T16:08:01Z,45.38180000,7.61073333,791.00,26.456
19636,3,11779,16675.310749891654,12611.88093340801,2020-08-06T16:08:02Z,45.38186667,7.61085000,788.00,26.466
19637,3,11780,16676.310749891654,12612.88093340801,2020-08-06T16:08:03Z,45.38193333,7.61096667,793.00,26.477
19638,3,11781,16677.310749891654,12613.88093340801,2020-08-06T16:08:04Z,45.38200000,7.61108333,788.00,26.487
19639,3,11782,16678.310749891654,12614.88093340801,2020-08-06T16:08:05Z,45.38208333,7.61118333,791.00,26.499
19640,3,11783,16679.310749891654,12615.88093340801,2020-08-06T16:08:06Z,45.38215000,7.61130000,792.00,26.51
19641,3,11784,16680.310749891654,12616.88093340801,2020-08-06T16:08:07Z,45.38221667,7.61141667,789.00,26.52
19642,3,11785,16681.310749891654,12617.88093340801,2020-08-06T16:08:08Z,45.38228333,7.61150000,794.00,26.53
19643,3,11786,16682.310749891654,12618.88093340801,2020-08-06T16:08:09Z,45.38235000,7.61160000,790.00,26.54
19644,3,11787,16683.310749891654,12619.88093340801,2020-08-06T16:08:10Z,45.38243333,7.61170000,786.00,26.552
19645,3,11788,16684.310749891654,12620.88093340801,2020-08-06T16:08:11Z,45.38250000,7.61181667,797.00,26.562
19646,3,11789,16685.310749891654,12621.88093340801,2020-08-06T16:08:12Z,45.38255000,7.61191667,792.00,26.571
19647,3,11790,16686.310749891654,12622.88093340801,2020-08-06T16:08:13Z,45.38260000,7.61203333,795.00,26.579
19648,3,11791,16687.310749891654,12623.88093340801,2020-08-06T16:08:14Z,45.38265000,7.61215000,790.00,26.588
19649,3,11792,16688.310749891654,12624.88093340801,2020-08-06T16:08:15Z,45.38268333,7.61228333,798.00,26.596
19650,3,11793,16689.310749891654,12625.88093340801,2020-08-06T16:08:16Z,45.38275000,7.61241667,792.00,26.607
19651,3,11794,16690.310749891654,12626.88093340801,2020-08-06T16:08:17Z,45.38280000,7.61253333,804.00,26.616
19652,3,11795,16691.310749891654,12627.88093340801,2020-08-06T16:08:18Z,45.38286667,7.61263333,795.00,26.627
19653,3,11796,16692.310749891654,12628.88093340801,2020-08-06T16:08:19Z,45.38293333,7.61275000,775.00,26.637
19654,3,11797,16693.310749891654,12629.88093340801,2020-08-06T16:08:20Z,45.38300000,7.61286667,787.00,26.648
19655,3,11798,16694.310749891654,12630.88093340801,2020-08-06T16:08:21Z,45.38306667,7.61298333,784.00,26.659
19656,3,11799,16695.310749891654,12631.88093340801,2020-08-06T16:08:22Z,45.38315000,7.61310000,786.00,26.671
19657,3,11800,16696.310749891654,12632.88093340801,2020-08-06T16:08:23Z,45.38323333,7.61321667,786.00,26.683
19658,3,11801,16697.310749891654,12633.88093340801,2020-08-06T16:08:24Z,45.38330000,7.61335000,788.00,26.694
19659,3,11802,16698.310749891654,12634.88093340801,2020-08-06T16:08:25Z,45.38336667,7.61346667,782.00,26.705
19660,3,11803,16699.310749891654,12635.88093340801,2020-08-06T16:08:26Z,45.38343333,7.61356667,783.00,26.715
19661,3,11804,16700.310749891654,12636.88093340801,2020-08-06T16:08:27Z,45.38350000,7.61370000,786.00,26.726
19662,3,11805,16701.310749891654,12637.88093340801,2020-08-06T16:08:28Z,45.38358333,7.61381667,780.00,26.739
19663,3,11806,16702.310749891654,12638.88093340801,2020-08-06T16:08:29Z,45.38366667,7.61393333,776.00,26.751
19664,3,11807,16703.310749891654,12639.88093340801,2020-08-06T16:08:30Z,45.38373333,7.61405000,778.00,26.762
19665,3,11808,16704.310749891654,12640.88093340801,2020-08-06T16:08:31Z,45.38381667,7.61416667,780.00,26.774
19666,3,11809,16705.310749891654,12641.88093340801,2020-08-06T16:08:32Z,45.38388333,7.61426667,777.00,26.784
19667,3,11810,16706.310749891654,12642.88093340801,2020-08-06T16:08:33Z,45.38396667,7.61436667,775.00,26.796
19668,3,11811,16707.310749891654,12643.88093340801,2020-08-06T16:08:34Z,45.38405000,7.61446667,771.00,26.808
19669,3,11812,16708.310749891654,12644.88093340801,2020-08-06T16:08:35Z,45.38411667,7.61458333,776.00,26.818
19670,3,11813,16709.310749891654,12645.88093340801,2020-08-06T16:08:36Z,45.38420000,7.61468333,772.00,26.83
19671,3,11814,16710.310749891654,12646.88093340801,2020-08-06T16:08:37Z,45.38426667,7.61480000,766.00,26.841
19672,3,11815,16711.310749891654,12647.88093340801,2020-08-06T16:08:38Z,45.38433333,7.61491667,773.00,26.852
19673,3,11816,16712.310749891654,12648.88093340801,2020-08-06T16:08:39Z,45.38440000,7.61501667,771.00,26.862
19674,3,11817,16713.310749891654,12649.88093340801,2020-08-06T16:08:40Z,45.38445000,7.61513333,768.00,26.871
19675,3,11818,16714.310749891654,12650.88093340801,2020-08-06T16:08:41Z,45.38450000,7.61525000,772.00,26.88
19676,3,11819,16715.310749891654,12651.88093340801,2020-08-06T16:08:42Z,45.38456667,7.61536667,765.00,26.891
19677,3,11820,16716.310749891654,12652.88093340801,2020-08-06T16:08:43Z,45.38461667,7.61550000,762.00,26.9
19678,3,11821,16717.310749891654,12653.88093340801,2020-08-06T16:08:44Z,45.38468333,7.61561667,763.00,26.911
19679,3,11822,16718.310749891654,12654.88093340801,2020-08-06T16:08:45Z,45.38473333,7.61573333,761.00,26.92
19680,3,11823,16719.310749891654,12655.88093340801,2020-08-06T16:08:46Z,45.38478333,7.61585000,761.00,26.929
19681,3,11824,16720.310749891654,12656.88093340801,2020-08-06T16:08:47Z,45.38483333,7.61596667,760.00,26.938
19682,3,11825,16721.310749891654,12657.88093340801,2020-08-06T16:08:48Z,45.38490000,7.61608333,757.00,26.949
19683,3,11826,16722.310749891654,12658.88093340801,2020-08-06T16:08:49Z,45.38495000,7.61621667,755.00,26.959
19684,3,11827,16723.310749891654,12659.88093340801,2020-08-06T16:08:50Z,45.38500000,7.61635000,753.00,26.968
19685,3,11828,16724.310749891654,12660.88093340801,2020-08-06T16:08:51Z,45.38505000,7.61648333,753.00,26.978
19686,3,11829,16725.310749891654,12661.88093340801,2020-08-06T16:08:52Z,45.38508333,7.61660000,752.00,26.986
19687,3,11830,16726.310749891654,12662.88093340801,2020-08-06T16:08:53Z,45.38513333,7.61673333,750.00,26.995
19688,3,11831,16727.310749891654,12663.88093340801,2020-08-06T16:08:54Z,45.38518333,7.61685000,749.00,27.004
19689,3,11832,16728.310749891654,12664.88093340801,2020-08-06T16:08:55Z,45.38523333,7.61698333,747.00,27.014
19690,3,11833,16729.310749891654,12665.88093340801,2020-08-06T16:08:56Z,45.38528333,7.61711667,745.00,27.024
19691,3,11834,16730.310749891654,12666.88093340801,2020-08-06T16:08:57Z,45.38531667,7.61725000,743.00,27.032
19692,3,11835,16731.310749891654,12667.88093340801,2020-08-06T16:08:58Z,45.38536667,7.61738333,742.00,27.042
19693,3,11836,16732.310749891654,12668.88093340801,2020-08-06T16:08:59Z,45.38541667,7.61751667,739.00,27.051
19694,3,11837,16733.310749891654,12669.88093340801,2020-08-06T16:09:00Z,45.38545000,7.61763333,741.00,27.059
19695,3,11838,16734.310749891654,12670.88093340801,2020-08-06T16:09:01Z,45.38550000,7.61776667,738.00,27.069
19696,3,11839,16735.310749891654,12671.88093340801,2020-08-06T16:09:02Z,45.38555000,7.61790000,735.00,27.078
19697,3,11840,16736.310749891654,12672.88093340801,2020-08-06T16:09:03Z,45.38558333,7.61803333,733.00,27.087
19698,3,11841,16737.310749891654,12673.88093340801,2020-08-06T16:09:04Z,45.38563333,7.61816667,731.00,27.096
19699,3,11842,16738.310749891654,12674.88093340801,2020-08-06T16:09:05Z,45.38566667,7.61830000,731.00,27.104
19700,3,11843,16739.310749891654,12675.88093340801,2020-08-06T16:09:06Z,45.38571667,7.61843333,730.00,27.114
19701,3,11844,16740.310749891654,12676.88093340801,2020-08-06T16:09:07Z,45.38575000,7.61856667,727.00,27.122
19702,3,11845,16741.310749891654,12677.88093340801,2020-08-06T16:09:08Z,45.38580000,7.61868333,723.00,27.132
19703,3,11846,16742.310749891654,12678.88093340801,2020-08-06T16:09:09Z,45.38583333,7.61883333,724.00,27.14
19704,3,11847,16743.310749891654,12679.88093340801,2020-08-06T16:09:10Z,45.38588333,7.61898333,721.00,27.151
19705,3,11848,16744.310749891654,12680.88093340801,2020-08-06T16:09:11Z,45.38593333,7.61911667,715.00,27.161
19706,3,11849,16745.310749891654,12681.88093340801,2020-08-06T16:09:12Z,45.38596667,7.61926667,721.00,27.169
19707,3,11850,16746.310749891654,12682.88093340801,2020-08-06T16:09:13Z,45.38601667,7.61940000,720.00,27.179
19708,3,11851,16747.310749891654,12683.88093340801,2020-08-06T16:09:14Z,45.38605000,7.61953333,717.00,27.188
19709,3,11852,16748.310749891654,12684.88093340801,2020-08-06T16:09:15Z,45.38610000,7.61966667,717.00,27.197
19710,3,11853,16749.310749891654,12685.88093340801,2020-08-06T16:09:16Z,45.38615000,7.61978333,718.00,27.207
19711,3,11854,16750.310749891654,12686.88093340801,2020-08-06T16:09:17Z,45.38618333,7.61991667,719.00,27.215
19712,3,11855,16751.310749891654,12687.88093340801,2020-08-06T16:09:18Z,45.38623333,7.62005000,717.00,27.225
19713,3,11856,16752.310749891654,12688.88093340801,2020-08-06T16:09:19Z,45.38628333,7.62016667,719.00,27.234
19714,3,11857,16753.310749891654,12689.88093340801,2020-08-06T16:09:20Z,45.38633333,7.62030000,720.00,27.244
19715,3,11858,16754.310749891654,12690.88093340801,2020-08-06T16:09:21Z,45.38640000,7.62043333,723.00,27.255
19716,3,11859,16755.310749891654,12691.88093340801,2020-08-06T16:09:22Z,45.38645000,7.62055000,721.00,27.265
19717,3,11860,16756.310749891654,12692.88093340801,2020-08-06T16:09:23Z,45.38651667,7.62066667,718.00,27.275
19718,3,11861,16757.310749891654,12693.88093340801,2020-08-06T16:09:24Z,45.38658333,7.62080000,712.00,27.287
19719,3,11862,16758.310749891654,12694.88093340801,2020-08-06T16:09:25Z,45.38663333,7.62091667,718.00,27.296
19720,3,11863,16759.310749891654,12695.88093340801,2020-08-06T16:09:26Z,45.38670000,7.62103333,715.00,27.307
19721,3,11864,16760.310749891654,12696.88093340801,2020-08-06T16:09:27Z,45.38676667,7.62116667,717.00,27.319
19722,3,11865,16761.310749891654,12697.88093340801,2020-08-06T16:09:28Z,45.38685000,7.62126667,715.00,27.331
19723,3,11866,16762.310749891654,12698.88093340801,2020-08-06T16:09:29Z,45.38691667,7.62138333,714.00,27.341
19724,3,11867,16763.310749891654,12699.88093340801,2020-08-06T16:09:30Z,45.38698333,7.62148333,711.00,27.352
19725,3,11868,16764.310749891654,12700.88093340801,2020-08-06T16:09:31Z,45.38706667,7.62158333,713.00,27.364
19726,3,11869,16765.310749891654,12701.88093340801,2020-08-06T16:09:32Z,45.38713333,7.62166667,715.00,27.373
19727,3,11870,16766.310749891654,12702.88093340801,2020-08-06T16:09:33Z,45.38721667,7.62176667,715.00,27.385
19728,3,11871,16767.310749891654,12703.88093340801,2020-08-06T16:09:34Z,45.38730000,7.62185000,710.00,27.396
19729,3,11872,16768.310749891654,12704.88093340801,2020-08-06T16:09:35Z,45.38738333,7.62195000,711.00,27.408
19730,3,11873,16769.310749891654,12705.88093340801,2020-08-06T16:09:36Z,45.38746667,7.62203333,712.00,27.42
19731,3,11874,16770.310749891654,12706.88093340801,2020-08-06T16:09:37Z,45.38755000,7.62213333,710.00,27.431
19732,3,11875,16771.310749891654,12707.88093340801,2020-08-06T16:09:38Z,45.38763333,7.62223333,705.00,27.443
19733,3,11876,16772.310749891654,12708.88093340801,2020-08-06T16:09:39Z,45.38771667,7.62233333,709.00,27.455
19734,3,11877,16773.310749891654,12709.88093340801,2020-08-06T16:09:40Z,45.38780000,7.62243333,712.00,27.467
19735,3,11878,16774.310749891654,12710.88093340801,2020-08-06T16:09:41Z,45.38786667,7.62250000,715.00,27.476
19736,3,11879,16775.310749891654,12711.88093340801,2020-08-06T16:09:42Z,45.38795000,7.62256667,713.00,27.487
19737,3,11880,16776.310749891654,12712.88093340801,2020-08-06T16:09:43Z,45.38803333,7.62265000,712.00,27.498
19738,3,11881,16777.310749891654,12713.88093340801,2020-08-06T16:09:44Z,45.38810000,7.62271667,712.00,27.507
19739,3,11882,16778.310749891654,12714.88093340801,2020-08-06T16:09:45Z,45.38816667,7.62281667,712.00,27.517
19740,3,11883,16779.310749891654,12715.88093340801,2020-08-06T16:09:46Z,45.38825000,7.62291667,709.00,27.529
19741,3,11884,16780.310749891654,12716.88093340801,2020-08-06T16:09:47Z,45.38831667,7.62301667,710.00,27.539
19742,3,11885,16781.310749891654,12717.88093340801,2020-08-06T16:09:48Z,45.38838333,7.62310000,708.00,27.549
19743,3,11886,16782.310749891654,12718.88093340801,2020-08-06T16:09:49Z,45.38846667,7.62318333,707.00,27.56
19744,3,11887,16783.310749891654,12719.88093340801,2020-08-06T16:09:50Z,45.38853333,7.62326667,706.00,27.57
19745,3,11888,16784.310749891654,12720.88093340801,2020-08-06T16:09:51Z,45.38860000,7.62335000,705.00,27.58
19746,3,11889,16785.310749891654,12721.88093340801,2020-08-06T16:09:52Z,45.38866667,7.62345000,700.00,27.59
19747,3,11890,16786.310749891654,12722.88093340801,2020-08-06T16:09:53Z,45.38875000,7.62355000,701.00,27.602
19748,3,11891,16787.310749891654,12723.88093340801,2020-08-06T16:09:54Z,45.38881667,7.62365000,697.00,27.612
19749,3,11892,16788.310749891654,12724.88093340801,2020-08-06T16:09:55Z,45.38890000,7.62375000,696.00,27.624
19750,3,11893,16789.310749891654,12725.88093340801,2020-08-06T16:09:56Z,45.38898333,7.62385000,695.00,27.636
19751,3,11894,16790.310749891654,12726.88093340801,2020-08-06T16:09:57Z,45.38905000,7.62395000,690.00,27.646
19752,3,11895,16791.310749891654,12727.88093340801,2020-08-06T16:09:58Z,45.38913333,7.62403333,694.00,27.658
19753,3,11896,16792.310749891654,12728.88093340801,2020-08-06T16:09:59Z,45.38920000,7.62411667,690.00,27.667
19754,3,11897,16793.310749891654,12729.88093340801,2020-08-06T16:10:00Z,45.38926667,7.62420000,695.00,27.677
19755,3,11898,16794.310749891654,12730.88093340801,2020-08-06T16:10:01Z,45.38935000,7.62428333,689.00,27.688
19756,3,11899,16795.310749891654,12731.88093340801,2020-08-06T16:10:02Z,45.38943333,7.62438333,687.00,27.7
19757,3,11900,16796.310749891654,12732.88093340801,2020-08-06T16:10:03Z,45.38950000,7.62448333,690.00,27.71
19758,3,11901,16797.310749891654,12733.88093340801,2020-08-06T16:10:04Z,45.38958333,7.62458333,688.00,27.722
19759,3,11902,16798.310749891654,12734.88093340801,2020-08-06T16:10:05Z,45.38965000,7.62466667,690.00,27.732
19760,3,11903,16799.310749891654,12735.88093340801,2020-08-06T16:10:06Z,45.38971667,7.62476667,688.00,27.742
19761,3,11904,16800.310749891654,12736.88093340801,2020-08-06T16:10:07Z,45.38978333,7.62485000,686.00,27.752
19762,3,11905,16801.310749891654,12737.88093340801,2020-08-06T16:10:08Z,45.38986667,7.62495000,685.00,27.764
19763,3,11906,16802.310749891654,12738.88093340801,2020-08-06T16:10:09Z,45.38995000,7.62503333,679.00,27.775
19764,3,11907,16803.310749891654,12739.88093340801,2020-08-06T16:10:10Z,45.39003333,7.62515000,684.00,27.788
19765,3,11908,16804.310749891654,12740.88093340801,2020-08-06T16:10:11Z,45.39011667,7.62525000,683.00,27.8
19766,3,11909,16805.310749891654,12741.88093340801,2020-08-06T16:10:12Z,45.39020000,7.62536667,682.00,27.812
19767,3,11910,16806.310749891654,12742.88093340801,2020-08-06T16:10:13Z,45.39026667,7.62546667,685.00,27.822
19768,3,11911,16807.310749891654,12743.88093340801,2020-08-06T16:10:14Z,45.39033333,7.62555000,683.00,27.832
19769,3,11912,16808.310749891654,12744.88093340801,2020-08-06T16:10:15Z,45.39040000,7.62565000,684.00,27.842
19770,3,11913,16809.310749891654,12745.88093340801,2020-08-06T16:10:16Z,45.39048333,7.62575000,678.00,27.854
19771,3,11914,16810.310749891654,12746.88093340801,2020-08-06T16:10:17Z,45.39055000,7.62585000,676.00,27.865
19772,3,11915,16811.310749891654,12747.88093340801,2020-08-06T16:10:18Z,45.39063333,7.62595000,684.00,27.877
19773,3,11916,16812.310749891654,12748.88093340801,2020-08-06T16:10:19Z,45.39070000,7.62605000,678.00,27.887
19774,3,11917,16813.310749891654,12749.88093340801,2020-08-06T16:10:20Z,45.39076667,7.62613333,679.00,27.896
19775,3,11918,16814.310749891654,12750.88093340801,2020-08-06T16:10:21Z,45.39083333,7.62621667,678.00,27.906
19776,3,11919,16815.310749891654,12751.88093340801,2020-08-06T16:10:22Z,45.39090000,7.62631667,680.00,27.916
19777,3,11920,16816.310749891654,12752.88093340801,2020-08-06T16:10:23Z,45.39096667,7.62643333,678.00,27.927
19778,3,11921,16817.310749891654,12753.88093340801,2020-08-06T16:10:24Z,45.39103333,7.62653333,678.00,27.938
19779,3,11922,16818.310749891654,12754.88093340801,2020-08-06T16:10:25Z,45.39108333,7.62663333,683.00,27.946
19780,3,11923,16819.310749891654,12755.88093340801,2020-08-06T16:10:26Z,45.39115000,7.62675000,680.00,27.957
19781,3,11924,16820.310749891654,12756.88093340801,2020-08-06T16:10:27Z,45.39123333,7.62685000,680.00,27.969
19782,3,11925,16821.310749891654,12757.88093340801,2020-08-06T16:10:28Z,45.39130000,7.62696667,679.00,27.98
19783,3,11926,16822.310749891654,12758.88093340801,2020-08-06T16:10:29Z,45.39136667,7.62706667,681.00,27.991
19784,3,11927,16823.310749891654,12759.88093340801,2020-08-06T16:10:30Z,45.39143333,7.62718333,678.00,28.002
19785,3,11928,16824.310749891654,12760.88093340801,2020-08-06T16:10:31Z,45.39151667,7.62726667,681.00,28.013
19786,3,11929,16825.310749891654,12761.88093340801,2020-08-06T16:10:32Z,45.39158333,7.62735000,681.00,28.023
19787,3,11930,16826.310749891654,12762.88093340801,2020-08-06T16:10:33Z,45.39165000,7.62745000,679.00,28.033
19788,3,11931,16827.310749891654,12763.88093340801,2020-08-06T16:10:34Z,45.39173333,7.62753333,679.00,28.044
19789,3,11932,16828.310749891654,12764.88093340801,2020-08-06T16:10:35Z,45.39180000,7.62763333,676.00,28.055
19790,3,11933,16829.310749891654,12765.88093340801,2020-08-06T16:10:36Z,45.39188333,7.62775000,680.00,28.067
19791,3,11934,16830.310749891654,12766.88093340801,2020-08-06T16:10:37Z,45.39195000,7.62783333,681.00,28.077
19792,3,11935,16831.310749891654,12767.88093340801,2020-08-06T16:10:38Z,45.39200000,7.62793333,682.00,28.086
19793,3,11936,16832.310749891654,12768.88093340801,2020-08-06T16:10:39Z,45.39205000,7.62801667,685.00,28.094
19794,3,11937,16833.310749891654,12769.88093340801,2020-08-06T16:10:40Z,45.39210000,7.62810000,679.00,28.102
19795,3,11938,16834.310749891654,12770.88093340801,2020-08-06T16:10:41Z,45.39215000,7.62820000,679.00,28.11
19796,3,11939,16835.310749891654,12771.88093340801,2020-08-06T16:10:42Z,45.39218333,7.62831667,678.00,28.118
19797,3,11940,16836.310749891654,12772.88093340801,2020-08-06T16:10:43Z,45.39223333,7.62843333,677.00,28.128
19798,3,11941,16837.310749891654,12773.88093340801,2020-08-06T16:10:44Z,45.39226667,7.62855000,679.00,28.135
19799,3,11942,16838.310749891654,12774.88093340801,2020-08-06T16:10:45Z,45.39230000,7.62865000,678.00,28.143
19800,3,11943,16839.310749891654,12775.88093340801,2020-08-06T16:10:46Z,45.39231667,7.62876667,678.00,28.149
19801,3,11944,16840.310749891654,12776.88093340801,2020-08-06T16:10:47Z,45.39235000,7.62886667,676.00,28.156
19802,3,11945,16841.310749891654,12777.88093340801,2020-08-06T16:10:48Z,45.39238333,7.62898333,678.00,28.164
19803,3,11946,16842.310749891654,12778.88093340801,2020-08-06T16:10:49Z,45.39241667,7.62910000,677.00,28.172
19804,3,11947,16843.310749891654,12779.88093340801,2020-08-06T16:10:50Z,45.39243333,7.62921667,676.00,28.178
19805,3,11948,16844.310749891654,12780.88093340801,2020-08-06T16:10:51Z,45.39246667,7.62933333,677.00,28.186
19806,3,11949,16845.310749891654,12781.88093340801,2020-08-06T16:10:52Z,45.39250000,7.62945000,677.00,28.193
19807,3,11950,16846.310749891654,12782.88093340801,2020-08-06T16:10:53Z,45.39251667,7.62956667,676.00,28.2
19808,3,11951,16847.310749891654,12783.88093340801,2020-08-06T16:10:54Z,45.39255000,7.62968333,676.00,28.208
19809,3,11952,16848.310749891654,12784.88093340801,2020-08-06T16:10:55Z,45.39260000,7.62980000,677.00,28.217
19810,3,11953,16849.310749891654,12785.88093340801,2020-08-06T16:10:56Z,45.39263333,7.62990000,677.00,28.224
19811,3,11954,16850.310749891654,12786.88093340801,2020-08-06T16:10:57Z,45.39268333,7.63001667,674.00,28.234
19812,3,11955,16851.310749891654,12787.88093340801,2020-08-06T16:10:58Z,45.39273333,7.63011667,678.00,28.242
19813,3,11956,16852.310749891654,12788.88093340801,2020-08-06T16:10:59Z,45.39276667,7.63023333,677.00,28.25
19814,3,11957,16853.310749891654,12789.88093340801,2020-08-06T16:11:00Z,45.39281667,7.63033333,677.00,28.259
19815,3,11958,16854.310749891654,12790.88093340801,2020-08-06T16:11:01Z,45.39286667,7.63043333,681.00,28.268
19816,3,11959,16855.310749891654,12791.88093340801,2020-08-06T16:11:02Z,45.39290000,7.63051667,677.00,28.274
19817,3,11960,16856.310749891654,12792.88093340801,2020-08-06T16:11:03Z,45.39293333,7.63061667,672.00,28.282
19818,3,11961,16857.310749891654,12793.88093340801,2020-08-06T16:11:04Z,45.39296667,7.63070000,672.00,28.288
19819,3,11962,16858.310749891654,12794.88093340801,2020-08-06T16:11:05Z,45.39298333,7.63080000,682.00,28.294
19820,3,11963,16859.310749891654,12795.88093340801,2020-08-06T16:11:06Z,45.39298333,7.63090000,678.00,28.298
19821,3,11964,16860.310749891654,12796.88093340801,2020-08-06T16:11:07Z,45.39298333,7.63101667,677.00,28.302
19822,3,11965,16861.310749891654,12797.88093340801,2020-08-06T16:11:08Z,45.39298333,7.63111667,674.00,28.306
19823,3,11966,16862.310749891654,12798.88093340801,2020-08-06T16:11:09Z,45.39298333,7.63123333,672.00,28.311
19824,3,11967,16863.310749891654,12799.88093340801,2020-08-06T16:11:10Z,45.39301667,7.63133333,670.00,28.318
19825,3,11968,16864.310749891654,12800.88093340801,2020-08-06T16:11:11Z,45.39303333,7.63143333,666.00,28.324
19826,3,11969,16865.310749891654,12801.88093340801,2020-08-06T16:11:12Z,45.39306667,7.63155000,670.00,28.332
19827,3,11970,16866.310749891654,12802.88093340801,2020-08-06T16:11:13Z,45.39308333,7.63165000,667.00,28.338
19828,3,11971,16867.310749891654,12803.88093340801,2020-08-06T16:11:14Z,45.39311667,7.63175000,658.00,28.345
19829,3,11972,16868.310749891654,12804.88093340801,2020-08-06T16:11:15Z,45.39313333,7.63185000,665.00,28.35
19830,3,11973,16869.310749891654,12805.88093340801,2020-08-06T16:11:16Z,45.39316667,7.63195000,664.00,28.358
19831,3,11974,16870.310749891654,12806.88093340801,2020-08-06T16:11:17Z,45.39320000,7.63205000,663.00,28.365
19832,3,11975,16871.310749891654,12807.88093340801,2020-08-06T16:11:18Z,45.39321667,7.63213333,663.00,28.37
19833,3,11976,16872.310749891654,12808.88093340801,2020-08-06T16:11:19Z,45.39323333,7.63223333,660.00,28.376
19834,3,11977,16873.310749891654,12809.88093340801,2020-08-06T16:11:20Z,45.39326667,7.63233333,657.00,28.383
19835,3,11978,16874.310749891654,12810.88093340801,2020-08-06T16:11:21Z,45.39330000,7.63243333,659.00,28.39
19836,3,11979,16875.310749891654,12811.88093340801,2020-08-06T16:11:22Z,45.39335000,7.63253333,657.00,28.399
19837,3,11980,16876.310749891654,12812.88093340801,2020-08-06T16:11:23Z,45.39340000,7.63263333,654.00,28.408
19838,3,11981,16877.310749891654,12813.88093340801,2020-08-06T16:11:24Z,45.39343333,7.63273333,659.00,28.415
19839,3,11982,16878.310749891654,12814.88093340801,2020-08-06T16:11:25Z,45.39348333,7.63283333,651.00,28.424
19840,3,11983,16879.310749891654,12815.88093340801,2020-08-06T16:11:26Z,45.39351667,7.63295000,654.00,28.432
19841,3,11984,16880.310749891654,12816.88093340801,2020-08-06T16:11:27Z,45.39355000,7.63306667,654.00,28.44
19842,3,11985,16881.310749891654,12817.88093340801,2020-08-06T16:11:28Z,45.39360000,7.63316667,661.00,28.449
19843,3,11986,16882.310749891654,12818.88093340801,2020-08-06T16:11:29Z,45.39366667,7.63325000,650.00,28.458
19844,3,11987,16883.310749891654,12819.88093340801,2020-08-06T16:11:30Z,45.39371667,7.63333333,654.00,28.467
19845,3,11988,16884.310749891654,12820.88093340801,2020-08-06T16:11:31Z,45.39376667,7.63341667,656.00,28.475
19846,3,11989,16885.310749891654,12821.88093340801,2020-08-06T16:11:32Z,45.39381667,7.63350000,655.00,28.483
19847,3,11990,16886.310749891654,12822.88093340801,2020-08-06T16:11:33Z,45.39388333,7.63360000,651.00,28.493
19848,3,11991,16887.310749891654,12823.88093340801,2020-08-06T16:11:34Z,45.39395000,7.63370000,652.00,28.504
19849,3,11992,16888.310749891654,12824.88093340801,2020-08-06T16:11:35Z,45.39400000,7.63381667,647.00,28.513
19850,3,11993,16889.310749891654,12825.88093340801,2020-08-06T16:11:36Z,45.39403333,7.63393333,653.00,28.521
19851,3,11994,16890.310749891654,12826.88093340801,2020-08-06T16:11:37Z,45.39406667,7.63405000,653.00,28.529
19852,3,11995,16891.310749891654,12827.88093340801,2020-08-06T16:11:38Z,45.39410000,7.63416667,652.00,28.537
19853,3,11996,16892.310749891654,12828.88093340801,2020-08-06T16:11:39Z,45.39411667,7.63428333,653.00,28.544
19854,3,11997,16893.310749891654,12829.88093340801,2020-08-06T16:11:40Z,45.39415000,7.63438333,654.00,28.551
19855,3,11998,16894.310749891654,12830.88093340801,2020-08-06T16:11:41Z,45.39416667,7.63450000,648.00,28.557
19856,3,11999,16895.310749891654,12831.88093340801,2020-08-06T16:11:42Z,45.39418333,7.63461667,650.00,28.564
19857,3,12000,16896.310749891654,12832.88093340801,2020-08-06T16:11:43Z,45.39421667,7.63473333,648.00,28.572
19858,3,12001,16897.310749891654,12833.88093340801,2020-08-06T16:11:44Z,45.39423333,7.63483333,650.00,28.577
19859,3,12002,16898.310749891654,12834.88093340801,2020-08-06T16:11:45Z,45.39426667,7.63495000,647.00,28.585
19860,3,12003,16899.310749891654,12835.88093340801,2020-08-06T16:11:46Z,45.39431667,7.63506667,645.00,28.595
19861,3,12004,16900.310749891654,12836.88093340801,2020-08-06T16:11:47Z,45.39435000,7.63516667,646.00,28.602
19862,3,12005,16901.310749891654,12837.88093340801,2020-08-06T16:11:48Z,45.39440000,7.63528333,644.00,28.612
19863,3,12006,16902.310749891654,12838.88093340801,2020-08-06T16:11:49Z,45.39443333,7.63538333,645.00,28.619
19864,3,12007,16903.310749891654,12839.88093340801,2020-08-06T16:11:50Z,45.39446667,7.63550000,646.00,28.627
19865,3,12008,16904.310749891654,12840.88093340801,2020-08-06T16:11:51Z,45.39450000,7.63561667,645.00,28.635
19866,3,12009,16905.310749891654,12841.88093340801,2020-08-06T16:11:52Z,45.39453333,7.63573333,642.00,28.643
19867,3,12010,16906.310749891654,12842.88093340801,2020-08-06T16:11:53Z,45.39456667,7.63585000,642.00,28.651
19868,3,12011,16907.310749891654,12843.88093340801,2020-08-06T16:11:54Z,45.39460000,7.63598333,640.00,28.66
19869,3,12012,16908.310749891654,12844.88093340801,2020-08-06T16:11:55Z,45.39461667,7.63610000,637.00,28.667
19870,3,12013,16909.310749891654,12845.88093340801,2020-08-06T16:11:56Z,45.39461667,7.63621667,638.00,28.672
19871,3,12014,16910.310749891654,12846.88093340801,2020-08-06T16:11:57Z,45.39463333,7.63633333,635.00,28.678
19872,3,12015,16911.310749891654,12847.88093340801,2020-08-06T16:11:58Z,45.39463333,7.63645000,636.00,28.683
19873,3,12016,16912.310749891654,12848.88093340801,2020-08-06T16:11:59Z,45.39463333,7.63656667,630.00,28.688
19874,3,12017,16913.310749891654,12849.88093340801,2020-08-06T16:12:00Z,45.39463333,7.63668333,629.00,28.693
19875,3,12018,16914.310749891654,12850.88093340801,2020-08-06T16:12:01Z,45.39463333,7.63678333,630.00,28.697
19876,3,12019,16915.310749891654,12851.88093340801,2020-08-06T16:12:02Z,45.39465000,7.63690000,628.00,28.704
19877,3,12020,16916.310749891654,12852.88093340801,2020-08-06T16:12:03Z,45.39465000,7.63700000,625.00,28.708
19878,3,12021,16917.310749891654,12853.88093340801,2020-08-06T16:12:04Z,45.39466667,7.63711667,623.00,28.714
19879,3,12022,16918.310749891654,12854.88093340801,2020-08-06T16:12:05Z,45.39468333,7.63723333,621.00,28.721
19880,3,12023,16919.310749891654,12855.88093340801,2020-08-06T16:12:06Z,45.39470000,7.63735000,618.00,28.728
19881,3,12024,16920.310749891654,12856.88093340801,2020-08-06T16:12:07Z,45.39473333,7.63745000,615.00,28.735
19882,3,12025,16921.310749891654,12857.88093340801,2020-08-06T16:12:08Z,45.39476667,7.63756667,616.00,28.743
19883,3,12026,16922.310749891654,12858.88093340801,2020-08-06T16:12:09Z,45.39480000,7.63766667,613.00,28.75
19884,3,12027,16923.310749891654,12859.88093340801,2020-08-06T16:12:10Z,45.39483333,7.63776667,612.00,28.758
19885,3,12028,16924.310749891654,12860.88093340801,2020-08-06T16:12:11Z,45.39488333,7.63788333,609.00,28.767
19886,3,12029,16925.310749891654,12861.88093340801,2020-08-06T16:12:12Z,45.39491667,7.63798333,609.00,28.775
19887,3,12030,16926.310749891654,12862.88093340801,2020-08-06T16:12:13Z,45.39496667,7.63806667,609.00,28.783
19888,3,12031,16927.310749891654,12863.88093340801,2020-08-06T16:12:14Z,45.39501667,7.63815000,607.00,28.791
19889,3,12032,16928.310749891654,12864.88093340801,2020-08-06T16:12:15Z,45.39506667,7.63825000,604.00,28.8
19890,3,12033,16929.310749891654,12865.88093340801,2020-08-06T16:12:16Z,45.39511667,7.63833333,600.00,28.808
19891,3,12034,16930.310749891654,12866.88093340801,2020-08-06T16:12:17Z,45.39516667,7.63843333,601.00,28.817
19892,3,12035,16931.310749891654,12867.88093340801,2020-08-06T16:12:18Z,45.39523333,7.63853333,599.00,28.828
19893,3,12036,16932.310749891654,12868.88093340801,2020-08-06T16:12:19Z,45.39528333,7.63863333,598.00,28.837
19894,3,12037,16933.310749891654,12869.88093340801,2020-08-06T16:12:20Z,45.39535000,7.63873333,598.00,28.847
19895,3,12038,16934.310749891654,12870.88093340801,2020-08-06T16:12:21Z,45.39541667,7.63880000,596.00,28.856
19896,3,12039,16935.310749891654,12871.88093340801,2020-08-06T16:12:22Z,45.39550000,7.63886667,592.00,28.867
19897,3,12040,16936.310749891654,12872.88093340801,2020-08-06T16:12:23Z,45.39558333,7.63893333,592.00,28.878
19898,3,12041,16937.310749891654,12873.88093340801,2020-08-06T16:12:24Z,45.39566667,7.63898333,586.00,28.887
19899,3,12042,16938.310749891654,12874.88093340801,2020-08-06T16:12:25Z,45.39576667,7.63900000,591.00,28.897
19900,3,12043,16939.310749891654,12875.88093340801,2020-08-06T16:12:26Z,45.39586667,7.63903333,579.00,28.908
19901,3,12044,16940.310749891654,12876.88093340801,2020-08-06T16:12:27Z,45.39596667,7.63905000,592.00,28.918
19902,3,12045,16941.310749891654,12877.88093340801,2020-08-06T16:12:28Z,45.39606667,7.63906667,587.00,28.928
19903,3,12046,16942.310749891654,12878.88093340801,2020-08-06T16:12:29Z,45.39616667,7.63906667,585.00,28.937
19904,3,12047,16943.310749891654,12879.88093340801,2020-08-06T16:12:30Z,45.39628333,7.63908333,580.00,28.949
19905,3,12048,16944.310749891654,12880.88093340801,2020-08-06T16:12:31Z,45.39638333,7.63908333,580.00,28.958
19906,3,12049,16945.310749891654,12881.88093340801,2020-08-06T16:12:32Z,45.39650000,7.63908333,575.00,28.969
19907,3,12050,16946.310749891654,12882.88093340801,2020-08-06T16:12:33Z,45.39661667,7.63906667,581.00,28.979
19908,3,12051,16947.310749891654,12883.88093340801,2020-08-06T16:12:34Z,45.39671667,7.63905000,577.00,28.988
19909,3,12052,16948.310749891654,12884.88093340801,2020-08-06T16:12:35Z,45.39683333,7.63901667,578.00,28.997
19910,3,12053,16949.310749891654,12885.88093340801,2020-08-06T16:12:36Z,45.39693333,7.63898333,578.00,29.005
19911,3,12054,16950.310749891654,12886.88093340801,2020-08-06T16:12:37Z,45.39703333,7.63893333,577.00,29.012
19912,3,12055,16951.310749891654,12887.88093340801,2020-08-06T16:12:38Z,45.39711667,7.63886667,576.00,29.017
19913,3,12056,16952.310749891654,12888.88093340801,2020-08-06T16:12:39Z,45.39721667,7.63881667,571.00,29.025
19914,3,12057,16953.310749891654,12889.88093340801,2020-08-06T16:12:40Z,45.39731667,7.63873333,576.00,29.03
19915,3,12058,16954.310749891654,12890.88093340801,2020-08-06T16:12:41Z,45.39740000,7.63866667,569.00,29.035
19916,3,12059,16955.310749891654,12891.88093340801,2020-08-06T16:12:42Z,45.39750000,7.63858333,571.00,29.041
19917,3,12060,16956.310749891654,12892.88093340801,2020-08-06T16:12:43Z,45.39760000,7.63851667,569.00,29.048
19918,3,12061,16957.310749891654,12893.88093340801,2020-08-06T16:12:44Z,45.39768333,7.63845000,565.00,29.053
19919,3,12062,16958.310749891654,12894.88093340801,2020-08-06T16:12:45Z,45.39778333,7.63838333,566.00,29.059
19920,3,12063,16959.310749891654,12895.88093340801,2020-08-06T16:12:46Z,45.39788333,7.63833333,565.00,29.067
19921,3,12064,16960.310749891654,12896.88093340801,2020-08-06T16:12:47Z,45.39798333,7.63828333,560.00,29.074
19922,3,12065,16961.310749891654,12897.88093340801,2020-08-06T16:12:48Z,45.39808333,7.63823333,559.00,29.081
19923,3,12066,16962.310749891654,12898.88093340801,2020-08-06T16:12:49Z,45.39818333,7.63818333,560.00,29.089
19924,3,12067,16963.310749891654,12899.88093340801,2020-08-06T16:12:50Z,45.39830000,7.63813333,558.00,29.097
19925,3,12068,16964.310749891654,12900.88093340801,2020-08-06T16:12:51Z,45.39838333,7.63808333,556.00,29.103
19926,3,12069,16965.310749891654,12901.88093340801,2020-08-06T16:12:52Z,45.39848333,7.63803333,557.00,29.111
19927,3,12070,16966.310749891654,12902.88093340801,2020-08-06T16:12:53Z,45.39856667,7.63798333,556.00,29.116
19928,3,12071,16967.310749891654,12903.88093340801,2020-08-06T16:12:54Z,45.39865000,7.63793333,550.00,29.122
19929,3,12072,16968.310749891654,12904.88093340801,2020-08-06T16:12:55Z,45.39876667,7.63788333,547.00,29.131
19930,3,12073,16969.310749891654,12905.88093340801,2020-08-06T16:12:56Z,45.39886667,7.63783333,548.00,29.138
19931,3,12074,16970.310749891654,12906.88093340801,2020-08-06T16:12:57Z,45.39896667,7.63776667,547.00,29.145
19932,3,12075,16971.310749891654,12907.88093340801,2020-08-06T16:12:58Z,45.39905000,7.63771667,547.00,29.151
19933,3,12076,16972.310749891654,12908.88093340801,2020-08-06T16:12:59Z,45.39913333,7.63765000,545.00,29.156
19934,3,12077,16973.310749891654,12909.88093340801,2020-08-06T16:13:00Z,45.39921667,7.63756667,542.00,29.161
19935,3,12078,16974.310749891654,12910.88093340801,2020-08-06T16:13:01Z,45.39930000,7.63750000,541.00,29.166
19936,3,12079,16975.310749891654,12911.88093340801,2020-08-06T16:13:02Z,45.39938333,7.63740000,539.00,29.169
19937,3,12080,16976.310749891654,12912.88093340801,2020-08-06T16:13:03Z,45.39946667,7.63733333,535.00,29.175
19938,3,12081,16977.310749891654,12913.88093340801,2020-08-06T16:13:04Z,45.39956667,7.63726667,536.00,29.181
19939,3,12082,16978.310749891654,12914.88093340801,2020-08-06T16:13:05Z,45.39966667,7.63720000,533.00,29.188
19940,3,12083,16979.310749891654,12915.88093340801,2020-08-06T16:13:06Z,45.39975000,7.63715000,537.00,29.194
19941,3,12084,16980.310749891654,12916.88093340801,2020-08-06T16:13:07Z,45.39985000,7.63711667,534.00,29.202
19942,3,12085,16981.310749891654,12917.88093340801,2020-08-06T16:13:08Z,45.39993333,7.63706667,532.00,29.208
19943,3,12086,16982.310749891654,12918.88093340801,2020-08-06T16:13:09Z,45.40003333,7.63700000,529.00,29.215
19944,3,12087,16983.310749891654,12919.88093340801,2020-08-06T16:13:10Z,45.40013333,7.63693333,527.00,29.222
19945,3,12088,16984.310749891654,12920.88093340801,2020-08-06T16:13:11Z,45.40021667,7.63686667,528.00,29.227
19946,3,12089,16985.310749891654,12921.88093340801,2020-08-06T16:13:12Z,45.40031667,7.63678333,526.00,29.233
19947,3,12090,16986.310749891654,12922.88093340801,2020-08-06T16:13:13Z,45.40040000,7.63671667,525.00,29.239
19948,3,12091,16987.310749891654,12923.88093340801,2020-08-06T16:13:14Z,45.40048333,7.63663333,525.00,29.243
19949,3,12092,16988.310749891654,12924.88093340801,2020-08-06T16:13:15Z,45.40056667,7.63655000,522.00,29.248
19950,3,12093,16989.310749891654,12925.88093340801,2020-08-06T16:13:16Z,45.40065000,7.63646667,521.00,29.252
19951,3,12094,16990.310749891654,12926.88093340801,2020-08-06T16:13:17Z,45.40073333,7.63638333,521.00,29.257
19952,3,12095,16991.310749891654,12927.88093340801,2020-08-06T16:13:18Z,45.40081667,7.63628333,521.00,29.261
19953,3,12096,16992.310749891654,12928.88093340801,2020-08-06T16:13:19Z,45.40088333,7.63618333,519.00,29.263
19954,3,12097,16993.310749891654,12929.88093340801,2020-08-06T16:13:20Z,45.40095000,7.63610000,517.00,29.267
19955,3,12098,16994.310749891654,12930.88093340801,2020-08-06T16:13:21Z,45.40101667,7.63600000,518.00,29.269
19956,3,12099,16995.310749891654,12931.88093340801,2020-08-06T16:13:22Z,45.40110000,7.63590000,515.00,29.273
19957,3,12100,16996.310749891654,12932.88093340801,2020-08-06T16:13:23Z,45.40116667,7.63580000,514.00,29.275
19958,3,12101,16997.310749891654,12933.88093340801,2020-08-06T16:13:24Z,45.40123333,7.63568333,513.00,29.277
19959,3,12102,16998.310749891654,12934.88093340801,2020-08-06T16:13:25Z,45.40130000,7.63558333,512.00,29.28
19960,3,12103,16999.310749891654,12935.88093340801,2020-08-06T16:13:26Z,45.40136667,7.63548333,512.00,29.282
19961,3,12104,17000.310749891654,12936.88093340801,2020-08-06T16:13:27Z,45.40143333,7.63536667,507.00,29.284
19962,3,12105,17001.310749891654,12937.88093340801,2020-08-06T16:13:28Z,45.40150000,7.63525000,506.00,29.286
19963,3,12106,17002.310749891654,12938.88093340801,2020-08-06T16:13:29Z,45.40155000,7.63513333,506.00,29.286
19964,3,12107,17003.310749891654,12939.88093340801,2020-08-06T16:13:30Z,45.40163333,7.63503333,504.00,29.29
19965,3,12108,17004.310749891654,12940.88093340801,2020-08-06T16:13:31Z,45.40170000,7.63491667,503.00,29.292
19966,3,12109,17005.310749891654,12941.88093340801,2020-08-06T16:13:32Z,45.40178333,7.63481667,502.00,29.296
19967,3,12110,17006.310749891654,12942.88093340801,2020-08-06T16:13:33Z,45.40186667,7.63473333,499.00,29.301
19968,3,12111,17007.310749891654,12943.88093340801,2020-08-06T16:13:34Z,45.40195000,7.63465000,502.00,29.306
19969,3,12112,17008.310749891654,12944.88093340801,2020-08-06T16:13:35Z,45.40203333,7.63458333,500.00,29.312
19970,3,12113,17009.310749891654,12945.88093340801,2020-08-06T16:13:36Z,45.40211667,7.63451667,500.00,29.317
19971,3,12114,17010.310749891654,12946.88093340801,2020-08-06T16:13:37Z,45.40221667,7.63448333,498.00,29.326
19972,3,12115,17011.310749891654,12947.88093340801,2020-08-06T16:13:38Z,45.40231667,7.63445000,491.00,29.334
19973,3,12116,17012.310749891654,12948.88093340801,2020-08-06T16:13:39Z,45.40241667,7.63446667,495.00,29.344
19974,3,12117,17013.310749891654,12949.88093340801,2020-08-06T16:13:40Z,45.40250000,7.63450000,495.00,29.354
19975,3,12118,17014.310749891654,12950.88093340801,2020-08-06T16:13:41Z,45.40260000,7.63456667,498.00,29.366
19976,3,12119,17015.310749891654,12951.88093340801,2020-08-06T16:13:42Z,45.40266667,7.63466667,496.00,29.376
19977,3,12120,17016.310749891654,12952.88093340801,2020-08-06T16:13:43Z,45.40271667,7.63476667,493.00,29.385
19978,3,12121,17017.310749891654,12953.88093340801,2020-08-06T16:13:44Z,45.40275000,7.63488333,491.00,29.393
19979,3,12122,17018.310749891654,12954.88093340801,2020-08-06T16:13:45Z,45.40276667,7.63500000,490.00,29.399
19980,3,12123,17019.310749891654,12955.88093340801,2020-08-06T16:13:46Z,45.40276667,7.63513333,488.00,29.404
19981,3,12124,17020.310749891654,12956.88093340801,2020-08-06T16:13:47Z,45.40275000,7.63526667,484.00,29.407
19982,3,12125,17021.310749891654,12957.88093340801,2020-08-06T16:13:48Z,45.40275000,7.63541667,483.00,29.413
19983,3,12126,17022.310749891654,12958.88093340801,2020-08-06T16:13:49Z,45.40275000,7.63555000,479.00,29.418
19984,3,12127,17023.310749891654,12959.88093340801,2020-08-06T16:13:50Z,45.40273333,7.63568333,479.00,29.422
19985,3,12128,17024.310749891654,12960.88093340801,2020-08-06T16:13:51Z,45.40270000,7.63581667,476.00,29.424
19986,3,12129,17025.310749891654,12961.88093340801,2020-08-06T16:13:52Z,45.40268333,7.63595000,476.00,29.427
19987,3,12130,17026.310749891654,12962.88093340801,2020-08-06T16:13:53Z,45.40263333,7.63608333,476.00,29.428
19988,3,12131,17027.310749891654,12963.88093340801,2020-08-06T16:13:54Z,45.40260000,7.63618333,478.00,29.428
19989,3,12132,17028.310749891654,12964.88093340801,2020-08-06T16:13:55Z,45.40255000,7.63625000,476.00,29.426
19990,3,12133,17029.310749891654,12965.88093340801,2020-08-06T16:13:56Z,45.40250000,7.63628333,477.00,29.423
19991,3,12134,17030.310749891654,12966.88093340801,2020-08-06T16:13:57Z,45.40243333,7.63626667,476.00,29.416
19992,3,12135,17031.310749891654,12967.88093340801,2020-08-06T16:13:58Z,45.40236667,7.63621667,474.00,29.407
19993,3,12136,17032.310749891654,12968.88093340801,2020-08-06T16:13:59Z,45.40233333,7.63611667,471.00,29.4
19994,3,12137,17033.310749891654,12969.88093340801,2020-08-06T16:14:00Z,45.40231667,7.63598333,468.00,29.393
19995,3,12138,17034.310749891654,12970.88093340801,2020-08-06T16:14:01Z,45.40231667,7.63586667,468.00,29.389
19996,3,12139,17035.310749891654,12971.88093340801,2020-08-06T16:14:02Z,45.40231667,7.63573333,472.00,29.383
19997,3,12140,17036.310749891654,12972.88093340801,2020-08-06T16:14:03Z,45.40231667,7.63560000,469.00,29.378
19998,3,12141,17037.310749891654,12973.88093340801,2020-08-06T16:14:04Z,45.40233333,7.63548333,469.00,29.375
19999,3,12142,17038.310749891654,12974.88093340801,2020-08-06T16:14:05Z,45.40233333,7.63535000,467.00,29.37
20000,3,12143,17039.310749891654,12975.88093340801,2020-08-06T16:14:06Z,45.40235000,7.63521667,464.00,29.367
20001,3,12144,17040.310749891654,12976.88093340801,2020-08-06T16:14:07Z,45.40238333,7.63506667,463.00,29.364
20002,3,12145,17041.310749891654,12977.88093340801,2020-08-06T16:14:08Z,45.40243333,7.63493333,463.00,29.364
20003,3,12146,17042.310749891654,12978.88093340801,2020-08-06T16:14:09Z,45.40248333,7.63481667,461.00,29.364
20004,3,12147,17043.310749891654,12979.88093340801,2020-08-06T16:14:10Z,45.40251667,7.63468333,461.00,29.362
20005,3,12148,17044.310749891654,12980.88093340801,2020-08-06T16:14:11Z,45.40256667,7.63456667,464.00,29.363
20006,3,12149,17045.310749891654,12981.88093340801,2020-08-06T16:14:12Z,45.40261667,7.63445000,461.00,29.363
20007,3,12150,17046.310749891654,12982.88093340801,2020-08-06T16:14:13Z,45.40266667,7.63433333,457.00,29.363
20008,3,12151,17047.310749891654,12983.88093340801,2020-08-06T16:14:14Z,45.40273333,7.63423333,455.00,29.366
20009,3,12152,17048.310749891654,12984.88093340801,2020-08-06T16:14:15Z,45.40280000,7.63411667,454.00,29.368
20010,3,12153,17049.310749891654,12985.88093340801,2020-08-06T16:14:16Z,45.40288333,7.63403333,455.00,29.373
20011,3,12154,17050.310749891654,12986.88093340801,2020-08-06T16:14:17Z,45.40295000,7.63395000,451.00,29.376
20012,3,12155,17051.310749891654,12987.88093340801,2020-08-06T16:14:18Z,45.40303333,7.63390000,455.00,29.383
20013,3,12156,17052.310749891654,12988.88093340801,2020-08-06T16:14:19Z,45.40311667,7.63385000,455.00,29.389
20014,3,12157,17053.310749891654,12989.88093340801,2020-08-06T16:14:20Z,45.40321667,7.63383333,451.00,29.398
20015,3,12158,17054.310749891654,12990.88093340801,2020-08-06T16:14:21Z,45.40333333,7.63381667,448.00,29.409
20016,3,12159,17055.310749891654,12991.88093340801,2020-08-06T16:14:22Z,45.40343333,7.63381667,446.00,29.418
20017,3,12160,17056.310749891654,12992.88093340801,2020-08-06T16:14:23Z,45.40353333,7.63383333,448.00,29.429
20018,3,12161,17057.310749891654,12993.88093340801,2020-08-06T16:14:24Z,45.40365000,7.63386667,451.00,29.441
20019,3,12162,17058.310749891654,12994.88093340801,2020-08-06T16:14:25Z,45.40373333,7.63391667,448.00,29.451
20020,3,12163,17059.310749891654,12995.88093340801,2020-08-06T16:14:26Z,45.40380000,7.63398333,438.00,29.46
20021,3,12164,17060.310749891654,12996.88093340801,2020-08-06T16:14:27Z,45.40386667,7.63406667,441.00,29.47
20022,3,12165,17061.310749891654,12997.88093340801,2020-08-06T16:14:28Z,45.40390000,7.63418333,443.00,29.478
20023,3,12166,17062.310749891654,12998.88093340801,2020-08-06T16:14:29Z,45.40391667,7.63430000,442.00,29.484
20024,3,12167,17063.310749891654,12999.88093340801,2020-08-06T16:14:30Z,45.40388333,7.63441667,442.00,29.485
20025,3,12168,17064.310749891654,13000.88093340801,2020-08-06T16:14:31Z,45.40383333,7.63450000,437.00,29.483
20026,3,12169,17065.310749891654,13001.88093340801,2020-08-06T16:14:32Z,45.40376667,7.63453333,437.00,29.478
20027,3,12170,17066.310749891654,13002.88093340801,2020-08-06T16:14:33Z,45.40370000,7.63450000,436.00,29.47
20028,3,12171,17067.310749891654,13003.88093340801,2020-08-06T16:14:34Z,45.40363333,7.63443333,436.00,29.461
20029,3,12172,17068.310749891654,13004.88093340801,2020-08-06T16:14:35Z,45.40360000,7.63433333,437.00,29.454
20030,3,12173,17069.310749891654,13005.88093340801,2020-08-06T16:14:36Z,45.40360000,7.63421667,440.00,29.45
20031,3,12174,17070.310749891654,13006.88093340801,2020-08-06T16:14:37Z,45.40360000,7.63410000,415.00,29.445
20032,3,12175,17071.310749891654,13007.88093340801,2020-08-06T16:14:38Z,45.40363333,7.63396667,430.00,29.444
20033,3,12176,17072.310749891654,13008.88093340801,2020-08-06T16:14:39Z,45.40366667,7.63385000,457.00,29.442
20034,3,12177,17073.310749891654,13009.88093340801,2020-08-06T16:14:40Z,45.40370000,7.63373333,434.00,29.441
20035,3,12178,17074.310749891654,13010.88093340801,2020-08-06T16:14:41Z,45.40373333,7.63361667,422.00,29.44
20036,3,12179,17075.310749891654,13011.88093340801,2020-08-06T16:14:42Z,45.40375000,7.63348333,428.00,29.437
20037,3,12180,17076.310749891654,13012.88093340801,2020-08-06T16:14:43Z,45.40375000,7.63336667,420.00,29.433
20038,3,12181,17077.310749891654,13013.88093340801,2020-08-06T16:14:44Z,45.40373333,7.63325000,423.00,29.427
20039,3,12182,17078.310749891654,13014.88093340801,2020-08-06T16:14:45Z,45.40370000,7.63315000,423.00,29.42
20040,3,12183,17079.310749891654,13015.88093340801,2020-08-06T16:14:46Z,45.40365000,7.63305000,424.00,29.411
20041,3,12184,17080.310749891654,13016.88093340801,2020-08-06T16:14:47Z,45.40358333,7.63300000,425.00,29.403
20042,3,12185,17081.310749891654,13017.88093340801,2020-08-06T16:14:48Z,45.40351667,7.63296667,430.00,29.395
20043,3,12186,17082.310749891654,13018.88093340801,2020-08-06T16:14:49Z,45.40345000,7.63295000,428.00,29.388
20044,3,12187,17083.310749891654,13019.88093340801,2020-08-06T16:14:50Z,45.40336667,7.63296667,423.00,29.38
20045,3,12188,17084.310749891654,13020.88093340801,2020-08-06T16:14:51Z,45.40330000,7.63301667,417.00,29.376
20046,3,12189,17085.310749891654,13021.88093340801,2020-08-06T16:14:52Z,45.40325000,7.63308333,417.00,29.373
20047,3,12190,17086.310749891654,13022.88093340801,2020-08-06T16:14:53Z,45.40320000,7.63320000,419.00,29.373
20048,3,12191,17087.310749891654,13023.88093340801,2020-08-06T16:14:54Z,45.40316667,7.63331667,415.00,29.374
20049,3,12192,17088.310749891654,13024.88093340801,2020-08-06T16:14:55Z,45.40316667,7.63345000,413.00,29.379
20050,3,12193,17089.310749891654,13025.88093340801,2020-08-06T16:14:56Z,45.40320000,7.63356667,413.00,29.386
20051,3,12194,17090.310749891654,13026.88093340801,2020-08-06T16:14:57Z,45.40323333,7.63370000,416.00,29.395
20052,3,12195,17091.310749891654,13027.88093340801,2020-08-06T16:14:58Z,45.40326667,7.63380000,407.00,29.402
20053,3,12196,17092.310749891654,13028.88093340801,2020-08-06T16:14:59Z,45.40326667,7.63391667,404.00,29.406
20054,3,12197,17093.310749891654,13029.88093340801,2020-08-06T16:15:00Z,45.40323333,7.63401667,404.00,29.407
20055,3,12198,17094.310749891654,13030.88093340801,2020-08-06T16:15:01Z,45.40318333,7.63408333,417.00,29.404
20056,3,12199,17095.310749891654,13031.88093340801,2020-08-06T16:15:02Z,45.40310000,7.63413333,407.00,29.398
20057,3,12200,17096.310749891654,13032.88093340801,2020-08-06T16:15:03Z,45.40301667,7.63415000,409.00,29.39
20058,3,12201,17097.310749891654,13033.88093340801,2020-08-06T16:15:04Z,45.40295000,7.63411667,403.00,29.383
20059,3,12202,17098.310749891654,13034.88093340801,2020-08-06T16:15:05Z,45.40288333,7.63406667,398.00,29.374
20060,3,12203,17099.310749891654,13035.88093340801,2020-08-06T16:15:06Z,45.40281667,7.63400000,408.00,29.365
20061,3,12204,17100.310749891654,13036.88093340801,2020-08-06T16:15:07Z,45.40275000,7.63395000,410.00,29.357
20062,3,12205,17101.310749891654,13037.88093340801,2020-08-06T16:15:08Z,45.40271667,7.63386667,402.00,29.351
20063,3,12206,17102.310749891654,13038.88093340801,2020-08-06T16:15:09Z,45.40268333,7.63378333,382.00,29.344
20064,3,12207,17103.310749891654,13039.88093340801,2020-08-06T16:15:10Z,45.40266667,7.63366667,394.00,29.338
20065,3,12208,17104.310749891654,13040.88093340801,2020-08-06T16:15:11Z,45.40270000,7.63355000,392.00,29.337
20066,3,12209,17105.310749891654,13041.88093340801,2020-08-06T16:15:12Z,45.40276667,7.63343333,395.00,29.339
20067,3,12210,17106.310749891654,13042.88093340801,2020-08-06T16:15:13Z,45.40286667,7.63338333,388.00,29.347
20068,3,12211,17107.310749891654,13043.88093340801,2020-08-06T16:15:14Z,45.40298333,7.63338333,384.00,29.358
20069,3,12212,17108.310749891654,13044.88093340801,2020-08-06T16:15:15Z,45.40308333,7.63343333,393.00,29.37
20070,3,12213,17109.310749891654,13045.88093340801,2020-08-06T16:15:16Z,45.40316667,7.63348333,391.00,29.38
20071,3,12214,17110.310749891654,13046.88093340801,2020-08-06T16:15:17Z,45.40321667,7.63353333,390.00,29.387
20072,3,12215,17111.310749891654,13047.88093340801,2020-08-06T16:15:18Z,45.40326667,7.63361667,390.00,29.395
20073,3,12216,17112.310749891654,13048.88093340801,2020-08-06T16:15:19Z,45.40328333,7.63370000,382.00,29.399
20074,3,12217,17113.310749891654,13049.88093340801,2020-08-06T16:15:20Z,45.40326667,7.63381667,383.00,29.402
20075,3,12218,17114.310749891654,13050.88093340801,2020-08-06T16:15:21Z,45.40320000,7.63390000,385.00,29.399
20076,3,12219,17115.310749891654,13051.88093340801,2020-08-06T16:15:22Z,45.40311667,7.63393333,391.00,29.392
20077,3,12220,17116.310749891654,13052.88093340801,2020-08-06T16:15:23Z,45.40303333,7.63388333,382.00,29.382
20078,3,12221,17117.310749891654,13053.88093340801,2020-08-06T16:15:24Z,45.40295000,7.63385000,379.00,29.373
20079,3,12222,17118.310749891654,13054.88093340801,2020-08-06T16:15:25Z,45.40286667,7.63383333,399.00,29.364
20080,3,12223,17119.310749891654,13055.88093340801,2020-08-06T16:15:26Z,45.40280000,7.63388333,378.00,29.359
20081,3,12224,17120.310749891654,13056.88093340801,2020-08-06T16:15:27Z,45.40276667,7.63401667,368.00,29.361
20082,3,12225,17121.310749891654,13057.88093340801,2020-08-06T16:15:28Z,45.40276667,7.63416667,345.00,29.367
20083,3,12226,17122.310749891654,13058.88093340801,2020-08-06T16:15:29Z,45.40278333,7.63430000,366.00,29.374
20084,3,12227,17123.310749891654,13059.88093340801,2020-08-06T16:15:30Z,45.40281667,7.63441667,374.00,29.381
20085,3,12228,17124.310749891654,13060.88093340801,2020-08-06T16:15:31Z,45.40283333,7.63451667,381.00,29.387
20086,3,12229,17125.310749891654,13061.88093340801,2020-08-06T16:15:32Z,45.40285000,7.63460000,368.00,29.391
20087,3,12230,17126.310749891654,13062.88093340801,2020-08-06T16:15:33Z,45.40285000,7.63468333,363.00,29.395
20088,3,12231,17127.310749891654,13063.88093340801,2020-08-06T16:15:34Z,45.40283333,7.63476667,369.00,29.396
20089,3,12232,17128.310749891654,13064.88093340801,2020-08-06T16:15:35Z,45.40283333,7.63488333,354.00,29.401
20090,3,12233,17129.310749891654,13065.88093340801,2020-08-06T16:15:36Z,45.40280000,7.63496667,381.00,29.401
20091,3,12234,17130.310749891654,13066.88093340801,2020-08-06T16:15:37Z,45.40278333,7.63505000,335.00,29.402
20092,3,12235,17131.310749891654,13067.88093340801,2020-08-06T16:15:38Z,45.40275000,7.63513333,386.00,29.402
20093,3,12236,17132.310749891654,13068.88093340801,2020-08-06T16:15:39Z,45.40273333,7.63520000,357.00,29.403
20094,3,12237,17133.310749891654,13069.88093340801,2020-08-06T16:15:40Z,45.40271667,7.63526667,377.00,29.404
20095,3,12238,17134.310749891654,13070.88093340801,2020-08-06T16:15:41Z,45.40270000,7.63533333,367.00,29.405
20096,3,12239,17135.310749891654,13071.88093340801,2020-08-06T16:15:42Z,45.40270000,7.63538333,366.00,29.407
20097,3,12240,17136.310749891654,13072.88093340801,2020-08-06T16:15:43Z,45.40268333,7.63540000,365.00,29.406
20098,3,12241,17137.310749891654,13073.88093340801,2020-08-06T16:15:44Z,45.40268333,7.63540000,362.00,29.406
20099,3,12242,17138.310749891654,13074.88093340801,2020-08-06T16:15:45Z,45.40268333,7.63540000,361.00,29.406
20100,3,12243,17139.310749891654,13075.88093340801,2020-08-06T16:15:46Z,45.40266667,7.63540000,361.00,29.404
20101,3,12244,17140.310749891654,13076.88093340801,2020-08-06T16:15:47Z,45.40266667,7.63540000,361.00,29.404
20102,3,12245,17141.310749891654,13077.88093340801,2020-08-06T16:15:48Z,45.40266667,7.63540000,361.00,29.404
20103,3,12246,17142.310749891654,13078.88093340801,2020-08-06T16:15:49Z,45.40266667,7.63540000,361.00,29.404
20104,3,12247,17143.310749891654,13079.88093340801,2020-08-06T16:15:50Z,45.40266667,7.63540000,361.00,29.404
20105,3,12248,17144.310749891654,13080.88093340801,2020-08-06T16:15:51Z,45.40266667,7.63540000,360.00,29.404
20106,3,12249,17145.310749891654,13081.88093340801,2020-08-06T16:15:52Z,45.40266667,7.63540000,360.00,29.404
20107,3,12250,17146.310749891654,13082.88093340801,2020-08-06T16:15:53Z,45.40266667,7.63540000,361.00,29.404
20108,3,12251,17147.310749891654,13083.88093340801,2020-08-06T16:15:54Z,45.40266667,7.63541667,360.00,29.405
20109,3,12252,17148.310749891654,13084.88093340801,2020-08-06T16:15:55Z,45.40266667,7.63541667,361.00,29.405
20110,3,12253,17149.310749891654,13085.88093340801,2020-08-06T16:15:56Z,45.40266667,7.63541667,360.00,29.405
20111,3,12254,17150.310749891654,13086.88093340801,2020-08-06T16:15:57Z,45.40266667,7.63541667,360.00,29.405
